ISO-10303-21;
HEADER;
/* Generated by software containing ST-Developer
 * from STEP Tools, Inc. (www.steptools.com) 
 */

FILE_DESCRIPTION(
/* description */ (''),
/* implementation_level */ '2;1');

FILE_NAME(
/* name */ 'Design Assembled.step',
/* time_stamp */ '2026-03-31T20:27:07+02:00',
/* author */ (''),
/* organization */ (''),
/* preprocessor_version */ 'ST-DEVELOPER v20.1',
/* originating_system */ 'Autodesk Translation Framework v14.24.0.0',
/* authorisation */ '');

FILE_SCHEMA (('AUTOMOTIVE_DESIGN { 1 0 10303 214 3 1 1 }'));
ENDSEC;

DATA;
#10=MECHANICAL_DESIGN_GEOMETRIC_PRESENTATION_REPRESENTATION('',(#13,#14),
#12276);
#11=SHAPE_REPRESENTATION_RELATIONSHIP('SRR','None',#12283,#12);
#12=ADVANCED_BREP_SHAPE_REPRESENTATION('',(#15,#16),#12275);
#13=STYLED_ITEM('',(#12292),#15);
#14=STYLED_ITEM('',(#12292),#16);
#15=MANIFOLD_SOLID_BREP('Cuerpo1',#6239);
#16=MANIFOLD_SOLID_BREP('Cuerpo1 (1)',#6240);
#17=CYLINDRICAL_SURFACE('',#6318,5.);
#18=CYLINDRICAL_SURFACE('',#6329,5.);
#19=CYLINDRICAL_SURFACE('',#6330,5.);
#20=CYLINDRICAL_SURFACE('',#6332,5.);
#21=CYLINDRICAL_SURFACE('',#6338,1.45);
#22=CYLINDRICAL_SURFACE('',#6339,1.45);
#23=CYLINDRICAL_SURFACE('',#6340,1.45);
#24=CYLINDRICAL_SURFACE('',#6343,1.45);
#25=CYLINDRICAL_SURFACE('',#6348,5.);
#26=CYLINDRICAL_SURFACE('',#6356,5.);
#27=CYLINDRICAL_SURFACE('',#6358,5.);
#28=CYLINDRICAL_SURFACE('',#6361,5.);
#29=CIRCLE('',#6306,5.);
#30=CIRCLE('',#6307,5.);
#31=CIRCLE('',#6308,5.);
#32=CIRCLE('',#6309,5.);
#33=CIRCLE('',#6310,1.45);
#34=CIRCLE('',#6311,1.45);
#35=CIRCLE('',#6312,1.45);
#36=CIRCLE('',#6313,1.45);
#37=CIRCLE('',#6319,5.);
#38=CIRCLE('',#6321,5.);
#39=CIRCLE('',#6322,5.);
#40=CIRCLE('',#6323,5.);
#41=CIRCLE('',#6324,1.45);
#42=CIRCLE('',#6325,1.45);
#43=CIRCLE('',#6326,1.45);
#44=CIRCLE('',#6327,1.45);
#45=CIRCLE('',#6349,5.);
#46=CIRCLE('',#6350,5.);
#47=CIRCLE('',#6352,5.);
#48=CIRCLE('',#6353,5.);
#49=CIRCLE('',#6354,5.);
#50=CIRCLE('',#6357,5.);
#51=CIRCLE('',#6359,5.);
#52=CIRCLE('',#6362,5.);
#53=FACE_BOUND('',#583,.T.);
#54=FACE_BOUND('',#605,.T.);
#55=FACE_BOUND('',#628,.T.);
#56=FACE_BOUND('',#664,.T.);
#57=FACE_BOUND('',#698,.T.);
#58=FACE_BOUND('',#711,.T.);
#59=FACE_BOUND('',#712,.T.);
#60=FACE_BOUND('',#713,.T.);
#61=FACE_BOUND('',#714,.T.);
#62=FACE_BOUND('',#715,.T.);
#63=FACE_BOUND('',#716,.T.);
#64=FACE_BOUND('',#717,.T.);
#65=FACE_BOUND('',#718,.T.);
#66=FACE_BOUND('',#719,.T.);
#67=FACE_BOUND('',#720,.T.);
#68=FACE_BOUND('',#721,.T.);
#69=FACE_BOUND('',#728,.T.);
#70=FACE_BOUND('',#729,.T.);
#71=FACE_BOUND('',#730,.T.);
#72=FACE_BOUND('',#731,.T.);
#73=FACE_BOUND('',#754,.T.);
#74=FACE_BOUND('',#755,.T.);
#75=FACE_BOUND('',#756,.T.);
#76=FACE_BOUND('',#757,.T.);
#77=FACE_BOUND('',#758,.T.);
#78=FACE_BOUND('',#759,.T.);
#79=FACE_BOUND('',#760,.T.);
#80=FACE_BOUND('',#761,.T.);
#81=FACE_BOUND('',#762,.T.);
#82=FACE_BOUND('',#788,.T.);
#83=FACE_BOUND('',#810,.T.);
#84=FACE_BOUND('',#833,.T.);
#85=FACE_BOUND('',#869,.T.);
#86=FACE_BOUND('',#903,.T.);
#87=FACE_BOUND('',#931,.T.);
#88=FACE_BOUND('',#932,.T.);
#89=PLANE('',#6254);
#90=PLANE('',#6255);
#91=PLANE('',#6256);
#92=PLANE('',#6257);
#93=PLANE('',#6258);
#94=PLANE('',#6259);
#95=PLANE('',#6260);
#96=PLANE('',#6261);
#97=PLANE('',#6262);
#98=PLANE('',#6263);
#99=PLANE('',#6264);
#100=PLANE('',#6265);
#101=PLANE('',#6266);
#102=PLANE('',#6267);
#103=PLANE('',#6268);
#104=PLANE('',#6269);
#105=PLANE('',#6270);
#106=PLANE('',#6271);
#107=PLANE('',#6272);
#108=PLANE('',#6273);
#109=PLANE('',#6274);
#110=PLANE('',#6275);
#111=PLANE('',#6276);
#112=PLANE('',#6277);
#113=PLANE('',#6278);
#114=PLANE('',#6279);
#115=PLANE('',#6280);
#116=PLANE('',#6281);
#117=PLANE('',#6282);
#118=PLANE('',#6283);
#119=PLANE('',#6284);
#120=PLANE('',#6285);
#121=PLANE('',#6286);
#122=PLANE('',#6287);
#123=PLANE('',#6288);
#124=PLANE('',#6289);
#125=PLANE('',#6290);
#126=PLANE('',#6291);
#127=PLANE('',#6292);
#128=PLANE('',#6293);
#129=PLANE('',#6294);
#130=PLANE('',#6295);
#131=PLANE('',#6296);
#132=PLANE('',#6297);
#133=PLANE('',#6298);
#134=PLANE('',#6299);
#135=PLANE('',#6300);
#136=PLANE('',#6301);
#137=PLANE('',#6302);
#138=PLANE('',#6303);
#139=PLANE('',#6304);
#140=PLANE('',#6305);
#141=PLANE('',#6314);
#142=PLANE('',#6315);
#143=PLANE('',#6316);
#144=PLANE('',#6317);
#145=PLANE('',#6320);
#146=PLANE('',#6328);
#147=PLANE('',#6331);
#148=PLANE('',#6333);
#149=PLANE('',#6334);
#150=PLANE('',#6335);
#151=PLANE('',#6336);
#152=PLANE('',#6337);
#153=PLANE('',#6341);
#154=PLANE('',#6342);
#155=PLANE('',#6344);
#156=PLANE('',#6345);
#157=PLANE('',#6346);
#158=PLANE('',#6347);
#159=PLANE('',#6351);
#160=PLANE('',#6355);
#161=PLANE('',#6360);
#162=PLANE('',#6363);
#163=PLANE('',#6364);
#164=PLANE('',#6365);
#165=PLANE('',#6366);
#166=PLANE('',#6367);
#167=PLANE('',#6368);
#168=PLANE('',#6369);
#169=PLANE('',#6370);
#170=PLANE('',#6371);
#171=PLANE('',#6372);
#172=PLANE('',#6373);
#173=PLANE('',#6374);
#174=PLANE('',#6375);
#175=PLANE('',#6376);
#176=PLANE('',#6377);
#177=PLANE('',#6378);
#178=PLANE('',#6379);
#179=PLANE('',#6380);
#180=PLANE('',#6381);
#181=PLANE('',#6382);
#182=PLANE('',#6383);
#183=PLANE('',#6384);
#184=PLANE('',#6385);
#185=PLANE('',#6386);
#186=PLANE('',#6387);
#187=PLANE('',#6388);
#188=PLANE('',#6389);
#189=PLANE('',#6390);
#190=PLANE('',#6391);
#191=PLANE('',#6392);
#192=PLANE('',#6393);
#193=PLANE('',#6394);
#194=PLANE('',#6395);
#195=PLANE('',#6396);
#196=PLANE('',#6397);
#197=PLANE('',#6398);
#198=PLANE('',#6399);
#199=PLANE('',#6400);
#200=PLANE('',#6401);
#201=PLANE('',#6402);
#202=PLANE('',#6403);
#203=PLANE('',#6404);
#204=PLANE('',#6405);
#205=PLANE('',#6406);
#206=PLANE('',#6407);
#207=PLANE('',#6408);
#208=PLANE('',#6409);
#209=PLANE('',#6410);
#210=PLANE('',#6411);
#211=PLANE('',#6412);
#212=PLANE('',#6413);
#213=PLANE('',#6414);
#214=PLANE('',#6415);
#215=PLANE('',#6416);
#216=PLANE('',#6417);
#217=PLANE('',#6418);
#218=PLANE('',#6419);
#219=PLANE('',#6420);
#220=PLANE('',#6421);
#221=PLANE('',#6422);
#222=PLANE('',#6423);
#223=PLANE('',#6424);
#224=PLANE('',#6425);
#225=PLANE('',#6426);
#226=PLANE('',#6427);
#227=PLANE('',#6428);
#228=PLANE('',#6429);
#229=FACE_OUTER_BOUND('',#563,.T.);
#230=FACE_OUTER_BOUND('',#564,.T.);
#231=FACE_OUTER_BOUND('',#565,.T.);
#232=FACE_OUTER_BOUND('',#566,.T.);
#233=FACE_OUTER_BOUND('',#567,.T.);
#234=FACE_OUTER_BOUND('',#568,.T.);
#235=FACE_OUTER_BOUND('',#569,.T.);
#236=FACE_OUTER_BOUND('',#570,.T.);
#237=FACE_OUTER_BOUND('',#571,.T.);
#238=FACE_OUTER_BOUND('',#572,.T.);
#239=FACE_OUTER_BOUND('',#573,.T.);
#240=FACE_OUTER_BOUND('',#574,.T.);
#241=FACE_OUTER_BOUND('',#575,.T.);
#242=FACE_OUTER_BOUND('',#576,.T.);
#243=FACE_OUTER_BOUND('',#577,.T.);
#244=FACE_OUTER_BOUND('',#578,.T.);
#245=FACE_OUTER_BOUND('',#579,.T.);
#246=FACE_OUTER_BOUND('',#580,.T.);
#247=FACE_OUTER_BOUND('',#581,.T.);
#248=FACE_OUTER_BOUND('',#582,.T.);
#249=FACE_OUTER_BOUND('',#584,.T.);
#250=FACE_OUTER_BOUND('',#585,.T.);
#251=FACE_OUTER_BOUND('',#586,.T.);
#252=FACE_OUTER_BOUND('',#587,.T.);
#253=FACE_OUTER_BOUND('',#588,.T.);
#254=FACE_OUTER_BOUND('',#589,.T.);
#255=FACE_OUTER_BOUND('',#590,.T.);
#256=FACE_OUTER_BOUND('',#591,.T.);
#257=FACE_OUTER_BOUND('',#592,.T.);
#258=FACE_OUTER_BOUND('',#593,.T.);
#259=FACE_OUTER_BOUND('',#594,.T.);
#260=FACE_OUTER_BOUND('',#595,.T.);
#261=FACE_OUTER_BOUND('',#596,.T.);
#262=FACE_OUTER_BOUND('',#597,.T.);
#263=FACE_OUTER_BOUND('',#598,.T.);
#264=FACE_OUTER_BOUND('',#599,.T.);
#265=FACE_OUTER_BOUND('',#600,.T.);
#266=FACE_OUTER_BOUND('',#601,.T.);
#267=FACE_OUTER_BOUND('',#602,.T.);
#268=FACE_OUTER_BOUND('',#603,.T.);
#269=FACE_OUTER_BOUND('',#604,.T.);
#270=FACE_OUTER_BOUND('',#606,.T.);
#271=FACE_OUTER_BOUND('',#607,.T.);
#272=FACE_OUTER_BOUND('',#608,.T.);
#273=FACE_OUTER_BOUND('',#609,.T.);
#274=FACE_OUTER_BOUND('',#610,.T.);
#275=FACE_OUTER_BOUND('',#611,.T.);
#276=FACE_OUTER_BOUND('',#612,.T.);
#277=FACE_OUTER_BOUND('',#613,.T.);
#278=FACE_OUTER_BOUND('',#614,.T.);
#279=FACE_OUTER_BOUND('',#615,.T.);
#280=FACE_OUTER_BOUND('',#616,.T.);
#281=FACE_OUTER_BOUND('',#617,.T.);
#282=FACE_OUTER_BOUND('',#618,.T.);
#283=FACE_OUTER_BOUND('',#619,.T.);
#284=FACE_OUTER_BOUND('',#620,.T.);
#285=FACE_OUTER_BOUND('',#621,.T.);
#286=FACE_OUTER_BOUND('',#622,.T.);
#287=FACE_OUTER_BOUND('',#623,.T.);
#288=FACE_OUTER_BOUND('',#624,.T.);
#289=FACE_OUTER_BOUND('',#625,.T.);
#290=FACE_OUTER_BOUND('',#626,.T.);
#291=FACE_OUTER_BOUND('',#627,.T.);
#292=FACE_OUTER_BOUND('',#629,.T.);
#293=FACE_OUTER_BOUND('',#630,.T.);
#294=FACE_OUTER_BOUND('',#631,.T.);
#295=FACE_OUTER_BOUND('',#632,.T.);
#296=FACE_OUTER_BOUND('',#633,.T.);
#297=FACE_OUTER_BOUND('',#634,.T.);
#298=FACE_OUTER_BOUND('',#635,.T.);
#299=FACE_OUTER_BOUND('',#636,.T.);
#300=FACE_OUTER_BOUND('',#637,.T.);
#301=FACE_OUTER_BOUND('',#638,.T.);
#302=FACE_OUTER_BOUND('',#639,.T.);
#303=FACE_OUTER_BOUND('',#640,.T.);
#304=FACE_OUTER_BOUND('',#641,.T.);
#305=FACE_OUTER_BOUND('',#642,.T.);
#306=FACE_OUTER_BOUND('',#643,.T.);
#307=FACE_OUTER_BOUND('',#644,.T.);
#308=FACE_OUTER_BOUND('',#645,.T.);
#309=FACE_OUTER_BOUND('',#646,.T.);
#310=FACE_OUTER_BOUND('',#647,.T.);
#311=FACE_OUTER_BOUND('',#648,.T.);
#312=FACE_OUTER_BOUND('',#649,.T.);
#313=FACE_OUTER_BOUND('',#650,.T.);
#314=FACE_OUTER_BOUND('',#651,.T.);
#315=FACE_OUTER_BOUND('',#652,.T.);
#316=FACE_OUTER_BOUND('',#653,.T.);
#317=FACE_OUTER_BOUND('',#654,.T.);
#318=FACE_OUTER_BOUND('',#655,.T.);
#319=FACE_OUTER_BOUND('',#656,.T.);
#320=FACE_OUTER_BOUND('',#657,.T.);
#321=FACE_OUTER_BOUND('',#658,.T.);
#322=FACE_OUTER_BOUND('',#659,.T.);
#323=FACE_OUTER_BOUND('',#660,.T.);
#324=FACE_OUTER_BOUND('',#661,.T.);
#325=FACE_OUTER_BOUND('',#662,.T.);
#326=FACE_OUTER_BOUND('',#663,.T.);
#327=FACE_OUTER_BOUND('',#665,.T.);
#328=FACE_OUTER_BOUND('',#666,.T.);
#329=FACE_OUTER_BOUND('',#667,.T.);
#330=FACE_OUTER_BOUND('',#668,.T.);
#331=FACE_OUTER_BOUND('',#669,.T.);
#332=FACE_OUTER_BOUND('',#670,.T.);
#333=FACE_OUTER_BOUND('',#671,.T.);
#334=FACE_OUTER_BOUND('',#672,.T.);
#335=FACE_OUTER_BOUND('',#673,.T.);
#336=FACE_OUTER_BOUND('',#674,.T.);
#337=FACE_OUTER_BOUND('',#675,.T.);
#338=FACE_OUTER_BOUND('',#676,.T.);
#339=FACE_OUTER_BOUND('',#677,.T.);
#340=FACE_OUTER_BOUND('',#678,.T.);
#341=FACE_OUTER_BOUND('',#679,.T.);
#342=FACE_OUTER_BOUND('',#680,.T.);
#343=FACE_OUTER_BOUND('',#681,.T.);
#344=FACE_OUTER_BOUND('',#682,.T.);
#345=FACE_OUTER_BOUND('',#683,.T.);
#346=FACE_OUTER_BOUND('',#684,.T.);
#347=FACE_OUTER_BOUND('',#685,.T.);
#348=FACE_OUTER_BOUND('',#686,.T.);
#349=FACE_OUTER_BOUND('',#687,.T.);
#350=FACE_OUTER_BOUND('',#688,.T.);
#351=FACE_OUTER_BOUND('',#689,.T.);
#352=FACE_OUTER_BOUND('',#690,.T.);
#353=FACE_OUTER_BOUND('',#691,.T.);
#354=FACE_OUTER_BOUND('',#692,.T.);
#355=FACE_OUTER_BOUND('',#693,.T.);
#356=FACE_OUTER_BOUND('',#694,.T.);
#357=FACE_OUTER_BOUND('',#695,.T.);
#358=FACE_OUTER_BOUND('',#696,.T.);
#359=FACE_OUTER_BOUND('',#697,.T.);
#360=FACE_OUTER_BOUND('',#699,.T.);
#361=FACE_OUTER_BOUND('',#700,.T.);
#362=FACE_OUTER_BOUND('',#701,.T.);
#363=FACE_OUTER_BOUND('',#702,.T.);
#364=FACE_OUTER_BOUND('',#703,.T.);
#365=FACE_OUTER_BOUND('',#704,.T.);
#366=FACE_OUTER_BOUND('',#705,.T.);
#367=FACE_OUTER_BOUND('',#706,.T.);
#368=FACE_OUTER_BOUND('',#707,.T.);
#369=FACE_OUTER_BOUND('',#708,.T.);
#370=FACE_OUTER_BOUND('',#709,.T.);
#371=FACE_OUTER_BOUND('',#710,.T.);
#372=FACE_OUTER_BOUND('',#722,.T.);
#373=FACE_OUTER_BOUND('',#723,.T.);
#374=FACE_OUTER_BOUND('',#724,.T.);
#375=FACE_OUTER_BOUND('',#725,.T.);
#376=FACE_OUTER_BOUND('',#726,.T.);
#377=FACE_OUTER_BOUND('',#727,.T.);
#378=FACE_OUTER_BOUND('',#732,.T.);
#379=FACE_OUTER_BOUND('',#733,.T.);
#380=FACE_OUTER_BOUND('',#734,.T.);
#381=FACE_OUTER_BOUND('',#735,.T.);
#382=FACE_OUTER_BOUND('',#736,.T.);
#383=FACE_OUTER_BOUND('',#737,.T.);
#384=FACE_OUTER_BOUND('',#738,.T.);
#385=FACE_OUTER_BOUND('',#739,.T.);
#386=FACE_OUTER_BOUND('',#740,.T.);
#387=FACE_OUTER_BOUND('',#741,.T.);
#388=FACE_OUTER_BOUND('',#742,.T.);
#389=FACE_OUTER_BOUND('',#743,.T.);
#390=FACE_OUTER_BOUND('',#744,.T.);
#391=FACE_OUTER_BOUND('',#745,.T.);
#392=FACE_OUTER_BOUND('',#746,.T.);
#393=FACE_OUTER_BOUND('',#747,.T.);
#394=FACE_OUTER_BOUND('',#748,.T.);
#395=FACE_OUTER_BOUND('',#749,.T.);
#396=FACE_OUTER_BOUND('',#750,.T.);
#397=FACE_OUTER_BOUND('',#751,.T.);
#398=FACE_OUTER_BOUND('',#752,.T.);
#399=FACE_OUTER_BOUND('',#753,.T.);
#400=FACE_OUTER_BOUND('',#763,.T.);
#401=FACE_OUTER_BOUND('',#764,.T.);
#402=FACE_OUTER_BOUND('',#765,.T.);
#403=FACE_OUTER_BOUND('',#766,.T.);
#404=FACE_OUTER_BOUND('',#767,.T.);
#405=FACE_OUTER_BOUND('',#768,.T.);
#406=FACE_OUTER_BOUND('',#769,.T.);
#407=FACE_OUTER_BOUND('',#770,.T.);
#408=FACE_OUTER_BOUND('',#771,.T.);
#409=FACE_OUTER_BOUND('',#772,.T.);
#410=FACE_OUTER_BOUND('',#773,.T.);
#411=FACE_OUTER_BOUND('',#774,.T.);
#412=FACE_OUTER_BOUND('',#775,.T.);
#413=FACE_OUTER_BOUND('',#776,.T.);
#414=FACE_OUTER_BOUND('',#777,.T.);
#415=FACE_OUTER_BOUND('',#778,.T.);
#416=FACE_OUTER_BOUND('',#779,.T.);
#417=FACE_OUTER_BOUND('',#780,.T.);
#418=FACE_OUTER_BOUND('',#781,.T.);
#419=FACE_OUTER_BOUND('',#782,.T.);
#420=FACE_OUTER_BOUND('',#783,.T.);
#421=FACE_OUTER_BOUND('',#784,.T.);
#422=FACE_OUTER_BOUND('',#785,.T.);
#423=FACE_OUTER_BOUND('',#786,.T.);
#424=FACE_OUTER_BOUND('',#787,.T.);
#425=FACE_OUTER_BOUND('',#789,.T.);
#426=FACE_OUTER_BOUND('',#790,.T.);
#427=FACE_OUTER_BOUND('',#791,.T.);
#428=FACE_OUTER_BOUND('',#792,.T.);
#429=FACE_OUTER_BOUND('',#793,.T.);
#430=FACE_OUTER_BOUND('',#794,.T.);
#431=FACE_OUTER_BOUND('',#795,.T.);
#432=FACE_OUTER_BOUND('',#796,.T.);
#433=FACE_OUTER_BOUND('',#797,.T.);
#434=FACE_OUTER_BOUND('',#798,.T.);
#435=FACE_OUTER_BOUND('',#799,.T.);
#436=FACE_OUTER_BOUND('',#800,.T.);
#437=FACE_OUTER_BOUND('',#801,.T.);
#438=FACE_OUTER_BOUND('',#802,.T.);
#439=FACE_OUTER_BOUND('',#803,.T.);
#440=FACE_OUTER_BOUND('',#804,.T.);
#441=FACE_OUTER_BOUND('',#805,.T.);
#442=FACE_OUTER_BOUND('',#806,.T.);
#443=FACE_OUTER_BOUND('',#807,.T.);
#444=FACE_OUTER_BOUND('',#808,.T.);
#445=FACE_OUTER_BOUND('',#809,.T.);
#446=FACE_OUTER_BOUND('',#811,.T.);
#447=FACE_OUTER_BOUND('',#812,.T.);
#448=FACE_OUTER_BOUND('',#813,.T.);
#449=FACE_OUTER_BOUND('',#814,.T.);
#450=FACE_OUTER_BOUND('',#815,.T.);
#451=FACE_OUTER_BOUND('',#816,.T.);
#452=FACE_OUTER_BOUND('',#817,.T.);
#453=FACE_OUTER_BOUND('',#818,.T.);
#454=FACE_OUTER_BOUND('',#819,.T.);
#455=FACE_OUTER_BOUND('',#820,.T.);
#456=FACE_OUTER_BOUND('',#821,.T.);
#457=FACE_OUTER_BOUND('',#822,.T.);
#458=FACE_OUTER_BOUND('',#823,.T.);
#459=FACE_OUTER_BOUND('',#824,.T.);
#460=FACE_OUTER_BOUND('',#825,.T.);
#461=FACE_OUTER_BOUND('',#826,.T.);
#462=FACE_OUTER_BOUND('',#827,.T.);
#463=FACE_OUTER_BOUND('',#828,.T.);
#464=FACE_OUTER_BOUND('',#829,.T.);
#465=FACE_OUTER_BOUND('',#830,.T.);
#466=FACE_OUTER_BOUND('',#831,.T.);
#467=FACE_OUTER_BOUND('',#832,.T.);
#468=FACE_OUTER_BOUND('',#834,.T.);
#469=FACE_OUTER_BOUND('',#835,.T.);
#470=FACE_OUTER_BOUND('',#836,.T.);
#471=FACE_OUTER_BOUND('',#837,.T.);
#472=FACE_OUTER_BOUND('',#838,.T.);
#473=FACE_OUTER_BOUND('',#839,.T.);
#474=FACE_OUTER_BOUND('',#840,.T.);
#475=FACE_OUTER_BOUND('',#841,.T.);
#476=FACE_OUTER_BOUND('',#842,.T.);
#477=FACE_OUTER_BOUND('',#843,.T.);
#478=FACE_OUTER_BOUND('',#844,.T.);
#479=FACE_OUTER_BOUND('',#845,.T.);
#480=FACE_OUTER_BOUND('',#846,.T.);
#481=FACE_OUTER_BOUND('',#847,.T.);
#482=FACE_OUTER_BOUND('',#848,.T.);
#483=FACE_OUTER_BOUND('',#849,.T.);
#484=FACE_OUTER_BOUND('',#850,.T.);
#485=FACE_OUTER_BOUND('',#851,.T.);
#486=FACE_OUTER_BOUND('',#852,.T.);
#487=FACE_OUTER_BOUND('',#853,.T.);
#488=FACE_OUTER_BOUND('',#854,.T.);
#489=FACE_OUTER_BOUND('',#855,.T.);
#490=FACE_OUTER_BOUND('',#856,.T.);
#491=FACE_OUTER_BOUND('',#857,.T.);
#492=FACE_OUTER_BOUND('',#858,.T.);
#493=FACE_OUTER_BOUND('',#859,.T.);
#494=FACE_OUTER_BOUND('',#860,.T.);
#495=FACE_OUTER_BOUND('',#861,.T.);
#496=FACE_OUTER_BOUND('',#862,.T.);
#497=FACE_OUTER_BOUND('',#863,.T.);
#498=FACE_OUTER_BOUND('',#864,.T.);
#499=FACE_OUTER_BOUND('',#865,.T.);
#500=FACE_OUTER_BOUND('',#866,.T.);
#501=FACE_OUTER_BOUND('',#867,.T.);
#502=FACE_OUTER_BOUND('',#868,.T.);
#503=FACE_OUTER_BOUND('',#870,.T.);
#504=FACE_OUTER_BOUND('',#871,.T.);
#505=FACE_OUTER_BOUND('',#872,.T.);
#506=FACE_OUTER_BOUND('',#873,.T.);
#507=FACE_OUTER_BOUND('',#874,.T.);
#508=FACE_OUTER_BOUND('',#875,.T.);
#509=FACE_OUTER_BOUND('',#876,.T.);
#510=FACE_OUTER_BOUND('',#877,.T.);
#511=FACE_OUTER_BOUND('',#878,.T.);
#512=FACE_OUTER_BOUND('',#879,.T.);
#513=FACE_OUTER_BOUND('',#880,.T.);
#514=FACE_OUTER_BOUND('',#881,.T.);
#515=FACE_OUTER_BOUND('',#882,.T.);
#516=FACE_OUTER_BOUND('',#883,.T.);
#517=FACE_OUTER_BOUND('',#884,.T.);
#518=FACE_OUTER_BOUND('',#885,.T.);
#519=FACE_OUTER_BOUND('',#886,.T.);
#520=FACE_OUTER_BOUND('',#887,.T.);
#521=FACE_OUTER_BOUND('',#888,.T.);
#522=FACE_OUTER_BOUND('',#889,.T.);
#523=FACE_OUTER_BOUND('',#890,.T.);
#524=FACE_OUTER_BOUND('',#891,.T.);
#525=FACE_OUTER_BOUND('',#892,.T.);
#526=FACE_OUTER_BOUND('',#893,.T.);
#527=FACE_OUTER_BOUND('',#894,.T.);
#528=FACE_OUTER_BOUND('',#895,.T.);
#529=FACE_OUTER_BOUND('',#896,.T.);
#530=FACE_OUTER_BOUND('',#897,.T.);
#531=FACE_OUTER_BOUND('',#898,.T.);
#532=FACE_OUTER_BOUND('',#899,.T.);
#533=FACE_OUTER_BOUND('',#900,.T.);
#534=FACE_OUTER_BOUND('',#901,.T.);
#535=FACE_OUTER_BOUND('',#902,.T.);
#536=FACE_OUTER_BOUND('',#904,.T.);
#537=FACE_OUTER_BOUND('',#905,.T.);
#538=FACE_OUTER_BOUND('',#906,.T.);
#539=FACE_OUTER_BOUND('',#907,.T.);
#540=FACE_OUTER_BOUND('',#908,.T.);
#541=FACE_OUTER_BOUND('',#909,.T.);
#542=FACE_OUTER_BOUND('',#910,.T.);
#543=FACE_OUTER_BOUND('',#911,.T.);
#544=FACE_OUTER_BOUND('',#912,.T.);
#545=FACE_OUTER_BOUND('',#913,.T.);
#546=FACE_OUTER_BOUND('',#914,.T.);
#547=FACE_OUTER_BOUND('',#915,.T.);
#548=FACE_OUTER_BOUND('',#916,.T.);
#549=FACE_OUTER_BOUND('',#917,.T.);
#550=FACE_OUTER_BOUND('',#918,.T.);
#551=FACE_OUTER_BOUND('',#919,.T.);
#552=FACE_OUTER_BOUND('',#920,.T.);
#553=FACE_OUTER_BOUND('',#921,.T.);
#554=FACE_OUTER_BOUND('',#922,.T.);
#555=FACE_OUTER_BOUND('',#923,.T.);
#556=FACE_OUTER_BOUND('',#924,.T.);
#557=FACE_OUTER_BOUND('',#925,.T.);
#558=FACE_OUTER_BOUND('',#926,.T.);
#559=FACE_OUTER_BOUND('',#927,.T.);
#560=FACE_OUTER_BOUND('',#928,.T.);
#561=FACE_OUTER_BOUND('',#929,.T.);
#562=FACE_OUTER_BOUND('',#930,.T.);
#563=EDGE_LOOP('',(#3887,#3888,#3889,#3890));
#564=EDGE_LOOP('',(#3891,#3892,#3893,#3894));
#565=EDGE_LOOP('',(#3895,#3896,#3897,#3898));
#566=EDGE_LOOP('',(#3899,#3900,#3901,#3902));
#567=EDGE_LOOP('',(#3903,#3904,#3905,#3906));
#568=EDGE_LOOP('',(#3907,#3908,#3909,#3910));
#569=EDGE_LOOP('',(#3911,#3912,#3913,#3914));
#570=EDGE_LOOP('',(#3915,#3916,#3917,#3918));
#571=EDGE_LOOP('',(#3919,#3920,#3921,#3922));
#572=EDGE_LOOP('',(#3923,#3924,#3925,#3926));
#573=EDGE_LOOP('',(#3927,#3928,#3929,#3930));
#574=EDGE_LOOP('',(#3931,#3932,#3933,#3934));
#575=EDGE_LOOP('',(#3935,#3936,#3937,#3938));
#576=EDGE_LOOP('',(#3939,#3940,#3941,#3942));
#577=EDGE_LOOP('',(#3943,#3944,#3945,#3946));
#578=EDGE_LOOP('',(#3947,#3948,#3949,#3950));
#579=EDGE_LOOP('',(#3951,#3952,#3953,#3954));
#580=EDGE_LOOP('',(#3955,#3956,#3957,#3958));
#581=EDGE_LOOP('',(#3959,#3960,#3961,#3962));
#582=EDGE_LOOP('',(#3963,#3964,#3965,#3966,#3967,#3968,#3969,#3970,#3971,
#3972,#3973,#3974,#3975,#3976));
#583=EDGE_LOOP('',(#3977,#3978,#3979,#3980,#3981));
#584=EDGE_LOOP('',(#3982,#3983,#3984,#3985));
#585=EDGE_LOOP('',(#3986,#3987,#3988,#3989));
#586=EDGE_LOOP('',(#3990,#3991,#3992,#3993));
#587=EDGE_LOOP('',(#3994,#3995,#3996,#3997));
#588=EDGE_LOOP('',(#3998,#3999,#4000,#4001));
#589=EDGE_LOOP('',(#4002,#4003,#4004,#4005));
#590=EDGE_LOOP('',(#4006,#4007,#4008,#4009));
#591=EDGE_LOOP('',(#4010,#4011,#4012,#4013));
#592=EDGE_LOOP('',(#4014,#4015,#4016,#4017));
#593=EDGE_LOOP('',(#4018,#4019,#4020,#4021));
#594=EDGE_LOOP('',(#4022,#4023,#4024,#4025));
#595=EDGE_LOOP('',(#4026,#4027,#4028,#4029));
#596=EDGE_LOOP('',(#4030,#4031,#4032,#4033));
#597=EDGE_LOOP('',(#4034,#4035,#4036,#4037));
#598=EDGE_LOOP('',(#4038,#4039,#4040,#4041));
#599=EDGE_LOOP('',(#4042,#4043,#4044,#4045));
#600=EDGE_LOOP('',(#4046,#4047,#4048,#4049));
#601=EDGE_LOOP('',(#4050,#4051,#4052,#4053));
#602=EDGE_LOOP('',(#4054,#4055,#4056,#4057));
#603=EDGE_LOOP('',(#4058,#4059,#4060,#4061));
#604=EDGE_LOOP('',(#4062,#4063,#4064,#4065,#4066,#4067,#4068,#4069,#4070,
#4071,#4072,#4073));
#605=EDGE_LOOP('',(#4074,#4075,#4076,#4077,#4078,#4079,#4080,#4081));
#606=EDGE_LOOP('',(#4082,#4083,#4084,#4085));
#607=EDGE_LOOP('',(#4086,#4087,#4088,#4089));
#608=EDGE_LOOP('',(#4090,#4091,#4092,#4093));
#609=EDGE_LOOP('',(#4094,#4095,#4096,#4097));
#610=EDGE_LOOP('',(#4098,#4099,#4100,#4101));
#611=EDGE_LOOP('',(#4102,#4103,#4104,#4105));
#612=EDGE_LOOP('',(#4106,#4107,#4108,#4109));
#613=EDGE_LOOP('',(#4110,#4111,#4112,#4113));
#614=EDGE_LOOP('',(#4114,#4115,#4116,#4117));
#615=EDGE_LOOP('',(#4118,#4119,#4120,#4121));
#616=EDGE_LOOP('',(#4122,#4123,#4124,#4125));
#617=EDGE_LOOP('',(#4126,#4127,#4128,#4129));
#618=EDGE_LOOP('',(#4130,#4131,#4132,#4133));
#619=EDGE_LOOP('',(#4134,#4135,#4136,#4137));
#620=EDGE_LOOP('',(#4138,#4139,#4140,#4141));
#621=EDGE_LOOP('',(#4142,#4143,#4144,#4145));
#622=EDGE_LOOP('',(#4146,#4147,#4148,#4149));
#623=EDGE_LOOP('',(#4150,#4151,#4152,#4153));
#624=EDGE_LOOP('',(#4154,#4155,#4156,#4157));
#625=EDGE_LOOP('',(#4158,#4159,#4160,#4161));
#626=EDGE_LOOP('',(#4162,#4163,#4164,#4165));
#627=EDGE_LOOP('',(#4166,#4167,#4168,#4169,#4170,#4171,#4172,#4173,#4174,
#4175,#4176,#4177));
#628=EDGE_LOOP('',(#4178,#4179,#4180,#4181,#4182,#4183,#4184,#4185,#4186));
#629=EDGE_LOOP('',(#4187,#4188,#4189,#4190));
#630=EDGE_LOOP('',(#4191,#4192,#4193,#4194));
#631=EDGE_LOOP('',(#4195,#4196,#4197,#4198));
#632=EDGE_LOOP('',(#4199,#4200,#4201,#4202));
#633=EDGE_LOOP('',(#4203,#4204,#4205,#4206));
#634=EDGE_LOOP('',(#4207,#4208,#4209,#4210));
#635=EDGE_LOOP('',(#4211,#4212,#4213,#4214));
#636=EDGE_LOOP('',(#4215,#4216,#4217,#4218));
#637=EDGE_LOOP('',(#4219,#4220,#4221,#4222));
#638=EDGE_LOOP('',(#4223,#4224,#4225,#4226));
#639=EDGE_LOOP('',(#4227,#4228,#4229,#4230));
#640=EDGE_LOOP('',(#4231,#4232,#4233,#4234));
#641=EDGE_LOOP('',(#4235,#4236,#4237,#4238));
#642=EDGE_LOOP('',(#4239,#4240,#4241,#4242));
#643=EDGE_LOOP('',(#4243,#4244,#4245,#4246));
#644=EDGE_LOOP('',(#4247,#4248,#4249,#4250));
#645=EDGE_LOOP('',(#4251,#4252,#4253,#4254));
#646=EDGE_LOOP('',(#4255,#4256,#4257,#4258));
#647=EDGE_LOOP('',(#4259,#4260,#4261,#4262));
#648=EDGE_LOOP('',(#4263,#4264,#4265,#4266));
#649=EDGE_LOOP('',(#4267,#4268,#4269,#4270));
#650=EDGE_LOOP('',(#4271,#4272,#4273,#4274));
#651=EDGE_LOOP('',(#4275,#4276,#4277,#4278));
#652=EDGE_LOOP('',(#4279,#4280,#4281,#4282));
#653=EDGE_LOOP('',(#4283,#4284,#4285,#4286));
#654=EDGE_LOOP('',(#4287,#4288,#4289,#4290));
#655=EDGE_LOOP('',(#4291,#4292,#4293,#4294));
#656=EDGE_LOOP('',(#4295,#4296,#4297,#4298));
#657=EDGE_LOOP('',(#4299,#4300,#4301,#4302));
#658=EDGE_LOOP('',(#4303,#4304,#4305,#4306));
#659=EDGE_LOOP('',(#4307,#4308,#4309,#4310));
#660=EDGE_LOOP('',(#4311,#4312,#4313,#4314));
#661=EDGE_LOOP('',(#4315,#4316,#4317,#4318));
#662=EDGE_LOOP('',(#4319,#4320,#4321,#4322));
#663=EDGE_LOOP('',(#4323,#4324,#4325,#4326,#4327,#4328,#4329,#4330,#4331,
#4332,#4333,#4334,#4335,#4336,#4337,#4338,#4339,#4340,#4341,#4342,#4343,
#4344,#4345,#4346,#4347));
#664=EDGE_LOOP('',(#4348,#4349,#4350,#4351,#4352,#4353,#4354,#4355,#4356));
#665=EDGE_LOOP('',(#4357,#4358,#4359,#4360));
#666=EDGE_LOOP('',(#4361,#4362,#4363,#4364));
#667=EDGE_LOOP('',(#4365,#4366,#4367,#4368));
#668=EDGE_LOOP('',(#4369,#4370,#4371,#4372));
#669=EDGE_LOOP('',(#4373,#4374,#4375,#4376));
#670=EDGE_LOOP('',(#4377,#4378,#4379,#4380));
#671=EDGE_LOOP('',(#4381,#4382,#4383,#4384));
#672=EDGE_LOOP('',(#4385,#4386,#4387,#4388));
#673=EDGE_LOOP('',(#4389,#4390,#4391,#4392));
#674=EDGE_LOOP('',(#4393,#4394,#4395,#4396));
#675=EDGE_LOOP('',(#4397,#4398,#4399,#4400));
#676=EDGE_LOOP('',(#4401,#4402,#4403,#4404));
#677=EDGE_LOOP('',(#4405,#4406,#4407,#4408));
#678=EDGE_LOOP('',(#4409,#4410,#4411,#4412,#4413,#4414,#4415,#4416,#4417,
#4418,#4419,#4420,#4421));
#679=EDGE_LOOP('',(#4422,#4423,#4424,#4425));
#680=EDGE_LOOP('',(#4426,#4427,#4428,#4429));
#681=EDGE_LOOP('',(#4430,#4431,#4432,#4433));
#682=EDGE_LOOP('',(#4434,#4435,#4436,#4437));
#683=EDGE_LOOP('',(#4438,#4439,#4440,#4441));
#684=EDGE_LOOP('',(#4442,#4443,#4444,#4445));
#685=EDGE_LOOP('',(#4446,#4447,#4448,#4449));
#686=EDGE_LOOP('',(#4450,#4451,#4452,#4453));
#687=EDGE_LOOP('',(#4454,#4455,#4456,#4457));
#688=EDGE_LOOP('',(#4458,#4459,#4460,#4461));
#689=EDGE_LOOP('',(#4462,#4463,#4464,#4465));
#690=EDGE_LOOP('',(#4466,#4467,#4468,#4469));
#691=EDGE_LOOP('',(#4470,#4471,#4472,#4473));
#692=EDGE_LOOP('',(#4474,#4475,#4476,#4477));
#693=EDGE_LOOP('',(#4478,#4479,#4480,#4481));
#694=EDGE_LOOP('',(#4482,#4483,#4484,#4485));
#695=EDGE_LOOP('',(#4486,#4487,#4488,#4489));
#696=EDGE_LOOP('',(#4490,#4491,#4492,#4493));
#697=EDGE_LOOP('',(#4494,#4495,#4496,#4497,#4498,#4499,#4500,#4501,#4502,
#4503));
#698=EDGE_LOOP('',(#4504,#4505,#4506,#4507,#4508,#4509,#4510,#4511));
#699=EDGE_LOOP('',(#4512,#4513,#4514,#4515));
#700=EDGE_LOOP('',(#4516,#4517,#4518,#4519));
#701=EDGE_LOOP('',(#4520,#4521,#4522,#4523));
#702=EDGE_LOOP('',(#4524,#4525,#4526,#4527));
#703=EDGE_LOOP('',(#4528,#4529,#4530,#4531));
#704=EDGE_LOOP('',(#4532,#4533,#4534,#4535));
#705=EDGE_LOOP('',(#4536,#4537,#4538,#4539));
#706=EDGE_LOOP('',(#4540,#4541,#4542,#4543));
#707=EDGE_LOOP('',(#4544,#4545,#4546,#4547));
#708=EDGE_LOOP('',(#4548,#4549,#4550,#4551));
#709=EDGE_LOOP('',(#4552,#4553,#4554,#4555,#4556,#4557,#4558,#4559,#4560,
#4561));
#710=EDGE_LOOP('',(#4562,#4563,#4564,#4565,#4566,#4567,#4568,#4569));
#711=EDGE_LOOP('',(#4570));
#712=EDGE_LOOP('',(#4571));
#713=EDGE_LOOP('',(#4572));
#714=EDGE_LOOP('',(#4573));
#715=EDGE_LOOP('',(#4574,#4575,#4576,#4577,#4578,#4579,#4580,#4581,#4582,
#4583));
#716=EDGE_LOOP('',(#4584,#4585,#4586,#4587,#4588,#4589,#4590,#4591,#4592,
#4593));
#717=EDGE_LOOP('',(#4594,#4595,#4596,#4597,#4598,#4599,#4600,#4601,#4602,
#4603,#4604,#4605,#4606));
#718=EDGE_LOOP('',(#4607,#4608,#4609,#4610,#4611,#4612,#4613,#4614,#4615,
#4616,#4617,#4618,#4619,#4620,#4621,#4622,#4623,#4624,#4625,#4626,#4627,
#4628,#4629,#4630,#4631));
#719=EDGE_LOOP('',(#4632,#4633,#4634,#4635,#4636,#4637,#4638,#4639,#4640,
#4641,#4642,#4643));
#720=EDGE_LOOP('',(#4644,#4645,#4646,#4647,#4648,#4649,#4650,#4651,#4652,
#4653,#4654,#4655));
#721=EDGE_LOOP('',(#4656,#4657,#4658,#4659,#4660,#4661,#4662,#4663,#4664,
#4665,#4666,#4667,#4668,#4669));
#722=EDGE_LOOP('',(#4670,#4671,#4672,#4673,#4674,#4675,#4676,#4677));
#723=EDGE_LOOP('',(#4678,#4679,#4680,#4681,#4682,#4683,#4684,#4685,#4686));
#724=EDGE_LOOP('',(#4687,#4688,#4689,#4690,#4691,#4692,#4693,#4694,#4695));
#725=EDGE_LOOP('',(#4696,#4697,#4698,#4699,#4700,#4701,#4702,#4703));
#726=EDGE_LOOP('',(#4704,#4705,#4706,#4707));
#727=EDGE_LOOP('',(#4708,#4709,#4710,#4711,#4712,#4713,#4714,#4715,#4716,
#4717,#4718,#4719,#4720,#4721,#4722,#4723));
#728=EDGE_LOOP('',(#4724));
#729=EDGE_LOOP('',(#4725));
#730=EDGE_LOOP('',(#4726));
#731=EDGE_LOOP('',(#4727));
#732=EDGE_LOOP('',(#4728,#4729,#4730,#4731));
#733=EDGE_LOOP('',(#4732,#4733,#4734,#4735));
#734=EDGE_LOOP('',(#4736,#4737,#4738,#4739));
#735=EDGE_LOOP('',(#4740,#4741,#4742,#4743));
#736=EDGE_LOOP('',(#4744,#4745,#4746,#4747));
#737=EDGE_LOOP('',(#4748,#4749,#4750,#4751));
#738=EDGE_LOOP('',(#4752,#4753,#4754,#4755));
#739=EDGE_LOOP('',(#4756,#4757,#4758,#4759));
#740=EDGE_LOOP('',(#4760,#4761,#4762,#4763,#4764,#4765,#4766,#4767));
#741=EDGE_LOOP('',(#4768,#4769,#4770,#4771));
#742=EDGE_LOOP('',(#4772,#4773,#4774,#4775));
#743=EDGE_LOOP('',(#4776,#4777,#4778,#4779));
#744=EDGE_LOOP('',(#4780,#4781,#4782,#4783));
#745=EDGE_LOOP('',(#4784,#4785,#4786,#4787));
#746=EDGE_LOOP('',(#4788,#4789,#4790,#4791));
#747=EDGE_LOOP('',(#4792,#4793,#4794,#4795));
#748=EDGE_LOOP('',(#4796,#4797,#4798,#4799));
#749=EDGE_LOOP('',(#4800,#4801,#4802,#4803,#4804,#4805,#4806,#4807));
#750=EDGE_LOOP('',(#4808,#4809,#4810,#4811));
#751=EDGE_LOOP('',(#4812,#4813,#4814,#4815,#4816));
#752=EDGE_LOOP('',(#4817,#4818,#4819,#4820));
#753=EDGE_LOOP('',(#4821,#4822,#4823,#4824,#4825,#4826,#4827,#4828));
#754=EDGE_LOOP('',(#4829,#4830,#4831,#4832));
#755=EDGE_LOOP('',(#4833,#4834,#4835,#4836));
#756=EDGE_LOOP('',(#4837,#4838,#4839,#4840,#4841,#4842,#4843,#4844,#4845,
#4846));
#757=EDGE_LOOP('',(#4847,#4848,#4849,#4850,#4851,#4852,#4853,#4854,#4855,
#4856));
#758=EDGE_LOOP('',(#4857,#4858,#4859,#4860,#4861,#4862,#4863,#4864,#4865,
#4866,#4867,#4868,#4869));
#759=EDGE_LOOP('',(#4870,#4871,#4872,#4873,#4874,#4875,#4876,#4877,#4878,
#4879,#4880,#4881,#4882,#4883,#4884,#4885,#4886,#4887,#4888,#4889,#4890,
#4891,#4892,#4893,#4894));
#760=EDGE_LOOP('',(#4895,#4896,#4897,#4898,#4899,#4900,#4901,#4902,#4903,
#4904,#4905,#4906));
#761=EDGE_LOOP('',(#4907,#4908,#4909,#4910,#4911,#4912,#4913,#4914,#4915,
#4916,#4917,#4918));
#762=EDGE_LOOP('',(#4919,#4920,#4921,#4922,#4923,#4924,#4925,#4926,#4927,
#4928,#4929,#4930,#4931,#4932));
#763=EDGE_LOOP('',(#4933,#4934,#4935,#4936));
#764=EDGE_LOOP('',(#4937,#4938,#4939,#4940));
#765=EDGE_LOOP('',(#4941,#4942,#4943,#4944));
#766=EDGE_LOOP('',(#4945,#4946,#4947,#4948));
#767=EDGE_LOOP('',(#4949,#4950,#4951,#4952));
#768=EDGE_LOOP('',(#4953,#4954,#4955,#4956));
#769=EDGE_LOOP('',(#4957,#4958,#4959,#4960));
#770=EDGE_LOOP('',(#4961,#4962,#4963,#4964));
#771=EDGE_LOOP('',(#4965,#4966,#4967,#4968));
#772=EDGE_LOOP('',(#4969,#4970,#4971,#4972));
#773=EDGE_LOOP('',(#4973,#4974,#4975,#4976));
#774=EDGE_LOOP('',(#4977,#4978,#4979,#4980));
#775=EDGE_LOOP('',(#4981,#4982,#4983,#4984));
#776=EDGE_LOOP('',(#4985,#4986,#4987,#4988));
#777=EDGE_LOOP('',(#4989,#4990,#4991,#4992));
#778=EDGE_LOOP('',(#4993,#4994,#4995,#4996));
#779=EDGE_LOOP('',(#4997,#4998,#4999,#5000));
#780=EDGE_LOOP('',(#5001,#5002,#5003,#5004));
#781=EDGE_LOOP('',(#5005,#5006,#5007,#5008));
#782=EDGE_LOOP('',(#5009,#5010,#5011,#5012));
#783=EDGE_LOOP('',(#5013,#5014,#5015,#5016));
#784=EDGE_LOOP('',(#5017,#5018,#5019,#5020));
#785=EDGE_LOOP('',(#5021,#5022,#5023,#5024));
#786=EDGE_LOOP('',(#5025,#5026,#5027,#5028));
#787=EDGE_LOOP('',(#5029,#5030,#5031,#5032,#5033,#5034,#5035,#5036,#5037,
#5038,#5039,#5040,#5041,#5042));
#788=EDGE_LOOP('',(#5043,#5044,#5045,#5046,#5047));
#789=EDGE_LOOP('',(#5048,#5049,#5050,#5051));
#790=EDGE_LOOP('',(#5052,#5053,#5054,#5055));
#791=EDGE_LOOP('',(#5056,#5057,#5058,#5059));
#792=EDGE_LOOP('',(#5060,#5061,#5062,#5063));
#793=EDGE_LOOP('',(#5064,#5065,#5066,#5067));
#794=EDGE_LOOP('',(#5068,#5069,#5070,#5071));
#795=EDGE_LOOP('',(#5072,#5073,#5074,#5075));
#796=EDGE_LOOP('',(#5076,#5077,#5078,#5079));
#797=EDGE_LOOP('',(#5080,#5081,#5082,#5083));
#798=EDGE_LOOP('',(#5084,#5085,#5086,#5087));
#799=EDGE_LOOP('',(#5088,#5089,#5090,#5091));
#800=EDGE_LOOP('',(#5092,#5093,#5094,#5095));
#801=EDGE_LOOP('',(#5096,#5097,#5098,#5099));
#802=EDGE_LOOP('',(#5100,#5101,#5102,#5103));
#803=EDGE_LOOP('',(#5104,#5105,#5106,#5107));
#804=EDGE_LOOP('',(#5108,#5109,#5110,#5111));
#805=EDGE_LOOP('',(#5112,#5113,#5114,#5115));
#806=EDGE_LOOP('',(#5116,#5117,#5118,#5119));
#807=EDGE_LOOP('',(#5120,#5121,#5122,#5123));
#808=EDGE_LOOP('',(#5124,#5125,#5126,#5127));
#809=EDGE_LOOP('',(#5128,#5129,#5130,#5131,#5132,#5133,#5134,#5135,#5136,
#5137,#5138,#5139));
#810=EDGE_LOOP('',(#5140,#5141,#5142,#5143,#5144,#5145,#5146,#5147));
#811=EDGE_LOOP('',(#5148,#5149,#5150,#5151));
#812=EDGE_LOOP('',(#5152,#5153,#5154,#5155));
#813=EDGE_LOOP('',(#5156,#5157,#5158,#5159));
#814=EDGE_LOOP('',(#5160,#5161,#5162,#5163));
#815=EDGE_LOOP('',(#5164,#5165,#5166,#5167));
#816=EDGE_LOOP('',(#5168,#5169,#5170,#5171));
#817=EDGE_LOOP('',(#5172,#5173,#5174,#5175));
#818=EDGE_LOOP('',(#5176,#5177,#5178,#5179));
#819=EDGE_LOOP('',(#5180,#5181,#5182,#5183));
#820=EDGE_LOOP('',(#5184,#5185,#5186,#5187));
#821=EDGE_LOOP('',(#5188,#5189,#5190,#5191));
#822=EDGE_LOOP('',(#5192,#5193,#5194,#5195));
#823=EDGE_LOOP('',(#5196,#5197,#5198,#5199));
#824=EDGE_LOOP('',(#5200,#5201,#5202,#5203));
#825=EDGE_LOOP('',(#5204,#5205,#5206,#5207));
#826=EDGE_LOOP('',(#5208,#5209,#5210,#5211));
#827=EDGE_LOOP('',(#5212,#5213,#5214,#5215));
#828=EDGE_LOOP('',(#5216,#5217,#5218,#5219));
#829=EDGE_LOOP('',(#5220,#5221,#5222,#5223));
#830=EDGE_LOOP('',(#5224,#5225,#5226,#5227));
#831=EDGE_LOOP('',(#5228,#5229,#5230,#5231));
#832=EDGE_LOOP('',(#5232,#5233,#5234,#5235,#5236,#5237,#5238,#5239,#5240,
#5241,#5242,#5243));
#833=EDGE_LOOP('',(#5244,#5245,#5246,#5247,#5248,#5249,#5250,#5251,#5252));
#834=EDGE_LOOP('',(#5253,#5254,#5255,#5256));
#835=EDGE_LOOP('',(#5257,#5258,#5259,#5260));
#836=EDGE_LOOP('',(#5261,#5262,#5263,#5264));
#837=EDGE_LOOP('',(#5265,#5266,#5267,#5268));
#838=EDGE_LOOP('',(#5269,#5270,#5271,#5272));
#839=EDGE_LOOP('',(#5273,#5274,#5275,#5276));
#840=EDGE_LOOP('',(#5277,#5278,#5279,#5280));
#841=EDGE_LOOP('',(#5281,#5282,#5283,#5284));
#842=EDGE_LOOP('',(#5285,#5286,#5287,#5288));
#843=EDGE_LOOP('',(#5289,#5290,#5291,#5292));
#844=EDGE_LOOP('',(#5293,#5294,#5295,#5296));
#845=EDGE_LOOP('',(#5297,#5298,#5299,#5300));
#846=EDGE_LOOP('',(#5301,#5302,#5303,#5304));
#847=EDGE_LOOP('',(#5305,#5306,#5307,#5308));
#848=EDGE_LOOP('',(#5309,#5310,#5311,#5312));
#849=EDGE_LOOP('',(#5313,#5314,#5315,#5316));
#850=EDGE_LOOP('',(#5317,#5318,#5319,#5320));
#851=EDGE_LOOP('',(#5321,#5322,#5323,#5324));
#852=EDGE_LOOP('',(#5325,#5326,#5327,#5328));
#853=EDGE_LOOP('',(#5329,#5330,#5331,#5332));
#854=EDGE_LOOP('',(#5333,#5334,#5335,#5336));
#855=EDGE_LOOP('',(#5337,#5338,#5339,#5340));
#856=EDGE_LOOP('',(#5341,#5342,#5343,#5344));
#857=EDGE_LOOP('',(#5345,#5346,#5347,#5348));
#858=EDGE_LOOP('',(#5349,#5350,#5351,#5352));
#859=EDGE_LOOP('',(#5353,#5354,#5355,#5356));
#860=EDGE_LOOP('',(#5357,#5358,#5359,#5360));
#861=EDGE_LOOP('',(#5361,#5362,#5363,#5364));
#862=EDGE_LOOP('',(#5365,#5366,#5367,#5368));
#863=EDGE_LOOP('',(#5369,#5370,#5371,#5372));
#864=EDGE_LOOP('',(#5373,#5374,#5375,#5376));
#865=EDGE_LOOP('',(#5377,#5378,#5379,#5380));
#866=EDGE_LOOP('',(#5381,#5382,#5383,#5384));
#867=EDGE_LOOP('',(#5385,#5386,#5387,#5388));
#868=EDGE_LOOP('',(#5389,#5390,#5391,#5392,#5393,#5394,#5395,#5396,#5397,
#5398,#5399,#5400,#5401,#5402,#5403,#5404,#5405,#5406,#5407,#5408,#5409,
#5410,#5411,#5412,#5413));
#869=EDGE_LOOP('',(#5414,#5415,#5416,#5417,#5418,#5419,#5420,#5421,#5422));
#870=EDGE_LOOP('',(#5423,#5424,#5425,#5426));
#871=EDGE_LOOP('',(#5427,#5428,#5429,#5430));
#872=EDGE_LOOP('',(#5431,#5432,#5433,#5434));
#873=EDGE_LOOP('',(#5435,#5436,#5437,#5438));
#874=EDGE_LOOP('',(#5439,#5440,#5441,#5442));
#875=EDGE_LOOP('',(#5443,#5444,#5445,#5446));
#876=EDGE_LOOP('',(#5447,#5448,#5449,#5450));
#877=EDGE_LOOP('',(#5451,#5452,#5453,#5454));
#878=EDGE_LOOP('',(#5455,#5456,#5457,#5458));
#879=EDGE_LOOP('',(#5459,#5460,#5461,#5462));
#880=EDGE_LOOP('',(#5463,#5464,#5465,#5466));
#881=EDGE_LOOP('',(#5467,#5468,#5469,#5470));
#882=EDGE_LOOP('',(#5471,#5472,#5473,#5474));
#883=EDGE_LOOP('',(#5475,#5476,#5477,#5478,#5479,#5480,#5481,#5482,#5483,
#5484,#5485,#5486,#5487));
#884=EDGE_LOOP('',(#5488,#5489,#5490,#5491));
#885=EDGE_LOOP('',(#5492,#5493,#5494,#5495));
#886=EDGE_LOOP('',(#5496,#5497,#5498,#5499));
#887=EDGE_LOOP('',(#5500,#5501,#5502,#5503));
#888=EDGE_LOOP('',(#5504,#5505,#5506,#5507));
#889=EDGE_LOOP('',(#5508,#5509,#5510,#5511));
#890=EDGE_LOOP('',(#5512,#5513,#5514,#5515));
#891=EDGE_LOOP('',(#5516,#5517,#5518,#5519));
#892=EDGE_LOOP('',(#5520,#5521,#5522,#5523));
#893=EDGE_LOOP('',(#5524,#5525,#5526,#5527));
#894=EDGE_LOOP('',(#5528,#5529,#5530,#5531));
#895=EDGE_LOOP('',(#5532,#5533,#5534,#5535));
#896=EDGE_LOOP('',(#5536,#5537,#5538,#5539));
#897=EDGE_LOOP('',(#5540,#5541,#5542,#5543));
#898=EDGE_LOOP('',(#5544,#5545,#5546,#5547));
#899=EDGE_LOOP('',(#5548,#5549,#5550,#5551));
#900=EDGE_LOOP('',(#5552,#5553,#5554,#5555));
#901=EDGE_LOOP('',(#5556,#5557,#5558,#5559));
#902=EDGE_LOOP('',(#5560,#5561,#5562,#5563,#5564,#5565,#5566,#5567,#5568,
#5569));
#903=EDGE_LOOP('',(#5570,#5571,#5572,#5573,#5574,#5575,#5576,#5577));
#904=EDGE_LOOP('',(#5578,#5579,#5580,#5581));
#905=EDGE_LOOP('',(#5582,#5583,#5584,#5585));
#906=EDGE_LOOP('',(#5586,#5587,#5588,#5589));
#907=EDGE_LOOP('',(#5590,#5591,#5592,#5593));
#908=EDGE_LOOP('',(#5594,#5595,#5596,#5597));
#909=EDGE_LOOP('',(#5598,#5599,#5600,#5601));
#910=EDGE_LOOP('',(#5602,#5603,#5604,#5605));
#911=EDGE_LOOP('',(#5606,#5607,#5608,#5609));
#912=EDGE_LOOP('',(#5610,#5611,#5612,#5613));
#913=EDGE_LOOP('',(#5614,#5615,#5616,#5617));
#914=EDGE_LOOP('',(#5618,#5619,#5620,#5621,#5622,#5623,#5624,#5625,#5626,
#5627));
#915=EDGE_LOOP('',(#5628,#5629,#5630,#5631,#5632,#5633,#5634,#5635));
#916=EDGE_LOOP('',(#5636,#5637,#5638,#5639,#5640,#5641,#5642,#5643,#5644));
#917=EDGE_LOOP('',(#5645,#5646,#5647,#5648,#5649,#5650,#5651,#5652,#5653));
#918=EDGE_LOOP('',(#5654,#5655,#5656,#5657,#5658,#5659,#5660,#5661));
#919=EDGE_LOOP('',(#5662,#5663,#5664,#5665));
#920=EDGE_LOOP('',(#5666,#5667,#5668,#5669));
#921=EDGE_LOOP('',(#5670,#5671,#5672,#5673));
#922=EDGE_LOOP('',(#5674,#5675,#5676,#5677));
#923=EDGE_LOOP('',(#5678,#5679,#5680,#5681));
#924=EDGE_LOOP('',(#5682,#5683,#5684,#5685));
#925=EDGE_LOOP('',(#5686,#5687,#5688,#5689));
#926=EDGE_LOOP('',(#5690,#5691,#5692,#5693));
#927=EDGE_LOOP('',(#5694,#5695,#5696,#5697));
#928=EDGE_LOOP('',(#5698,#5699,#5700,#5701));
#929=EDGE_LOOP('',(#5702,#5703,#5704,#5705,#5706));
#930=EDGE_LOOP('',(#5707,#5708,#5709,#5710,#5711,#5712,#5713,#5714));
#931=EDGE_LOOP('',(#5715,#5716,#5717,#5718));
#932=EDGE_LOOP('',(#5719,#5720,#5721,#5722));
#933=LINE('',#7333,#1463);
#934=LINE('',#7340,#1464);
#935=LINE('',#7358,#1465);
#936=LINE('',#7381,#1466);
#937=LINE('',#7404,#1467);
#938=LINE('',#7411,#1468);
#939=LINE('',#7412,#1469);
#940=LINE('',#7431,#1470);
#941=LINE('',#7438,#1471);
#942=LINE('',#7456,#1472);
#943=LINE('',#7479,#1473);
#944=LINE('',#7487,#1474);
#945=LINE('',#7489,#1475);
#946=LINE('',#7490,#1476);
#947=LINE('',#7508,#1477);
#948=LINE('',#7531,#1478);
#949=LINE('',#7554,#1479);
#950=LINE('',#7577,#1480);
#951=LINE('',#7600,#1481);
#952=LINE('',#7623,#1482);
#953=LINE('',#7646,#1483);
#954=LINE('',#7669,#1484);
#955=LINE('',#7677,#1485);
#956=LINE('',#7679,#1486);
#957=LINE('',#7680,#1487);
#958=LINE('',#7720,#1488);
#959=LINE('',#7727,#1489);
#960=LINE('',#7745,#1490);
#961=LINE('',#7768,#1491);
#962=LINE('',#7791,#1492);
#963=LINE('',#7814,#1493);
#964=LINE('',#7837,#1494);
#965=LINE('',#7860,#1495);
#966=LINE('',#7889,#1496);
#967=LINE('',#7891,#1497);
#968=LINE('',#7893,#1498);
#969=LINE('',#7894,#1499);
#970=LINE('',#7897,#1500);
#971=LINE('',#7899,#1501);
#972=LINE('',#7900,#1502);
#973=LINE('',#7918,#1503);
#974=LINE('',#7941,#1504);
#975=LINE('',#7964,#1505);
#976=LINE('',#7987,#1506);
#977=LINE('',#8010,#1507);
#978=LINE('',#8033,#1508);
#979=LINE('',#8056,#1509);
#980=LINE('',#8064,#1510);
#981=LINE('',#8066,#1511);
#982=LINE('',#8067,#1512);
#983=LINE('',#8070,#1513);
#984=LINE('',#8072,#1514);
#985=LINE('',#8073,#1515);
#986=LINE('',#8075,#1516);
#987=LINE('',#8076,#1517);
#988=LINE('',#8096,#1518);
#989=LINE('',#8103,#1519);
#990=LINE('',#8121,#1520);
#991=LINE('',#8144,#1521);
#992=LINE('',#8167,#1522);
#993=LINE('',#8190,#1523);
#994=LINE('',#8213,#1524);
#995=LINE('',#8221,#1525);
#996=LINE('',#8223,#1526);
#997=LINE('',#8224,#1527);
#998=LINE('',#8227,#1528);
#999=LINE('',#8229,#1529);
#1000=LINE('',#8230,#1530);
#1001=LINE('',#8232,#1531);
#1002=LINE('',#8233,#1532);
#1003=LINE('',#8237,#1533);
#1004=LINE('',#8239,#1534);
#1005=LINE('',#8241,#1535);
#1006=LINE('',#8242,#1536);
#1007=LINE('',#8245,#1537);
#1008=LINE('',#8247,#1538);
#1009=LINE('',#8248,#1539);
#1010=LINE('',#8266,#1540);
#1011=LINE('',#8289,#1541);
#1012=LINE('',#8312,#1542);
#1013=LINE('',#8335,#1543);
#1014=LINE('',#8358,#1544);
#1015=LINE('',#8381,#1545);
#1016=LINE('',#8404,#1546);
#1017=LINE('',#8412,#1547);
#1018=LINE('',#8414,#1548);
#1019=LINE('',#8415,#1549);
#1020=LINE('',#8418,#1550);
#1021=LINE('',#8420,#1551);
#1022=LINE('',#8421,#1552);
#1023=LINE('',#8423,#1553);
#1024=LINE('',#8424,#1554);
#1025=LINE('',#8444,#1555);
#1026=LINE('',#8451,#1556);
#1027=LINE('',#8469,#1557);
#1028=LINE('',#8492,#1558);
#1029=LINE('',#8515,#1559);
#1030=LINE('',#8538,#1560);
#1031=LINE('',#8561,#1561);
#1032=LINE('',#8584,#1562);
#1033=LINE('',#8607,#1563);
#1034=LINE('',#8614,#1564);
#1035=LINE('',#8615,#1565);
#1036=LINE('',#8634,#1566);
#1037=LINE('',#8641,#1567);
#1038=LINE('',#8659,#1568);
#1039=LINE('',#8682,#1569);
#1040=LINE('',#8690,#1570);
#1041=LINE('',#8692,#1571);
#1042=LINE('',#8693,#1572);
#1043=LINE('',#8711,#1573);
#1044=LINE('',#8734,#1574);
#1045=LINE('',#8757,#1575);
#1046=LINE('',#8780,#1576);
#1047=LINE('',#8803,#1577);
#1048=LINE('',#8826,#1578);
#1049=LINE('',#8849,#1579);
#1050=LINE('',#8872,#1580);
#1051=LINE('',#8895,#1581);
#1052=LINE('',#8918,#1582);
#1053=LINE('',#8926,#1583);
#1054=LINE('',#8928,#1584);
#1055=LINE('',#8929,#1585);
#1056=LINE('',#8947,#1586);
#1057=LINE('',#8970,#1587);
#1058=LINE('',#8978,#1588);
#1059=LINE('',#8980,#1589);
#1060=LINE('',#8981,#1590);
#1061=LINE('',#8999,#1591);
#1062=LINE('',#9022,#1592);
#1063=LINE('',#9045,#1593);
#1064=LINE('',#9068,#1594);
#1065=LINE('',#9091,#1595);
#1066=LINE('',#9099,#1596);
#1067=LINE('',#9101,#1597);
#1068=LINE('',#9102,#1598);
#1069=LINE('',#9127,#1599);
#1070=LINE('',#9129,#1600);
#1071=LINE('',#9131,#1601);
#1072=LINE('',#9132,#1602);
#1073=LINE('',#9135,#1603);
#1074=LINE('',#9137,#1604);
#1075=LINE('',#9138,#1605);
#1076=LINE('',#9141,#1606);
#1077=LINE('',#9143,#1607);
#1078=LINE('',#9144,#1608);
#1079=LINE('',#9147,#1609);
#1080=LINE('',#9149,#1610);
#1081=LINE('',#9150,#1611);
#1082=LINE('',#9153,#1612);
#1083=LINE('',#9155,#1613);
#1084=LINE('',#9156,#1614);
#1085=LINE('',#9159,#1615);
#1086=LINE('',#9161,#1616);
#1087=LINE('',#9162,#1617);
#1088=LINE('',#9165,#1618);
#1089=LINE('',#9167,#1619);
#1090=LINE('',#9168,#1620);
#1091=LINE('',#9171,#1621);
#1092=LINE('',#9173,#1622);
#1093=LINE('',#9174,#1623);
#1094=LINE('',#9177,#1624);
#1095=LINE('',#9179,#1625);
#1096=LINE('',#9180,#1626);
#1097=LINE('',#9183,#1627);
#1098=LINE('',#9185,#1628);
#1099=LINE('',#9186,#1629);
#1100=LINE('',#9189,#1630);
#1101=LINE('',#9191,#1631);
#1102=LINE('',#9192,#1632);
#1103=LINE('',#9195,#1633);
#1104=LINE('',#9197,#1634);
#1105=LINE('',#9198,#1635);
#1106=LINE('',#9200,#1636);
#1107=LINE('',#9201,#1637);
#1108=LINE('',#9221,#1638);
#1109=LINE('',#9228,#1639);
#1110=LINE('',#9246,#1640);
#1111=LINE('',#9269,#1641);
#1112=LINE('',#9292,#1642);
#1113=LINE('',#9315,#1643);
#1114=LINE('',#9338,#1644);
#1115=LINE('',#9361,#1645);
#1116=LINE('',#9405,#1646);
#1117=LINE('',#9412,#1647);
#1118=LINE('',#9430,#1648);
#1119=LINE('',#9453,#1649);
#1120=LINE('',#9476,#1650);
#1121=LINE('',#9499,#1651);
#1122=LINE('',#9522,#1652);
#1123=LINE('',#9545,#1653);
#1124=LINE('',#9568,#1654);
#1125=LINE('',#9591,#1655);
#1126=LINE('',#9621,#1656);
#1127=LINE('',#9623,#1657);
#1128=LINE('',#9625,#1658);
#1129=LINE('',#9626,#1659);
#1130=LINE('',#9629,#1660);
#1131=LINE('',#9631,#1661);
#1132=LINE('',#9632,#1662);
#1133=LINE('',#9635,#1663);
#1134=LINE('',#9637,#1664);
#1135=LINE('',#9638,#1665);
#1136=LINE('',#9641,#1666);
#1137=LINE('',#9643,#1667);
#1138=LINE('',#9644,#1668);
#1139=LINE('',#9647,#1669);
#1140=LINE('',#9649,#1670);
#1141=LINE('',#9650,#1671);
#1142=LINE('',#9653,#1672);
#1143=LINE('',#9655,#1673);
#1144=LINE('',#9656,#1674);
#1145=LINE('',#9659,#1675);
#1146=LINE('',#9661,#1676);
#1147=LINE('',#9662,#1677);
#1148=LINE('',#9665,#1678);
#1149=LINE('',#9667,#1679);
#1150=LINE('',#9668,#1680);
#1151=LINE('',#9671,#1681);
#1152=LINE('',#9673,#1682);
#1153=LINE('',#9674,#1683);
#1154=LINE('',#9676,#1684);
#1155=LINE('',#9677,#1685);
#1156=LINE('',#9684,#1686);
#1157=LINE('',#9688,#1687);
#1158=LINE('',#9692,#1688);
#1159=LINE('',#9695,#1689);
#1160=LINE('',#9712,#1690);
#1161=LINE('',#9713,#1691);
#1162=LINE('',#9716,#1692);
#1163=LINE('',#9720,#1693);
#1164=LINE('',#9724,#1694);
#1165=LINE('',#9728,#1695);
#1166=LINE('',#9730,#1696);
#1167=LINE('',#9732,#1697);
#1168=LINE('',#9734,#1698);
#1169=LINE('',#9736,#1699);
#1170=LINE('',#9738,#1700);
#1171=LINE('',#9740,#1701);
#1172=LINE('',#9742,#1702);
#1173=LINE('',#9743,#1703);
#1174=LINE('',#9753,#1704);
#1175=LINE('',#9755,#1705);
#1176=LINE('',#9757,#1706);
#1177=LINE('',#9758,#1707);
#1178=LINE('',#9760,#1708);
#1179=LINE('',#9762,#1709);
#1180=LINE('',#9765,#1710);
#1181=LINE('',#9767,#1711);
#1182=LINE('',#9768,#1712);
#1183=LINE('',#9771,#1713);
#1184=LINE('',#9773,#1714);
#1185=LINE('',#9774,#1715);
#1186=LINE('',#9776,#1716);
#1187=LINE('',#9777,#1717);
#1188=LINE('',#9780,#1718);
#1189=LINE('',#9782,#1719);
#1190=LINE('',#9783,#1720);
#1191=LINE('',#9786,#1721);
#1192=LINE('',#9787,#1722);
#1193=LINE('',#9789,#1723);
#1194=LINE('',#9791,#1724);
#1195=LINE('',#9793,#1725);
#1196=LINE('',#9796,#1726);
#1197=LINE('',#9797,#1727);
#1198=LINE('',#9799,#1728);
#1199=LINE('',#9801,#1729);
#1200=LINE('',#9811,#1730);
#1201=LINE('',#9814,#1731);
#1202=LINE('',#9817,#1732);
#1203=LINE('',#9821,#1733);
#1204=LINE('',#9825,#1734);
#1205=LINE('',#9828,#1735);
#1206=LINE('',#9831,#1736);
#1207=LINE('',#9833,#1737);
#1208=LINE('',#9835,#1738);
#1209=LINE('',#9836,#1739);
#1210=LINE('',#9839,#1740);
#1211=LINE('',#9841,#1741);
#1212=LINE('',#9843,#1742);
#1213=LINE('',#9844,#1743);
#1214=LINE('',#9847,#1744);
#1215=LINE('',#9849,#1745);
#1216=LINE('',#9851,#1746);
#1217=LINE('',#9853,#1747);
#1218=LINE('',#9855,#1748);
#1219=LINE('',#9857,#1749);
#1220=LINE('',#9859,#1750);
#1221=LINE('',#9861,#1751);
#1222=LINE('',#9863,#1752);
#1223=LINE('',#9864,#1753);
#1224=LINE('',#9927,#1754);
#1225=LINE('',#9929,#1755);
#1226=LINE('',#9931,#1756);
#1227=LINE('',#9933,#1757);
#1228=LINE('',#9935,#1758);
#1229=LINE('',#9937,#1759);
#1230=LINE('',#9939,#1760);
#1231=LINE('',#9941,#1761);
#1232=LINE('',#9943,#1762);
#1233=LINE('',#9945,#1763);
#1234=LINE('',#9947,#1764);
#1235=LINE('',#9949,#1765);
#1236=LINE('',#9950,#1766);
#1237=LINE('',#9965,#1767);
#1238=LINE('',#9997,#1768);
#1239=LINE('',#10011,#1769);
#1240=LINE('',#10073,#1770);
#1241=LINE('',#10087,#1771);
#1242=LINE('',#10089,#1772);
#1243=LINE('',#10091,#1773);
#1244=LINE('',#10093,#1774);
#1245=LINE('',#10136,#1775);
#1246=LINE('',#10139,#1776);
#1247=LINE('',#10141,#1777);
#1248=LINE('',#10143,#1778);
#1249=LINE('',#10145,#1779);
#1250=LINE('',#10188,#1780);
#1251=LINE('',#10203,#1781);
#1252=LINE('',#10253,#1782);
#1253=LINE('',#10267,#1783);
#1254=LINE('',#10268,#1784);
#1255=LINE('',#10272,#1785);
#1256=LINE('',#10275,#1786);
#1257=LINE('',#10278,#1787);
#1258=LINE('',#10281,#1788);
#1259=LINE('',#10282,#1789);
#1260=LINE('',#10286,#1790);
#1261=LINE('',#10305,#1791);
#1262=LINE('',#10312,#1792);
#1263=LINE('',#10330,#1793);
#1264=LINE('',#10353,#1794);
#1265=LINE('',#10376,#1795);
#1266=LINE('',#10383,#1796);
#1267=LINE('',#10384,#1797);
#1268=LINE('',#10396,#1798);
#1269=LINE('',#10403,#1799);
#1270=LINE('',#10415,#1800);
#1271=LINE('',#10432,#1801);
#1272=LINE('',#10440,#1802);
#1273=LINE('',#10441,#1803);
#1274=LINE('',#10453,#1804);
#1275=LINE('',#10470,#1805);
#1276=LINE('',#10487,#1806);
#1277=LINE('',#10504,#1807);
#1278=LINE('',#10521,#1808);
#1279=LINE('',#10538,#1809);
#1280=LINE('',#10555,#1810);
#1281=LINE('',#10572,#1811);
#1282=LINE('',#10580,#1812);
#1283=LINE('',#10581,#1813);
#1284=LINE('',#10616,#1814);
#1285=LINE('',#10623,#1815);
#1286=LINE('',#10641,#1816);
#1287=LINE('',#10664,#1817);
#1288=LINE('',#10687,#1818);
#1289=LINE('',#10710,#1819);
#1290=LINE('',#10733,#1820);
#1291=LINE('',#10756,#1821);
#1292=LINE('',#10784,#1822);
#1293=LINE('',#10786,#1823);
#1294=LINE('',#10787,#1824);
#1295=LINE('',#10790,#1825);
#1296=LINE('',#10791,#1826);
#1297=LINE('',#10803,#1827);
#1298=LINE('',#10820,#1828);
#1299=LINE('',#10837,#1829);
#1300=LINE('',#10854,#1830);
#1301=LINE('',#10871,#1831);
#1302=LINE('',#10888,#1832);
#1303=LINE('',#10905,#1833);
#1304=LINE('',#10913,#1834);
#1305=LINE('',#10914,#1835);
#1306=LINE('',#10917,#1836);
#1307=LINE('',#10918,#1837);
#1308=LINE('',#10920,#1838);
#1309=LINE('',#10940,#1839);
#1310=LINE('',#10947,#1840);
#1311=LINE('',#10965,#1841);
#1312=LINE('',#10988,#1842);
#1313=LINE('',#11011,#1843);
#1314=LINE('',#11034,#1844);
#1315=LINE('',#11057,#1845);
#1316=LINE('',#11065,#1846);
#1317=LINE('',#11067,#1847);
#1318=LINE('',#11068,#1848);
#1319=LINE('',#11071,#1849);
#1320=LINE('',#11073,#1850);
#1321=LINE('',#11074,#1851);
#1322=LINE('',#11076,#1852);
#1323=LINE('',#11077,#1853);
#1324=LINE('',#11080,#1854);
#1325=LINE('',#11082,#1855);
#1326=LINE('',#11083,#1856);
#1327=LINE('',#11086,#1857);
#1328=LINE('',#11087,#1858);
#1329=LINE('',#11099,#1859);
#1330=LINE('',#11116,#1860);
#1331=LINE('',#11133,#1861);
#1332=LINE('',#11150,#1862);
#1333=LINE('',#11167,#1863);
#1334=LINE('',#11184,#1864);
#1335=LINE('',#11201,#1865);
#1336=LINE('',#11209,#1866);
#1337=LINE('',#11210,#1867);
#1338=LINE('',#11213,#1868);
#1339=LINE('',#11214,#1869);
#1340=LINE('',#11216,#1870);
#1341=LINE('',#11236,#1871);
#1342=LINE('',#11243,#1872);
#1343=LINE('',#11261,#1873);
#1344=LINE('',#11284,#1874);
#1345=LINE('',#11307,#1875);
#1346=LINE('',#11330,#1876);
#1347=LINE('',#11353,#1877);
#1348=LINE('',#11376,#1878);
#1349=LINE('',#11399,#1879);
#1350=LINE('',#11406,#1880);
#1351=LINE('',#11407,#1881);
#1352=LINE('',#11419,#1882);
#1353=LINE('',#11426,#1883);
#1354=LINE('',#11438,#1884);
#1355=LINE('',#11455,#1885);
#1356=LINE('',#11463,#1886);
#1357=LINE('',#11464,#1887);
#1358=LINE('',#11476,#1888);
#1359=LINE('',#11493,#1889);
#1360=LINE('',#11510,#1890);
#1361=LINE('',#11527,#1891);
#1362=LINE('',#11544,#1892);
#1363=LINE('',#11561,#1893);
#1364=LINE('',#11578,#1894);
#1365=LINE('',#11595,#1895);
#1366=LINE('',#11612,#1896);
#1367=LINE('',#11629,#1897);
#1368=LINE('',#11637,#1898);
#1369=LINE('',#11638,#1899);
#1370=LINE('',#11650,#1900);
#1371=LINE('',#11667,#1901);
#1372=LINE('',#11675,#1902);
#1373=LINE('',#11676,#1903);
#1374=LINE('',#11688,#1904);
#1375=LINE('',#11705,#1905);
#1376=LINE('',#11722,#1906);
#1377=LINE('',#11739,#1907);
#1378=LINE('',#11756,#1908);
#1379=LINE('',#11764,#1909);
#1380=LINE('',#11765,#1910);
#1381=LINE('',#11784,#1911);
#1382=LINE('',#11786,#1912);
#1383=LINE('',#11787,#1913);
#1384=LINE('',#11790,#1914);
#1385=LINE('',#11791,#1915);
#1386=LINE('',#11794,#1916);
#1387=LINE('',#11795,#1917);
#1388=LINE('',#11798,#1918);
#1389=LINE('',#11799,#1919);
#1390=LINE('',#11802,#1920);
#1391=LINE('',#11803,#1921);
#1392=LINE('',#11806,#1922);
#1393=LINE('',#11807,#1923);
#1394=LINE('',#11810,#1924);
#1395=LINE('',#11811,#1925);
#1396=LINE('',#11814,#1926);
#1397=LINE('',#11815,#1927);
#1398=LINE('',#11818,#1928);
#1399=LINE('',#11819,#1929);
#1400=LINE('',#11822,#1930);
#1401=LINE('',#11823,#1931);
#1402=LINE('',#11826,#1932);
#1403=LINE('',#11827,#1933);
#1404=LINE('',#11830,#1934);
#1405=LINE('',#11831,#1935);
#1406=LINE('',#11833,#1936);
#1407=LINE('',#11853,#1937);
#1408=LINE('',#11860,#1938);
#1409=LINE('',#11878,#1939);
#1410=LINE('',#11901,#1940);
#1411=LINE('',#11924,#1941);
#1412=LINE('',#11947,#1942);
#1413=LINE('',#11970,#1943);
#1414=LINE('',#11993,#1944);
#1415=LINE('',#12030,#1945);
#1416=LINE('',#12037,#1946);
#1417=LINE('',#12049,#1947);
#1418=LINE('',#12066,#1948);
#1419=LINE('',#12083,#1949);
#1420=LINE('',#12100,#1950);
#1421=LINE('',#12117,#1951);
#1422=LINE('',#12134,#1952);
#1423=LINE('',#12151,#1953);
#1424=LINE('',#12168,#1954);
#1425=LINE('',#12192,#1955);
#1426=LINE('',#12194,#1956);
#1427=LINE('',#12195,#1957);
#1428=LINE('',#12198,#1958);
#1429=LINE('',#12199,#1959);
#1430=LINE('',#12202,#1960);
#1431=LINE('',#12203,#1961);
#1432=LINE('',#12206,#1962);
#1433=LINE('',#12207,#1963);
#1434=LINE('',#12210,#1964);
#1435=LINE('',#12211,#1965);
#1436=LINE('',#12214,#1966);
#1437=LINE('',#12215,#1967);
#1438=LINE('',#12218,#1968);
#1439=LINE('',#12219,#1969);
#1440=LINE('',#12222,#1970);
#1441=LINE('',#12223,#1971);
#1442=LINE('',#12226,#1972);
#1443=LINE('',#12227,#1973);
#1444=LINE('',#12229,#1974);
#1445=LINE('',#12238,#1975);
#1446=LINE('',#12239,#1976);
#1447=LINE('',#12240,#1977);
#1448=LINE('',#12243,#1978);
#1449=LINE('',#12244,#1979);
#1450=LINE('',#12247,#1980);
#1451=LINE('',#12248,#1981);
#1452=LINE('',#12250,#1982);
#1453=LINE('',#12254,#1983);
#1454=LINE('',#12255,#1984);
#1455=LINE('',#12256,#1985);
#1456=LINE('',#12259,#1986);
#1457=LINE('',#12260,#1987);
#1458=LINE('',#12263,#1988);
#1459=LINE('',#12264,#1989);
#1460=LINE('',#12266,#1990);
#1461=LINE('',#12268,#1991);
#1462=LINE('',#12270,#1992);
#1463=VECTOR('',#6432,10.);
#1464=VECTOR('',#6433,10.);
#1465=VECTOR('',#6434,10.);
#1466=VECTOR('',#6435,10.);
#1467=VECTOR('',#6436,10.);
#1468=VECTOR('',#6439,10.);
#1469=VECTOR('',#6440,10.);
#1470=VECTOR('',#6441,10.);
#1471=VECTOR('',#6442,10.);
#1472=VECTOR('',#6443,10.);
#1473=VECTOR('',#6444,10.);
#1474=VECTOR('',#6447,10.);
#1475=VECTOR('',#6448,10.);
#1476=VECTOR('',#6449,10.);
#1477=VECTOR('',#6450,10.);
#1478=VECTOR('',#6451,10.);
#1479=VECTOR('',#6452,10.);
#1480=VECTOR('',#6453,10.);
#1481=VECTOR('',#6454,10.);
#1482=VECTOR('',#6455,10.);
#1483=VECTOR('',#6456,10.);
#1484=VECTOR('',#6457,10.);
#1485=VECTOR('',#6460,10.);
#1486=VECTOR('',#6461,10.);
#1487=VECTOR('',#6462,10.);
#1488=VECTOR('',#6465,10.);
#1489=VECTOR('',#6466,10.);
#1490=VECTOR('',#6467,10.);
#1491=VECTOR('',#6468,10.);
#1492=VECTOR('',#6469,10.);
#1493=VECTOR('',#6470,10.);
#1494=VECTOR('',#6471,10.);
#1495=VECTOR('',#6472,10.);
#1496=VECTOR('',#6475,10.);
#1497=VECTOR('',#6476,10.);
#1498=VECTOR('',#6477,10.);
#1499=VECTOR('',#6478,10.);
#1500=VECTOR('',#6481,10.);
#1501=VECTOR('',#6482,10.);
#1502=VECTOR('',#6483,10.);
#1503=VECTOR('',#6484,10.);
#1504=VECTOR('',#6485,10.);
#1505=VECTOR('',#6486,10.);
#1506=VECTOR('',#6487,10.);
#1507=VECTOR('',#6488,10.);
#1508=VECTOR('',#6489,10.);
#1509=VECTOR('',#6490,10.);
#1510=VECTOR('',#6493,10.);
#1511=VECTOR('',#6494,10.);
#1512=VECTOR('',#6495,10.);
#1513=VECTOR('',#6498,10.);
#1514=VECTOR('',#6499,10.);
#1515=VECTOR('',#6500,10.);
#1516=VECTOR('',#6503,10.);
#1517=VECTOR('',#6504,10.);
#1518=VECTOR('',#6507,10.);
#1519=VECTOR('',#6508,10.);
#1520=VECTOR('',#6509,10.);
#1521=VECTOR('',#6510,10.);
#1522=VECTOR('',#6511,10.);
#1523=VECTOR('',#6512,10.);
#1524=VECTOR('',#6513,10.);
#1525=VECTOR('',#6516,10.);
#1526=VECTOR('',#6517,10.);
#1527=VECTOR('',#6518,10.);
#1528=VECTOR('',#6521,10.);
#1529=VECTOR('',#6522,10.);
#1530=VECTOR('',#6523,10.);
#1531=VECTOR('',#6526,10.);
#1532=VECTOR('',#6527,10.);
#1533=VECTOR('',#6530,10.);
#1534=VECTOR('',#6531,10.);
#1535=VECTOR('',#6532,10.);
#1536=VECTOR('',#6533,10.);
#1537=VECTOR('',#6536,10.);
#1538=VECTOR('',#6537,10.);
#1539=VECTOR('',#6538,10.);
#1540=VECTOR('',#6539,10.);
#1541=VECTOR('',#6540,10.);
#1542=VECTOR('',#6541,10.);
#1543=VECTOR('',#6542,10.);
#1544=VECTOR('',#6543,10.);
#1545=VECTOR('',#6544,10.);
#1546=VECTOR('',#6545,10.);
#1547=VECTOR('',#6548,10.);
#1548=VECTOR('',#6549,10.);
#1549=VECTOR('',#6550,10.);
#1550=VECTOR('',#6553,10.);
#1551=VECTOR('',#6554,10.);
#1552=VECTOR('',#6555,10.);
#1553=VECTOR('',#6558,10.);
#1554=VECTOR('',#6559,10.);
#1555=VECTOR('',#6562,10.);
#1556=VECTOR('',#6563,10.);
#1557=VECTOR('',#6564,10.);
#1558=VECTOR('',#6565,10.);
#1559=VECTOR('',#6566,10.);
#1560=VECTOR('',#6567,10.);
#1561=VECTOR('',#6568,10.);
#1562=VECTOR('',#6569,10.);
#1563=VECTOR('',#6570,10.);
#1564=VECTOR('',#6573,10.);
#1565=VECTOR('',#6574,10.);
#1566=VECTOR('',#6575,10.);
#1567=VECTOR('',#6576,10.);
#1568=VECTOR('',#6577,10.);
#1569=VECTOR('',#6578,10.);
#1570=VECTOR('',#6581,10.);
#1571=VECTOR('',#6582,10.);
#1572=VECTOR('',#6583,10.);
#1573=VECTOR('',#6584,10.);
#1574=VECTOR('',#6585,10.);
#1575=VECTOR('',#6586,10.);
#1576=VECTOR('',#6587,10.);
#1577=VECTOR('',#6588,10.);
#1578=VECTOR('',#6589,10.);
#1579=VECTOR('',#6590,10.);
#1580=VECTOR('',#6591,10.);
#1581=VECTOR('',#6592,10.);
#1582=VECTOR('',#6593,10.);
#1583=VECTOR('',#6596,10.);
#1584=VECTOR('',#6597,10.);
#1585=VECTOR('',#6598,10.);
#1586=VECTOR('',#6599,10.);
#1587=VECTOR('',#6600,10.);
#1588=VECTOR('',#6603,10.);
#1589=VECTOR('',#6604,10.);
#1590=VECTOR('',#6605,10.);
#1591=VECTOR('',#6606,10.);
#1592=VECTOR('',#6607,10.);
#1593=VECTOR('',#6608,10.);
#1594=VECTOR('',#6609,10.);
#1595=VECTOR('',#6610,10.);
#1596=VECTOR('',#6613,10.);
#1597=VECTOR('',#6614,10.);
#1598=VECTOR('',#6615,10.);
#1599=VECTOR('',#6620,10.);
#1600=VECTOR('',#6621,10.);
#1601=VECTOR('',#6622,10.);
#1602=VECTOR('',#6623,10.);
#1603=VECTOR('',#6626,10.);
#1604=VECTOR('',#6627,10.);
#1605=VECTOR('',#6628,10.);
#1606=VECTOR('',#6631,10.);
#1607=VECTOR('',#6632,10.);
#1608=VECTOR('',#6633,10.);
#1609=VECTOR('',#6636,10.);
#1610=VECTOR('',#6637,10.);
#1611=VECTOR('',#6638,10.);
#1612=VECTOR('',#6641,10.);
#1613=VECTOR('',#6642,10.);
#1614=VECTOR('',#6643,10.);
#1615=VECTOR('',#6646,10.);
#1616=VECTOR('',#6647,10.);
#1617=VECTOR('',#6648,10.);
#1618=VECTOR('',#6651,10.);
#1619=VECTOR('',#6652,10.);
#1620=VECTOR('',#6653,10.);
#1621=VECTOR('',#6656,10.);
#1622=VECTOR('',#6657,10.);
#1623=VECTOR('',#6658,10.);
#1624=VECTOR('',#6661,10.);
#1625=VECTOR('',#6662,10.);
#1626=VECTOR('',#6663,10.);
#1627=VECTOR('',#6666,10.);
#1628=VECTOR('',#6667,10.);
#1629=VECTOR('',#6668,10.);
#1630=VECTOR('',#6671,10.);
#1631=VECTOR('',#6672,10.);
#1632=VECTOR('',#6673,10.);
#1633=VECTOR('',#6676,10.);
#1634=VECTOR('',#6677,10.);
#1635=VECTOR('',#6678,10.);
#1636=VECTOR('',#6681,10.);
#1637=VECTOR('',#6682,10.);
#1638=VECTOR('',#6685,10.);
#1639=VECTOR('',#6686,10.);
#1640=VECTOR('',#6687,10.);
#1641=VECTOR('',#6688,10.);
#1642=VECTOR('',#6689,10.);
#1643=VECTOR('',#6690,10.);
#1644=VECTOR('',#6691,10.);
#1645=VECTOR('',#6692,10.);
#1646=VECTOR('',#6693,10.);
#1647=VECTOR('',#6694,10.);
#1648=VECTOR('',#6695,10.);
#1649=VECTOR('',#6696,10.);
#1650=VECTOR('',#6697,10.);
#1651=VECTOR('',#6698,10.);
#1652=VECTOR('',#6699,10.);
#1653=VECTOR('',#6700,10.);
#1654=VECTOR('',#6701,10.);
#1655=VECTOR('',#6702,10.);
#1656=VECTOR('',#6707,10.);
#1657=VECTOR('',#6708,10.);
#1658=VECTOR('',#6709,10.);
#1659=VECTOR('',#6710,10.);
#1660=VECTOR('',#6713,10.);
#1661=VECTOR('',#6714,10.);
#1662=VECTOR('',#6715,10.);
#1663=VECTOR('',#6718,10.);
#1664=VECTOR('',#6719,10.);
#1665=VECTOR('',#6720,10.);
#1666=VECTOR('',#6723,10.);
#1667=VECTOR('',#6724,10.);
#1668=VECTOR('',#6725,10.);
#1669=VECTOR('',#6728,10.);
#1670=VECTOR('',#6729,10.);
#1671=VECTOR('',#6730,10.);
#1672=VECTOR('',#6733,10.);
#1673=VECTOR('',#6734,10.);
#1674=VECTOR('',#6735,10.);
#1675=VECTOR('',#6738,10.);
#1676=VECTOR('',#6739,10.);
#1677=VECTOR('',#6740,10.);
#1678=VECTOR('',#6743,10.);
#1679=VECTOR('',#6744,10.);
#1680=VECTOR('',#6745,10.);
#1681=VECTOR('',#6748,10.);
#1682=VECTOR('',#6749,10.);
#1683=VECTOR('',#6750,10.);
#1684=VECTOR('',#6753,10.);
#1685=VECTOR('',#6754,10.);
#1686=VECTOR('',#6761,10.);
#1687=VECTOR('',#6764,10.);
#1688=VECTOR('',#6767,10.);
#1689=VECTOR('',#6770,10.);
#1690=VECTOR('',#6791,10.);
#1691=VECTOR('',#6792,10.);
#1692=VECTOR('',#6795,10.);
#1693=VECTOR('',#6798,10.);
#1694=VECTOR('',#6801,10.);
#1695=VECTOR('',#6804,10.);
#1696=VECTOR('',#6805,10.);
#1697=VECTOR('',#6806,10.);
#1698=VECTOR('',#6807,10.);
#1699=VECTOR('',#6808,10.);
#1700=VECTOR('',#6809,10.);
#1701=VECTOR('',#6810,10.);
#1702=VECTOR('',#6811,10.);
#1703=VECTOR('',#6812,10.);
#1704=VECTOR('',#6823,10.);
#1705=VECTOR('',#6826,10.);
#1706=VECTOR('',#6829,10.);
#1707=VECTOR('',#6830,10.);
#1708=VECTOR('',#6833,10.);
#1709=VECTOR('',#6836,10.);
#1710=VECTOR('',#6839,10.);
#1711=VECTOR('',#6840,10.);
#1712=VECTOR('',#6841,10.);
#1713=VECTOR('',#6844,10.);
#1714=VECTOR('',#6845,10.);
#1715=VECTOR('',#6846,10.);
#1716=VECTOR('',#6849,10.);
#1717=VECTOR('',#6850,10.);
#1718=VECTOR('',#6853,10.);
#1719=VECTOR('',#6854,10.);
#1720=VECTOR('',#6855,10.);
#1721=VECTOR('',#6858,10.);
#1722=VECTOR('',#6859,10.);
#1723=VECTOR('',#6862,1.45);
#1724=VECTOR('',#6865,1.45);
#1725=VECTOR('',#6868,1.45);
#1726=VECTOR('',#6871,10.);
#1727=VECTOR('',#6872,10.);
#1728=VECTOR('',#6875,10.);
#1729=VECTOR('',#6878,1.45);
#1730=VECTOR('',#6891,10.);
#1731=VECTOR('',#6894,10.);
#1732=VECTOR('',#6897,10.);
#1733=VECTOR('',#6900,10.);
#1734=VECTOR('',#6903,10.);
#1735=VECTOR('',#6906,10.);
#1736=VECTOR('',#6907,10.);
#1737=VECTOR('',#6908,10.);
#1738=VECTOR('',#6909,10.);
#1739=VECTOR('',#6910,10.);
#1740=VECTOR('',#6911,10.);
#1741=VECTOR('',#6912,10.);
#1742=VECTOR('',#6913,10.);
#1743=VECTOR('',#6914,10.);
#1744=VECTOR('',#6915,10.);
#1745=VECTOR('',#6916,10.);
#1746=VECTOR('',#6917,10.);
#1747=VECTOR('',#6918,10.);
#1748=VECTOR('',#6919,10.);
#1749=VECTOR('',#6920,10.);
#1750=VECTOR('',#6921,10.);
#1751=VECTOR('',#6922,10.);
#1752=VECTOR('',#6923,10.);
#1753=VECTOR('',#6924,10.);
#1754=VECTOR('',#6925,10.);
#1755=VECTOR('',#6926,10.);
#1756=VECTOR('',#6927,10.);
#1757=VECTOR('',#6928,10.);
#1758=VECTOR('',#6929,10.);
#1759=VECTOR('',#6930,10.);
#1760=VECTOR('',#6931,10.);
#1761=VECTOR('',#6932,10.);
#1762=VECTOR('',#6933,10.);
#1763=VECTOR('',#6934,10.);
#1764=VECTOR('',#6935,10.);
#1765=VECTOR('',#6936,10.);
#1766=VECTOR('',#6937,10.);
#1767=VECTOR('',#6938,10.);
#1768=VECTOR('',#6939,10.);
#1769=VECTOR('',#6940,10.);
#1770=VECTOR('',#6941,10.);
#1771=VECTOR('',#6942,10.);
#1772=VECTOR('',#6943,10.);
#1773=VECTOR('',#6944,10.);
#1774=VECTOR('',#6945,10.);
#1775=VECTOR('',#6946,10.);
#1776=VECTOR('',#6947,10.);
#1777=VECTOR('',#6948,10.);
#1778=VECTOR('',#6949,10.);
#1779=VECTOR('',#6950,10.);
#1780=VECTOR('',#6951,10.);
#1781=VECTOR('',#6952,10.);
#1782=VECTOR('',#6953,10.);
#1783=VECTOR('',#6956,10.);
#1784=VECTOR('',#6957,10.);
#1785=VECTOR('',#6962,10.);
#1786=VECTOR('',#6965,10.);
#1787=VECTOR('',#6968,10.);
#1788=VECTOR('',#6971,10.);
#1789=VECTOR('',#6972,10.);
#1790=VECTOR('',#6977,10.);
#1791=VECTOR('',#6978,10.);
#1792=VECTOR('',#6979,10.);
#1793=VECTOR('',#6980,10.);
#1794=VECTOR('',#6981,10.);
#1795=VECTOR('',#6982,10.);
#1796=VECTOR('',#6985,10.);
#1797=VECTOR('',#6986,10.);
#1798=VECTOR('',#6987,10.);
#1799=VECTOR('',#6988,10.);
#1800=VECTOR('',#6989,10.);
#1801=VECTOR('',#6990,10.);
#1802=VECTOR('',#6993,10.);
#1803=VECTOR('',#6994,10.);
#1804=VECTOR('',#6995,10.);
#1805=VECTOR('',#6996,10.);
#1806=VECTOR('',#6997,10.);
#1807=VECTOR('',#6998,10.);
#1808=VECTOR('',#6999,10.);
#1809=VECTOR('',#7000,10.);
#1810=VECTOR('',#7001,10.);
#1811=VECTOR('',#7002,10.);
#1812=VECTOR('',#7005,10.);
#1813=VECTOR('',#7006,10.);
#1814=VECTOR('',#7009,10.);
#1815=VECTOR('',#7010,10.);
#1816=VECTOR('',#7011,10.);
#1817=VECTOR('',#7012,10.);
#1818=VECTOR('',#7013,10.);
#1819=VECTOR('',#7014,10.);
#1820=VECTOR('',#7015,10.);
#1821=VECTOR('',#7016,10.);
#1822=VECTOR('',#7019,10.);
#1823=VECTOR('',#7020,10.);
#1824=VECTOR('',#7021,10.);
#1825=VECTOR('',#7024,10.);
#1826=VECTOR('',#7025,10.);
#1827=VECTOR('',#7026,10.);
#1828=VECTOR('',#7027,10.);
#1829=VECTOR('',#7028,10.);
#1830=VECTOR('',#7029,10.);
#1831=VECTOR('',#7030,10.);
#1832=VECTOR('',#7031,10.);
#1833=VECTOR('',#7032,10.);
#1834=VECTOR('',#7035,10.);
#1835=VECTOR('',#7036,10.);
#1836=VECTOR('',#7039,10.);
#1837=VECTOR('',#7040,10.);
#1838=VECTOR('',#7043,10.);
#1839=VECTOR('',#7046,10.);
#1840=VECTOR('',#7047,10.);
#1841=VECTOR('',#7048,10.);
#1842=VECTOR('',#7049,10.);
#1843=VECTOR('',#7050,10.);
#1844=VECTOR('',#7051,10.);
#1845=VECTOR('',#7052,10.);
#1846=VECTOR('',#7055,10.);
#1847=VECTOR('',#7056,10.);
#1848=VECTOR('',#7057,10.);
#1849=VECTOR('',#7060,10.);
#1850=VECTOR('',#7061,10.);
#1851=VECTOR('',#7062,10.);
#1852=VECTOR('',#7065,10.);
#1853=VECTOR('',#7066,10.);
#1854=VECTOR('',#7069,10.);
#1855=VECTOR('',#7070,10.);
#1856=VECTOR('',#7071,10.);
#1857=VECTOR('',#7074,10.);
#1858=VECTOR('',#7075,10.);
#1859=VECTOR('',#7076,10.);
#1860=VECTOR('',#7077,10.);
#1861=VECTOR('',#7078,10.);
#1862=VECTOR('',#7079,10.);
#1863=VECTOR('',#7080,10.);
#1864=VECTOR('',#7081,10.);
#1865=VECTOR('',#7082,10.);
#1866=VECTOR('',#7085,10.);
#1867=VECTOR('',#7086,10.);
#1868=VECTOR('',#7089,10.);
#1869=VECTOR('',#7090,10.);
#1870=VECTOR('',#7093,10.);
#1871=VECTOR('',#7096,10.);
#1872=VECTOR('',#7097,10.);
#1873=VECTOR('',#7098,10.);
#1874=VECTOR('',#7099,10.);
#1875=VECTOR('',#7100,10.);
#1876=VECTOR('',#7101,10.);
#1877=VECTOR('',#7102,10.);
#1878=VECTOR('',#7103,10.);
#1879=VECTOR('',#7104,10.);
#1880=VECTOR('',#7107,10.);
#1881=VECTOR('',#7108,10.);
#1882=VECTOR('',#7109,10.);
#1883=VECTOR('',#7110,10.);
#1884=VECTOR('',#7111,10.);
#1885=VECTOR('',#7112,10.);
#1886=VECTOR('',#7115,10.);
#1887=VECTOR('',#7116,10.);
#1888=VECTOR('',#7117,10.);
#1889=VECTOR('',#7118,10.);
#1890=VECTOR('',#7119,10.);
#1891=VECTOR('',#7120,10.);
#1892=VECTOR('',#7121,10.);
#1893=VECTOR('',#7122,10.);
#1894=VECTOR('',#7123,10.);
#1895=VECTOR('',#7124,10.);
#1896=VECTOR('',#7125,10.);
#1897=VECTOR('',#7126,10.);
#1898=VECTOR('',#7129,10.);
#1899=VECTOR('',#7130,10.);
#1900=VECTOR('',#7131,10.);
#1901=VECTOR('',#7132,10.);
#1902=VECTOR('',#7135,10.);
#1903=VECTOR('',#7136,10.);
#1904=VECTOR('',#7137,10.);
#1905=VECTOR('',#7138,10.);
#1906=VECTOR('',#7139,10.);
#1907=VECTOR('',#7140,10.);
#1908=VECTOR('',#7141,10.);
#1909=VECTOR('',#7144,10.);
#1910=VECTOR('',#7145,10.);
#1911=VECTOR('',#7150,10.);
#1912=VECTOR('',#7151,10.);
#1913=VECTOR('',#7152,10.);
#1914=VECTOR('',#7155,10.);
#1915=VECTOR('',#7156,10.);
#1916=VECTOR('',#7159,10.);
#1917=VECTOR('',#7160,10.);
#1918=VECTOR('',#7163,10.);
#1919=VECTOR('',#7164,10.);
#1920=VECTOR('',#7167,10.);
#1921=VECTOR('',#7168,10.);
#1922=VECTOR('',#7171,10.);
#1923=VECTOR('',#7172,10.);
#1924=VECTOR('',#7175,10.);
#1925=VECTOR('',#7176,10.);
#1926=VECTOR('',#7179,10.);
#1927=VECTOR('',#7180,10.);
#1928=VECTOR('',#7183,10.);
#1929=VECTOR('',#7184,10.);
#1930=VECTOR('',#7187,10.);
#1931=VECTOR('',#7188,10.);
#1932=VECTOR('',#7191,10.);
#1933=VECTOR('',#7192,10.);
#1934=VECTOR('',#7195,10.);
#1935=VECTOR('',#7196,10.);
#1936=VECTOR('',#7199,10.);
#1937=VECTOR('',#7202,10.);
#1938=VECTOR('',#7203,10.);
#1939=VECTOR('',#7204,10.);
#1940=VECTOR('',#7205,10.);
#1941=VECTOR('',#7206,10.);
#1942=VECTOR('',#7207,10.);
#1943=VECTOR('',#7208,10.);
#1944=VECTOR('',#7209,10.);
#1945=VECTOR('',#7210,10.);
#1946=VECTOR('',#7211,10.);
#1947=VECTOR('',#7212,10.);
#1948=VECTOR('',#7213,10.);
#1949=VECTOR('',#7214,10.);
#1950=VECTOR('',#7215,10.);
#1951=VECTOR('',#7216,10.);
#1952=VECTOR('',#7217,10.);
#1953=VECTOR('',#7218,10.);
#1954=VECTOR('',#7219,10.);
#1955=VECTOR('',#7224,10.);
#1956=VECTOR('',#7225,10.);
#1957=VECTOR('',#7226,10.);
#1958=VECTOR('',#7229,10.);
#1959=VECTOR('',#7230,10.);
#1960=VECTOR('',#7233,10.);
#1961=VECTOR('',#7234,10.);
#1962=VECTOR('',#7237,10.);
#1963=VECTOR('',#7238,10.);
#1964=VECTOR('',#7241,10.);
#1965=VECTOR('',#7242,10.);
#1966=VECTOR('',#7245,10.);
#1967=VECTOR('',#7246,10.);
#1968=VECTOR('',#7249,10.);
#1969=VECTOR('',#7250,10.);
#1970=VECTOR('',#7253,10.);
#1971=VECTOR('',#7254,10.);
#1972=VECTOR('',#7257,10.);
#1973=VECTOR('',#7258,10.);
#1974=VECTOR('',#7261,10.);
#1975=VECTOR('',#7274,10.);
#1976=VECTOR('',#7275,10.);
#1977=VECTOR('',#7276,10.);
#1978=VECTOR('',#7279,10.);
#1979=VECTOR('',#7280,10.);
#1980=VECTOR('',#7283,10.);
#1981=VECTOR('',#7284,10.);
#1982=VECTOR('',#7287,10.);
#1983=VECTOR('',#7290,10.);
#1984=VECTOR('',#7291,10.);
#1985=VECTOR('',#7292,10.);
#1986=VECTOR('',#7295,10.);
#1987=VECTOR('',#7296,10.);
#1988=VECTOR('',#7299,10.);
#1989=VECTOR('',#7300,10.);
#1990=VECTOR('',#7303,10.);
#1991=VECTOR('',#7306,10.);
#1992=VECTOR('',#7309,10.);
#1993=B_SPLINE_CURVE_WITH_KNOTS('',3,(#7327,#7328,#7329,#7330,#7331),
 .UNSPECIFIED.,.F.,.F.,(4,1,4),(0.,0.0928998047154575,0.199292390731346),
 .UNSPECIFIED.);
#1994=B_SPLINE_CURVE_WITH_KNOTS('',3,(#7335,#7336,#7337,#7338,#7339),
 .UNSPECIFIED.,.F.,.F.,(4,1,4),(0.,0.0928998047154575,0.199292390731346),
 .UNSPECIFIED.);
#1995=B_SPLINE_CURVE_WITH_KNOTS('',3,(#7352,#7353,#7354,#7355,#7356),
 .UNSPECIFIED.,.F.,.F.,(4,1,4),(0.,0.0876403193504364,0.174153346027566),
 .UNSPECIFIED.);
#1996=B_SPLINE_CURVE_WITH_KNOTS('',3,(#7359,#7360,#7361,#7362,#7363),
 .UNSPECIFIED.,.F.,.F.,(4,1,4),(0.,0.0876403193504364,0.174153346027566),
 .UNSPECIFIED.);
#1997=B_SPLINE_CURVE_WITH_KNOTS('',3,(#7375,#7376,#7377,#7378,#7379),
 .UNSPECIFIED.,.F.,.F.,(4,1,4),(0.,0.0836917162893257,0.166641406450988),
 .UNSPECIFIED.);
#1998=B_SPLINE_CURVE_WITH_KNOTS('',3,(#7382,#7383,#7384,#7385,#7386),
 .UNSPECIFIED.,.F.,.F.,(4,1,4),(0.,0.0836917162893257,0.166641406450988),
 .UNSPECIFIED.);
#1999=B_SPLINE_CURVE_WITH_KNOTS('',3,(#7398,#7399,#7400,#7401,#7402),
 .UNSPECIFIED.,.F.,.F.,(4,1,4),(0.,0.111273985101588,0.203908651107522),
 .UNSPECIFIED.);
#2000=B_SPLINE_CURVE_WITH_KNOTS('',3,(#7405,#7406,#7407,#7408,#7409),
 .UNSPECIFIED.,.F.,.F.,(4,1,4),(0.,0.111273985101588,0.203908651107522),
 .UNSPECIFIED.);
#2001=B_SPLINE_CURVE_WITH_KNOTS('',3,(#7425,#7426,#7427,#7428,#7429),
 .UNSPECIFIED.,.F.,.F.,(4,1,4),(0.,0.0628373015087875,0.121204696683214),
 .UNSPECIFIED.);
#2002=B_SPLINE_CURVE_WITH_KNOTS('',3,(#7433,#7434,#7435,#7436,#7437),
 .UNSPECIFIED.,.F.,.F.,(4,1,4),(0.,0.0628373015087875,0.121204696683214),
 .UNSPECIFIED.);
#2003=B_SPLINE_CURVE_WITH_KNOTS('',3,(#7450,#7451,#7452,#7453,#7454),
 .UNSPECIFIED.,.F.,.F.,(4,1,4),(0.,0.0917800200235803,0.184563229280611),
 .UNSPECIFIED.);
#2004=B_SPLINE_CURVE_WITH_KNOTS('',3,(#7457,#7458,#7459,#7460,#7461),
 .UNSPECIFIED.,.F.,.F.,(4,1,4),(0.,0.0917800200235803,0.184563229280611),
 .UNSPECIFIED.);
#2005=B_SPLINE_CURVE_WITH_KNOTS('',3,(#7473,#7474,#7475,#7476,#7477),
 .UNSPECIFIED.,.F.,.F.,(4,1,4),(0.,0.115267171115685,0.214477933316895),
 .UNSPECIFIED.);
#2006=B_SPLINE_CURVE_WITH_KNOTS('',3,(#7480,#7481,#7482,#7483,#7484),
 .UNSPECIFIED.,.F.,.F.,(4,1,4),(0.,0.115267171115685,0.214477933316895),
 .UNSPECIFIED.);
#2007=B_SPLINE_CURVE_WITH_KNOTS('',3,(#7502,#7503,#7504,#7505,#7506),
 .UNSPECIFIED.,.F.,.F.,(4,1,4),(0.,0.22765758337725,0.51716308427362),
 .UNSPECIFIED.);
#2008=B_SPLINE_CURVE_WITH_KNOTS('',3,(#7509,#7510,#7511,#7512,#7513),
 .UNSPECIFIED.,.F.,.F.,(4,1,4),(0.,0.22765758337725,0.51716308427362),
 .UNSPECIFIED.);
#2009=B_SPLINE_CURVE_WITH_KNOTS('',3,(#7525,#7526,#7527,#7528,#7529),
 .UNSPECIFIED.,.F.,.F.,(4,1,4),(0.,0.220579953247701,0.425271866306106),
 .UNSPECIFIED.);
#2010=B_SPLINE_CURVE_WITH_KNOTS('',3,(#7532,#7533,#7534,#7535,#7536),
 .UNSPECIFIED.,.F.,.F.,(4,1,4),(0.,0.220579953247701,0.425271866306106),
 .UNSPECIFIED.);
#2011=B_SPLINE_CURVE_WITH_KNOTS('',3,(#7548,#7549,#7550,#7551,#7552),
 .UNSPECIFIED.,.F.,.F.,(4,1,4),(0.,0.196777970818347,0.397671733986434),
 .UNSPECIFIED.);
#2012=B_SPLINE_CURVE_WITH_KNOTS('',3,(#7555,#7556,#7557,#7558,#7559),
 .UNSPECIFIED.,.F.,.F.,(4,1,4),(0.,0.196777970818347,0.397671733986434),
 .UNSPECIFIED.);
#2013=B_SPLINE_CURVE_WITH_KNOTS('',3,(#7571,#7572,#7573,#7574,#7575),
 .UNSPECIFIED.,.F.,.F.,(4,1,4),(0.,0.243407300702257,0.454196780553688),
 .UNSPECIFIED.);
#2014=B_SPLINE_CURVE_WITH_KNOTS('',3,(#7578,#7579,#7580,#7581,#7582),
 .UNSPECIFIED.,.F.,.F.,(4,1,4),(0.,0.243407300702257,0.454196780553688),
 .UNSPECIFIED.);
#2015=B_SPLINE_CURVE_WITH_KNOTS('',3,(#7594,#7595,#7596,#7597,#7598),
 .UNSPECIFIED.,.F.,.F.,(4,1,4),(0.,0.186146669982108,0.394569349979085),
 .UNSPECIFIED.);
#2016=B_SPLINE_CURVE_WITH_KNOTS('',3,(#7601,#7602,#7603,#7604,#7605),
 .UNSPECIFIED.,.F.,.F.,(4,1,4),(0.,0.186146669982108,0.394569349979085),
 .UNSPECIFIED.);
#2017=B_SPLINE_CURVE_WITH_KNOTS('',3,(#7617,#7618,#7619,#7620,#7621),
 .UNSPECIFIED.,.F.,.F.,(4,1,4),(0.,0.250898263903003,0.472695254814715),
 .UNSPECIFIED.);
#2018=B_SPLINE_CURVE_WITH_KNOTS('',3,(#7624,#7625,#7626,#7627,#7628),
 .UNSPECIFIED.,.F.,.F.,(4,1,4),(0.,0.250898263903003,0.472695254814715),
 .UNSPECIFIED.);
#2019=B_SPLINE_CURVE_WITH_KNOTS('',3,(#7640,#7641,#7642,#7643,#7644),
 .UNSPECIFIED.,.F.,.F.,(4,1,4),(0.,0.147704905626737,0.313086423946976),
 .UNSPECIFIED.);
#2020=B_SPLINE_CURVE_WITH_KNOTS('',3,(#7647,#7648,#7649,#7650,#7651),
 .UNSPECIFIED.,.F.,.F.,(4,1,4),(0.,0.147704905626737,0.313086423946976),
 .UNSPECIFIED.);
#2021=B_SPLINE_CURVE_WITH_KNOTS('',3,(#7663,#7664,#7665,#7666,#7667),
 .UNSPECIFIED.,.F.,.F.,(4,1,4),(0.,0.155988259587503,0.300515866686911),
 .UNSPECIFIED.);
#2022=B_SPLINE_CURVE_WITH_KNOTS('',3,(#7670,#7671,#7672,#7673,#7674),
 .UNSPECIFIED.,.F.,.F.,(4,1,4),(0.,0.155988259587503,0.300515866686911),
 .UNSPECIFIED.);
#2023=B_SPLINE_CURVE_WITH_KNOTS('',3,(#7691,#7692,#7693,#7694,#7695),
 .UNSPECIFIED.,.F.,.F.,(4,1,4),(0.,0.0628180639299299,0.139203715689618),
 .UNSPECIFIED.);
#2024=B_SPLINE_CURVE_WITH_KNOTS('',3,(#7696,#7697,#7698,#7699,#7700),
 .UNSPECIFIED.,.F.,.F.,(4,1,4),(0.,0.0628180639299299,0.139203715689618),
 .UNSPECIFIED.);
#2025=B_SPLINE_CURVE_WITH_KNOTS('',3,(#7714,#7715,#7716,#7717,#7718),
 .UNSPECIFIED.,.F.,.F.,(4,1,4),(0.,0.0961800484908584,0.19471686078661),
 .UNSPECIFIED.);
#2026=B_SPLINE_CURVE_WITH_KNOTS('',3,(#7722,#7723,#7724,#7725,#7726),
 .UNSPECIFIED.,.F.,.F.,(4,1,4),(0.,0.0961800484908584,0.19471686078661),
 .UNSPECIFIED.);
#2027=B_SPLINE_CURVE_WITH_KNOTS('',3,(#7739,#7740,#7741,#7742,#7743),
 .UNSPECIFIED.,.F.,.F.,(4,1,4),(0.,0.0987137155025268,0.196823377475338),
 .UNSPECIFIED.);
#2028=B_SPLINE_CURVE_WITH_KNOTS('',3,(#7746,#7747,#7748,#7749,#7750),
 .UNSPECIFIED.,.F.,.F.,(4,1,4),(0.,0.0987137155025268,0.196823377475338),
 .UNSPECIFIED.);
#2029=B_SPLINE_CURVE_WITH_KNOTS('',3,(#7762,#7763,#7764,#7765,#7766),
 .UNSPECIFIED.,.F.,.F.,(4,1,4),(0.,0.16190756516909,0.281725246398825),
 .UNSPECIFIED.);
#2030=B_SPLINE_CURVE_WITH_KNOTS('',3,(#7769,#7770,#7771,#7772,#7773),
 .UNSPECIFIED.,.F.,.F.,(4,1,4),(0.,0.16190756516909,0.281725246398825),
 .UNSPECIFIED.);
#2031=B_SPLINE_CURVE_WITH_KNOTS('',3,(#7785,#7786,#7787,#7788,#7789),
 .UNSPECIFIED.,.F.,.F.,(4,1,4),(0.,0.117485756313344,0.265467600934866),
 .UNSPECIFIED.);
#2032=B_SPLINE_CURVE_WITH_KNOTS('',3,(#7792,#7793,#7794,#7795,#7796),
 .UNSPECIFIED.,.F.,.F.,(4,1,4),(0.,0.117485756313344,0.265467600934866),
 .UNSPECIFIED.);
#2033=B_SPLINE_CURVE_WITH_KNOTS('',3,(#7808,#7809,#7810,#7811,#7812),
 .UNSPECIFIED.,.F.,.F.,(4,1,4),(0.,0.0942248553522985,0.193906876284101),
 .UNSPECIFIED.);
#2034=B_SPLINE_CURVE_WITH_KNOTS('',3,(#7815,#7816,#7817,#7818,#7819),
 .UNSPECIFIED.,.F.,.F.,(4,1,4),(0.,0.0942248553522985,0.193906876284101),
 .UNSPECIFIED.);
#2035=B_SPLINE_CURVE_WITH_KNOTS('',3,(#7831,#7832,#7833,#7834,#7835),
 .UNSPECIFIED.,.F.,.F.,(4,1,4),(0.,0.118657301089979,0.233183930934486),
 .UNSPECIFIED.);
#2036=B_SPLINE_CURVE_WITH_KNOTS('',3,(#7838,#7839,#7840,#7841,#7842),
 .UNSPECIFIED.,.F.,.F.,(4,1,4),(0.,0.118657301089979,0.233183930934486),
 .UNSPECIFIED.);
#2037=B_SPLINE_CURVE_WITH_KNOTS('',3,(#7854,#7855,#7856,#7857,#7858),
 .UNSPECIFIED.,.F.,.F.,(4,1,4),(0.,0.150378971144946,0.258386449558307),
 .UNSPECIFIED.);
#2038=B_SPLINE_CURVE_WITH_KNOTS('',3,(#7861,#7862,#7863,#7864,#7865),
 .UNSPECIFIED.,.F.,.F.,(4,1,4),(0.,0.150378971144946,0.258386449558307),
 .UNSPECIFIED.);
#2039=B_SPLINE_CURVE_WITH_KNOTS('',3,(#7876,#7877,#7878,#7879,#7880),
 .UNSPECIFIED.,.F.,.F.,(4,1,4),(0.,0.113885650024413,0.256518857018675),
 .UNSPECIFIED.);
#2040=B_SPLINE_CURVE_WITH_KNOTS('',3,(#7881,#7882,#7883,#7884,#7885),
 .UNSPECIFIED.,.F.,.F.,(4,1,4),(0.,0.113885650024413,0.256518857018675),
 .UNSPECIFIED.);
#2041=B_SPLINE_CURVE_WITH_KNOTS('',3,(#7912,#7913,#7914,#7915,#7916),
 .UNSPECIFIED.,.F.,.F.,(4,1,4),(0.,0.174017398941702,0.358434162179285),
 .UNSPECIFIED.);
#2042=B_SPLINE_CURVE_WITH_KNOTS('',3,(#7919,#7920,#7921,#7922,#7923),
 .UNSPECIFIED.,.F.,.F.,(4,1,4),(0.,0.174017398941702,0.358434162179285),
 .UNSPECIFIED.);
#2043=B_SPLINE_CURVE_WITH_KNOTS('',3,(#7935,#7936,#7937,#7938,#7939),
 .UNSPECIFIED.,.F.,.F.,(4,1,4),(0.,0.182368877584419,0.367256793834409),
 .UNSPECIFIED.);
#2044=B_SPLINE_CURVE_WITH_KNOTS('',3,(#7942,#7943,#7944,#7945,#7946),
 .UNSPECIFIED.,.F.,.F.,(4,1,4),(0.,0.182368877584419,0.367256793834409),
 .UNSPECIFIED.);
#2045=B_SPLINE_CURVE_WITH_KNOTS('',3,(#7958,#7959,#7960,#7961,#7962),
 .UNSPECIFIED.,.F.,.F.,(4,1,4),(0.,0.245296890852875,0.447253355973524),
 .UNSPECIFIED.);
#2046=B_SPLINE_CURVE_WITH_KNOTS('',3,(#7965,#7966,#7967,#7968,#7969),
 .UNSPECIFIED.,.F.,.F.,(4,1,4),(0.,0.245296890852875,0.447253355973524),
 .UNSPECIFIED.);
#2047=B_SPLINE_CURVE_WITH_KNOTS('',3,(#7981,#7982,#7983,#7984,#7985),
 .UNSPECIFIED.,.F.,.F.,(4,1,4),(0.,0.206613821491233,0.449243487074269),
 .UNSPECIFIED.);
#2048=B_SPLINE_CURVE_WITH_KNOTS('',3,(#7988,#7989,#7990,#7991,#7992),
 .UNSPECIFIED.,.F.,.F.,(4,1,4),(0.,0.206613821491233,0.449243487074269),
 .UNSPECIFIED.);
#2049=B_SPLINE_CURVE_WITH_KNOTS('',3,(#8004,#8005,#8006,#8007,#8008),
 .UNSPECIFIED.,.F.,.F.,(4,1,4),(0.,0.177862713295736,0.363356755071625),
 .UNSPECIFIED.);
#2050=B_SPLINE_CURVE_WITH_KNOTS('',3,(#8011,#8012,#8013,#8014,#8015),
 .UNSPECIFIED.,.F.,.F.,(4,1,4),(0.,0.177862713295736,0.363356755071625),
 .UNSPECIFIED.);
#2051=B_SPLINE_CURVE_WITH_KNOTS('',3,(#8027,#8028,#8029,#8030,#8031),
 .UNSPECIFIED.,.F.,.F.,(4,1,4),(0.,0.0971371913118282,0.189544389548338),
 .UNSPECIFIED.);
#2052=B_SPLINE_CURVE_WITH_KNOTS('',3,(#8034,#8035,#8036,#8037,#8038),
 .UNSPECIFIED.,.F.,.F.,(4,1,4),(0.,0.0971371913118282,0.189544389548338),
 .UNSPECIFIED.);
#2053=B_SPLINE_CURVE_WITH_KNOTS('',3,(#8050,#8051,#8052,#8053,#8054),
 .UNSPECIFIED.,.F.,.F.,(4,1,4),(0.,0.108881055490191,0.211082063688376),
 .UNSPECIFIED.);
#2054=B_SPLINE_CURVE_WITH_KNOTS('',3,(#8057,#8058,#8059,#8060,#8061),
 .UNSPECIFIED.,.F.,.F.,(4,1,4),(0.,0.108881055490191,0.211082063688376),
 .UNSPECIFIED.);
#2055=B_SPLINE_CURVE_WITH_KNOTS('',3,(#8090,#8091,#8092,#8093,#8094),
 .UNSPECIFIED.,.F.,.F.,(4,1,4),(0.,0.0819602393215757,0.218324374843256),
 .UNSPECIFIED.);
#2056=B_SPLINE_CURVE_WITH_KNOTS('',3,(#8098,#8099,#8100,#8101,#8102),
 .UNSPECIFIED.,.F.,.F.,(4,1,4),(0.,0.0819602393215757,0.218324374843256),
 .UNSPECIFIED.);
#2057=B_SPLINE_CURVE_WITH_KNOTS('',3,(#8115,#8116,#8117,#8118,#8119),
 .UNSPECIFIED.,.F.,.F.,(4,1,4),(0.,0.0695515493652616,0.140739434456281),
 .UNSPECIFIED.);
#2058=B_SPLINE_CURVE_WITH_KNOTS('',3,(#8122,#8123,#8124,#8125,#8126),
 .UNSPECIFIED.,.F.,.F.,(4,1,4),(0.,0.0695515493652616,0.140739434456281),
 .UNSPECIFIED.);
#2059=B_SPLINE_CURVE_WITH_KNOTS('',3,(#8138,#8139,#8140,#8141,#8142),
 .UNSPECIFIED.,.F.,.F.,(4,1,4),(0.,0.0756544589205198,0.145976540198212),
 .UNSPECIFIED.);
#2060=B_SPLINE_CURVE_WITH_KNOTS('',3,(#8145,#8146,#8147,#8148,#8149),
 .UNSPECIFIED.,.F.,.F.,(4,1,4),(0.,0.0756544589205198,0.145976540198212),
 .UNSPECIFIED.);
#2061=B_SPLINE_CURVE_WITH_KNOTS('',3,(#8161,#8162,#8163,#8164,#8165),
 .UNSPECIFIED.,.F.,.F.,(4,1,4),(0.,0.0600141073068659,0.123014383644659),
 .UNSPECIFIED.);
#2062=B_SPLINE_CURVE_WITH_KNOTS('',3,(#8168,#8169,#8170,#8171,#8172),
 .UNSPECIFIED.,.F.,.F.,(4,1,4),(0.,0.0600141073068659,0.123014383644659),
 .UNSPECIFIED.);
#2063=B_SPLINE_CURVE_WITH_KNOTS('',3,(#8184,#8185,#8186,#8187,#8188),
 .UNSPECIFIED.,.F.,.F.,(4,1,4),(0.,0.0617281074294967,0.12135708535751),
 .UNSPECIFIED.);
#2064=B_SPLINE_CURVE_WITH_KNOTS('',3,(#8191,#8192,#8193,#8194,#8195),
 .UNSPECIFIED.,.F.,.F.,(4,1,4),(0.,0.0617281074294967,0.12135708535751),
 .UNSPECIFIED.);
#2065=B_SPLINE_CURVE_WITH_KNOTS('',3,(#8207,#8208,#8209,#8210,#8211),
 .UNSPECIFIED.,.F.,.F.,(4,1,4),(0.,0.149502216123184,0.241256961988123),
 .UNSPECIFIED.);
#2066=B_SPLINE_CURVE_WITH_KNOTS('',3,(#8214,#8215,#8216,#8217,#8218),
 .UNSPECIFIED.,.F.,.F.,(4,1,4),(0.,0.149502216123184,0.241256961988123),
 .UNSPECIFIED.);
#2067=B_SPLINE_CURVE_WITH_KNOTS('',3,(#8260,#8261,#8262,#8263,#8264),
 .UNSPECIFIED.,.F.,.F.,(4,1,4),(0.,0.133733602383763,0.315174338235039),
 .UNSPECIFIED.);
#2068=B_SPLINE_CURVE_WITH_KNOTS('',3,(#8267,#8268,#8269,#8270,#8271),
 .UNSPECIFIED.,.F.,.F.,(4,1,4),(0.,0.133733602383763,0.315174338235039),
 .UNSPECIFIED.);
#2069=B_SPLINE_CURVE_WITH_KNOTS('',3,(#8283,#8284,#8285,#8286,#8287),
 .UNSPECIFIED.,.F.,.F.,(4,1,4),(0.,0.0897738890174278,0.173252686275197),
 .UNSPECIFIED.);
#2070=B_SPLINE_CURVE_WITH_KNOTS('',3,(#8290,#8291,#8292,#8293,#8294),
 .UNSPECIFIED.,.F.,.F.,(4,1,4),(0.,0.0897738890174278,0.173252686275197),
 .UNSPECIFIED.);
#2071=B_SPLINE_CURVE_WITH_KNOTS('',3,(#8306,#8307,#8308,#8309,#8310),
 .UNSPECIFIED.,.F.,.F.,(4,1,4),(0.,0.101489985172047,0.196566808152915),
 .UNSPECIFIED.);
#2072=B_SPLINE_CURVE_WITH_KNOTS('',3,(#8313,#8314,#8315,#8316,#8317),
 .UNSPECIFIED.,.F.,.F.,(4,1,4),(0.,0.101489985172047,0.196566808152915),
 .UNSPECIFIED.);
#2073=B_SPLINE_CURVE_WITH_KNOTS('',3,(#8329,#8330,#8331,#8332,#8333),
 .UNSPECIFIED.,.F.,.F.,(4,1,4),(0.,0.127748087970754,0.239403369690978),
 .UNSPECIFIED.);
#2074=B_SPLINE_CURVE_WITH_KNOTS('',3,(#8336,#8337,#8338,#8339,#8340),
 .UNSPECIFIED.,.F.,.F.,(4,1,4),(0.,0.127748087970754,0.239403369690978),
 .UNSPECIFIED.);
#2075=B_SPLINE_CURVE_WITH_KNOTS('',3,(#8352,#8353,#8354,#8355,#8356),
 .UNSPECIFIED.,.F.,.F.,(4,1,4),(0.,0.145055134908359,0.309062459275457),
 .UNSPECIFIED.);
#2076=B_SPLINE_CURVE_WITH_KNOTS('',3,(#8359,#8360,#8361,#8362,#8363),
 .UNSPECIFIED.,.F.,.F.,(4,1,4),(0.,0.145055134908359,0.309062459275457),
 .UNSPECIFIED.);
#2077=B_SPLINE_CURVE_WITH_KNOTS('',3,(#8375,#8376,#8377,#8378,#8379),
 .UNSPECIFIED.,.F.,.F.,(4,1,4),(0.,0.129994922553265,0.264871241987004),
 .UNSPECIFIED.);
#2078=B_SPLINE_CURVE_WITH_KNOTS('',3,(#8382,#8383,#8384,#8385,#8386),
 .UNSPECIFIED.,.F.,.F.,(4,1,4),(0.,0.129994922553265,0.264871241987004),
 .UNSPECIFIED.);
#2079=B_SPLINE_CURVE_WITH_KNOTS('',3,(#8398,#8399,#8400,#8401,#8402),
 .UNSPECIFIED.,.F.,.F.,(4,1,4),(0.,0.228241690067647,0.361308411081041),
 .UNSPECIFIED.);
#2080=B_SPLINE_CURVE_WITH_KNOTS('',3,(#8405,#8406,#8407,#8408,#8409),
 .UNSPECIFIED.,.F.,.F.,(4,1,4),(0.,0.228241690067647,0.361308411081041),
 .UNSPECIFIED.);
#2081=B_SPLINE_CURVE_WITH_KNOTS('',3,(#8438,#8439,#8440,#8441,#8442),
 .UNSPECIFIED.,.F.,.F.,(4,1,4),(0.,0.0541240519253751,0.140885255954901),
 .UNSPECIFIED.);
#2082=B_SPLINE_CURVE_WITH_KNOTS('',3,(#8446,#8447,#8448,#8449,#8450),
 .UNSPECIFIED.,.F.,.F.,(4,1,4),(0.,0.0541240519253751,0.140885255954901),
 .UNSPECIFIED.);
#2083=B_SPLINE_CURVE_WITH_KNOTS('',3,(#8463,#8464,#8465,#8466,#8467),
 .UNSPECIFIED.,.F.,.F.,(4,1,4),(0.,0.0611360268140128,0.118909247902911),
 .UNSPECIFIED.);
#2084=B_SPLINE_CURVE_WITH_KNOTS('',3,(#8470,#8471,#8472,#8473,#8474),
 .UNSPECIFIED.,.F.,.F.,(4,1,4),(0.,0.0611360268140128,0.118909247902911),
 .UNSPECIFIED.);
#2085=B_SPLINE_CURVE_WITH_KNOTS('',3,(#8486,#8487,#8488,#8489,#8490),
 .UNSPECIFIED.,.F.,.F.,(4,1,4),(0.,0.0770411589411318,0.158972179655882),
 .UNSPECIFIED.);
#2086=B_SPLINE_CURVE_WITH_KNOTS('',3,(#8493,#8494,#8495,#8496,#8497),
 .UNSPECIFIED.,.F.,.F.,(4,1,4),(0.,0.0770411589411318,0.158972179655882),
 .UNSPECIFIED.);
#2087=B_SPLINE_CURVE_WITH_KNOTS('',3,(#8509,#8510,#8511,#8512,#8513),
 .UNSPECIFIED.,.F.,.F.,(4,1,4),(0.,0.0608781414034034,0.125262589435097),
 .UNSPECIFIED.);
#2088=B_SPLINE_CURVE_WITH_KNOTS('',3,(#8516,#8517,#8518,#8519,#8520),
 .UNSPECIFIED.,.F.,.F.,(4,1,4),(0.,0.0608781414034034,0.125262589435097),
 .UNSPECIFIED.);
#2089=B_SPLINE_CURVE_WITH_KNOTS('',3,(#8532,#8533,#8534,#8535,#8536),
 .UNSPECIFIED.,.F.,.F.,(4,1,4),(0.,0.0573899939456706,0.116150410148352),
 .UNSPECIFIED.);
#2090=B_SPLINE_CURVE_WITH_KNOTS('',3,(#8539,#8540,#8541,#8542,#8543),
 .UNSPECIFIED.,.F.,.F.,(4,1,4),(0.,0.0573899939456706,0.116150410148352),
 .UNSPECIFIED.);
#2091=B_SPLINE_CURVE_WITH_KNOTS('',3,(#8555,#8556,#8557,#8558,#8559),
 .UNSPECIFIED.,.F.,.F.,(4,1,4),(0.,0.0618975977507829,0.119657056816664),
 .UNSPECIFIED.);
#2092=B_SPLINE_CURVE_WITH_KNOTS('',3,(#8562,#8563,#8564,#8565,#8566),
 .UNSPECIFIED.,.F.,.F.,(4,1,4),(0.,0.0618975977507829,0.119657056816664),
 .UNSPECIFIED.);
#2093=B_SPLINE_CURVE_WITH_KNOTS('',3,(#8578,#8579,#8580,#8581,#8582),
 .UNSPECIFIED.,.F.,.F.,(4,1,4),(0.,0.102181104115909,0.164856929299419),
 .UNSPECIFIED.);
#2094=B_SPLINE_CURVE_WITH_KNOTS('',3,(#8585,#8586,#8587,#8588,#8589),
 .UNSPECIFIED.,.F.,.F.,(4,1,4),(0.,0.102181104115909,0.164856929299419),
 .UNSPECIFIED.);
#2095=B_SPLINE_CURVE_WITH_KNOTS('',3,(#8601,#8602,#8603,#8604,#8605),
 .UNSPECIFIED.,.F.,.F.,(4,1,4),(0.,0.0741731384623558,0.180467979835096),
 .UNSPECIFIED.);
#2096=B_SPLINE_CURVE_WITH_KNOTS('',3,(#8608,#8609,#8610,#8611,#8612),
 .UNSPECIFIED.,.F.,.F.,(4,1,4),(0.,0.0741731384623558,0.180467979835096),
 .UNSPECIFIED.);
#2097=B_SPLINE_CURVE_WITH_KNOTS('',3,(#8628,#8629,#8630,#8631,#8632),
 .UNSPECIFIED.,.F.,.F.,(4,1,4),(0.,0.0687134653650042,0.124891636976234),
 .UNSPECIFIED.);
#2098=B_SPLINE_CURVE_WITH_KNOTS('',3,(#8636,#8637,#8638,#8639,#8640),
 .UNSPECIFIED.,.F.,.F.,(4,1,4),(0.,0.0687134653650042,0.124891636976234),
 .UNSPECIFIED.);
#2099=B_SPLINE_CURVE_WITH_KNOTS('',3,(#8653,#8654,#8655,#8656,#8657),
 .UNSPECIFIED.,.F.,.F.,(4,1,4),(0.,0.0647496519494042,0.160570119552872),
 .UNSPECIFIED.);
#2100=B_SPLINE_CURVE_WITH_KNOTS('',3,(#8660,#8661,#8662,#8663,#8664),
 .UNSPECIFIED.,.F.,.F.,(4,1,4),(0.,0.0647496519494042,0.160570119552872),
 .UNSPECIFIED.);
#2101=B_SPLINE_CURVE_WITH_KNOTS('',3,(#8676,#8677,#8678,#8679,#8680),
 .UNSPECIFIED.,.F.,.F.,(4,1,4),(0.,0.0717175890946818,0.128016358786652),
 .UNSPECIFIED.);
#2102=B_SPLINE_CURVE_WITH_KNOTS('',3,(#8683,#8684,#8685,#8686,#8687),
 .UNSPECIFIED.,.F.,.F.,(4,1,4),(0.,0.0717175890946818,0.128016358786652),
 .UNSPECIFIED.);
#2103=B_SPLINE_CURVE_WITH_KNOTS('',3,(#8705,#8706,#8707,#8708,#8709),
 .UNSPECIFIED.,.F.,.F.,(4,1,4),(0.,0.174494208891357,0.288407308452974),
 .UNSPECIFIED.);
#2104=B_SPLINE_CURVE_WITH_KNOTS('',3,(#8712,#8713,#8714,#8715,#8716),
 .UNSPECIFIED.,.F.,.F.,(4,1,4),(0.,0.174494208891357,0.288407308452974),
 .UNSPECIFIED.);
#2105=B_SPLINE_CURVE_WITH_KNOTS('',3,(#8728,#8729,#8730,#8731,#8732),
 .UNSPECIFIED.,.F.,.F.,(4,1,4),(0.,0.103274183761209,0.238751843090807),
 .UNSPECIFIED.);
#2106=B_SPLINE_CURVE_WITH_KNOTS('',3,(#8735,#8736,#8737,#8738,#8739),
 .UNSPECIFIED.,.F.,.F.,(4,1,4),(0.,0.103274183761209,0.238751843090807),
 .UNSPECIFIED.);
#2107=B_SPLINE_CURVE_WITH_KNOTS('',3,(#8751,#8752,#8753,#8754,#8755),
 .UNSPECIFIED.,.F.,.F.,(4,1,4),(0.,0.0827469379218019,0.167350030787697),
 .UNSPECIFIED.);
#2108=B_SPLINE_CURVE_WITH_KNOTS('',3,(#8758,#8759,#8760,#8761,#8762),
 .UNSPECIFIED.,.F.,.F.,(4,1,4),(0.,0.0827469379218019,0.167350030787697),
 .UNSPECIFIED.);
#2109=B_SPLINE_CURVE_WITH_KNOTS('',3,(#8774,#8775,#8776,#8777,#8778),
 .UNSPECIFIED.,.F.,.F.,(4,1,4),(0.,0.0877910156251958,0.171676987127477),
 .UNSPECIFIED.);
#2110=B_SPLINE_CURVE_WITH_KNOTS('',3,(#8781,#8782,#8783,#8784,#8785),
 .UNSPECIFIED.,.F.,.F.,(4,1,4),(0.,0.0877910156251958,0.171676987127477),
 .UNSPECIFIED.);
#2111=B_SPLINE_CURVE_WITH_KNOTS('',3,(#8797,#8798,#8799,#8800,#8801),
 .UNSPECIFIED.,.F.,.F.,(4,1,4),(0.,0.12603870870977,0.255448108326092),
 .UNSPECIFIED.);
#2112=B_SPLINE_CURVE_WITH_KNOTS('',3,(#8804,#8805,#8806,#8807,#8808),
 .UNSPECIFIED.,.F.,.F.,(4,1,4),(0.,0.12603870870977,0.255448108326092),
 .UNSPECIFIED.);
#2113=B_SPLINE_CURVE_WITH_KNOTS('',3,(#8820,#8821,#8822,#8823,#8824),
 .UNSPECIFIED.,.F.,.F.,(4,1,4),(0.,0.15174287940675,0.285039998199388),
 .UNSPECIFIED.);
#2114=B_SPLINE_CURVE_WITH_KNOTS('',3,(#8827,#8828,#8829,#8830,#8831),
 .UNSPECIFIED.,.F.,.F.,(4,1,4),(0.,0.15174287940675,0.285039998199388),
 .UNSPECIFIED.);
#2115=B_SPLINE_CURVE_WITH_KNOTS('',3,(#8843,#8844,#8845,#8846,#8847),
 .UNSPECIFIED.,.F.,.F.,(4,1,4),(0.,0.0907791210667023,0.1835554343044),
 .UNSPECIFIED.);
#2116=B_SPLINE_CURVE_WITH_KNOTS('',3,(#8850,#8851,#8852,#8853,#8854),
 .UNSPECIFIED.,.F.,.F.,(4,1,4),(0.,0.0907791210667023,0.1835554343044),
 .UNSPECIFIED.);
#2117=B_SPLINE_CURVE_WITH_KNOTS('',3,(#8866,#8867,#8868,#8869,#8870),
 .UNSPECIFIED.,.F.,.F.,(4,1,4),(0.,0.0986821763415001,0.191530533841909),
 .UNSPECIFIED.);
#2118=B_SPLINE_CURVE_WITH_KNOTS('',3,(#8873,#8874,#8875,#8876,#8877),
 .UNSPECIFIED.,.F.,.F.,(4,1,4),(0.,0.0986821763415001,0.191530533841909),
 .UNSPECIFIED.);
#2119=B_SPLINE_CURVE_WITH_KNOTS('',3,(#8889,#8890,#8891,#8892,#8893),
 .UNSPECIFIED.,.F.,.F.,(4,1,4),(0.,0.0221008518864431,0.0352864025448696),
 .UNSPECIFIED.);
#2120=B_SPLINE_CURVE_WITH_KNOTS('',3,(#8896,#8897,#8898,#8899,#8900),
 .UNSPECIFIED.,.F.,.F.,(4,1,4),(0.,0.0221008518864431,0.0352864025448696),
 .UNSPECIFIED.);
#2121=B_SPLINE_CURVE_WITH_KNOTS('',3,(#8912,#8913,#8914,#8915,#8916),
 .UNSPECIFIED.,.F.,.F.,(4,1,4),(0.,0.0377005425244487,0.0893247739531581),
 .UNSPECIFIED.);
#2122=B_SPLINE_CURVE_WITH_KNOTS('',3,(#8919,#8920,#8921,#8922,#8923),
 .UNSPECIFIED.,.F.,.F.,(4,1,4),(0.,0.0377005425244487,0.0893247739531581),
 .UNSPECIFIED.);
#2123=B_SPLINE_CURVE_WITH_KNOTS('',3,(#8941,#8942,#8943,#8944,#8945),
 .UNSPECIFIED.,.F.,.F.,(4,1,4),(0.,0.0732076660217022,0.154995210220674),
 .UNSPECIFIED.);
#2124=B_SPLINE_CURVE_WITH_KNOTS('',3,(#8948,#8949,#8950,#8951,#8952),
 .UNSPECIFIED.,.F.,.F.,(4,1,4),(0.,0.0732076660217022,0.154995210220674),
 .UNSPECIFIED.);
#2125=B_SPLINE_CURVE_WITH_KNOTS('',3,(#8964,#8965,#8966,#8967,#8968),
 .UNSPECIFIED.,.F.,.F.,(4,1,4),(0.,0.124493699090757,0.211952927145225),
 .UNSPECIFIED.);
#2126=B_SPLINE_CURVE_WITH_KNOTS('',3,(#8971,#8972,#8973,#8974,#8975),
 .UNSPECIFIED.,.F.,.F.,(4,1,4),(0.,0.124493699090757,0.211952927145225),
 .UNSPECIFIED.);
#2127=B_SPLINE_CURVE_WITH_KNOTS('',3,(#8993,#8994,#8995,#8996,#8997),
 .UNSPECIFIED.,.F.,.F.,(4,1,4),(0.,0.103460256632586,0.261706463542011),
 .UNSPECIFIED.);
#2128=B_SPLINE_CURVE_WITH_KNOTS('',3,(#9000,#9001,#9002,#9003,#9004),
 .UNSPECIFIED.,.F.,.F.,(4,1,4),(0.,0.103460256632586,0.261706463542011),
 .UNSPECIFIED.);
#2129=B_SPLINE_CURVE_WITH_KNOTS('',3,(#9016,#9017,#9018,#9019,#9020),
 .UNSPECIFIED.,.F.,.F.,(4,1,4),(0.,0.0953978778412346,0.178017392711309),
 .UNSPECIFIED.);
#2130=B_SPLINE_CURVE_WITH_KNOTS('',3,(#9023,#9024,#9025,#9026,#9027),
 .UNSPECIFIED.,.F.,.F.,(4,1,4),(0.,0.0953978778412346,0.178017392711309),
 .UNSPECIFIED.);
#2131=B_SPLINE_CURVE_WITH_KNOTS('',3,(#9039,#9040,#9041,#9042,#9043),
 .UNSPECIFIED.,.F.,.F.,(4,1,4),(0.,0.168189409019274,0.291694835023785),
 .UNSPECIFIED.);
#2132=B_SPLINE_CURVE_WITH_KNOTS('',3,(#9046,#9047,#9048,#9049,#9050),
 .UNSPECIFIED.,.F.,.F.,(4,1,4),(0.,0.168189409019274,0.291694835023785),
 .UNSPECIFIED.);
#2133=B_SPLINE_CURVE_WITH_KNOTS('',3,(#9062,#9063,#9064,#9065,#9066),
 .UNSPECIFIED.,.F.,.F.,(4,1,4),(0.,0.145100627626882,0.331771841313582),
 .UNSPECIFIED.);
#2134=B_SPLINE_CURVE_WITH_KNOTS('',3,(#9069,#9070,#9071,#9072,#9073),
 .UNSPECIFIED.,.F.,.F.,(4,1,4),(0.,0.145100627626882,0.331771841313582),
 .UNSPECIFIED.);
#2135=B_SPLINE_CURVE_WITH_KNOTS('',3,(#9085,#9086,#9087,#9088,#9089),
 .UNSPECIFIED.,.F.,.F.,(4,1,4),(0.,0.149603931559931,0.282407179633356),
 .UNSPECIFIED.);
#2136=B_SPLINE_CURVE_WITH_KNOTS('',3,(#9092,#9093,#9094,#9095,#9096),
 .UNSPECIFIED.,.F.,.F.,(4,1,4),(0.,0.149603931559931,0.282407179633356),
 .UNSPECIFIED.);
#2137=B_SPLINE_CURVE_WITH_KNOTS('',3,(#9113,#9114,#9115,#9116,#9117),
 .UNSPECIFIED.,.F.,.F.,(4,1,4),(0.,0.0569173376674212,0.128198524254005),
 .UNSPECIFIED.);
#2138=B_SPLINE_CURVE_WITH_KNOTS('',3,(#9118,#9119,#9120,#9121,#9122),
 .UNSPECIFIED.,.F.,.F.,(4,1,4),(0.,0.0569173376674212,0.128198524254005),
 .UNSPECIFIED.);
#2139=B_SPLINE_CURVE_WITH_KNOTS('',3,(#9215,#9216,#9217,#9218,#9219),
 .UNSPECIFIED.,.F.,.F.,(4,1,4),(0.,0.105803063967044,0.213033670266214),
 .UNSPECIFIED.);
#2140=B_SPLINE_CURVE_WITH_KNOTS('',3,(#9223,#9224,#9225,#9226,#9227),
 .UNSPECIFIED.,.F.,.F.,(4,1,4),(0.,0.105803063967044,0.213033670266214),
 .UNSPECIFIED.);
#2141=B_SPLINE_CURVE_WITH_KNOTS('',3,(#9240,#9241,#9242,#9243,#9244),
 .UNSPECIFIED.,.F.,.F.,(4,1,4),(0.,0.106924292424802,0.21260223028142),
 .UNSPECIFIED.);
#2142=B_SPLINE_CURVE_WITH_KNOTS('',3,(#9247,#9248,#9249,#9250,#9251),
 .UNSPECIFIED.,.F.,.F.,(4,1,4),(0.,0.106924292424802,0.21260223028142),
 .UNSPECIFIED.);
#2143=B_SPLINE_CURVE_WITH_KNOTS('',3,(#9263,#9264,#9265,#9266,#9267),
 .UNSPECIFIED.,.F.,.F.,(4,1,4),(0.,0.142480716944824,0.261479441218951),
 .UNSPECIFIED.);
#2144=B_SPLINE_CURVE_WITH_KNOTS('',3,(#9270,#9271,#9272,#9273,#9274),
 .UNSPECIFIED.,.F.,.F.,(4,1,4),(0.,0.142480716944824,0.261479441218951),
 .UNSPECIFIED.);
#2145=B_SPLINE_CURVE_WITH_KNOTS('',3,(#9286,#9287,#9288,#9289,#9290),
 .UNSPECIFIED.,.F.,.F.,(4,1,4),(0.,0.119896816491278,0.265420202635973),
 .UNSPECIFIED.);
#2146=B_SPLINE_CURVE_WITH_KNOTS('',3,(#9293,#9294,#9295,#9296,#9297),
 .UNSPECIFIED.,.F.,.F.,(4,1,4),(0.,0.119896816491278,0.265420202635973),
 .UNSPECIFIED.);
#2147=B_SPLINE_CURVE_WITH_KNOTS('',3,(#9309,#9310,#9311,#9312,#9313),
 .UNSPECIFIED.,.F.,.F.,(4,1,4),(0.,0.105677809018317,0.212602268420606),
 .UNSPECIFIED.);
#2148=B_SPLINE_CURVE_WITH_KNOTS('',3,(#9316,#9317,#9318,#9319,#9320),
 .UNSPECIFIED.,.F.,.F.,(4,1,4),(0.,0.105677809018317,0.212602268420606),
 .UNSPECIFIED.);
#2149=B_SPLINE_CURVE_WITH_KNOTS('',3,(#9332,#9333,#9334,#9335,#9336),
 .UNSPECIFIED.,.F.,.F.,(4,1,4),(0.,0.107230677961246,0.213033729823473),
 .UNSPECIFIED.);
#2150=B_SPLINE_CURVE_WITH_KNOTS('',3,(#9339,#9340,#9341,#9342,#9343),
 .UNSPECIFIED.,.F.,.F.,(4,1,4),(0.,0.107230677961246,0.213033729823473),
 .UNSPECIFIED.);
#2151=B_SPLINE_CURVE_WITH_KNOTS('',3,(#9355,#9356,#9357,#9358,#9359),
 .UNSPECIFIED.,.F.,.F.,(4,1,4),(0.,0.144018773663437,0.263650626081199),
 .UNSPECIFIED.);
#2152=B_SPLINE_CURVE_WITH_KNOTS('',3,(#9362,#9363,#9364,#9365,#9366),
 .UNSPECIFIED.,.F.,.F.,(4,1,4),(0.,0.144018773663437,0.263650626081199),
 .UNSPECIFIED.);
#2153=B_SPLINE_CURVE_WITH_KNOTS('',3,(#9377,#9378,#9379,#9380,#9381),
 .UNSPECIFIED.,.F.,.F.,(4,1,4),(0.,0.119631904671159,0.263650678334595),
 .UNSPECIFIED.);
#2154=B_SPLINE_CURVE_WITH_KNOTS('',3,(#9382,#9383,#9384,#9385,#9386),
 .UNSPECIFIED.,.F.,.F.,(4,1,4),(0.,0.119631904671159,0.263650678334595),
 .UNSPECIFIED.);
#2155=B_SPLINE_CURVE_WITH_KNOTS('',3,(#9399,#9400,#9401,#9402,#9403),
 .UNSPECIFIED.,.F.,.F.,(4,1,4),(0.,0.145506597583457,0.289394489537526),
 .UNSPECIFIED.);
#2156=B_SPLINE_CURVE_WITH_KNOTS('',3,(#9407,#9408,#9409,#9410,#9411),
 .UNSPECIFIED.,.F.,.F.,(4,1,4),(0.,0.145506597583457,0.289394489537526),
 .UNSPECIFIED.);
#2157=B_SPLINE_CURVE_WITH_KNOTS('',3,(#9424,#9425,#9426,#9427,#9428),
 .UNSPECIFIED.,.F.,.F.,(4,1,4),(0.,0.146905988990119,0.294870748973925),
 .UNSPECIFIED.);
#2158=B_SPLINE_CURVE_WITH_KNOTS('',3,(#9431,#9432,#9433,#9434,#9435),
 .UNSPECIFIED.,.F.,.F.,(4,1,4),(0.,0.146905988990119,0.294870748973925),
 .UNSPECIFIED.);
#2159=B_SPLINE_CURVE_WITH_KNOTS('',3,(#9447,#9448,#9449,#9450,#9451),
 .UNSPECIFIED.,.F.,.F.,(4,1,4),(0.,0.216992608149463,0.441564521439462),
 .UNSPECIFIED.);
#2160=B_SPLINE_CURVE_WITH_KNOTS('',3,(#9454,#9455,#9456,#9457,#9458),
 .UNSPECIFIED.,.F.,.F.,(4,1,4),(0.,0.216992608149463,0.441564521439462),
 .UNSPECIFIED.);
#2161=B_SPLINE_CURVE_WITH_KNOTS('',3,(#9470,#9471,#9472,#9473,#9474),
 .UNSPECIFIED.,.F.,.F.,(4,1,4),(0.,0.228967528925527,0.447670452336704),
 .UNSPECIFIED.);
#2162=B_SPLINE_CURVE_WITH_KNOTS('',3,(#9477,#9478,#9479,#9480,#9481),
 .UNSPECIFIED.,.F.,.F.,(4,1,4),(0.,0.228967528925527,0.447670452336704),
 .UNSPECIFIED.);
#2163=B_SPLINE_CURVE_WITH_KNOTS('',3,(#9493,#9494,#9495,#9496,#9497),
 .UNSPECIFIED.,.F.,.F.,(4,1,4),(0.,0.216359787301547,0.443245326067866),
 .UNSPECIFIED.);
#2164=B_SPLINE_CURVE_WITH_KNOTS('',3,(#9500,#9501,#9502,#9503,#9504),
 .UNSPECIFIED.,.F.,.F.,(4,1,4),(0.,0.216359787301547,0.443245326067866),
 .UNSPECIFIED.);
#2165=B_SPLINE_CURVE_WITH_KNOTS('',3,(#9516,#9517,#9518,#9519,#9520),
 .UNSPECIFIED.,.F.,.F.,(4,1,4),(0.,0.227878836496078,0.444121385966345),
 .UNSPECIFIED.);
#2166=B_SPLINE_CURVE_WITH_KNOTS('',3,(#9523,#9524,#9525,#9526,#9527),
 .UNSPECIFIED.,.F.,.F.,(4,1,4),(0.,0.227878836496078,0.444121385966345),
 .UNSPECIFIED.);
#2167=B_SPLINE_CURVE_WITH_KNOTS('',3,(#9539,#9540,#9541,#9542,#9543),
 .UNSPECIFIED.,.F.,.F.,(4,1,4),(0.,0.146857847370238,0.299950523456441),
 .UNSPECIFIED.);
#2168=B_SPLINE_CURVE_WITH_KNOTS('',3,(#9546,#9547,#9548,#9549,#9550),
 .UNSPECIFIED.,.F.,.F.,(4,1,4),(0.,0.146857847370238,0.299950523456441),
 .UNSPECIFIED.);
#2169=B_SPLINE_CURVE_WITH_KNOTS('',3,(#9562,#9563,#9564,#9565,#9566),
 .UNSPECIFIED.,.F.,.F.,(4,1,4),(0.,0.145752462920355,0.289409113612066),
 .UNSPECIFIED.);
#2170=B_SPLINE_CURVE_WITH_KNOTS('',3,(#9569,#9570,#9571,#9572,#9573),
 .UNSPECIFIED.,.F.,.F.,(4,1,4),(0.,0.145752462920355,0.289409113612066),
 .UNSPECIFIED.);
#2171=B_SPLINE_CURVE_WITH_KNOTS('',3,(#9585,#9586,#9587,#9588,#9589),
 .UNSPECIFIED.,.F.,.F.,(4,1,4),(0.,0.142045559241692,0.288306971164719),
 .UNSPECIFIED.);
#2172=B_SPLINE_CURVE_WITH_KNOTS('',3,(#9592,#9593,#9594,#9595,#9596),
 .UNSPECIFIED.,.F.,.F.,(4,1,4),(0.,0.142045559241692,0.288306971164719),
 .UNSPECIFIED.);
#2173=B_SPLINE_CURVE_WITH_KNOTS('',3,(#9607,#9608,#9609,#9610,#9611),
 .UNSPECIFIED.,.F.,.F.,(4,1,4),(0.,0.154040380289543,0.327985713621128),
 .UNSPECIFIED.);
#2174=B_SPLINE_CURVE_WITH_KNOTS('',3,(#9612,#9613,#9614,#9615,#9616),
 .UNSPECIFIED.,.F.,.F.,(4,1,4),(0.,0.154040380289543,0.327985713621128),
 .UNSPECIFIED.);
#2175=B_SPLINE_CURVE_WITH_KNOTS('',3,(#9867,#9868,#9869,#9870,#9871),
 .UNSPECIFIED.,.F.,.F.,(4,1,4),(0.,0.0970045643665772,0.192929793986428),
 .UNSPECIFIED.);
#2176=B_SPLINE_CURVE_WITH_KNOTS('',3,(#9873,#9874,#9875,#9876,#9877),
 .UNSPECIFIED.,.F.,.F.,(4,1,4),(0.,0.102693637833833,0.218657066730169),
 .UNSPECIFIED.);
#2177=B_SPLINE_CURVE_WITH_KNOTS('',3,(#9879,#9880,#9881,#9882,#9883),
 .UNSPECIFIED.,.F.,.F.,(4,1,4),(0.,0.0946970296194504,0.192204726035795),
 .UNSPECIFIED.);
#2178=B_SPLINE_CURVE_WITH_KNOTS('',3,(#9885,#9886,#9887,#9888,#9889),
 .UNSPECIFIED.,.F.,.F.,(4,1,4),(0.,0.0971683479807447,0.192939487994259),
 .UNSPECIFIED.);
#2179=B_SPLINE_CURVE_WITH_KNOTS('',3,(#9891,#9892,#9893,#9894,#9895),
 .UNSPECIFIED.,.F.,.F.,(4,1,4),(0.,0.0979051730257766,0.199966919902395),
 .UNSPECIFIED.);
#2180=B_SPLINE_CURVE_WITH_KNOTS('',3,(#9897,#9898,#9899,#9900,#9901),
 .UNSPECIFIED.,.F.,.F.,(4,1,4),(0.,0.151919227821049,0.296080751151584),
 .UNSPECIFIED.);
#2181=B_SPLINE_CURVE_WITH_KNOTS('',3,(#9903,#9904,#9905,#9906,#9907),
 .UNSPECIFIED.,.F.,.F.,(4,1,4),(0.,0.144239879905604,0.295496937983504),
 .UNSPECIFIED.);
#2182=B_SPLINE_CURVE_WITH_KNOTS('',3,(#9909,#9910,#9911,#9912,#9913),
 .UNSPECIFIED.,.F.,.F.,(4,1,4),(0.,0.152645104451217,0.298446965110224),
 .UNSPECIFIED.);
#2183=B_SPLINE_CURVE_WITH_KNOTS('',3,(#9915,#9916,#9917,#9918,#9919),
 .UNSPECIFIED.,.F.,.F.,(4,1,4),(0.,0.144661584864833,0.294376200898821),
 .UNSPECIFIED.);
#2184=B_SPLINE_CURVE_WITH_KNOTS('',3,(#9920,#9921,#9922,#9923,#9924),
 .UNSPECIFIED.,.F.,.F.,(4,1,4),(0.,0.0979374884526222,0.196580410555704),
 .UNSPECIFIED.);
#2185=B_SPLINE_CURVE_WITH_KNOTS('',3,(#9953,#9954,#9955,#9956,#9957),
 .UNSPECIFIED.,.F.,.F.,(4,1,4),(0.,0.0458092950606258,0.0832617004065597),
 .UNSPECIFIED.);
#2186=B_SPLINE_CURVE_WITH_KNOTS('',3,(#9959,#9960,#9961,#9962,#9963),
 .UNSPECIFIED.,.F.,.F.,(4,1,4),(0.,0.03794474342044,0.0854654138764732),
 .UNSPECIFIED.);
#2187=B_SPLINE_CURVE_WITH_KNOTS('',3,(#9967,#9968,#9969,#9970,#9971),
 .UNSPECIFIED.,.F.,.F.,(4,1,4),(0.,0.099736099770463,0.188271598486079),
 .UNSPECIFIED.);
#2188=B_SPLINE_CURVE_WITH_KNOTS('',3,(#9973,#9974,#9975,#9976,#9977),
 .UNSPECIFIED.,.F.,.F.,(4,1,4),(0.,0.0967337284241452,0.221181678594545),
 .UNSPECIFIED.);
#2189=B_SPLINE_CURVE_WITH_KNOTS('',3,(#9979,#9980,#9981,#9982,#9983),
 .UNSPECIFIED.,.F.,.F.,(4,1,4),(0.,0.112125954172296,0.194462741105789),
 .UNSPECIFIED.);
#2190=B_SPLINE_CURVE_WITH_KNOTS('',3,(#9985,#9986,#9987,#9988,#9989),
 .UNSPECIFIED.,.F.,.F.,(4,1,4),(0.,0.0635984516159272,0.118678128195976),
 .UNSPECIFIED.);
#2191=B_SPLINE_CURVE_WITH_KNOTS('',3,(#9991,#9992,#9993,#9994,#9995),
 .UNSPECIFIED.,.F.,.F.,(4,1,4),(0.,0.0689736310111623,0.174471151582049),
 .UNSPECIFIED.);
#2192=B_SPLINE_CURVE_WITH_KNOTS('',3,(#9999,#10000,#10001,#10002,#10003),
 .UNSPECIFIED.,.F.,.F.,(4,1,4),(0.,0.082995772900768,0.14130192493708),
 .UNSPECIFIED.);
#2193=B_SPLINE_CURVE_WITH_KNOTS('',3,(#10005,#10006,#10007,#10008,#10009),
 .UNSPECIFIED.,.F.,.F.,(4,1,4),(0.,0.0488050341775474,0.103330074952839),
 .UNSPECIFIED.);
#2194=B_SPLINE_CURVE_WITH_KNOTS('',3,(#10013,#10014,#10015,#10016,#10017),
 .UNSPECIFIED.,.F.,.F.,(4,1,4),(0.,0.0251336575402673,0.0595500272290116),
 .UNSPECIFIED.);
#2195=B_SPLINE_CURVE_WITH_KNOTS('',3,(#10019,#10020,#10021,#10022,#10023),
 .UNSPECIFIED.,.F.,.F.,(4,1,4),(0.,0.014733907235012,0.0235241756632746),
 .UNSPECIFIED.);
#2196=B_SPLINE_CURVE_WITH_KNOTS('',3,(#10025,#10026,#10027,#10028,#10029),
 .UNSPECIFIED.,.F.,.F.,(4,1,4),(0.,0.0657885725198266,0.127686850884288),
 .UNSPECIFIED.);
#2197=B_SPLINE_CURVE_WITH_KNOTS('',3,(#10031,#10032,#10033,#10034,#10035),
 .UNSPECIFIED.,.F.,.F.,(4,1,4),(0.,0.0605198342625449,0.122370563054183),
 .UNSPECIFIED.);
#2198=B_SPLINE_CURVE_WITH_KNOTS('',3,(#10037,#10038,#10039,#10040,#10041),
 .UNSPECIFIED.,.F.,.F.,(4,1,4),(0.,0.101162082712842,0.190026302949193),
 .UNSPECIFIED.);
#2199=B_SPLINE_CURVE_WITH_KNOTS('',3,(#10043,#10044,#10045,#10046,#10047),
 .UNSPECIFIED.,.F.,.F.,(4,1,4),(0.,0.0840260801631591,0.170299013240707),
 .UNSPECIFIED.);
#2200=B_SPLINE_CURVE_WITH_KNOTS('',3,(#10049,#10050,#10051,#10052,#10053),
 .UNSPECIFIED.,.F.,.F.,(4,1,4),(0.,0.0585273047307465,0.114451348256671),
 .UNSPECIFIED.);
#2201=B_SPLINE_CURVE_WITH_KNOTS('',3,(#10055,#10056,#10057,#10058,#10059),
 .UNSPECIFIED.,.F.,.F.,(4,1,4),(0.,0.0551647573321756,0.111566444033819),
 .UNSPECIFIED.);
#2202=B_SPLINE_CURVE_WITH_KNOTS('',3,(#10061,#10062,#10063,#10064,#10065),
 .UNSPECIFIED.,.F.,.F.,(4,1,4),(0.,0.0688498007110892,0.159168026435794),
 .UNSPECIFIED.);
#2203=B_SPLINE_CURVE_WITH_KNOTS('',3,(#10067,#10068,#10069,#10070,#10071),
 .UNSPECIFIED.,.F.,.F.,(4,1,4),(0.,0.116329697385476,0.192271839605608),
 .UNSPECIFIED.);
#2204=B_SPLINE_CURVE_WITH_KNOTS('',3,(#10075,#10076,#10077,#10078,#10079),
 .UNSPECIFIED.,.F.,.F.,(4,1,4),(0.,0.0478117434242626,0.085344559868693),
 .UNSPECIFIED.);
#2205=B_SPLINE_CURVE_WITH_KNOTS('',3,(#10080,#10081,#10082,#10083,#10084),
 .UNSPECIFIED.,.F.,.F.,(4,1,4),(0.,0.0431662977050801,0.107045978189985),
 .UNSPECIFIED.);
#2206=B_SPLINE_CURVE_WITH_KNOTS('',3,(#10095,#10096,#10097,#10098,#10099),
 .UNSPECIFIED.,.F.,.F.,(4,1,4),(0.,0.152160887875793,0.240872114048683),
 .UNSPECIFIED.);
#2207=B_SPLINE_CURVE_WITH_KNOTS('',3,(#10101,#10102,#10103,#10104,#10105),
 .UNSPECIFIED.,.F.,.F.,(4,1,4),(0.,0.0866632980833027,0.176581046605268),
 .UNSPECIFIED.);
#2208=B_SPLINE_CURVE_WITH_KNOTS('',3,(#10107,#10108,#10109,#10110,#10111),
 .UNSPECIFIED.,.F.,.F.,(4,1,4),(0.,0.0967032983141937,0.206041543408752),
 .UNSPECIFIED.);
#2209=B_SPLINE_CURVE_WITH_KNOTS('',3,(#10113,#10114,#10115,#10116,#10117),
 .UNSPECIFIED.,.F.,.F.,(4,1,4),(0.,0.0851653919805029,0.159602011045687),
 .UNSPECIFIED.);
#2210=B_SPLINE_CURVE_WITH_KNOTS('',3,(#10119,#10120,#10121,#10122,#10123),
 .UNSPECIFIED.,.F.,.F.,(4,1,4),(0.,0.0676604734738071,0.131044818733929),
 .UNSPECIFIED.);
#2211=B_SPLINE_CURVE_WITH_KNOTS('',3,(#10125,#10126,#10127,#10128,#10129),
 .UNSPECIFIED.,.F.,.F.,(4,1,4),(0.,0.059849387372155,0.115502069617636),
 .UNSPECIFIED.);
#2212=B_SPLINE_CURVE_WITH_KNOTS('',3,(#10131,#10132,#10133,#10134,#10135),
 .UNSPECIFIED.,.F.,.F.,(4,1,4),(0.,0.0891558974983288,0.210116228013355),
 .UNSPECIFIED.);
#2213=B_SPLINE_CURVE_WITH_KNOTS('',3,(#10147,#10148,#10149,#10150,#10151),
 .UNSPECIFIED.,.F.,.F.,(4,1,4),(0.,0.0725872051824045,0.140721168478642),
 .UNSPECIFIED.);
#2214=B_SPLINE_CURVE_WITH_KNOTS('',3,(#10153,#10154,#10155,#10156,#10157),
 .UNSPECIFIED.,.F.,.F.,(4,1,4),(0.,0.0647578159721615,0.126362777426555),
 .UNSPECIFIED.);
#2215=B_SPLINE_CURVE_WITH_KNOTS('',3,(#10159,#10160,#10161,#10162,#10163),
 .UNSPECIFIED.,.F.,.F.,(4,1,4),(0.,0.118575305954798,0.242238126394987),
 .UNSPECIFIED.);
#2216=B_SPLINE_CURVE_WITH_KNOTS('',3,(#10165,#10166,#10167,#10168,#10169),
 .UNSPECIFIED.,.F.,.F.,(4,1,4),(0.,0.137742505376934,0.299495637633763),
 .UNSPECIFIED.);
#2217=B_SPLINE_CURVE_WITH_KNOTS('',3,(#10171,#10172,#10173,#10174,#10175),
 .UNSPECIFIED.,.F.,.F.,(4,1,4),(0.,0.16353123951833,0.298168848128779),
 .UNSPECIFIED.);
#2218=B_SPLINE_CURVE_WITH_KNOTS('',3,(#10177,#10178,#10179,#10180,#10181),
 .UNSPECIFIED.,.F.,.F.,(4,1,4),(0.,0.121579892684594,0.244837879862597),
 .UNSPECIFIED.);
#2219=B_SPLINE_CURVE_WITH_KNOTS('',3,(#10183,#10184,#10185,#10186,#10187),
 .UNSPECIFIED.,.F.,.F.,(4,1,4),(0.,0.116012219849381,0.238955940607906),
 .UNSPECIFIED.);
#2220=B_SPLINE_CURVE_WITH_KNOTS('',3,(#10191,#10192,#10193,#10194,#10195),
 .UNSPECIFIED.,.F.,.F.,(4,1,4),(0.,0.0418915794699163,0.080803136025004),
 .UNSPECIFIED.);
#2221=B_SPLINE_CURVE_WITH_KNOTS('',3,(#10197,#10198,#10199,#10200,#10201),
 .UNSPECIFIED.,.F.,.F.,(4,1,4),(0.,0.0418787333151684,0.0928025328917369),
 .UNSPECIFIED.);
#2222=B_SPLINE_CURVE_WITH_KNOTS('',3,(#10205,#10206,#10207,#10208,#10209),
 .UNSPECIFIED.,.F.,.F.,(4,1,4),(0.,0.10399212504212,0.200343911644322),
 .UNSPECIFIED.);
#2223=B_SPLINE_CURVE_WITH_KNOTS('',3,(#10211,#10212,#10213,#10214,#10215),
 .UNSPECIFIED.,.F.,.F.,(4,1,4),(0.,0.098469917609514,0.20872421878153),
 .UNSPECIFIED.);
#2224=B_SPLINE_CURVE_WITH_KNOTS('',3,(#10217,#10218,#10219,#10220,#10221),
 .UNSPECIFIED.,.F.,.F.,(4,1,4),(0.,0.167265582515183,0.315130258612838),
 .UNSPECIFIED.);
#2225=B_SPLINE_CURVE_WITH_KNOTS('',3,(#10223,#10224,#10225,#10226,#10227),
 .UNSPECIFIED.,.F.,.F.,(4,1,4),(0.,0.124097731266935,0.263046262128282),
 .UNSPECIFIED.);
#2226=B_SPLINE_CURVE_WITH_KNOTS('',3,(#10229,#10230,#10231,#10232,#10233),
 .UNSPECIFIED.,.F.,.F.,(4,1,4),(0.,0.162271495925863,0.302797744905627),
 .UNSPECIFIED.);
#2227=B_SPLINE_CURVE_WITH_KNOTS('',3,(#10235,#10236,#10237,#10238,#10239),
 .UNSPECIFIED.,.F.,.F.,(4,1,4),(0.,0.131185250356549,0.265114443118566),
 .UNSPECIFIED.);
#2228=B_SPLINE_CURVE_WITH_KNOTS('',3,(#10241,#10242,#10243,#10244,#10245),
 .UNSPECIFIED.,.F.,.F.,(4,1,4),(0.,0.147053247156148,0.283514524167112),
 .UNSPECIFIED.);
#2229=B_SPLINE_CURVE_WITH_KNOTS('',3,(#10247,#10248,#10249,#10250,#10251),
 .UNSPECIFIED.,.F.,.F.,(4,1,4),(0.,0.151771686867797,0.344775393648211),
 .UNSPECIFIED.);
#2230=B_SPLINE_CURVE_WITH_KNOTS('',3,(#10255,#10256,#10257,#10258,#10259),
 .UNSPECIFIED.,.F.,.F.,(4,1,4),(0.,0.0768447399154571,0.142985335340002),
 .UNSPECIFIED.);
#2231=B_SPLINE_CURVE_WITH_KNOTS('',3,(#10260,#10261,#10262,#10263,#10264),
 .UNSPECIFIED.,.F.,.F.,(4,1,4),(0.,0.0611865633974346,0.123042041713023),
 .UNSPECIFIED.);
#2232=B_SPLINE_CURVE_WITH_KNOTS('',3,(#10299,#10300,#10301,#10302,#10303),
 .UNSPECIFIED.,.F.,.F.,(4,1,4),(0.,0.0619332351197784,0.132861666519965),
 .UNSPECIFIED.);
#2233=B_SPLINE_CURVE_WITH_KNOTS('',3,(#10307,#10308,#10309,#10310,#10311),
 .UNSPECIFIED.,.F.,.F.,(4,1,4),(0.,0.0619332351197784,0.132861666519965),
 .UNSPECIFIED.);
#2234=B_SPLINE_CURVE_WITH_KNOTS('',3,(#10324,#10325,#10326,#10327,#10328),
 .UNSPECIFIED.,.F.,.F.,(4,1,4),(0.,0.0584268444830578,0.116102227558657),
 .UNSPECIFIED.);
#2235=B_SPLINE_CURVE_WITH_KNOTS('',3,(#10331,#10332,#10333,#10334,#10335),
 .UNSPECIFIED.,.F.,.F.,(4,1,4),(0.,0.0584268444830578,0.116102227558657),
 .UNSPECIFIED.);
#2236=B_SPLINE_CURVE_WITH_KNOTS('',3,(#10347,#10348,#10349,#10350,#10351),
 .UNSPECIFIED.,.F.,.F.,(4,1,4),(0.,0.0557945294771135,0.111094309285847),
 .UNSPECIFIED.);
#2237=B_SPLINE_CURVE_WITH_KNOTS('',3,(#10354,#10355,#10356,#10357,#10358),
 .UNSPECIFIED.,.F.,.F.,(4,1,4),(0.,0.0557945294771135,0.111094309285847),
 .UNSPECIFIED.);
#2238=B_SPLINE_CURVE_WITH_KNOTS('',3,(#10370,#10371,#10372,#10373,#10374),
 .UNSPECIFIED.,.F.,.F.,(4,1,4),(0.,0.0741827077057878,0.135939173874549),
 .UNSPECIFIED.);
#2239=B_SPLINE_CURVE_WITH_KNOTS('',3,(#10377,#10378,#10379,#10380,#10381),
 .UNSPECIFIED.,.F.,.F.,(4,1,4),(0.,0.0741827077057878,0.135939173874549),
 .UNSPECIFIED.);
#2240=B_SPLINE_CURVE_WITH_KNOTS('',3,(#10398,#10399,#10400,#10401,#10402),
 .UNSPECIFIED.,.F.,.F.,(4,1,4),(0.,0.0418915794699163,0.080803136025004),
 .UNSPECIFIED.);
#2241=B_SPLINE_CURVE_WITH_KNOTS('',3,(#10416,#10417,#10418,#10419,#10420),
 .UNSPECIFIED.,.F.,.F.,(4,1,4),(0.,0.0611865633974346,0.123042041713023),
 .UNSPECIFIED.);
#2242=B_SPLINE_CURVE_WITH_KNOTS('',3,(#10433,#10434,#10435,#10436,#10437),
 .UNSPECIFIED.,.F.,.F.,(4,1,4),(0.,0.0768447399154571,0.142985335340002),
 .UNSPECIFIED.);
#2243=B_SPLINE_CURVE_WITH_KNOTS('',3,(#10454,#10455,#10456,#10457,#10458),
 .UNSPECIFIED.,.F.,.F.,(4,1,4),(0.,0.151771686867797,0.344775393648211),
 .UNSPECIFIED.);
#2244=B_SPLINE_CURVE_WITH_KNOTS('',3,(#10471,#10472,#10473,#10474,#10475),
 .UNSPECIFIED.,.F.,.F.,(4,1,4),(0.,0.147053247156148,0.283514524167112),
 .UNSPECIFIED.);
#2245=B_SPLINE_CURVE_WITH_KNOTS('',3,(#10488,#10489,#10490,#10491,#10492),
 .UNSPECIFIED.,.F.,.F.,(4,1,4),(0.,0.131185250356549,0.265114443118566),
 .UNSPECIFIED.);
#2246=B_SPLINE_CURVE_WITH_KNOTS('',3,(#10505,#10506,#10507,#10508,#10509),
 .UNSPECIFIED.,.F.,.F.,(4,1,4),(0.,0.162271495925863,0.302797744905627),
 .UNSPECIFIED.);
#2247=B_SPLINE_CURVE_WITH_KNOTS('',3,(#10522,#10523,#10524,#10525,#10526),
 .UNSPECIFIED.,.F.,.F.,(4,1,4),(0.,0.124097731266935,0.263046262128282),
 .UNSPECIFIED.);
#2248=B_SPLINE_CURVE_WITH_KNOTS('',3,(#10539,#10540,#10541,#10542,#10543),
 .UNSPECIFIED.,.F.,.F.,(4,1,4),(0.,0.167265582515183,0.315130258612838),
 .UNSPECIFIED.);
#2249=B_SPLINE_CURVE_WITH_KNOTS('',3,(#10556,#10557,#10558,#10559,#10560),
 .UNSPECIFIED.,.F.,.F.,(4,1,4),(0.,0.098469917609514,0.20872421878153),
 .UNSPECIFIED.);
#2250=B_SPLINE_CURVE_WITH_KNOTS('',3,(#10573,#10574,#10575,#10576,#10577),
 .UNSPECIFIED.,.F.,.F.,(4,1,4),(0.,0.10399212504212,0.200343911644322),
 .UNSPECIFIED.);
#2251=B_SPLINE_CURVE_WITH_KNOTS('',3,(#10592,#10593,#10594,#10595,#10596),
 .UNSPECIFIED.,.F.,.F.,(4,1,4),(0.,0.0418787333151684,0.0928025328917369),
 .UNSPECIFIED.);
#2252=B_SPLINE_CURVE_WITH_KNOTS('',3,(#10610,#10611,#10612,#10613,#10614),
 .UNSPECIFIED.,.F.,.F.,(4,1,4),(0.,0.0641203430317399,0.129811164476503),
 .UNSPECIFIED.);
#2253=B_SPLINE_CURVE_WITH_KNOTS('',3,(#10618,#10619,#10620,#10621,#10622),
 .UNSPECIFIED.,.F.,.F.,(4,1,4),(0.,0.0641203430317399,0.129811164476503),
 .UNSPECIFIED.);
#2254=B_SPLINE_CURVE_WITH_KNOTS('',3,(#10635,#10636,#10637,#10638,#10639),
 .UNSPECIFIED.,.F.,.F.,(4,1,4),(0.,0.0658092427760919,0.13121568826134),
 .UNSPECIFIED.);
#2255=B_SPLINE_CURVE_WITH_KNOTS('',3,(#10642,#10643,#10644,#10645,#10646),
 .UNSPECIFIED.,.F.,.F.,(4,1,4),(0.,0.0658092427760919,0.13121568826134),
 .UNSPECIFIED.);
#2256=B_SPLINE_CURVE_WITH_KNOTS('',3,(#10658,#10659,#10660,#10661,#10662),
 .UNSPECIFIED.,.F.,.F.,(4,1,4),(0.,0.107938297739779,0.187816532322182),
 .UNSPECIFIED.);
#2257=B_SPLINE_CURVE_WITH_KNOTS('',3,(#10665,#10666,#10667,#10668,#10669),
 .UNSPECIFIED.,.F.,.F.,(4,1,4),(0.,0.107938297739779,0.187816532322182),
 .UNSPECIFIED.);
#2258=B_SPLINE_CURVE_WITH_KNOTS('',3,(#10681,#10682,#10683,#10684,#10685),
 .UNSPECIFIED.,.F.,.F.,(4,1,4),(0.,0.0783239081399615,0.176978531459743),
 .UNSPECIFIED.);
#2259=B_SPLINE_CURVE_WITH_KNOTS('',3,(#10688,#10689,#10690,#10691,#10692),
 .UNSPECIFIED.,.F.,.F.,(4,1,4),(0.,0.0783239081399615,0.176978531459743),
 .UNSPECIFIED.);
#2260=B_SPLINE_CURVE_WITH_KNOTS('',3,(#10704,#10705,#10706,#10707,#10708),
 .UNSPECIFIED.,.F.,.F.,(4,1,4),(0.,0.0628168622514992,0.129271275507462),
 .UNSPECIFIED.);
#2261=B_SPLINE_CURVE_WITH_KNOTS('',3,(#10711,#10712,#10713,#10714,#10715),
 .UNSPECIFIED.,.F.,.F.,(4,1,4),(0.,0.0628168622514992,0.129271275507462),
 .UNSPECIFIED.);
#2262=B_SPLINE_CURVE_WITH_KNOTS('',3,(#10727,#10728,#10729,#10730,#10731),
 .UNSPECIFIED.,.F.,.F.,(4,1,4),(0.,0.0791048673933193,0.155455953956324),
 .UNSPECIFIED.);
#2263=B_SPLINE_CURVE_WITH_KNOTS('',3,(#10734,#10735,#10736,#10737,#10738),
 .UNSPECIFIED.,.F.,.F.,(4,1,4),(0.,0.0791048673933193,0.155455953956324),
 .UNSPECIFIED.);
#2264=B_SPLINE_CURVE_WITH_KNOTS('',3,(#10750,#10751,#10752,#10753,#10754),
 .UNSPECIFIED.,.F.,.F.,(4,1,4),(0.,0.100252634722196,0.17225780139625),
 .UNSPECIFIED.);
#2265=B_SPLINE_CURVE_WITH_KNOTS('',3,(#10757,#10758,#10759,#10760,#10761),
 .UNSPECIFIED.,.F.,.F.,(4,1,4),(0.,0.100252634722196,0.17225780139625),
 .UNSPECIFIED.);
#2266=B_SPLINE_CURVE_WITH_KNOTS('',3,(#10772,#10773,#10774,#10775,#10776),
 .UNSPECIFIED.,.F.,.F.,(4,1,4),(0.,0.0759239835648545,0.171012768505593),
 .UNSPECIFIED.);
#2267=B_SPLINE_CURVE_WITH_KNOTS('',3,(#10777,#10778,#10779,#10780,#10781),
 .UNSPECIFIED.,.F.,.F.,(4,1,4),(0.,0.0759239835648545,0.171012768505593),
 .UNSPECIFIED.);
#2268=B_SPLINE_CURVE_WITH_KNOTS('',3,(#10804,#10805,#10806,#10807,#10808),
 .UNSPECIFIED.,.F.,.F.,(4,1,4),(0.,0.116012219849381,0.238955940607906),
 .UNSPECIFIED.);
#2269=B_SPLINE_CURVE_WITH_KNOTS('',3,(#10821,#10822,#10823,#10824,#10825),
 .UNSPECIFIED.,.F.,.F.,(4,1,4),(0.,0.121579892684594,0.244837879862597),
 .UNSPECIFIED.);
#2270=B_SPLINE_CURVE_WITH_KNOTS('',3,(#10838,#10839,#10840,#10841,#10842),
 .UNSPECIFIED.,.F.,.F.,(4,1,4),(0.,0.16353123951833,0.298168848128779),
 .UNSPECIFIED.);
#2271=B_SPLINE_CURVE_WITH_KNOTS('',3,(#10855,#10856,#10857,#10858,#10859),
 .UNSPECIFIED.,.F.,.F.,(4,1,4),(0.,0.137742505376934,0.299495637633763),
 .UNSPECIFIED.);
#2272=B_SPLINE_CURVE_WITH_KNOTS('',3,(#10872,#10873,#10874,#10875,#10876),
 .UNSPECIFIED.,.F.,.F.,(4,1,4),(0.,0.118575305954798,0.242238126394987),
 .UNSPECIFIED.);
#2273=B_SPLINE_CURVE_WITH_KNOTS('',3,(#10889,#10890,#10891,#10892,#10893),
 .UNSPECIFIED.,.F.,.F.,(4,1,4),(0.,0.0647578159721615,0.126362777426555),
 .UNSPECIFIED.);
#2274=B_SPLINE_CURVE_WITH_KNOTS('',3,(#10906,#10907,#10908,#10909,#10910),
 .UNSPECIFIED.,.F.,.F.,(4,1,4),(0.,0.0725872051824045,0.140721168478642),
 .UNSPECIFIED.);
#2275=B_SPLINE_CURVE_WITH_KNOTS('',3,(#10934,#10935,#10936,#10937,#10938),
 .UNSPECIFIED.,.F.,.F.,(4,1,4),(0.,0.0546397583482254,0.145549261860922),
 .UNSPECIFIED.);
#2276=B_SPLINE_CURVE_WITH_KNOTS('',3,(#10942,#10943,#10944,#10945,#10946),
 .UNSPECIFIED.,.F.,.F.,(4,1,4),(0.,0.0546397583482254,0.145549261860922),
 .UNSPECIFIED.);
#2277=B_SPLINE_CURVE_WITH_KNOTS('',3,(#10959,#10960,#10961,#10962,#10963),
 .UNSPECIFIED.,.F.,.F.,(4,1,4),(0.,0.0463679609540562,0.0938267077196354),
 .UNSPECIFIED.);
#2278=B_SPLINE_CURVE_WITH_KNOTS('',3,(#10966,#10967,#10968,#10969,#10970),
 .UNSPECIFIED.,.F.,.F.,(4,1,4),(0.,0.0463679609540562,0.0938267077196354),
 .UNSPECIFIED.);
#2279=B_SPLINE_CURVE_WITH_KNOTS('',3,(#10982,#10983,#10984,#10985,#10986),
 .UNSPECIFIED.,.F.,.F.,(4,1,4),(0.,0.0504362723586453,0.097317711044986),
 .UNSPECIFIED.);
#2280=B_SPLINE_CURVE_WITH_KNOTS('',3,(#10989,#10990,#10991,#10992,#10993),
 .UNSPECIFIED.,.F.,.F.,(4,1,4),(0.,0.0504362723586453,0.097317711044986),
 .UNSPECIFIED.);
#2281=B_SPLINE_CURVE_WITH_KNOTS('',3,(#11005,#11006,#11007,#11008,#11009),
 .UNSPECIFIED.,.F.,.F.,(4,1,4),(0.,0.040009386918176,0.0820095730797658),
 .UNSPECIFIED.);
#2282=B_SPLINE_CURVE_WITH_KNOTS('',3,(#11012,#11013,#11014,#11015,#11016),
 .UNSPECIFIED.,.F.,.F.,(4,1,4),(0.,0.040009386918176,0.0820095730797658),
 .UNSPECIFIED.);
#2283=B_SPLINE_CURVE_WITH_KNOTS('',3,(#11028,#11029,#11030,#11031,#11032),
 .UNSPECIFIED.,.F.,.F.,(4,1,4),(0.,0.0411522102668031,0.0809051739948828),
 .UNSPECIFIED.);
#2284=B_SPLINE_CURVE_WITH_KNOTS('',3,(#11035,#11036,#11037,#11038,#11039),
 .UNSPECIFIED.,.F.,.F.,(4,1,4),(0.,0.0411522102668031,0.0809051739948828),
 .UNSPECIFIED.);
#2285=B_SPLINE_CURVE_WITH_KNOTS('',3,(#11051,#11052,#11053,#11054,#11055),
 .UNSPECIFIED.,.F.,.F.,(4,1,4),(0.,0.0996679860414108,0.160837504663477),
 .UNSPECIFIED.);
#2286=B_SPLINE_CURVE_WITH_KNOTS('',3,(#11058,#11059,#11060,#11061,#11062),
 .UNSPECIFIED.,.F.,.F.,(4,1,4),(0.,0.0996679860414108,0.160837504663477),
 .UNSPECIFIED.);
#2287=B_SPLINE_CURVE_WITH_KNOTS('',3,(#11100,#11101,#11102,#11103,#11104),
 .UNSPECIFIED.,.F.,.F.,(4,1,4),(0.,0.0891558974983288,0.210116228013355),
 .UNSPECIFIED.);
#2288=B_SPLINE_CURVE_WITH_KNOTS('',3,(#11117,#11118,#11119,#11120,#11121),
 .UNSPECIFIED.,.F.,.F.,(4,1,4),(0.,0.059849387372155,0.115502069617636),
 .UNSPECIFIED.);
#2289=B_SPLINE_CURVE_WITH_KNOTS('',3,(#11134,#11135,#11136,#11137,#11138),
 .UNSPECIFIED.,.F.,.F.,(4,1,4),(0.,0.0676604734738071,0.131044818733929),
 .UNSPECIFIED.);
#2290=B_SPLINE_CURVE_WITH_KNOTS('',3,(#11151,#11152,#11153,#11154,#11155),
 .UNSPECIFIED.,.F.,.F.,(4,1,4),(0.,0.0851653919805029,0.159602011045687),
 .UNSPECIFIED.);
#2291=B_SPLINE_CURVE_WITH_KNOTS('',3,(#11168,#11169,#11170,#11171,#11172),
 .UNSPECIFIED.,.F.,.F.,(4,1,4),(0.,0.0967032983141937,0.206041543408752),
 .UNSPECIFIED.);
#2292=B_SPLINE_CURVE_WITH_KNOTS('',3,(#11185,#11186,#11187,#11188,#11189),
 .UNSPECIFIED.,.F.,.F.,(4,1,4),(0.,0.0866632980833027,0.176581046605268),
 .UNSPECIFIED.);
#2293=B_SPLINE_CURVE_WITH_KNOTS('',3,(#11202,#11203,#11204,#11205,#11206),
 .UNSPECIFIED.,.F.,.F.,(4,1,4),(0.,0.152160887875793,0.240872114048683),
 .UNSPECIFIED.);
#2294=B_SPLINE_CURVE_WITH_KNOTS('',3,(#11230,#11231,#11232,#11233,#11234),
 .UNSPECIFIED.,.F.,.F.,(4,1,4),(0.,0.0360827508620312,0.0939236035728035),
 .UNSPECIFIED.);
#2295=B_SPLINE_CURVE_WITH_KNOTS('',3,(#11238,#11239,#11240,#11241,#11242),
 .UNSPECIFIED.,.F.,.F.,(4,1,4),(0.,0.0360827508620312,0.0939236035728035),
 .UNSPECIFIED.);
#2296=B_SPLINE_CURVE_WITH_KNOTS('',3,(#11255,#11256,#11257,#11258,#11259),
 .UNSPECIFIED.,.F.,.F.,(4,1,4),(0.,0.0407576040903651,0.0792730491008415),
 .UNSPECIFIED.);
#2297=B_SPLINE_CURVE_WITH_KNOTS('',3,(#11262,#11263,#11264,#11265,#11266),
 .UNSPECIFIED.,.F.,.F.,(4,1,4),(0.,0.0407576040903651,0.0792730491008415),
 .UNSPECIFIED.);
#2298=B_SPLINE_CURVE_WITH_KNOTS('',3,(#11278,#11279,#11280,#11281,#11282),
 .UNSPECIFIED.,.F.,.F.,(4,1,4),(0.,0.0513606810637629,0.105981169492393),
 .UNSPECIFIED.);
#2299=B_SPLINE_CURVE_WITH_KNOTS('',3,(#11285,#11286,#11287,#11288,#11289),
 .UNSPECIFIED.,.F.,.F.,(4,1,4),(0.,0.0513606810637629,0.105981169492393),
 .UNSPECIFIED.);
#2300=B_SPLINE_CURVE_WITH_KNOTS('',3,(#11301,#11302,#11303,#11304,#11305),
 .UNSPECIFIED.,.F.,.F.,(4,1,4),(0.,0.0405854276022689,0.0835085359889364),
 .UNSPECIFIED.);
#2301=B_SPLINE_CURVE_WITH_KNOTS('',3,(#11308,#11309,#11310,#11311,#11312),
 .UNSPECIFIED.,.F.,.F.,(4,1,4),(0.,0.0405854276022689,0.0835085359889364),
 .UNSPECIFIED.);
#2302=B_SPLINE_CURVE_WITH_KNOTS('',3,(#11324,#11325,#11326,#11327,#11328),
 .UNSPECIFIED.,.F.,.F.,(4,1,4),(0.,0.0382600738932896,0.0774333781687879),
 .UNSPECIFIED.);
#2303=B_SPLINE_CURVE_WITH_KNOTS('',3,(#11331,#11332,#11333,#11334,#11335),
 .UNSPECIFIED.,.F.,.F.,(4,1,4),(0.,0.0382600738932896,0.0774333781687879),
 .UNSPECIFIED.);
#2304=B_SPLINE_CURVE_WITH_KNOTS('',3,(#11347,#11348,#11349,#11350,#11351),
 .UNSPECIFIED.,.F.,.F.,(4,1,4),(0.,0.0412653070542756,0.0797716321040753),
 .UNSPECIFIED.);
#2305=B_SPLINE_CURVE_WITH_KNOTS('',3,(#11354,#11355,#11356,#11357,#11358),
 .UNSPECIFIED.,.F.,.F.,(4,1,4),(0.,0.0412653070542756,0.0797716321040753),
 .UNSPECIFIED.);
#2306=B_SPLINE_CURVE_WITH_KNOTS('',3,(#11370,#11371,#11372,#11373,#11374),
 .UNSPECIFIED.,.F.,.F.,(4,1,4),(0.,0.0681213520254483,0.109904781870842),
 .UNSPECIFIED.);
#2307=B_SPLINE_CURVE_WITH_KNOTS('',3,(#11377,#11378,#11379,#11380,#11381),
 .UNSPECIFIED.,.F.,.F.,(4,1,4),(0.,0.0681213520254483,0.109904781870842),
 .UNSPECIFIED.);
#2308=B_SPLINE_CURVE_WITH_KNOTS('',3,(#11393,#11394,#11395,#11396,#11397),
 .UNSPECIFIED.,.F.,.F.,(4,1,4),(0.,0.0494491088299169,0.120311958020153),
 .UNSPECIFIED.);
#2309=B_SPLINE_CURVE_WITH_KNOTS('',3,(#11400,#11401,#11402,#11403,#11404),
 .UNSPECIFIED.,.F.,.F.,(4,1,4),(0.,0.0494491088299169,0.120311958020153),
 .UNSPECIFIED.);
#2310=B_SPLINE_CURVE_WITH_KNOTS('',3,(#11421,#11422,#11423,#11424,#11425),
 .UNSPECIFIED.,.F.,.F.,(4,1,4),(0.,0.0458092950606258,0.0832617004065597),
 .UNSPECIFIED.);
#2311=B_SPLINE_CURVE_WITH_KNOTS('',3,(#11439,#11440,#11441,#11442,#11443),
 .UNSPECIFIED.,.F.,.F.,(4,1,4),(0.,0.0431662977050801,0.107045978189985),
 .UNSPECIFIED.);
#2312=B_SPLINE_CURVE_WITH_KNOTS('',3,(#11456,#11457,#11458,#11459,#11460),
 .UNSPECIFIED.,.F.,.F.,(4,1,4),(0.,0.0478117434242626,0.085344559868693),
 .UNSPECIFIED.);
#2313=B_SPLINE_CURVE_WITH_KNOTS('',3,(#11477,#11478,#11479,#11480,#11481),
 .UNSPECIFIED.,.F.,.F.,(4,1,4),(0.,0.116329697385476,0.192271839605608),
 .UNSPECIFIED.);
#2314=B_SPLINE_CURVE_WITH_KNOTS('',3,(#11494,#11495,#11496,#11497,#11498),
 .UNSPECIFIED.,.F.,.F.,(4,1,4),(0.,0.0688498007110892,0.159168026435794),
 .UNSPECIFIED.);
#2315=B_SPLINE_CURVE_WITH_KNOTS('',3,(#11511,#11512,#11513,#11514,#11515),
 .UNSPECIFIED.,.F.,.F.,(4,1,4),(0.,0.0551647573321756,0.111566444033819),
 .UNSPECIFIED.);
#2316=B_SPLINE_CURVE_WITH_KNOTS('',3,(#11528,#11529,#11530,#11531,#11532),
 .UNSPECIFIED.,.F.,.F.,(4,1,4),(0.,0.0585273047307465,0.114451348256671),
 .UNSPECIFIED.);
#2317=B_SPLINE_CURVE_WITH_KNOTS('',3,(#11545,#11546,#11547,#11548,#11549),
 .UNSPECIFIED.,.F.,.F.,(4,1,4),(0.,0.0840260801631591,0.170299013240707),
 .UNSPECIFIED.);
#2318=B_SPLINE_CURVE_WITH_KNOTS('',3,(#11562,#11563,#11564,#11565,#11566),
 .UNSPECIFIED.,.F.,.F.,(4,1,4),(0.,0.101162082712842,0.190026302949193),
 .UNSPECIFIED.);
#2319=B_SPLINE_CURVE_WITH_KNOTS('',3,(#11579,#11580,#11581,#11582,#11583),
 .UNSPECIFIED.,.F.,.F.,(4,1,4),(0.,0.0605198342625449,0.122370563054183),
 .UNSPECIFIED.);
#2320=B_SPLINE_CURVE_WITH_KNOTS('',3,(#11596,#11597,#11598,#11599,#11600),
 .UNSPECIFIED.,.F.,.F.,(4,1,4),(0.,0.0657885725198266,0.127686850884288),
 .UNSPECIFIED.);
#2321=B_SPLINE_CURVE_WITH_KNOTS('',3,(#11613,#11614,#11615,#11616,#11617),
 .UNSPECIFIED.,.F.,.F.,(4,1,4),(0.,0.014733907235012,0.0235241756632746),
 .UNSPECIFIED.);
#2322=B_SPLINE_CURVE_WITH_KNOTS('',3,(#11630,#11631,#11632,#11633,#11634),
 .UNSPECIFIED.,.F.,.F.,(4,1,4),(0.,0.0251336575402673,0.0595500272290116),
 .UNSPECIFIED.);
#2323=B_SPLINE_CURVE_WITH_KNOTS('',3,(#11651,#11652,#11653,#11654,#11655),
 .UNSPECIFIED.,.F.,.F.,(4,1,4),(0.,0.0488050341775474,0.103330074952839),
 .UNSPECIFIED.);
#2324=B_SPLINE_CURVE_WITH_KNOTS('',3,(#11668,#11669,#11670,#11671,#11672),
 .UNSPECIFIED.,.F.,.F.,(4,1,4),(0.,0.082995772900768,0.14130192493708),
 .UNSPECIFIED.);
#2325=B_SPLINE_CURVE_WITH_KNOTS('',3,(#11689,#11690,#11691,#11692,#11693),
 .UNSPECIFIED.,.F.,.F.,(4,1,4),(0.,0.0689736310111623,0.174471151582049),
 .UNSPECIFIED.);
#2326=B_SPLINE_CURVE_WITH_KNOTS('',3,(#11706,#11707,#11708,#11709,#11710),
 .UNSPECIFIED.,.F.,.F.,(4,1,4),(0.,0.0635984516159272,0.118678128195976),
 .UNSPECIFIED.);
#2327=B_SPLINE_CURVE_WITH_KNOTS('',3,(#11723,#11724,#11725,#11726,#11727),
 .UNSPECIFIED.,.F.,.F.,(4,1,4),(0.,0.112125954172296,0.194462741105789),
 .UNSPECIFIED.);
#2328=B_SPLINE_CURVE_WITH_KNOTS('',3,(#11740,#11741,#11742,#11743,#11744),
 .UNSPECIFIED.,.F.,.F.,(4,1,4),(0.,0.0967337284241452,0.221181678594545),
 .UNSPECIFIED.);
#2329=B_SPLINE_CURVE_WITH_KNOTS('',3,(#11757,#11758,#11759,#11760,#11761),
 .UNSPECIFIED.,.F.,.F.,(4,1,4),(0.,0.099736099770463,0.188271598486079),
 .UNSPECIFIED.);
#2330=B_SPLINE_CURVE_WITH_KNOTS('',3,(#11776,#11777,#11778,#11779,#11780),
 .UNSPECIFIED.,.F.,.F.,(4,1,4),(0.,0.03794474342044,0.0854654138764732),
 .UNSPECIFIED.);
#2331=B_SPLINE_CURVE_WITH_KNOTS('',3,(#11847,#11848,#11849,#11850,#11851),
 .UNSPECIFIED.,.F.,.F.,(4,1,4),(0.,0.0705353289997839,0.142022519018187),
 .UNSPECIFIED.);
#2332=B_SPLINE_CURVE_WITH_KNOTS('',3,(#11855,#11856,#11857,#11858,#11859),
 .UNSPECIFIED.,.F.,.F.,(4,1,4),(0.,0.0705353289997839,0.142022519018187),
 .UNSPECIFIED.);
#2333=B_SPLINE_CURVE_WITH_KNOTS('',3,(#11872,#11873,#11874,#11875,#11876),
 .UNSPECIFIED.,.F.,.F.,(4,1,4),(0.,0.0712829764522741,0.141734861250323),
 .UNSPECIFIED.);
#2334=B_SPLINE_CURVE_WITH_KNOTS('',3,(#11879,#11880,#11881,#11882,#11883),
 .UNSPECIFIED.,.F.,.F.,(4,1,4),(0.,0.0712829764522741,0.141734861250323),
 .UNSPECIFIED.);
#2335=B_SPLINE_CURVE_WITH_KNOTS('',3,(#11895,#11896,#11897,#11898,#11899),
 .UNSPECIFIED.,.F.,.F.,(4,1,4),(0.,0.094987194638809,0.174319587031724),
 .UNSPECIFIED.);
#2336=B_SPLINE_CURVE_WITH_KNOTS('',3,(#11902,#11903,#11904,#11905,#11906),
 .UNSPECIFIED.,.F.,.F.,(4,1,4),(0.,0.094987194638809,0.174319587031724),
 .UNSPECIFIED.);
#2337=B_SPLINE_CURVE_WITH_KNOTS('',3,(#11918,#11919,#11920,#11921,#11922),
 .UNSPECIFIED.,.F.,.F.,(4,1,4),(0.,0.0799313536736916,0.176946894635239),
 .UNSPECIFIED.);
#2338=B_SPLINE_CURVE_WITH_KNOTS('',3,(#11925,#11926,#11927,#11928,#11929),
 .UNSPECIFIED.,.F.,.F.,(4,1,4),(0.,0.0799313536736916,0.176946894635239),
 .UNSPECIFIED.);
#2339=B_SPLINE_CURVE_WITH_KNOTS('',3,(#11941,#11942,#11943,#11944,#11945),
 .UNSPECIFIED.,.F.,.F.,(4,1,4),(0.,0.0704519893980316,0.141734906673728),
 .UNSPECIFIED.);
#2340=B_SPLINE_CURVE_WITH_KNOTS('',3,(#11948,#11949,#11950,#11951,#11952),
 .UNSPECIFIED.,.F.,.F.,(4,1,4),(0.,0.0704519893980316,0.141734906673728),
 .UNSPECIFIED.);
#2341=B_SPLINE_CURVE_WITH_KNOTS('',3,(#11964,#11965,#11966,#11967,#11968),
 .UNSPECIFIED.,.F.,.F.,(4,1,4),(0.,0.0714870947534649,0.142022540478354),
 .UNSPECIFIED.);
#2342=B_SPLINE_CURVE_WITH_KNOTS('',3,(#11971,#11972,#11973,#11974,#11975),
 .UNSPECIFIED.,.F.,.F.,(4,1,4),(0.,0.0714870947534649,0.142022540478354),
 .UNSPECIFIED.);
#2343=B_SPLINE_CURVE_WITH_KNOTS('',3,(#11987,#11988,#11989,#11990,#11991),
 .UNSPECIFIED.,.F.,.F.,(4,1,4),(0.,0.0960126051268544,0.175767096936914),
 .UNSPECIFIED.);
#2344=B_SPLINE_CURVE_WITH_KNOTS('',3,(#11994,#11995,#11996,#11997,#11998),
 .UNSPECIFIED.,.F.,.F.,(4,1,4),(0.,0.0960126051268544,0.175767096936914),
 .UNSPECIFIED.);
#2345=B_SPLINE_CURVE_WITH_KNOTS('',3,(#12009,#12010,#12011,#12012,#12013),
 .UNSPECIFIED.,.F.,.F.,(4,1,4),(0.,0.079754549161373,0.175767079334837),
 .UNSPECIFIED.);
#2346=B_SPLINE_CURVE_WITH_KNOTS('',3,(#12014,#12015,#12016,#12017,#12018),
 .UNSPECIFIED.,.F.,.F.,(4,1,4),(0.,0.079754549161373,0.175767079334837),
 .UNSPECIFIED.);
#2347=B_SPLINE_CURVE_WITH_KNOTS('',3,(#12032,#12033,#12034,#12035,#12036),
 .UNSPECIFIED.,.F.,.F.,(4,1,4),(0.,0.0970045643665772,0.192929793986428),
 .UNSPECIFIED.);
#2348=B_SPLINE_CURVE_WITH_KNOTS('',3,(#12050,#12051,#12052,#12053,#12054),
 .UNSPECIFIED.,.F.,.F.,(4,1,4),(0.,0.0979374884526222,0.196580410555704),
 .UNSPECIFIED.);
#2349=B_SPLINE_CURVE_WITH_KNOTS('',3,(#12067,#12068,#12069,#12070,#12071),
 .UNSPECIFIED.,.F.,.F.,(4,1,4),(0.,0.144661584864833,0.294376200898821),
 .UNSPECIFIED.);
#2350=B_SPLINE_CURVE_WITH_KNOTS('',3,(#12084,#12085,#12086,#12087,#12088),
 .UNSPECIFIED.,.F.,.F.,(4,1,4),(0.,0.152645104451217,0.298446965110224),
 .UNSPECIFIED.);
#2351=B_SPLINE_CURVE_WITH_KNOTS('',3,(#12101,#12102,#12103,#12104,#12105),
 .UNSPECIFIED.,.F.,.F.,(4,1,4),(0.,0.144239879905604,0.295496937983504),
 .UNSPECIFIED.);
#2352=B_SPLINE_CURVE_WITH_KNOTS('',3,(#12118,#12119,#12120,#12121,#12122),
 .UNSPECIFIED.,.F.,.F.,(4,1,4),(0.,0.151919227821049,0.296080751151584),
 .UNSPECIFIED.);
#2353=B_SPLINE_CURVE_WITH_KNOTS('',3,(#12135,#12136,#12137,#12138,#12139),
 .UNSPECIFIED.,.F.,.F.,(4,1,4),(0.,0.0979051730257766,0.199966919902395),
 .UNSPECIFIED.);
#2354=B_SPLINE_CURVE_WITH_KNOTS('',3,(#12152,#12153,#12154,#12155,#12156),
 .UNSPECIFIED.,.F.,.F.,(4,1,4),(0.,0.0971683479807447,0.192939487994259),
 .UNSPECIFIED.);
#2355=B_SPLINE_CURVE_WITH_KNOTS('',3,(#12169,#12170,#12171,#12172,#12173),
 .UNSPECIFIED.,.F.,.F.,(4,1,4),(0.,0.0946970296194504,0.192204726035795),
 .UNSPECIFIED.);
#2356=B_SPLINE_CURVE_WITH_KNOTS('',3,(#12184,#12185,#12186,#12187,#12188),
 .UNSPECIFIED.,.F.,.F.,(4,1,4),(0.,0.102693637833833,0.218657066730169),
 .UNSPECIFIED.);
#2357=VERTEX_POINT('',#7325);
#2358=VERTEX_POINT('',#7326);
#2359=VERTEX_POINT('',#7332);
#2360=VERTEX_POINT('',#7334);
#2361=VERTEX_POINT('',#7351);
#2362=VERTEX_POINT('',#7357);
#2363=VERTEX_POINT('',#7374);
#2364=VERTEX_POINT('',#7380);
#2365=VERTEX_POINT('',#7397);
#2366=VERTEX_POINT('',#7403);
#2367=VERTEX_POINT('',#7423);
#2368=VERTEX_POINT('',#7424);
#2369=VERTEX_POINT('',#7430);
#2370=VERTEX_POINT('',#7432);
#2371=VERTEX_POINT('',#7449);
#2372=VERTEX_POINT('',#7455);
#2373=VERTEX_POINT('',#7472);
#2374=VERTEX_POINT('',#7478);
#2375=VERTEX_POINT('',#7486);
#2376=VERTEX_POINT('',#7488);
#2377=VERTEX_POINT('',#7501);
#2378=VERTEX_POINT('',#7507);
#2379=VERTEX_POINT('',#7524);
#2380=VERTEX_POINT('',#7530);
#2381=VERTEX_POINT('',#7547);
#2382=VERTEX_POINT('',#7553);
#2383=VERTEX_POINT('',#7570);
#2384=VERTEX_POINT('',#7576);
#2385=VERTEX_POINT('',#7593);
#2386=VERTEX_POINT('',#7599);
#2387=VERTEX_POINT('',#7616);
#2388=VERTEX_POINT('',#7622);
#2389=VERTEX_POINT('',#7639);
#2390=VERTEX_POINT('',#7645);
#2391=VERTEX_POINT('',#7662);
#2392=VERTEX_POINT('',#7668);
#2393=VERTEX_POINT('',#7676);
#2394=VERTEX_POINT('',#7678);
#2395=VERTEX_POINT('',#7712);
#2396=VERTEX_POINT('',#7713);
#2397=VERTEX_POINT('',#7719);
#2398=VERTEX_POINT('',#7721);
#2399=VERTEX_POINT('',#7738);
#2400=VERTEX_POINT('',#7744);
#2401=VERTEX_POINT('',#7761);
#2402=VERTEX_POINT('',#7767);
#2403=VERTEX_POINT('',#7784);
#2404=VERTEX_POINT('',#7790);
#2405=VERTEX_POINT('',#7807);
#2406=VERTEX_POINT('',#7813);
#2407=VERTEX_POINT('',#7830);
#2408=VERTEX_POINT('',#7836);
#2409=VERTEX_POINT('',#7853);
#2410=VERTEX_POINT('',#7859);
#2411=VERTEX_POINT('',#7887);
#2412=VERTEX_POINT('',#7888);
#2413=VERTEX_POINT('',#7890);
#2414=VERTEX_POINT('',#7892);
#2415=VERTEX_POINT('',#7896);
#2416=VERTEX_POINT('',#7898);
#2417=VERTEX_POINT('',#7911);
#2418=VERTEX_POINT('',#7917);
#2419=VERTEX_POINT('',#7934);
#2420=VERTEX_POINT('',#7940);
#2421=VERTEX_POINT('',#7957);
#2422=VERTEX_POINT('',#7963);
#2423=VERTEX_POINT('',#7980);
#2424=VERTEX_POINT('',#7986);
#2425=VERTEX_POINT('',#8003);
#2426=VERTEX_POINT('',#8009);
#2427=VERTEX_POINT('',#8026);
#2428=VERTEX_POINT('',#8032);
#2429=VERTEX_POINT('',#8049);
#2430=VERTEX_POINT('',#8055);
#2431=VERTEX_POINT('',#8063);
#2432=VERTEX_POINT('',#8065);
#2433=VERTEX_POINT('',#8069);
#2434=VERTEX_POINT('',#8071);
#2435=VERTEX_POINT('',#8088);
#2436=VERTEX_POINT('',#8089);
#2437=VERTEX_POINT('',#8095);
#2438=VERTEX_POINT('',#8097);
#2439=VERTEX_POINT('',#8114);
#2440=VERTEX_POINT('',#8120);
#2441=VERTEX_POINT('',#8137);
#2442=VERTEX_POINT('',#8143);
#2443=VERTEX_POINT('',#8160);
#2444=VERTEX_POINT('',#8166);
#2445=VERTEX_POINT('',#8183);
#2446=VERTEX_POINT('',#8189);
#2447=VERTEX_POINT('',#8206);
#2448=VERTEX_POINT('',#8212);
#2449=VERTEX_POINT('',#8220);
#2450=VERTEX_POINT('',#8222);
#2451=VERTEX_POINT('',#8226);
#2452=VERTEX_POINT('',#8228);
#2453=VERTEX_POINT('',#8235);
#2454=VERTEX_POINT('',#8236);
#2455=VERTEX_POINT('',#8238);
#2456=VERTEX_POINT('',#8240);
#2457=VERTEX_POINT('',#8244);
#2458=VERTEX_POINT('',#8246);
#2459=VERTEX_POINT('',#8259);
#2460=VERTEX_POINT('',#8265);
#2461=VERTEX_POINT('',#8282);
#2462=VERTEX_POINT('',#8288);
#2463=VERTEX_POINT('',#8305);
#2464=VERTEX_POINT('',#8311);
#2465=VERTEX_POINT('',#8328);
#2466=VERTEX_POINT('',#8334);
#2467=VERTEX_POINT('',#8351);
#2468=VERTEX_POINT('',#8357);
#2469=VERTEX_POINT('',#8374);
#2470=VERTEX_POINT('',#8380);
#2471=VERTEX_POINT('',#8397);
#2472=VERTEX_POINT('',#8403);
#2473=VERTEX_POINT('',#8411);
#2474=VERTEX_POINT('',#8413);
#2475=VERTEX_POINT('',#8417);
#2476=VERTEX_POINT('',#8419);
#2477=VERTEX_POINT('',#8436);
#2478=VERTEX_POINT('',#8437);
#2479=VERTEX_POINT('',#8443);
#2480=VERTEX_POINT('',#8445);
#2481=VERTEX_POINT('',#8462);
#2482=VERTEX_POINT('',#8468);
#2483=VERTEX_POINT('',#8485);
#2484=VERTEX_POINT('',#8491);
#2485=VERTEX_POINT('',#8508);
#2486=VERTEX_POINT('',#8514);
#2487=VERTEX_POINT('',#8531);
#2488=VERTEX_POINT('',#8537);
#2489=VERTEX_POINT('',#8554);
#2490=VERTEX_POINT('',#8560);
#2491=VERTEX_POINT('',#8577);
#2492=VERTEX_POINT('',#8583);
#2493=VERTEX_POINT('',#8600);
#2494=VERTEX_POINT('',#8606);
#2495=VERTEX_POINT('',#8626);
#2496=VERTEX_POINT('',#8627);
#2497=VERTEX_POINT('',#8633);
#2498=VERTEX_POINT('',#8635);
#2499=VERTEX_POINT('',#8652);
#2500=VERTEX_POINT('',#8658);
#2501=VERTEX_POINT('',#8675);
#2502=VERTEX_POINT('',#8681);
#2503=VERTEX_POINT('',#8689);
#2504=VERTEX_POINT('',#8691);
#2505=VERTEX_POINT('',#8704);
#2506=VERTEX_POINT('',#8710);
#2507=VERTEX_POINT('',#8727);
#2508=VERTEX_POINT('',#8733);
#2509=VERTEX_POINT('',#8750);
#2510=VERTEX_POINT('',#8756);
#2511=VERTEX_POINT('',#8773);
#2512=VERTEX_POINT('',#8779);
#2513=VERTEX_POINT('',#8796);
#2514=VERTEX_POINT('',#8802);
#2515=VERTEX_POINT('',#8819);
#2516=VERTEX_POINT('',#8825);
#2517=VERTEX_POINT('',#8842);
#2518=VERTEX_POINT('',#8848);
#2519=VERTEX_POINT('',#8865);
#2520=VERTEX_POINT('',#8871);
#2521=VERTEX_POINT('',#8888);
#2522=VERTEX_POINT('',#8894);
#2523=VERTEX_POINT('',#8911);
#2524=VERTEX_POINT('',#8917);
#2525=VERTEX_POINT('',#8925);
#2526=VERTEX_POINT('',#8927);
#2527=VERTEX_POINT('',#8940);
#2528=VERTEX_POINT('',#8946);
#2529=VERTEX_POINT('',#8963);
#2530=VERTEX_POINT('',#8969);
#2531=VERTEX_POINT('',#8977);
#2532=VERTEX_POINT('',#8979);
#2533=VERTEX_POINT('',#8992);
#2534=VERTEX_POINT('',#8998);
#2535=VERTEX_POINT('',#9015);
#2536=VERTEX_POINT('',#9021);
#2537=VERTEX_POINT('',#9038);
#2538=VERTEX_POINT('',#9044);
#2539=VERTEX_POINT('',#9061);
#2540=VERTEX_POINT('',#9067);
#2541=VERTEX_POINT('',#9084);
#2542=VERTEX_POINT('',#9090);
#2543=VERTEX_POINT('',#9098);
#2544=VERTEX_POINT('',#9100);
#2545=VERTEX_POINT('',#9125);
#2546=VERTEX_POINT('',#9126);
#2547=VERTEX_POINT('',#9128);
#2548=VERTEX_POINT('',#9130);
#2549=VERTEX_POINT('',#9134);
#2550=VERTEX_POINT('',#9136);
#2551=VERTEX_POINT('',#9140);
#2552=VERTEX_POINT('',#9142);
#2553=VERTEX_POINT('',#9146);
#2554=VERTEX_POINT('',#9148);
#2555=VERTEX_POINT('',#9152);
#2556=VERTEX_POINT('',#9154);
#2557=VERTEX_POINT('',#9158);
#2558=VERTEX_POINT('',#9160);
#2559=VERTEX_POINT('',#9164);
#2560=VERTEX_POINT('',#9166);
#2561=VERTEX_POINT('',#9170);
#2562=VERTEX_POINT('',#9172);
#2563=VERTEX_POINT('',#9176);
#2564=VERTEX_POINT('',#9178);
#2565=VERTEX_POINT('',#9182);
#2566=VERTEX_POINT('',#9184);
#2567=VERTEX_POINT('',#9188);
#2568=VERTEX_POINT('',#9190);
#2569=VERTEX_POINT('',#9194);
#2570=VERTEX_POINT('',#9196);
#2571=VERTEX_POINT('',#9213);
#2572=VERTEX_POINT('',#9214);
#2573=VERTEX_POINT('',#9220);
#2574=VERTEX_POINT('',#9222);
#2575=VERTEX_POINT('',#9239);
#2576=VERTEX_POINT('',#9245);
#2577=VERTEX_POINT('',#9262);
#2578=VERTEX_POINT('',#9268);
#2579=VERTEX_POINT('',#9285);
#2580=VERTEX_POINT('',#9291);
#2581=VERTEX_POINT('',#9308);
#2582=VERTEX_POINT('',#9314);
#2583=VERTEX_POINT('',#9331);
#2584=VERTEX_POINT('',#9337);
#2585=VERTEX_POINT('',#9354);
#2586=VERTEX_POINT('',#9360);
#2587=VERTEX_POINT('',#9397);
#2588=VERTEX_POINT('',#9398);
#2589=VERTEX_POINT('',#9404);
#2590=VERTEX_POINT('',#9406);
#2591=VERTEX_POINT('',#9423);
#2592=VERTEX_POINT('',#9429);
#2593=VERTEX_POINT('',#9446);
#2594=VERTEX_POINT('',#9452);
#2595=VERTEX_POINT('',#9469);
#2596=VERTEX_POINT('',#9475);
#2597=VERTEX_POINT('',#9492);
#2598=VERTEX_POINT('',#9498);
#2599=VERTEX_POINT('',#9515);
#2600=VERTEX_POINT('',#9521);
#2601=VERTEX_POINT('',#9538);
#2602=VERTEX_POINT('',#9544);
#2603=VERTEX_POINT('',#9561);
#2604=VERTEX_POINT('',#9567);
#2605=VERTEX_POINT('',#9584);
#2606=VERTEX_POINT('',#9590);
#2607=VERTEX_POINT('',#9619);
#2608=VERTEX_POINT('',#9620);
#2609=VERTEX_POINT('',#9622);
#2610=VERTEX_POINT('',#9624);
#2611=VERTEX_POINT('',#9628);
#2612=VERTEX_POINT('',#9630);
#2613=VERTEX_POINT('',#9634);
#2614=VERTEX_POINT('',#9636);
#2615=VERTEX_POINT('',#9640);
#2616=VERTEX_POINT('',#9642);
#2617=VERTEX_POINT('',#9646);
#2618=VERTEX_POINT('',#9648);
#2619=VERTEX_POINT('',#9652);
#2620=VERTEX_POINT('',#9654);
#2621=VERTEX_POINT('',#9658);
#2622=VERTEX_POINT('',#9660);
#2623=VERTEX_POINT('',#9664);
#2624=VERTEX_POINT('',#9666);
#2625=VERTEX_POINT('',#9670);
#2626=VERTEX_POINT('',#9672);
#2627=VERTEX_POINT('',#9680);
#2628=VERTEX_POINT('',#9681);
#2629=VERTEX_POINT('',#9683);
#2630=VERTEX_POINT('',#9685);
#2631=VERTEX_POINT('',#9687);
#2632=VERTEX_POINT('',#9689);
#2633=VERTEX_POINT('',#9691);
#2634=VERTEX_POINT('',#9693);
#2635=VERTEX_POINT('',#9696);
#2636=VERTEX_POINT('',#9698);
#2637=VERTEX_POINT('',#9700);
#2638=VERTEX_POINT('',#9702);
#2639=VERTEX_POINT('',#9709);
#2640=VERTEX_POINT('',#9710);
#2641=VERTEX_POINT('',#9715);
#2642=VERTEX_POINT('',#9717);
#2643=VERTEX_POINT('',#9719);
#2644=VERTEX_POINT('',#9721);
#2645=VERTEX_POINT('',#9723);
#2646=VERTEX_POINT('',#9725);
#2647=VERTEX_POINT('',#9727);
#2648=VERTEX_POINT('',#9729);
#2649=VERTEX_POINT('',#9731);
#2650=VERTEX_POINT('',#9733);
#2651=VERTEX_POINT('',#9735);
#2652=VERTEX_POINT('',#9737);
#2653=VERTEX_POINT('',#9739);
#2654=VERTEX_POINT('',#9741);
#2655=VERTEX_POINT('',#9744);
#2656=VERTEX_POINT('',#9746);
#2657=VERTEX_POINT('',#9748);
#2658=VERTEX_POINT('',#9750);
#2659=VERTEX_POINT('',#9764);
#2660=VERTEX_POINT('',#9766);
#2661=VERTEX_POINT('',#9770);
#2662=VERTEX_POINT('',#9772);
#2663=VERTEX_POINT('',#9779);
#2664=VERTEX_POINT('',#9781);
#2665=VERTEX_POINT('',#9785);
#2666=VERTEX_POINT('',#9795);
#2667=VERTEX_POINT('',#9807);
#2668=VERTEX_POINT('',#9808);
#2669=VERTEX_POINT('',#9810);
#2670=VERTEX_POINT('',#9812);
#2671=VERTEX_POINT('',#9816);
#2672=VERTEX_POINT('',#9818);
#2673=VERTEX_POINT('',#9820);
#2674=VERTEX_POINT('',#9822);
#2675=VERTEX_POINT('',#9824);
#2676=VERTEX_POINT('',#9826);
#2677=VERTEX_POINT('',#9829);
#2678=VERTEX_POINT('',#9830);
#2679=VERTEX_POINT('',#9832);
#2680=VERTEX_POINT('',#9834);
#2681=VERTEX_POINT('',#9837);
#2682=VERTEX_POINT('',#9838);
#2683=VERTEX_POINT('',#9840);
#2684=VERTEX_POINT('',#9842);
#2685=VERTEX_POINT('',#9845);
#2686=VERTEX_POINT('',#9846);
#2687=VERTEX_POINT('',#9848);
#2688=VERTEX_POINT('',#9850);
#2689=VERTEX_POINT('',#9852);
#2690=VERTEX_POINT('',#9854);
#2691=VERTEX_POINT('',#9856);
#2692=VERTEX_POINT('',#9858);
#2693=VERTEX_POINT('',#9860);
#2694=VERTEX_POINT('',#9862);
#2695=VERTEX_POINT('',#9865);
#2696=VERTEX_POINT('',#9866);
#2697=VERTEX_POINT('',#9872);
#2698=VERTEX_POINT('',#9878);
#2699=VERTEX_POINT('',#9884);
#2700=VERTEX_POINT('',#9890);
#2701=VERTEX_POINT('',#9896);
#2702=VERTEX_POINT('',#9902);
#2703=VERTEX_POINT('',#9908);
#2704=VERTEX_POINT('',#9914);
#2705=VERTEX_POINT('',#9925);
#2706=VERTEX_POINT('',#9926);
#2707=VERTEX_POINT('',#9928);
#2708=VERTEX_POINT('',#9930);
#2709=VERTEX_POINT('',#9932);
#2710=VERTEX_POINT('',#9934);
#2711=VERTEX_POINT('',#9936);
#2712=VERTEX_POINT('',#9938);
#2713=VERTEX_POINT('',#9940);
#2714=VERTEX_POINT('',#9942);
#2715=VERTEX_POINT('',#9944);
#2716=VERTEX_POINT('',#9946);
#2717=VERTEX_POINT('',#9948);
#2718=VERTEX_POINT('',#9951);
#2719=VERTEX_POINT('',#9952);
#2720=VERTEX_POINT('',#9958);
#2721=VERTEX_POINT('',#9964);
#2722=VERTEX_POINT('',#9966);
#2723=VERTEX_POINT('',#9972);
#2724=VERTEX_POINT('',#9978);
#2725=VERTEX_POINT('',#9984);
#2726=VERTEX_POINT('',#9990);
#2727=VERTEX_POINT('',#9996);
#2728=VERTEX_POINT('',#9998);
#2729=VERTEX_POINT('',#10004);
#2730=VERTEX_POINT('',#10010);
#2731=VERTEX_POINT('',#10012);
#2732=VERTEX_POINT('',#10018);
#2733=VERTEX_POINT('',#10024);
#2734=VERTEX_POINT('',#10030);
#2735=VERTEX_POINT('',#10036);
#2736=VERTEX_POINT('',#10042);
#2737=VERTEX_POINT('',#10048);
#2738=VERTEX_POINT('',#10054);
#2739=VERTEX_POINT('',#10060);
#2740=VERTEX_POINT('',#10066);
#2741=VERTEX_POINT('',#10072);
#2742=VERTEX_POINT('',#10074);
#2743=VERTEX_POINT('',#10085);
#2744=VERTEX_POINT('',#10086);
#2745=VERTEX_POINT('',#10088);
#2746=VERTEX_POINT('',#10090);
#2747=VERTEX_POINT('',#10092);
#2748=VERTEX_POINT('',#10094);
#2749=VERTEX_POINT('',#10100);
#2750=VERTEX_POINT('',#10106);
#2751=VERTEX_POINT('',#10112);
#2752=VERTEX_POINT('',#10118);
#2753=VERTEX_POINT('',#10124);
#2754=VERTEX_POINT('',#10130);
#2755=VERTEX_POINT('',#10137);
#2756=VERTEX_POINT('',#10138);
#2757=VERTEX_POINT('',#10140);
#2758=VERTEX_POINT('',#10142);
#2759=VERTEX_POINT('',#10144);
#2760=VERTEX_POINT('',#10146);
#2761=VERTEX_POINT('',#10152);
#2762=VERTEX_POINT('',#10158);
#2763=VERTEX_POINT('',#10164);
#2764=VERTEX_POINT('',#10170);
#2765=VERTEX_POINT('',#10176);
#2766=VERTEX_POINT('',#10182);
#2767=VERTEX_POINT('',#10189);
#2768=VERTEX_POINT('',#10190);
#2769=VERTEX_POINT('',#10196);
#2770=VERTEX_POINT('',#10202);
#2771=VERTEX_POINT('',#10204);
#2772=VERTEX_POINT('',#10210);
#2773=VERTEX_POINT('',#10216);
#2774=VERTEX_POINT('',#10222);
#2775=VERTEX_POINT('',#10228);
#2776=VERTEX_POINT('',#10234);
#2777=VERTEX_POINT('',#10240);
#2778=VERTEX_POINT('',#10246);
#2779=VERTEX_POINT('',#10252);
#2780=VERTEX_POINT('',#10254);
#2781=VERTEX_POINT('',#10266);
#2782=VERTEX_POINT('',#10270);
#2783=VERTEX_POINT('',#10274);
#2784=VERTEX_POINT('',#10276);
#2785=VERTEX_POINT('',#10280);
#2786=VERTEX_POINT('',#10284);
#2787=VERTEX_POINT('',#10297);
#2788=VERTEX_POINT('',#10298);
#2789=VERTEX_POINT('',#10304);
#2790=VERTEX_POINT('',#10306);
#2791=VERTEX_POINT('',#10323);
#2792=VERTEX_POINT('',#10329);
#2793=VERTEX_POINT('',#10346);
#2794=VERTEX_POINT('',#10352);
#2795=VERTEX_POINT('',#10369);
#2796=VERTEX_POINT('',#10375);
#2797=VERTEX_POINT('',#10395);
#2798=VERTEX_POINT('',#10397);
#2799=VERTEX_POINT('',#10414);
#2800=VERTEX_POINT('',#10431);
#2801=VERTEX_POINT('',#10439);
#2802=VERTEX_POINT('',#10452);
#2803=VERTEX_POINT('',#10469);
#2804=VERTEX_POINT('',#10486);
#2805=VERTEX_POINT('',#10503);
#2806=VERTEX_POINT('',#10520);
#2807=VERTEX_POINT('',#10537);
#2808=VERTEX_POINT('',#10554);
#2809=VERTEX_POINT('',#10571);
#2810=VERTEX_POINT('',#10579);
#2811=VERTEX_POINT('',#10608);
#2812=VERTEX_POINT('',#10609);
#2813=VERTEX_POINT('',#10615);
#2814=VERTEX_POINT('',#10617);
#2815=VERTEX_POINT('',#10634);
#2816=VERTEX_POINT('',#10640);
#2817=VERTEX_POINT('',#10657);
#2818=VERTEX_POINT('',#10663);
#2819=VERTEX_POINT('',#10680);
#2820=VERTEX_POINT('',#10686);
#2821=VERTEX_POINT('',#10703);
#2822=VERTEX_POINT('',#10709);
#2823=VERTEX_POINT('',#10726);
#2824=VERTEX_POINT('',#10732);
#2825=VERTEX_POINT('',#10749);
#2826=VERTEX_POINT('',#10755);
#2827=VERTEX_POINT('',#10783);
#2828=VERTEX_POINT('',#10785);
#2829=VERTEX_POINT('',#10789);
#2830=VERTEX_POINT('',#10802);
#2831=VERTEX_POINT('',#10819);
#2832=VERTEX_POINT('',#10836);
#2833=VERTEX_POINT('',#10853);
#2834=VERTEX_POINT('',#10870);
#2835=VERTEX_POINT('',#10887);
#2836=VERTEX_POINT('',#10904);
#2837=VERTEX_POINT('',#10912);
#2838=VERTEX_POINT('',#10916);
#2839=VERTEX_POINT('',#10932);
#2840=VERTEX_POINT('',#10933);
#2841=VERTEX_POINT('',#10939);
#2842=VERTEX_POINT('',#10941);
#2843=VERTEX_POINT('',#10958);
#2844=VERTEX_POINT('',#10964);
#2845=VERTEX_POINT('',#10981);
#2846=VERTEX_POINT('',#10987);
#2847=VERTEX_POINT('',#11004);
#2848=VERTEX_POINT('',#11010);
#2849=VERTEX_POINT('',#11027);
#2850=VERTEX_POINT('',#11033);
#2851=VERTEX_POINT('',#11050);
#2852=VERTEX_POINT('',#11056);
#2853=VERTEX_POINT('',#11064);
#2854=VERTEX_POINT('',#11066);
#2855=VERTEX_POINT('',#11070);
#2856=VERTEX_POINT('',#11072);
#2857=VERTEX_POINT('',#11079);
#2858=VERTEX_POINT('',#11081);
#2859=VERTEX_POINT('',#11085);
#2860=VERTEX_POINT('',#11098);
#2861=VERTEX_POINT('',#11115);
#2862=VERTEX_POINT('',#11132);
#2863=VERTEX_POINT('',#11149);
#2864=VERTEX_POINT('',#11166);
#2865=VERTEX_POINT('',#11183);
#2866=VERTEX_POINT('',#11200);
#2867=VERTEX_POINT('',#11208);
#2868=VERTEX_POINT('',#11212);
#2869=VERTEX_POINT('',#11228);
#2870=VERTEX_POINT('',#11229);
#2871=VERTEX_POINT('',#11235);
#2872=VERTEX_POINT('',#11237);
#2873=VERTEX_POINT('',#11254);
#2874=VERTEX_POINT('',#11260);
#2875=VERTEX_POINT('',#11277);
#2876=VERTEX_POINT('',#11283);
#2877=VERTEX_POINT('',#11300);
#2878=VERTEX_POINT('',#11306);
#2879=VERTEX_POINT('',#11323);
#2880=VERTEX_POINT('',#11329);
#2881=VERTEX_POINT('',#11346);
#2882=VERTEX_POINT('',#11352);
#2883=VERTEX_POINT('',#11369);
#2884=VERTEX_POINT('',#11375);
#2885=VERTEX_POINT('',#11392);
#2886=VERTEX_POINT('',#11398);
#2887=VERTEX_POINT('',#11418);
#2888=VERTEX_POINT('',#11420);
#2889=VERTEX_POINT('',#11437);
#2890=VERTEX_POINT('',#11454);
#2891=VERTEX_POINT('',#11462);
#2892=VERTEX_POINT('',#11475);
#2893=VERTEX_POINT('',#11492);
#2894=VERTEX_POINT('',#11509);
#2895=VERTEX_POINT('',#11526);
#2896=VERTEX_POINT('',#11543);
#2897=VERTEX_POINT('',#11560);
#2898=VERTEX_POINT('',#11577);
#2899=VERTEX_POINT('',#11594);
#2900=VERTEX_POINT('',#11611);
#2901=VERTEX_POINT('',#11628);
#2902=VERTEX_POINT('',#11636);
#2903=VERTEX_POINT('',#11649);
#2904=VERTEX_POINT('',#11666);
#2905=VERTEX_POINT('',#11674);
#2906=VERTEX_POINT('',#11687);
#2907=VERTEX_POINT('',#11704);
#2908=VERTEX_POINT('',#11721);
#2909=VERTEX_POINT('',#11738);
#2910=VERTEX_POINT('',#11755);
#2911=VERTEX_POINT('',#11763);
#2912=VERTEX_POINT('',#11783);
#2913=VERTEX_POINT('',#11785);
#2914=VERTEX_POINT('',#11789);
#2915=VERTEX_POINT('',#11793);
#2916=VERTEX_POINT('',#11797);
#2917=VERTEX_POINT('',#11801);
#2918=VERTEX_POINT('',#11805);
#2919=VERTEX_POINT('',#11809);
#2920=VERTEX_POINT('',#11813);
#2921=VERTEX_POINT('',#11817);
#2922=VERTEX_POINT('',#11821);
#2923=VERTEX_POINT('',#11825);
#2924=VERTEX_POINT('',#11829);
#2925=VERTEX_POINT('',#11845);
#2926=VERTEX_POINT('',#11846);
#2927=VERTEX_POINT('',#11852);
#2928=VERTEX_POINT('',#11854);
#2929=VERTEX_POINT('',#11871);
#2930=VERTEX_POINT('',#11877);
#2931=VERTEX_POINT('',#11894);
#2932=VERTEX_POINT('',#11900);
#2933=VERTEX_POINT('',#11917);
#2934=VERTEX_POINT('',#11923);
#2935=VERTEX_POINT('',#11940);
#2936=VERTEX_POINT('',#11946);
#2937=VERTEX_POINT('',#11963);
#2938=VERTEX_POINT('',#11969);
#2939=VERTEX_POINT('',#11986);
#2940=VERTEX_POINT('',#11992);
#2941=VERTEX_POINT('',#12029);
#2942=VERTEX_POINT('',#12031);
#2943=VERTEX_POINT('',#12048);
#2944=VERTEX_POINT('',#12065);
#2945=VERTEX_POINT('',#12082);
#2946=VERTEX_POINT('',#12099);
#2947=VERTEX_POINT('',#12116);
#2948=VERTEX_POINT('',#12133);
#2949=VERTEX_POINT('',#12150);
#2950=VERTEX_POINT('',#12167);
#2951=VERTEX_POINT('',#12191);
#2952=VERTEX_POINT('',#12193);
#2953=VERTEX_POINT('',#12197);
#2954=VERTEX_POINT('',#12201);
#2955=VERTEX_POINT('',#12205);
#2956=VERTEX_POINT('',#12209);
#2957=VERTEX_POINT('',#12213);
#2958=VERTEX_POINT('',#12217);
#2959=VERTEX_POINT('',#12221);
#2960=VERTEX_POINT('',#12225);
#2961=VERTEX_POINT('',#12236);
#2962=VERTEX_POINT('',#12237);
#2963=VERTEX_POINT('',#12242);
#2964=VERTEX_POINT('',#12246);
#2965=VERTEX_POINT('',#12252);
#2966=VERTEX_POINT('',#12253);
#2967=VERTEX_POINT('',#12258);
#2968=VERTEX_POINT('',#12262);
#2969=EDGE_CURVE('',#2357,#2358,#1993,.T.);
#2970=EDGE_CURVE('',#2357,#2359,#933,.T.);
#2971=EDGE_CURVE('',#2359,#2360,#1994,.T.);
#2972=EDGE_CURVE('',#2358,#2360,#934,.T.);
#2973=EDGE_CURVE('',#2361,#2357,#1995,.T.);
#2974=EDGE_CURVE('',#2361,#2362,#935,.T.);
#2975=EDGE_CURVE('',#2362,#2359,#1996,.T.);
#2976=EDGE_CURVE('',#2363,#2361,#1997,.T.);
#2977=EDGE_CURVE('',#2363,#2364,#936,.T.);
#2978=EDGE_CURVE('',#2364,#2362,#1998,.T.);
#2979=EDGE_CURVE('',#2365,#2363,#1999,.T.);
#2980=EDGE_CURVE('',#2365,#2366,#937,.T.);
#2981=EDGE_CURVE('',#2366,#2364,#2000,.T.);
#2982=EDGE_CURVE('',#2358,#2365,#938,.T.);
#2983=EDGE_CURVE('',#2360,#2366,#939,.T.);
#2984=EDGE_CURVE('',#2367,#2368,#2001,.T.);
#2985=EDGE_CURVE('',#2367,#2369,#940,.T.);
#2986=EDGE_CURVE('',#2369,#2370,#2002,.T.);
#2987=EDGE_CURVE('',#2368,#2370,#941,.T.);
#2988=EDGE_CURVE('',#2371,#2367,#2003,.T.);
#2989=EDGE_CURVE('',#2371,#2372,#942,.T.);
#2990=EDGE_CURVE('',#2372,#2369,#2004,.T.);
#2991=EDGE_CURVE('',#2373,#2371,#2005,.T.);
#2992=EDGE_CURVE('',#2373,#2374,#943,.T.);
#2993=EDGE_CURVE('',#2374,#2372,#2006,.T.);
#2994=EDGE_CURVE('',#2375,#2373,#944,.T.);
#2995=EDGE_CURVE('',#2375,#2376,#945,.T.);
#2996=EDGE_CURVE('',#2376,#2374,#946,.T.);
#2997=EDGE_CURVE('',#2377,#2375,#2007,.T.);
#2998=EDGE_CURVE('',#2377,#2378,#947,.T.);
#2999=EDGE_CURVE('',#2378,#2376,#2008,.T.);
#3000=EDGE_CURVE('',#2379,#2377,#2009,.T.);
#3001=EDGE_CURVE('',#2379,#2380,#948,.T.);
#3002=EDGE_CURVE('',#2380,#2378,#2010,.T.);
#3003=EDGE_CURVE('',#2381,#2379,#2011,.T.);
#3004=EDGE_CURVE('',#2381,#2382,#949,.T.);
#3005=EDGE_CURVE('',#2382,#2380,#2012,.T.);
#3006=EDGE_CURVE('',#2383,#2381,#2013,.T.);
#3007=EDGE_CURVE('',#2383,#2384,#950,.T.);
#3008=EDGE_CURVE('',#2384,#2382,#2014,.T.);
#3009=EDGE_CURVE('',#2385,#2383,#2015,.T.);
#3010=EDGE_CURVE('',#2385,#2386,#951,.T.);
#3011=EDGE_CURVE('',#2386,#2384,#2016,.T.);
#3012=EDGE_CURVE('',#2387,#2385,#2017,.T.);
#3013=EDGE_CURVE('',#2387,#2388,#952,.T.);
#3014=EDGE_CURVE('',#2388,#2386,#2018,.T.);
#3015=EDGE_CURVE('',#2389,#2387,#2019,.T.);
#3016=EDGE_CURVE('',#2389,#2390,#953,.T.);
#3017=EDGE_CURVE('',#2390,#2388,#2020,.T.);
#3018=EDGE_CURVE('',#2391,#2389,#2021,.T.);
#3019=EDGE_CURVE('',#2391,#2392,#954,.T.);
#3020=EDGE_CURVE('',#2392,#2390,#2022,.T.);
#3021=EDGE_CURVE('',#2393,#2391,#955,.T.);
#3022=EDGE_CURVE('',#2393,#2394,#956,.T.);
#3023=EDGE_CURVE('',#2394,#2392,#957,.T.);
#3024=EDGE_CURVE('',#2368,#2393,#2023,.T.);
#3025=EDGE_CURVE('',#2370,#2394,#2024,.T.);
#3026=EDGE_CURVE('',#2395,#2396,#2025,.T.);
#3027=EDGE_CURVE('',#2395,#2397,#958,.T.);
#3028=EDGE_CURVE('',#2397,#2398,#2026,.T.);
#3029=EDGE_CURVE('',#2396,#2398,#959,.T.);
#3030=EDGE_CURVE('',#2399,#2395,#2027,.T.);
#3031=EDGE_CURVE('',#2399,#2400,#960,.T.);
#3032=EDGE_CURVE('',#2400,#2397,#2028,.T.);
#3033=EDGE_CURVE('',#2401,#2399,#2029,.T.);
#3034=EDGE_CURVE('',#2401,#2402,#961,.T.);
#3035=EDGE_CURVE('',#2402,#2400,#2030,.T.);
#3036=EDGE_CURVE('',#2403,#2401,#2031,.T.);
#3037=EDGE_CURVE('',#2403,#2404,#962,.T.);
#3038=EDGE_CURVE('',#2404,#2402,#2032,.T.);
#3039=EDGE_CURVE('',#2405,#2403,#2033,.T.);
#3040=EDGE_CURVE('',#2405,#2406,#963,.T.);
#3041=EDGE_CURVE('',#2406,#2404,#2034,.T.);
#3042=EDGE_CURVE('',#2407,#2405,#2035,.T.);
#3043=EDGE_CURVE('',#2407,#2408,#964,.T.);
#3044=EDGE_CURVE('',#2408,#2406,#2036,.T.);
#3045=EDGE_CURVE('',#2409,#2407,#2037,.T.);
#3046=EDGE_CURVE('',#2409,#2410,#965,.T.);
#3047=EDGE_CURVE('',#2410,#2408,#2038,.T.);
#3048=EDGE_CURVE('',#2396,#2409,#2039,.T.);
#3049=EDGE_CURVE('',#2398,#2410,#2040,.T.);
#3050=EDGE_CURVE('',#2411,#2412,#966,.T.);
#3051=EDGE_CURVE('',#2411,#2413,#967,.T.);
#3052=EDGE_CURVE('',#2413,#2414,#968,.T.);
#3053=EDGE_CURVE('',#2412,#2414,#969,.T.);
#3054=EDGE_CURVE('',#2415,#2411,#970,.T.);
#3055=EDGE_CURVE('',#2415,#2416,#971,.T.);
#3056=EDGE_CURVE('',#2416,#2413,#972,.T.);
#3057=EDGE_CURVE('',#2417,#2415,#2041,.T.);
#3058=EDGE_CURVE('',#2417,#2418,#973,.T.);
#3059=EDGE_CURVE('',#2418,#2416,#2042,.T.);
#3060=EDGE_CURVE('',#2419,#2417,#2043,.T.);
#3061=EDGE_CURVE('',#2419,#2420,#974,.T.);
#3062=EDGE_CURVE('',#2420,#2418,#2044,.T.);
#3063=EDGE_CURVE('',#2421,#2419,#2045,.T.);
#3064=EDGE_CURVE('',#2421,#2422,#975,.T.);
#3065=EDGE_CURVE('',#2422,#2420,#2046,.T.);
#3066=EDGE_CURVE('',#2423,#2421,#2047,.T.);
#3067=EDGE_CURVE('',#2423,#2424,#976,.T.);
#3068=EDGE_CURVE('',#2424,#2422,#2048,.T.);
#3069=EDGE_CURVE('',#2425,#2423,#2049,.T.);
#3070=EDGE_CURVE('',#2425,#2426,#977,.T.);
#3071=EDGE_CURVE('',#2426,#2424,#2050,.T.);
#3072=EDGE_CURVE('',#2427,#2425,#2051,.T.);
#3073=EDGE_CURVE('',#2427,#2428,#978,.T.);
#3074=EDGE_CURVE('',#2428,#2426,#2052,.T.);
#3075=EDGE_CURVE('',#2429,#2427,#2053,.T.);
#3076=EDGE_CURVE('',#2429,#2430,#979,.T.);
#3077=EDGE_CURVE('',#2430,#2428,#2054,.T.);
#3078=EDGE_CURVE('',#2431,#2429,#980,.T.);
#3079=EDGE_CURVE('',#2431,#2432,#981,.T.);
#3080=EDGE_CURVE('',#2432,#2430,#982,.T.);
#3081=EDGE_CURVE('',#2433,#2431,#983,.T.);
#3082=EDGE_CURVE('',#2433,#2434,#984,.T.);
#3083=EDGE_CURVE('',#2434,#2432,#985,.T.);
#3084=EDGE_CURVE('',#2412,#2433,#986,.T.);
#3085=EDGE_CURVE('',#2414,#2434,#987,.T.);
#3086=EDGE_CURVE('',#2435,#2436,#2055,.T.);
#3087=EDGE_CURVE('',#2435,#2437,#988,.T.);
#3088=EDGE_CURVE('',#2437,#2438,#2056,.T.);
#3089=EDGE_CURVE('',#2436,#2438,#989,.T.);
#3090=EDGE_CURVE('',#2439,#2435,#2057,.T.);
#3091=EDGE_CURVE('',#2439,#2440,#990,.T.);
#3092=EDGE_CURVE('',#2440,#2437,#2058,.T.);
#3093=EDGE_CURVE('',#2441,#2439,#2059,.T.);
#3094=EDGE_CURVE('',#2441,#2442,#991,.T.);
#3095=EDGE_CURVE('',#2442,#2440,#2060,.T.);
#3096=EDGE_CURVE('',#2443,#2441,#2061,.T.);
#3097=EDGE_CURVE('',#2443,#2444,#992,.T.);
#3098=EDGE_CURVE('',#2444,#2442,#2062,.T.);
#3099=EDGE_CURVE('',#2445,#2443,#2063,.T.);
#3100=EDGE_CURVE('',#2445,#2446,#993,.T.);
#3101=EDGE_CURVE('',#2446,#2444,#2064,.T.);
#3102=EDGE_CURVE('',#2447,#2445,#2065,.T.);
#3103=EDGE_CURVE('',#2447,#2448,#994,.T.);
#3104=EDGE_CURVE('',#2448,#2446,#2066,.T.);
#3105=EDGE_CURVE('',#2449,#2447,#995,.T.);
#3106=EDGE_CURVE('',#2449,#2450,#996,.T.);
#3107=EDGE_CURVE('',#2450,#2448,#997,.T.);
#3108=EDGE_CURVE('',#2451,#2449,#998,.T.);
#3109=EDGE_CURVE('',#2451,#2452,#999,.T.);
#3110=EDGE_CURVE('',#2452,#2450,#1000,.T.);
#3111=EDGE_CURVE('',#2436,#2451,#1001,.T.);
#3112=EDGE_CURVE('',#2438,#2452,#1002,.T.);
#3113=EDGE_CURVE('',#2453,#2454,#1003,.T.);
#3114=EDGE_CURVE('',#2453,#2455,#1004,.T.);
#3115=EDGE_CURVE('',#2455,#2456,#1005,.T.);
#3116=EDGE_CURVE('',#2454,#2456,#1006,.T.);
#3117=EDGE_CURVE('',#2457,#2453,#1007,.T.);
#3118=EDGE_CURVE('',#2457,#2458,#1008,.T.);
#3119=EDGE_CURVE('',#2458,#2455,#1009,.T.);
#3120=EDGE_CURVE('',#2459,#2457,#2067,.T.);
#3121=EDGE_CURVE('',#2459,#2460,#1010,.T.);
#3122=EDGE_CURVE('',#2460,#2458,#2068,.T.);
#3123=EDGE_CURVE('',#2461,#2459,#2069,.T.);
#3124=EDGE_CURVE('',#2461,#2462,#1011,.T.);
#3125=EDGE_CURVE('',#2462,#2460,#2070,.T.);
#3126=EDGE_CURVE('',#2463,#2461,#2071,.T.);
#3127=EDGE_CURVE('',#2463,#2464,#1012,.T.);
#3128=EDGE_CURVE('',#2464,#2462,#2072,.T.);
#3129=EDGE_CURVE('',#2465,#2463,#2073,.T.);
#3130=EDGE_CURVE('',#2465,#2466,#1013,.T.);
#3131=EDGE_CURVE('',#2466,#2464,#2074,.T.);
#3132=EDGE_CURVE('',#2467,#2465,#2075,.T.);
#3133=EDGE_CURVE('',#2467,#2468,#1014,.T.);
#3134=EDGE_CURVE('',#2468,#2466,#2076,.T.);
#3135=EDGE_CURVE('',#2469,#2467,#2077,.T.);
#3136=EDGE_CURVE('',#2469,#2470,#1015,.T.);
#3137=EDGE_CURVE('',#2470,#2468,#2078,.T.);
#3138=EDGE_CURVE('',#2471,#2469,#2079,.T.);
#3139=EDGE_CURVE('',#2471,#2472,#1016,.T.);
#3140=EDGE_CURVE('',#2472,#2470,#2080,.T.);
#3141=EDGE_CURVE('',#2473,#2471,#1017,.T.);
#3142=EDGE_CURVE('',#2473,#2474,#1018,.T.);
#3143=EDGE_CURVE('',#2474,#2472,#1019,.T.);
#3144=EDGE_CURVE('',#2475,#2473,#1020,.T.);
#3145=EDGE_CURVE('',#2475,#2476,#1021,.T.);
#3146=EDGE_CURVE('',#2476,#2474,#1022,.T.);
#3147=EDGE_CURVE('',#2454,#2475,#1023,.T.);
#3148=EDGE_CURVE('',#2456,#2476,#1024,.T.);
#3149=EDGE_CURVE('',#2477,#2478,#2081,.T.);
#3150=EDGE_CURVE('',#2477,#2479,#1025,.T.);
#3151=EDGE_CURVE('',#2479,#2480,#2082,.T.);
#3152=EDGE_CURVE('',#2478,#2480,#1026,.T.);
#3153=EDGE_CURVE('',#2481,#2477,#2083,.T.);
#3154=EDGE_CURVE('',#2481,#2482,#1027,.T.);
#3155=EDGE_CURVE('',#2482,#2479,#2084,.T.);
#3156=EDGE_CURVE('',#2483,#2481,#2085,.T.);
#3157=EDGE_CURVE('',#2483,#2484,#1028,.T.);
#3158=EDGE_CURVE('',#2484,#2482,#2086,.T.);
#3159=EDGE_CURVE('',#2485,#2483,#2087,.T.);
#3160=EDGE_CURVE('',#2485,#2486,#1029,.T.);
#3161=EDGE_CURVE('',#2486,#2484,#2088,.T.);
#3162=EDGE_CURVE('',#2487,#2485,#2089,.T.);
#3163=EDGE_CURVE('',#2487,#2488,#1030,.T.);
#3164=EDGE_CURVE('',#2488,#2486,#2090,.T.);
#3165=EDGE_CURVE('',#2489,#2487,#2091,.T.);
#3166=EDGE_CURVE('',#2489,#2490,#1031,.T.);
#3167=EDGE_CURVE('',#2490,#2488,#2092,.T.);
#3168=EDGE_CURVE('',#2491,#2489,#2093,.T.);
#3169=EDGE_CURVE('',#2491,#2492,#1032,.T.);
#3170=EDGE_CURVE('',#2492,#2490,#2094,.T.);
#3171=EDGE_CURVE('',#2493,#2491,#2095,.T.);
#3172=EDGE_CURVE('',#2493,#2494,#1033,.T.);
#3173=EDGE_CURVE('',#2494,#2492,#2096,.T.);
#3174=EDGE_CURVE('',#2478,#2493,#1034,.T.);
#3175=EDGE_CURVE('',#2480,#2494,#1035,.T.);
#3176=EDGE_CURVE('',#2495,#2496,#2097,.T.);
#3177=EDGE_CURVE('',#2495,#2497,#1036,.T.);
#3178=EDGE_CURVE('',#2497,#2498,#2098,.T.);
#3179=EDGE_CURVE('',#2496,#2498,#1037,.T.);
#3180=EDGE_CURVE('',#2499,#2495,#2099,.T.);
#3181=EDGE_CURVE('',#2499,#2500,#1038,.T.);
#3182=EDGE_CURVE('',#2500,#2497,#2100,.T.);
#3183=EDGE_CURVE('',#2501,#2499,#2101,.T.);
#3184=EDGE_CURVE('',#2501,#2502,#1039,.T.);
#3185=EDGE_CURVE('',#2502,#2500,#2102,.T.);
#3186=EDGE_CURVE('',#2503,#2501,#1040,.T.);
#3187=EDGE_CURVE('',#2503,#2504,#1041,.T.);
#3188=EDGE_CURVE('',#2504,#2502,#1042,.T.);
#3189=EDGE_CURVE('',#2505,#2503,#2103,.T.);
#3190=EDGE_CURVE('',#2505,#2506,#1043,.T.);
#3191=EDGE_CURVE('',#2506,#2504,#2104,.T.);
#3192=EDGE_CURVE('',#2507,#2505,#2105,.T.);
#3193=EDGE_CURVE('',#2507,#2508,#1044,.T.);
#3194=EDGE_CURVE('',#2508,#2506,#2106,.T.);
#3195=EDGE_CURVE('',#2509,#2507,#2107,.T.);
#3196=EDGE_CURVE('',#2509,#2510,#1045,.T.);
#3197=EDGE_CURVE('',#2510,#2508,#2108,.T.);
#3198=EDGE_CURVE('',#2511,#2509,#2109,.T.);
#3199=EDGE_CURVE('',#2511,#2512,#1046,.T.);
#3200=EDGE_CURVE('',#2512,#2510,#2110,.T.);
#3201=EDGE_CURVE('',#2513,#2511,#2111,.T.);
#3202=EDGE_CURVE('',#2513,#2514,#1047,.T.);
#3203=EDGE_CURVE('',#2514,#2512,#2112,.T.);
#3204=EDGE_CURVE('',#2515,#2513,#2113,.T.);
#3205=EDGE_CURVE('',#2515,#2516,#1048,.T.);
#3206=EDGE_CURVE('',#2516,#2514,#2114,.T.);
#3207=EDGE_CURVE('',#2517,#2515,#2115,.T.);
#3208=EDGE_CURVE('',#2517,#2518,#1049,.T.);
#3209=EDGE_CURVE('',#2518,#2516,#2116,.T.);
#3210=EDGE_CURVE('',#2519,#2517,#2117,.T.);
#3211=EDGE_CURVE('',#2519,#2520,#1050,.T.);
#3212=EDGE_CURVE('',#2520,#2518,#2118,.T.);
#3213=EDGE_CURVE('',#2521,#2519,#2119,.T.);
#3214=EDGE_CURVE('',#2521,#2522,#1051,.T.);
#3215=EDGE_CURVE('',#2522,#2520,#2120,.T.);
#3216=EDGE_CURVE('',#2523,#2521,#2121,.T.);
#3217=EDGE_CURVE('',#2523,#2524,#1052,.T.);
#3218=EDGE_CURVE('',#2524,#2522,#2122,.T.);
#3219=EDGE_CURVE('',#2525,#2523,#1053,.T.);
#3220=EDGE_CURVE('',#2525,#2526,#1054,.T.);
#3221=EDGE_CURVE('',#2526,#2524,#1055,.T.);
#3222=EDGE_CURVE('',#2527,#2525,#2123,.T.);
#3223=EDGE_CURVE('',#2527,#2528,#1056,.T.);
#3224=EDGE_CURVE('',#2528,#2526,#2124,.T.);
#3225=EDGE_CURVE('',#2529,#2527,#2125,.T.);
#3226=EDGE_CURVE('',#2529,#2530,#1057,.T.);
#3227=EDGE_CURVE('',#2530,#2528,#2126,.T.);
#3228=EDGE_CURVE('',#2531,#2529,#1058,.T.);
#3229=EDGE_CURVE('',#2531,#2532,#1059,.T.);
#3230=EDGE_CURVE('',#2532,#2530,#1060,.T.);
#3231=EDGE_CURVE('',#2533,#2531,#2127,.T.);
#3232=EDGE_CURVE('',#2533,#2534,#1061,.T.);
#3233=EDGE_CURVE('',#2534,#2532,#2128,.T.);
#3234=EDGE_CURVE('',#2535,#2533,#2129,.T.);
#3235=EDGE_CURVE('',#2535,#2536,#1062,.T.);
#3236=EDGE_CURVE('',#2536,#2534,#2130,.T.);
#3237=EDGE_CURVE('',#2537,#2535,#2131,.T.);
#3238=EDGE_CURVE('',#2537,#2538,#1063,.T.);
#3239=EDGE_CURVE('',#2538,#2536,#2132,.T.);
#3240=EDGE_CURVE('',#2539,#2537,#2133,.T.);
#3241=EDGE_CURVE('',#2539,#2540,#1064,.T.);
#3242=EDGE_CURVE('',#2540,#2538,#2134,.T.);
#3243=EDGE_CURVE('',#2541,#2539,#2135,.T.);
#3244=EDGE_CURVE('',#2541,#2542,#1065,.T.);
#3245=EDGE_CURVE('',#2542,#2540,#2136,.T.);
#3246=EDGE_CURVE('',#2543,#2541,#1066,.T.);
#3247=EDGE_CURVE('',#2543,#2544,#1067,.T.);
#3248=EDGE_CURVE('',#2544,#2542,#1068,.T.);
#3249=EDGE_CURVE('',#2496,#2543,#2137,.T.);
#3250=EDGE_CURVE('',#2498,#2544,#2138,.T.);
#3251=EDGE_CURVE('',#2545,#2546,#1069,.T.);
#3252=EDGE_CURVE('',#2545,#2547,#1070,.T.);
#3253=EDGE_CURVE('',#2547,#2548,#1071,.T.);
#3254=EDGE_CURVE('',#2546,#2548,#1072,.T.);
#3255=EDGE_CURVE('',#2549,#2545,#1073,.T.);
#3256=EDGE_CURVE('',#2549,#2550,#1074,.T.);
#3257=EDGE_CURVE('',#2550,#2547,#1075,.T.);
#3258=EDGE_CURVE('',#2551,#2549,#1076,.T.);
#3259=EDGE_CURVE('',#2551,#2552,#1077,.T.);
#3260=EDGE_CURVE('',#2552,#2550,#1078,.T.);
#3261=EDGE_CURVE('',#2553,#2551,#1079,.T.);
#3262=EDGE_CURVE('',#2553,#2554,#1080,.T.);
#3263=EDGE_CURVE('',#2554,#2552,#1081,.T.);
#3264=EDGE_CURVE('',#2555,#2553,#1082,.T.);
#3265=EDGE_CURVE('',#2555,#2556,#1083,.T.);
#3266=EDGE_CURVE('',#2556,#2554,#1084,.T.);
#3267=EDGE_CURVE('',#2557,#2555,#1085,.T.);
#3268=EDGE_CURVE('',#2557,#2558,#1086,.T.);
#3269=EDGE_CURVE('',#2558,#2556,#1087,.T.);
#3270=EDGE_CURVE('',#2559,#2557,#1088,.T.);
#3271=EDGE_CURVE('',#2559,#2560,#1089,.T.);
#3272=EDGE_CURVE('',#2560,#2558,#1090,.T.);
#3273=EDGE_CURVE('',#2561,#2559,#1091,.T.);
#3274=EDGE_CURVE('',#2561,#2562,#1092,.T.);
#3275=EDGE_CURVE('',#2562,#2560,#1093,.T.);
#3276=EDGE_CURVE('',#2563,#2561,#1094,.T.);
#3277=EDGE_CURVE('',#2563,#2564,#1095,.T.);
#3278=EDGE_CURVE('',#2564,#2562,#1096,.T.);
#3279=EDGE_CURVE('',#2565,#2563,#1097,.T.);
#3280=EDGE_CURVE('',#2565,#2566,#1098,.T.);
#3281=EDGE_CURVE('',#2566,#2564,#1099,.T.);
#3282=EDGE_CURVE('',#2567,#2565,#1100,.T.);
#3283=EDGE_CURVE('',#2567,#2568,#1101,.T.);
#3284=EDGE_CURVE('',#2568,#2566,#1102,.T.);
#3285=EDGE_CURVE('',#2569,#2567,#1103,.T.);
#3286=EDGE_CURVE('',#2569,#2570,#1104,.T.);
#3287=EDGE_CURVE('',#2570,#2568,#1105,.T.);
#3288=EDGE_CURVE('',#2546,#2569,#1106,.T.);
#3289=EDGE_CURVE('',#2548,#2570,#1107,.T.);
#3290=EDGE_CURVE('',#2571,#2572,#2139,.T.);
#3291=EDGE_CURVE('',#2571,#2573,#1108,.T.);
#3292=EDGE_CURVE('',#2573,#2574,#2140,.T.);
#3293=EDGE_CURVE('',#2572,#2574,#1109,.T.);
#3294=EDGE_CURVE('',#2575,#2571,#2141,.T.);
#3295=EDGE_CURVE('',#2575,#2576,#1110,.T.);
#3296=EDGE_CURVE('',#2576,#2573,#2142,.T.);
#3297=EDGE_CURVE('',#2577,#2575,#2143,.T.);
#3298=EDGE_CURVE('',#2577,#2578,#1111,.T.);
#3299=EDGE_CURVE('',#2578,#2576,#2144,.T.);
#3300=EDGE_CURVE('',#2579,#2577,#2145,.T.);
#3301=EDGE_CURVE('',#2579,#2580,#1112,.T.);
#3302=EDGE_CURVE('',#2580,#2578,#2146,.T.);
#3303=EDGE_CURVE('',#2581,#2579,#2147,.T.);
#3304=EDGE_CURVE('',#2581,#2582,#1113,.T.);
#3305=EDGE_CURVE('',#2582,#2580,#2148,.T.);
#3306=EDGE_CURVE('',#2583,#2581,#2149,.T.);
#3307=EDGE_CURVE('',#2583,#2584,#1114,.T.);
#3308=EDGE_CURVE('',#2584,#2582,#2150,.T.);
#3309=EDGE_CURVE('',#2585,#2583,#2151,.T.);
#3310=EDGE_CURVE('',#2585,#2586,#1115,.T.);
#3311=EDGE_CURVE('',#2586,#2584,#2152,.T.);
#3312=EDGE_CURVE('',#2572,#2585,#2153,.T.);
#3313=EDGE_CURVE('',#2574,#2586,#2154,.T.);
#3314=EDGE_CURVE('',#2587,#2588,#2155,.T.);
#3315=EDGE_CURVE('',#2587,#2589,#1116,.T.);
#3316=EDGE_CURVE('',#2589,#2590,#2156,.T.);
#3317=EDGE_CURVE('',#2588,#2590,#1117,.T.);
#3318=EDGE_CURVE('',#2591,#2587,#2157,.T.);
#3319=EDGE_CURVE('',#2591,#2592,#1118,.T.);
#3320=EDGE_CURVE('',#2592,#2589,#2158,.T.);
#3321=EDGE_CURVE('',#2593,#2591,#2159,.T.);
#3322=EDGE_CURVE('',#2593,#2594,#1119,.T.);
#3323=EDGE_CURVE('',#2594,#2592,#2160,.T.);
#3324=EDGE_CURVE('',#2595,#2593,#2161,.T.);
#3325=EDGE_CURVE('',#2595,#2596,#1120,.T.);
#3326=EDGE_CURVE('',#2596,#2594,#2162,.T.);
#3327=EDGE_CURVE('',#2597,#2595,#2163,.T.);
#3328=EDGE_CURVE('',#2597,#2598,#1121,.T.);
#3329=EDGE_CURVE('',#2598,#2596,#2164,.T.);
#3330=EDGE_CURVE('',#2599,#2597,#2165,.T.);
#3331=EDGE_CURVE('',#2599,#2600,#1122,.T.);
#3332=EDGE_CURVE('',#2600,#2598,#2166,.T.);
#3333=EDGE_CURVE('',#2601,#2599,#2167,.T.);
#3334=EDGE_CURVE('',#2601,#2602,#1123,.T.);
#3335=EDGE_CURVE('',#2602,#2600,#2168,.T.);
#3336=EDGE_CURVE('',#2603,#2601,#2169,.T.);
#3337=EDGE_CURVE('',#2603,#2604,#1124,.T.);
#3338=EDGE_CURVE('',#2604,#2602,#2170,.T.);
#3339=EDGE_CURVE('',#2605,#2603,#2171,.T.);
#3340=EDGE_CURVE('',#2605,#2606,#1125,.T.);
#3341=EDGE_CURVE('',#2606,#2604,#2172,.T.);
#3342=EDGE_CURVE('',#2588,#2605,#2173,.T.);
#3343=EDGE_CURVE('',#2590,#2606,#2174,.T.);
#3344=EDGE_CURVE('',#2607,#2608,#1126,.T.);
#3345=EDGE_CURVE('',#2607,#2609,#1127,.T.);
#3346=EDGE_CURVE('',#2609,#2610,#1128,.T.);
#3347=EDGE_CURVE('',#2608,#2610,#1129,.T.);
#3348=EDGE_CURVE('',#2611,#2607,#1130,.T.);
#3349=EDGE_CURVE('',#2611,#2612,#1131,.T.);
#3350=EDGE_CURVE('',#2612,#2609,#1132,.T.);
#3351=EDGE_CURVE('',#2613,#2611,#1133,.T.);
#3352=EDGE_CURVE('',#2613,#2614,#1134,.T.);
#3353=EDGE_CURVE('',#2614,#2612,#1135,.T.);
#3354=EDGE_CURVE('',#2615,#2613,#1136,.T.);
#3355=EDGE_CURVE('',#2615,#2616,#1137,.T.);
#3356=EDGE_CURVE('',#2616,#2614,#1138,.T.);
#3357=EDGE_CURVE('',#2617,#2615,#1139,.T.);
#3358=EDGE_CURVE('',#2617,#2618,#1140,.T.);
#3359=EDGE_CURVE('',#2618,#2616,#1141,.T.);
#3360=EDGE_CURVE('',#2619,#2617,#1142,.T.);
#3361=EDGE_CURVE('',#2619,#2620,#1143,.T.);
#3362=EDGE_CURVE('',#2620,#2618,#1144,.T.);
#3363=EDGE_CURVE('',#2621,#2619,#1145,.T.);
#3364=EDGE_CURVE('',#2621,#2622,#1146,.T.);
#3365=EDGE_CURVE('',#2622,#2620,#1147,.T.);
#3366=EDGE_CURVE('',#2623,#2621,#1148,.T.);
#3367=EDGE_CURVE('',#2623,#2624,#1149,.T.);
#3368=EDGE_CURVE('',#2624,#2622,#1150,.T.);
#3369=EDGE_CURVE('',#2625,#2623,#1151,.T.);
#3370=EDGE_CURVE('',#2625,#2626,#1152,.T.);
#3371=EDGE_CURVE('',#2626,#2624,#1153,.T.);
#3372=EDGE_CURVE('',#2608,#2625,#1154,.T.);
#3373=EDGE_CURVE('',#2610,#2626,#1155,.T.);
#3374=EDGE_CURVE('',#2627,#2628,#29,.T.);
#3375=EDGE_CURVE('',#2627,#2629,#1156,.T.);
#3376=EDGE_CURVE('',#2630,#2629,#30,.T.);
#3377=EDGE_CURVE('',#2630,#2631,#1157,.T.);
#3378=EDGE_CURVE('',#2632,#2631,#31,.T.);
#3379=EDGE_CURVE('',#2632,#2633,#1158,.T.);
#3380=EDGE_CURVE('',#2634,#2633,#32,.T.);
#3381=EDGE_CURVE('',#2634,#2628,#1159,.T.);
#3382=EDGE_CURVE('',#2635,#2635,#33,.T.);
#3383=EDGE_CURVE('',#2636,#2636,#34,.T.);
#3384=EDGE_CURVE('',#2637,#2637,#35,.T.);
#3385=EDGE_CURVE('',#2638,#2638,#36,.T.);
#3386=EDGE_CURVE('',#2639,#2640,#37,.T.);
#3387=EDGE_CURVE('',#2640,#2627,#1160,.T.);
#3388=EDGE_CURVE('',#2628,#2639,#1161,.T.);
#3389=EDGE_CURVE('',#2639,#2641,#1162,.T.);
#3390=EDGE_CURVE('',#2642,#2641,#38,.T.);
#3391=EDGE_CURVE('',#2642,#2643,#1163,.T.);
#3392=EDGE_CURVE('',#2644,#2643,#39,.T.);
#3393=EDGE_CURVE('',#2644,#2645,#1164,.T.);
#3394=EDGE_CURVE('',#2646,#2645,#40,.T.);
#3395=EDGE_CURVE('',#2646,#2647,#1165,.T.);
#3396=EDGE_CURVE('',#2647,#2648,#1166,.T.);
#3397=EDGE_CURVE('',#2648,#2649,#1167,.T.);
#3398=EDGE_CURVE('',#2649,#2650,#1168,.T.);
#3399=EDGE_CURVE('',#2650,#2651,#1169,.T.);
#3400=EDGE_CURVE('',#2651,#2652,#1170,.T.);
#3401=EDGE_CURVE('',#2652,#2653,#1171,.T.);
#3402=EDGE_CURVE('',#2653,#2654,#1172,.T.);
#3403=EDGE_CURVE('',#2654,#2640,#1173,.T.);
#3404=EDGE_CURVE('',#2655,#2655,#41,.T.);
#3405=EDGE_CURVE('',#2656,#2656,#42,.T.);
#3406=EDGE_CURVE('',#2657,#2657,#43,.T.);
#3407=EDGE_CURVE('',#2658,#2658,#44,.T.);
#3408=EDGE_CURVE('',#2641,#2634,#1174,.T.);
#3409=EDGE_CURVE('',#2633,#2642,#1175,.T.);
#3410=EDGE_CURVE('',#2643,#2632,#1176,.T.);
#3411=EDGE_CURVE('',#2631,#2644,#1177,.T.);
#3412=EDGE_CURVE('',#2645,#2630,#1178,.T.);
#3413=EDGE_CURVE('',#2629,#2646,#1179,.T.);
#3414=EDGE_CURVE('',#2659,#2647,#1180,.T.);
#3415=EDGE_CURVE('',#2659,#2660,#1181,.T.);
#3416=EDGE_CURVE('',#2648,#2660,#1182,.T.);
#3417=EDGE_CURVE('',#2661,#2653,#1183,.T.);
#3418=EDGE_CURVE('',#2661,#2662,#1184,.T.);
#3419=EDGE_CURVE('',#2654,#2662,#1185,.T.);
#3420=EDGE_CURVE('',#2660,#2661,#1186,.T.);
#3421=EDGE_CURVE('',#2662,#2659,#1187,.T.);
#3422=EDGE_CURVE('',#2663,#2652,#1188,.T.);
#3423=EDGE_CURVE('',#2664,#2663,#1189,.T.);
#3424=EDGE_CURVE('',#2664,#2649,#1190,.T.);
#3425=EDGE_CURVE('',#2663,#2665,#1191,.T.);
#3426=EDGE_CURVE('',#2665,#2651,#1192,.T.);
#3427=EDGE_CURVE('',#2655,#2638,#1193,.T.);
#3428=EDGE_CURVE('',#2656,#2637,#1194,.T.);
#3429=EDGE_CURVE('',#2657,#2636,#1195,.T.);
#3430=EDGE_CURVE('',#2665,#2666,#1196,.T.);
#3431=EDGE_CURVE('',#2666,#2650,#1197,.T.);
#3432=EDGE_CURVE('',#2666,#2664,#1198,.T.);
#3433=EDGE_CURVE('',#2658,#2635,#1199,.T.);
#3434=EDGE_CURVE('',#2667,#2668,#45,.T.);
#3435=EDGE_CURVE('',#2668,#2669,#1200,.T.);
#3436=EDGE_CURVE('',#2669,#2670,#46,.T.);
#3437=EDGE_CURVE('',#2670,#2667,#1201,.T.);
#3438=EDGE_CURVE('',#2667,#2671,#1202,.T.);
#3439=EDGE_CURVE('',#2672,#2671,#47,.T.);
#3440=EDGE_CURVE('',#2672,#2673,#1203,.T.);
#3441=EDGE_CURVE('',#2674,#2673,#48,.T.);
#3442=EDGE_CURVE('',#2674,#2675,#1204,.T.);
#3443=EDGE_CURVE('',#2676,#2675,#49,.T.);
#3444=EDGE_CURVE('',#2676,#2668,#1205,.T.);
#3445=EDGE_CURVE('',#2677,#2678,#1206,.T.);
#3446=EDGE_CURVE('',#2678,#2679,#1207,.T.);
#3447=EDGE_CURVE('',#2679,#2680,#1208,.T.);
#3448=EDGE_CURVE('',#2680,#2677,#1209,.T.);
#3449=EDGE_CURVE('',#2681,#2682,#1210,.T.);
#3450=EDGE_CURVE('',#2682,#2683,#1211,.T.);
#3451=EDGE_CURVE('',#2683,#2684,#1212,.T.);
#3452=EDGE_CURVE('',#2684,#2681,#1213,.T.);
#3453=EDGE_CURVE('',#2685,#2686,#1214,.T.);
#3454=EDGE_CURVE('',#2686,#2687,#1215,.T.);
#3455=EDGE_CURVE('',#2687,#2688,#1216,.T.);
#3456=EDGE_CURVE('',#2688,#2689,#1217,.T.);
#3457=EDGE_CURVE('',#2689,#2690,#1218,.T.);
#3458=EDGE_CURVE('',#2690,#2691,#1219,.T.);
#3459=EDGE_CURVE('',#2691,#2692,#1220,.T.);
#3460=EDGE_CURVE('',#2692,#2693,#1221,.T.);
#3461=EDGE_CURVE('',#2693,#2694,#1222,.T.);
#3462=EDGE_CURVE('',#2694,#2685,#1223,.T.);
#3463=EDGE_CURVE('',#2695,#2696,#2175,.T.);
#3464=EDGE_CURVE('',#2696,#2697,#2176,.T.);
#3465=EDGE_CURVE('',#2697,#2698,#2177,.T.);
#3466=EDGE_CURVE('',#2698,#2699,#2178,.T.);
#3467=EDGE_CURVE('',#2699,#2700,#2179,.T.);
#3468=EDGE_CURVE('',#2700,#2701,#2180,.T.);
#3469=EDGE_CURVE('',#2701,#2702,#2181,.T.);
#3470=EDGE_CURVE('',#2702,#2703,#2182,.T.);
#3471=EDGE_CURVE('',#2703,#2704,#2183,.T.);
#3472=EDGE_CURVE('',#2704,#2695,#2184,.T.);
#3473=EDGE_CURVE('',#2705,#2706,#1224,.T.);
#3474=EDGE_CURVE('',#2706,#2707,#1225,.T.);
#3475=EDGE_CURVE('',#2707,#2708,#1226,.T.);
#3476=EDGE_CURVE('',#2708,#2709,#1227,.T.);
#3477=EDGE_CURVE('',#2709,#2710,#1228,.T.);
#3478=EDGE_CURVE('',#2710,#2711,#1229,.T.);
#3479=EDGE_CURVE('',#2711,#2712,#1230,.T.);
#3480=EDGE_CURVE('',#2712,#2713,#1231,.T.);
#3481=EDGE_CURVE('',#2713,#2714,#1232,.T.);
#3482=EDGE_CURVE('',#2714,#2715,#1233,.T.);
#3483=EDGE_CURVE('',#2715,#2716,#1234,.T.);
#3484=EDGE_CURVE('',#2716,#2717,#1235,.T.);
#3485=EDGE_CURVE('',#2717,#2705,#1236,.T.);
#3486=EDGE_CURVE('',#2718,#2719,#2185,.T.);
#3487=EDGE_CURVE('',#2719,#2720,#2186,.T.);
#3488=EDGE_CURVE('',#2720,#2721,#1237,.T.);
#3489=EDGE_CURVE('',#2721,#2722,#2187,.T.);
#3490=EDGE_CURVE('',#2722,#2723,#2188,.T.);
#3491=EDGE_CURVE('',#2723,#2724,#2189,.T.);
#3492=EDGE_CURVE('',#2724,#2725,#2190,.T.);
#3493=EDGE_CURVE('',#2725,#2726,#2191,.T.);
#3494=EDGE_CURVE('',#2726,#2727,#1238,.T.);
#3495=EDGE_CURVE('',#2727,#2728,#2192,.T.);
#3496=EDGE_CURVE('',#2728,#2729,#2193,.T.);
#3497=EDGE_CURVE('',#2729,#2730,#1239,.T.);
#3498=EDGE_CURVE('',#2730,#2731,#2194,.T.);
#3499=EDGE_CURVE('',#2731,#2732,#2195,.T.);
#3500=EDGE_CURVE('',#2732,#2733,#2196,.T.);
#3501=EDGE_CURVE('',#2733,#2734,#2197,.T.);
#3502=EDGE_CURVE('',#2734,#2735,#2198,.T.);
#3503=EDGE_CURVE('',#2735,#2736,#2199,.T.);
#3504=EDGE_CURVE('',#2736,#2737,#2200,.T.);
#3505=EDGE_CURVE('',#2737,#2738,#2201,.T.);
#3506=EDGE_CURVE('',#2738,#2739,#2202,.T.);
#3507=EDGE_CURVE('',#2739,#2740,#2203,.T.);
#3508=EDGE_CURVE('',#2740,#2741,#1240,.T.);
#3509=EDGE_CURVE('',#2741,#2742,#2204,.T.);
#3510=EDGE_CURVE('',#2742,#2718,#2205,.T.);
#3511=EDGE_CURVE('',#2743,#2744,#1241,.T.);
#3512=EDGE_CURVE('',#2744,#2745,#1242,.T.);
#3513=EDGE_CURVE('',#2745,#2746,#1243,.T.);
#3514=EDGE_CURVE('',#2746,#2747,#1244,.T.);
#3515=EDGE_CURVE('',#2747,#2748,#2206,.T.);
#3516=EDGE_CURVE('',#2748,#2749,#2207,.T.);
#3517=EDGE_CURVE('',#2749,#2750,#2208,.T.);
#3518=EDGE_CURVE('',#2750,#2751,#2209,.T.);
#3519=EDGE_CURVE('',#2751,#2752,#2210,.T.);
#3520=EDGE_CURVE('',#2752,#2753,#2211,.T.);
#3521=EDGE_CURVE('',#2753,#2754,#2212,.T.);
#3522=EDGE_CURVE('',#2754,#2743,#1245,.T.);
#3523=EDGE_CURVE('',#2755,#2756,#1246,.T.);
#3524=EDGE_CURVE('',#2756,#2757,#1247,.T.);
#3525=EDGE_CURVE('',#2757,#2758,#1248,.T.);
#3526=EDGE_CURVE('',#2758,#2759,#1249,.T.);
#3527=EDGE_CURVE('',#2759,#2760,#2213,.T.);
#3528=EDGE_CURVE('',#2760,#2761,#2214,.T.);
#3529=EDGE_CURVE('',#2761,#2762,#2215,.T.);
#3530=EDGE_CURVE('',#2762,#2763,#2216,.T.);
#3531=EDGE_CURVE('',#2763,#2764,#2217,.T.);
#3532=EDGE_CURVE('',#2764,#2765,#2218,.T.);
#3533=EDGE_CURVE('',#2765,#2766,#2219,.T.);
#3534=EDGE_CURVE('',#2766,#2755,#1250,.T.);
#3535=EDGE_CURVE('',#2767,#2768,#2220,.T.);
#3536=EDGE_CURVE('',#2768,#2769,#2221,.T.);
#3537=EDGE_CURVE('',#2769,#2770,#1251,.T.);
#3538=EDGE_CURVE('',#2770,#2771,#2222,.T.);
#3539=EDGE_CURVE('',#2771,#2772,#2223,.T.);
#3540=EDGE_CURVE('',#2772,#2773,#2224,.T.);
#3541=EDGE_CURVE('',#2773,#2774,#2225,.T.);
#3542=EDGE_CURVE('',#2774,#2775,#2226,.T.);
#3543=EDGE_CURVE('',#2775,#2776,#2227,.T.);
#3544=EDGE_CURVE('',#2776,#2777,#2228,.T.);
#3545=EDGE_CURVE('',#2777,#2778,#2229,.T.);
#3546=EDGE_CURVE('',#2778,#2779,#1252,.T.);
#3547=EDGE_CURVE('',#2779,#2780,#2230,.T.);
#3548=EDGE_CURVE('',#2780,#2767,#2231,.T.);
#3549=EDGE_CURVE('',#2781,#2670,#1253,.T.);
#3550=EDGE_CURVE('',#2671,#2781,#1254,.T.);
#3551=EDGE_CURVE('',#2781,#2782,#50,.T.);
#3552=EDGE_CURVE('',#2782,#2672,#1255,.T.);
#3553=EDGE_CURVE('',#2673,#2783,#1256,.T.);
#3554=EDGE_CURVE('',#2783,#2784,#51,.T.);
#3555=EDGE_CURVE('',#2784,#2674,#1257,.T.);
#3556=EDGE_CURVE('',#2785,#2784,#1258,.T.);
#3557=EDGE_CURVE('',#2675,#2785,#1259,.T.);
#3558=EDGE_CURVE('',#2785,#2786,#52,.T.);
#3559=EDGE_CURVE('',#2786,#2676,#1260,.T.);
#3560=EDGE_CURVE('',#2787,#2788,#2232,.T.);
#3561=EDGE_CURVE('',#2787,#2789,#1261,.T.);
#3562=EDGE_CURVE('',#2789,#2790,#2233,.T.);
#3563=EDGE_CURVE('',#2788,#2790,#1262,.T.);
#3564=EDGE_CURVE('',#2791,#2787,#2234,.T.);
#3565=EDGE_CURVE('',#2791,#2792,#1263,.T.);
#3566=EDGE_CURVE('',#2792,#2789,#2235,.T.);
#3567=EDGE_CURVE('',#2793,#2791,#2236,.T.);
#3568=EDGE_CURVE('',#2793,#2794,#1264,.T.);
#3569=EDGE_CURVE('',#2794,#2792,#2237,.T.);
#3570=EDGE_CURVE('',#2795,#2793,#2238,.T.);
#3571=EDGE_CURVE('',#2795,#2796,#1265,.T.);
#3572=EDGE_CURVE('',#2796,#2794,#2239,.T.);
#3573=EDGE_CURVE('',#2788,#2795,#1266,.T.);
#3574=EDGE_CURVE('',#2790,#2796,#1267,.T.);
#3575=EDGE_CURVE('',#2767,#2797,#1268,.T.);
#3576=EDGE_CURVE('',#2797,#2798,#2240,.T.);
#3577=EDGE_CURVE('',#2768,#2798,#1269,.T.);
#3578=EDGE_CURVE('',#2780,#2799,#1270,.T.);
#3579=EDGE_CURVE('',#2799,#2797,#2241,.T.);
#3580=EDGE_CURVE('',#2779,#2800,#1271,.T.);
#3581=EDGE_CURVE('',#2800,#2799,#2242,.T.);
#3582=EDGE_CURVE('',#2778,#2801,#1272,.T.);
#3583=EDGE_CURVE('',#2801,#2800,#1273,.T.);
#3584=EDGE_CURVE('',#2777,#2802,#1274,.T.);
#3585=EDGE_CURVE('',#2802,#2801,#2243,.T.);
#3586=EDGE_CURVE('',#2776,#2803,#1275,.T.);
#3587=EDGE_CURVE('',#2803,#2802,#2244,.T.);
#3588=EDGE_CURVE('',#2775,#2804,#1276,.T.);
#3589=EDGE_CURVE('',#2804,#2803,#2245,.T.);
#3590=EDGE_CURVE('',#2774,#2805,#1277,.T.);
#3591=EDGE_CURVE('',#2805,#2804,#2246,.T.);
#3592=EDGE_CURVE('',#2773,#2806,#1278,.T.);
#3593=EDGE_CURVE('',#2806,#2805,#2247,.T.);
#3594=EDGE_CURVE('',#2772,#2807,#1279,.T.);
#3595=EDGE_CURVE('',#2807,#2806,#2248,.T.);
#3596=EDGE_CURVE('',#2771,#2808,#1280,.T.);
#3597=EDGE_CURVE('',#2808,#2807,#2249,.T.);
#3598=EDGE_CURVE('',#2770,#2809,#1281,.T.);
#3599=EDGE_CURVE('',#2809,#2808,#2250,.T.);
#3600=EDGE_CURVE('',#2769,#2810,#1282,.T.);
#3601=EDGE_CURVE('',#2810,#2809,#1283,.T.);
#3602=EDGE_CURVE('',#2798,#2810,#2251,.T.);
#3603=EDGE_CURVE('',#2811,#2812,#2252,.T.);
#3604=EDGE_CURVE('',#2811,#2813,#1284,.T.);
#3605=EDGE_CURVE('',#2813,#2814,#2253,.T.);
#3606=EDGE_CURVE('',#2812,#2814,#1285,.T.);
#3607=EDGE_CURVE('',#2815,#2811,#2254,.T.);
#3608=EDGE_CURVE('',#2815,#2816,#1286,.T.);
#3609=EDGE_CURVE('',#2816,#2813,#2255,.T.);
#3610=EDGE_CURVE('',#2817,#2815,#2256,.T.);
#3611=EDGE_CURVE('',#2817,#2818,#1287,.T.);
#3612=EDGE_CURVE('',#2818,#2816,#2257,.T.);
#3613=EDGE_CURVE('',#2819,#2817,#2258,.T.);
#3614=EDGE_CURVE('',#2819,#2820,#1288,.T.);
#3615=EDGE_CURVE('',#2820,#2818,#2259,.T.);
#3616=EDGE_CURVE('',#2821,#2819,#2260,.T.);
#3617=EDGE_CURVE('',#2821,#2822,#1289,.T.);
#3618=EDGE_CURVE('',#2822,#2820,#2261,.T.);
#3619=EDGE_CURVE('',#2823,#2821,#2262,.T.);
#3620=EDGE_CURVE('',#2823,#2824,#1290,.T.);
#3621=EDGE_CURVE('',#2824,#2822,#2263,.T.);
#3622=EDGE_CURVE('',#2825,#2823,#2264,.T.);
#3623=EDGE_CURVE('',#2825,#2826,#1291,.T.);
#3624=EDGE_CURVE('',#2826,#2824,#2265,.T.);
#3625=EDGE_CURVE('',#2812,#2825,#2266,.T.);
#3626=EDGE_CURVE('',#2814,#2826,#2267,.T.);
#3627=EDGE_CURVE('',#2755,#2827,#1292,.T.);
#3628=EDGE_CURVE('',#2827,#2828,#1293,.T.);
#3629=EDGE_CURVE('',#2756,#2828,#1294,.T.);
#3630=EDGE_CURVE('',#2766,#2829,#1295,.T.);
#3631=EDGE_CURVE('',#2829,#2827,#1296,.T.);
#3632=EDGE_CURVE('',#2765,#2830,#1297,.T.);
#3633=EDGE_CURVE('',#2830,#2829,#2268,.T.);
#3634=EDGE_CURVE('',#2764,#2831,#1298,.T.);
#3635=EDGE_CURVE('',#2831,#2830,#2269,.T.);
#3636=EDGE_CURVE('',#2763,#2832,#1299,.T.);
#3637=EDGE_CURVE('',#2832,#2831,#2270,.T.);
#3638=EDGE_CURVE('',#2762,#2833,#1300,.T.);
#3639=EDGE_CURVE('',#2833,#2832,#2271,.T.);
#3640=EDGE_CURVE('',#2761,#2834,#1301,.T.);
#3641=EDGE_CURVE('',#2834,#2833,#2272,.T.);
#3642=EDGE_CURVE('',#2760,#2835,#1302,.T.);
#3643=EDGE_CURVE('',#2835,#2834,#2273,.T.);
#3644=EDGE_CURVE('',#2759,#2836,#1303,.T.);
#3645=EDGE_CURVE('',#2836,#2835,#2274,.T.);
#3646=EDGE_CURVE('',#2758,#2837,#1304,.T.);
#3647=EDGE_CURVE('',#2837,#2836,#1305,.T.);
#3648=EDGE_CURVE('',#2757,#2838,#1306,.T.);
#3649=EDGE_CURVE('',#2838,#2837,#1307,.T.);
#3650=EDGE_CURVE('',#2828,#2838,#1308,.T.);
#3651=EDGE_CURVE('',#2839,#2840,#2275,.T.);
#3652=EDGE_CURVE('',#2839,#2841,#1309,.T.);
#3653=EDGE_CURVE('',#2841,#2842,#2276,.T.);
#3654=EDGE_CURVE('',#2840,#2842,#1310,.T.);
#3655=EDGE_CURVE('',#2843,#2839,#2277,.T.);
#3656=EDGE_CURVE('',#2843,#2844,#1311,.T.);
#3657=EDGE_CURVE('',#2844,#2841,#2278,.T.);
#3658=EDGE_CURVE('',#2845,#2843,#2279,.T.);
#3659=EDGE_CURVE('',#2845,#2846,#1312,.T.);
#3660=EDGE_CURVE('',#2846,#2844,#2280,.T.);
#3661=EDGE_CURVE('',#2847,#2845,#2281,.T.);
#3662=EDGE_CURVE('',#2847,#2848,#1313,.T.);
#3663=EDGE_CURVE('',#2848,#2846,#2282,.T.);
#3664=EDGE_CURVE('',#2849,#2847,#2283,.T.);
#3665=EDGE_CURVE('',#2849,#2850,#1314,.T.);
#3666=EDGE_CURVE('',#2850,#2848,#2284,.T.);
#3667=EDGE_CURVE('',#2851,#2849,#2285,.T.);
#3668=EDGE_CURVE('',#2851,#2852,#1315,.T.);
#3669=EDGE_CURVE('',#2852,#2850,#2286,.T.);
#3670=EDGE_CURVE('',#2853,#2851,#1316,.T.);
#3671=EDGE_CURVE('',#2853,#2854,#1317,.T.);
#3672=EDGE_CURVE('',#2854,#2852,#1318,.T.);
#3673=EDGE_CURVE('',#2855,#2853,#1319,.T.);
#3674=EDGE_CURVE('',#2855,#2856,#1320,.T.);
#3675=EDGE_CURVE('',#2856,#2854,#1321,.T.);
#3676=EDGE_CURVE('',#2840,#2855,#1322,.T.);
#3677=EDGE_CURVE('',#2842,#2856,#1323,.T.);
#3678=EDGE_CURVE('',#2743,#2857,#1324,.T.);
#3679=EDGE_CURVE('',#2857,#2858,#1325,.T.);
#3680=EDGE_CURVE('',#2744,#2858,#1326,.T.);
#3681=EDGE_CURVE('',#2754,#2859,#1327,.T.);
#3682=EDGE_CURVE('',#2859,#2857,#1328,.T.);
#3683=EDGE_CURVE('',#2753,#2860,#1329,.T.);
#3684=EDGE_CURVE('',#2860,#2859,#2287,.T.);
#3685=EDGE_CURVE('',#2752,#2861,#1330,.T.);
#3686=EDGE_CURVE('',#2861,#2860,#2288,.T.);
#3687=EDGE_CURVE('',#2751,#2862,#1331,.T.);
#3688=EDGE_CURVE('',#2862,#2861,#2289,.T.);
#3689=EDGE_CURVE('',#2750,#2863,#1332,.T.);
#3690=EDGE_CURVE('',#2863,#2862,#2290,.T.);
#3691=EDGE_CURVE('',#2749,#2864,#1333,.T.);
#3692=EDGE_CURVE('',#2864,#2863,#2291,.T.);
#3693=EDGE_CURVE('',#2748,#2865,#1334,.T.);
#3694=EDGE_CURVE('',#2865,#2864,#2292,.T.);
#3695=EDGE_CURVE('',#2747,#2866,#1335,.T.);
#3696=EDGE_CURVE('',#2866,#2865,#2293,.T.);
#3697=EDGE_CURVE('',#2746,#2867,#1336,.T.);
#3698=EDGE_CURVE('',#2867,#2866,#1337,.T.);
#3699=EDGE_CURVE('',#2745,#2868,#1338,.T.);
#3700=EDGE_CURVE('',#2868,#2867,#1339,.T.);
#3701=EDGE_CURVE('',#2858,#2868,#1340,.T.);
#3702=EDGE_CURVE('',#2869,#2870,#2294,.T.);
#3703=EDGE_CURVE('',#2869,#2871,#1341,.T.);
#3704=EDGE_CURVE('',#2871,#2872,#2295,.T.);
#3705=EDGE_CURVE('',#2870,#2872,#1342,.T.);
#3706=EDGE_CURVE('',#2873,#2869,#2296,.T.);
#3707=EDGE_CURVE('',#2873,#2874,#1343,.T.);
#3708=EDGE_CURVE('',#2874,#2871,#2297,.T.);
#3709=EDGE_CURVE('',#2875,#2873,#2298,.T.);
#3710=EDGE_CURVE('',#2875,#2876,#1344,.T.);
#3711=EDGE_CURVE('',#2876,#2874,#2299,.T.);
#3712=EDGE_CURVE('',#2877,#2875,#2300,.T.);
#3713=EDGE_CURVE('',#2877,#2878,#1345,.T.);
#3714=EDGE_CURVE('',#2878,#2876,#2301,.T.);
#3715=EDGE_CURVE('',#2879,#2877,#2302,.T.);
#3716=EDGE_CURVE('',#2879,#2880,#1346,.T.);
#3717=EDGE_CURVE('',#2880,#2878,#2303,.T.);
#3718=EDGE_CURVE('',#2881,#2879,#2304,.T.);
#3719=EDGE_CURVE('',#2881,#2882,#1347,.T.);
#3720=EDGE_CURVE('',#2882,#2880,#2305,.T.);
#3721=EDGE_CURVE('',#2883,#2881,#2306,.T.);
#3722=EDGE_CURVE('',#2883,#2884,#1348,.T.);
#3723=EDGE_CURVE('',#2884,#2882,#2307,.T.);
#3724=EDGE_CURVE('',#2885,#2883,#2308,.T.);
#3725=EDGE_CURVE('',#2885,#2886,#1349,.T.);
#3726=EDGE_CURVE('',#2886,#2884,#2309,.T.);
#3727=EDGE_CURVE('',#2870,#2885,#1350,.T.);
#3728=EDGE_CURVE('',#2872,#2886,#1351,.T.);
#3729=EDGE_CURVE('',#2718,#2887,#1352,.T.);
#3730=EDGE_CURVE('',#2887,#2888,#2310,.T.);
#3731=EDGE_CURVE('',#2719,#2888,#1353,.T.);
#3732=EDGE_CURVE('',#2742,#2889,#1354,.T.);
#3733=EDGE_CURVE('',#2889,#2887,#2311,.T.);
#3734=EDGE_CURVE('',#2741,#2890,#1355,.T.);
#3735=EDGE_CURVE('',#2890,#2889,#2312,.T.);
#3736=EDGE_CURVE('',#2740,#2891,#1356,.T.);
#3737=EDGE_CURVE('',#2891,#2890,#1357,.T.);
#3738=EDGE_CURVE('',#2739,#2892,#1358,.T.);
#3739=EDGE_CURVE('',#2892,#2891,#2313,.T.);
#3740=EDGE_CURVE('',#2738,#2893,#1359,.T.);
#3741=EDGE_CURVE('',#2893,#2892,#2314,.T.);
#3742=EDGE_CURVE('',#2737,#2894,#1360,.T.);
#3743=EDGE_CURVE('',#2894,#2893,#2315,.T.);
#3744=EDGE_CURVE('',#2736,#2895,#1361,.T.);
#3745=EDGE_CURVE('',#2895,#2894,#2316,.T.);
#3746=EDGE_CURVE('',#2735,#2896,#1362,.T.);
#3747=EDGE_CURVE('',#2896,#2895,#2317,.T.);
#3748=EDGE_CURVE('',#2734,#2897,#1363,.T.);
#3749=EDGE_CURVE('',#2897,#2896,#2318,.T.);
#3750=EDGE_CURVE('',#2733,#2898,#1364,.T.);
#3751=EDGE_CURVE('',#2898,#2897,#2319,.T.);
#3752=EDGE_CURVE('',#2732,#2899,#1365,.T.);
#3753=EDGE_CURVE('',#2899,#2898,#2320,.T.);
#3754=EDGE_CURVE('',#2731,#2900,#1366,.T.);
#3755=EDGE_CURVE('',#2900,#2899,#2321,.T.);
#3756=EDGE_CURVE('',#2730,#2901,#1367,.T.);
#3757=EDGE_CURVE('',#2901,#2900,#2322,.T.);
#3758=EDGE_CURVE('',#2729,#2902,#1368,.T.);
#3759=EDGE_CURVE('',#2902,#2901,#1369,.T.);
#3760=EDGE_CURVE('',#2728,#2903,#1370,.T.);
#3761=EDGE_CURVE('',#2903,#2902,#2323,.T.);
#3762=EDGE_CURVE('',#2727,#2904,#1371,.T.);
#3763=EDGE_CURVE('',#2904,#2903,#2324,.T.);
#3764=EDGE_CURVE('',#2726,#2905,#1372,.T.);
#3765=EDGE_CURVE('',#2905,#2904,#1373,.T.);
#3766=EDGE_CURVE('',#2725,#2906,#1374,.T.);
#3767=EDGE_CURVE('',#2906,#2905,#2325,.T.);
#3768=EDGE_CURVE('',#2724,#2907,#1375,.T.);
#3769=EDGE_CURVE('',#2907,#2906,#2326,.T.);
#3770=EDGE_CURVE('',#2723,#2908,#1376,.T.);
#3771=EDGE_CURVE('',#2908,#2907,#2327,.T.);
#3772=EDGE_CURVE('',#2722,#2909,#1377,.T.);
#3773=EDGE_CURVE('',#2909,#2908,#2328,.T.);
#3774=EDGE_CURVE('',#2721,#2910,#1378,.T.);
#3775=EDGE_CURVE('',#2910,#2909,#2329,.T.);
#3776=EDGE_CURVE('',#2720,#2911,#1379,.T.);
#3777=EDGE_CURVE('',#2911,#2910,#1380,.T.);
#3778=EDGE_CURVE('',#2888,#2911,#2330,.T.);
#3779=EDGE_CURVE('',#2705,#2912,#1381,.T.);
#3780=EDGE_CURVE('',#2912,#2913,#1382,.T.);
#3781=EDGE_CURVE('',#2706,#2913,#1383,.T.);
#3782=EDGE_CURVE('',#2717,#2914,#1384,.T.);
#3783=EDGE_CURVE('',#2914,#2912,#1385,.T.);
#3784=EDGE_CURVE('',#2716,#2915,#1386,.T.);
#3785=EDGE_CURVE('',#2915,#2914,#1387,.T.);
#3786=EDGE_CURVE('',#2715,#2916,#1388,.T.);
#3787=EDGE_CURVE('',#2916,#2915,#1389,.T.);
#3788=EDGE_CURVE('',#2714,#2917,#1390,.T.);
#3789=EDGE_CURVE('',#2917,#2916,#1391,.T.);
#3790=EDGE_CURVE('',#2713,#2918,#1392,.T.);
#3791=EDGE_CURVE('',#2918,#2917,#1393,.T.);
#3792=EDGE_CURVE('',#2712,#2919,#1394,.T.);
#3793=EDGE_CURVE('',#2919,#2918,#1395,.T.);
#3794=EDGE_CURVE('',#2711,#2920,#1396,.T.);
#3795=EDGE_CURVE('',#2920,#2919,#1397,.T.);
#3796=EDGE_CURVE('',#2710,#2921,#1398,.T.);
#3797=EDGE_CURVE('',#2921,#2920,#1399,.T.);
#3798=EDGE_CURVE('',#2709,#2922,#1400,.T.);
#3799=EDGE_CURVE('',#2922,#2921,#1401,.T.);
#3800=EDGE_CURVE('',#2708,#2923,#1402,.T.);
#3801=EDGE_CURVE('',#2923,#2922,#1403,.T.);
#3802=EDGE_CURVE('',#2707,#2924,#1404,.T.);
#3803=EDGE_CURVE('',#2924,#2923,#1405,.T.);
#3804=EDGE_CURVE('',#2913,#2924,#1406,.T.);
#3805=EDGE_CURVE('',#2925,#2926,#2331,.T.);
#3806=EDGE_CURVE('',#2925,#2927,#1407,.T.);
#3807=EDGE_CURVE('',#2927,#2928,#2332,.T.);
#3808=EDGE_CURVE('',#2926,#2928,#1408,.T.);
#3809=EDGE_CURVE('',#2929,#2925,#2333,.T.);
#3810=EDGE_CURVE('',#2929,#2930,#1409,.T.);
#3811=EDGE_CURVE('',#2930,#2927,#2334,.T.);
#3812=EDGE_CURVE('',#2931,#2929,#2335,.T.);
#3813=EDGE_CURVE('',#2931,#2932,#1410,.T.);
#3814=EDGE_CURVE('',#2932,#2930,#2336,.T.);
#3815=EDGE_CURVE('',#2933,#2931,#2337,.T.);
#3816=EDGE_CURVE('',#2933,#2934,#1411,.T.);
#3817=EDGE_CURVE('',#2934,#2932,#2338,.T.);
#3818=EDGE_CURVE('',#2935,#2933,#2339,.T.);
#3819=EDGE_CURVE('',#2935,#2936,#1412,.T.);
#3820=EDGE_CURVE('',#2936,#2934,#2340,.T.);
#3821=EDGE_CURVE('',#2937,#2935,#2341,.T.);
#3822=EDGE_CURVE('',#2937,#2938,#1413,.T.);
#3823=EDGE_CURVE('',#2938,#2936,#2342,.T.);
#3824=EDGE_CURVE('',#2939,#2937,#2343,.T.);
#3825=EDGE_CURVE('',#2939,#2940,#1414,.T.);
#3826=EDGE_CURVE('',#2940,#2938,#2344,.T.);
#3827=EDGE_CURVE('',#2926,#2939,#2345,.T.);
#3828=EDGE_CURVE('',#2928,#2940,#2346,.T.);
#3829=EDGE_CURVE('',#2695,#2941,#1415,.T.);
#3830=EDGE_CURVE('',#2941,#2942,#2347,.T.);
#3831=EDGE_CURVE('',#2696,#2942,#1416,.T.);
#3832=EDGE_CURVE('',#2704,#2943,#1417,.T.);
#3833=EDGE_CURVE('',#2943,#2941,#2348,.T.);
#3834=EDGE_CURVE('',#2703,#2944,#1418,.T.);
#3835=EDGE_CURVE('',#2944,#2943,#2349,.T.);
#3836=EDGE_CURVE('',#2702,#2945,#1419,.T.);
#3837=EDGE_CURVE('',#2945,#2944,#2350,.T.);
#3838=EDGE_CURVE('',#2701,#2946,#1420,.T.);
#3839=EDGE_CURVE('',#2946,#2945,#2351,.T.);
#3840=EDGE_CURVE('',#2700,#2947,#1421,.T.);
#3841=EDGE_CURVE('',#2947,#2946,#2352,.T.);
#3842=EDGE_CURVE('',#2699,#2948,#1422,.T.);
#3843=EDGE_CURVE('',#2948,#2947,#2353,.T.);
#3844=EDGE_CURVE('',#2698,#2949,#1423,.T.);
#3845=EDGE_CURVE('',#2949,#2948,#2354,.T.);
#3846=EDGE_CURVE('',#2697,#2950,#1424,.T.);
#3847=EDGE_CURVE('',#2950,#2949,#2355,.T.);
#3848=EDGE_CURVE('',#2942,#2950,#2356,.T.);
#3849=EDGE_CURVE('',#2685,#2951,#1425,.T.);
#3850=EDGE_CURVE('',#2951,#2952,#1426,.T.);
#3851=EDGE_CURVE('',#2686,#2952,#1427,.T.);
#3852=EDGE_CURVE('',#2694,#2953,#1428,.T.);
#3853=EDGE_CURVE('',#2953,#2951,#1429,.T.);
#3854=EDGE_CURVE('',#2693,#2954,#1430,.T.);
#3855=EDGE_CURVE('',#2954,#2953,#1431,.T.);
#3856=EDGE_CURVE('',#2692,#2955,#1432,.T.);
#3857=EDGE_CURVE('',#2955,#2954,#1433,.T.);
#3858=EDGE_CURVE('',#2691,#2956,#1434,.T.);
#3859=EDGE_CURVE('',#2956,#2955,#1435,.T.);
#3860=EDGE_CURVE('',#2690,#2957,#1436,.T.);
#3861=EDGE_CURVE('',#2957,#2956,#1437,.T.);
#3862=EDGE_CURVE('',#2689,#2958,#1438,.T.);
#3863=EDGE_CURVE('',#2958,#2957,#1439,.T.);
#3864=EDGE_CURVE('',#2688,#2959,#1440,.T.);
#3865=EDGE_CURVE('',#2959,#2958,#1441,.T.);
#3866=EDGE_CURVE('',#2687,#2960,#1442,.T.);
#3867=EDGE_CURVE('',#2960,#2959,#1443,.T.);
#3868=EDGE_CURVE('',#2952,#2960,#1444,.T.);
#3869=EDGE_CURVE('',#2961,#2962,#1445,.T.);
#3870=EDGE_CURVE('',#2962,#2677,#1446,.T.);
#3871=EDGE_CURVE('',#2961,#2680,#1447,.T.);
#3872=EDGE_CURVE('',#2963,#2961,#1448,.T.);
#3873=EDGE_CURVE('',#2963,#2679,#1449,.T.);
#3874=EDGE_CURVE('',#2964,#2963,#1450,.T.);
#3875=EDGE_CURVE('',#2964,#2678,#1451,.T.);
#3876=EDGE_CURVE('',#2962,#2964,#1452,.T.);
#3877=EDGE_CURVE('',#2965,#2966,#1453,.T.);
#3878=EDGE_CURVE('',#2966,#2681,#1454,.T.);
#3879=EDGE_CURVE('',#2965,#2684,#1455,.T.);
#3880=EDGE_CURVE('',#2967,#2965,#1456,.T.);
#3881=EDGE_CURVE('',#2967,#2683,#1457,.T.);
#3882=EDGE_CURVE('',#2968,#2967,#1458,.T.);
#3883=EDGE_CURVE('',#2968,#2682,#1459,.T.);
#3884=EDGE_CURVE('',#2966,#2968,#1460,.T.);
#3885=EDGE_CURVE('',#2669,#2786,#1461,.T.);
#3886=EDGE_CURVE('',#2783,#2782,#1462,.T.);
#3887=ORIENTED_EDGE('',*,*,#2969,.F.);
#3888=ORIENTED_EDGE('',*,*,#2970,.T.);
#3889=ORIENTED_EDGE('',*,*,#2971,.T.);
#3890=ORIENTED_EDGE('',*,*,#2972,.F.);
#3891=ORIENTED_EDGE('',*,*,#2973,.F.);
#3892=ORIENTED_EDGE('',*,*,#2974,.T.);
#3893=ORIENTED_EDGE('',*,*,#2975,.T.);
#3894=ORIENTED_EDGE('',*,*,#2970,.F.);
#3895=ORIENTED_EDGE('',*,*,#2976,.F.);
#3896=ORIENTED_EDGE('',*,*,#2977,.T.);
#3897=ORIENTED_EDGE('',*,*,#2978,.T.);
#3898=ORIENTED_EDGE('',*,*,#2974,.F.);
#3899=ORIENTED_EDGE('',*,*,#2979,.F.);
#3900=ORIENTED_EDGE('',*,*,#2980,.T.);
#3901=ORIENTED_EDGE('',*,*,#2981,.T.);
#3902=ORIENTED_EDGE('',*,*,#2977,.F.);
#3903=ORIENTED_EDGE('',*,*,#2982,.F.);
#3904=ORIENTED_EDGE('',*,*,#2972,.T.);
#3905=ORIENTED_EDGE('',*,*,#2983,.T.);
#3906=ORIENTED_EDGE('',*,*,#2980,.F.);
#3907=ORIENTED_EDGE('',*,*,#2984,.F.);
#3908=ORIENTED_EDGE('',*,*,#2985,.T.);
#3909=ORIENTED_EDGE('',*,*,#2986,.T.);
#3910=ORIENTED_EDGE('',*,*,#2987,.F.);
#3911=ORIENTED_EDGE('',*,*,#2988,.F.);
#3912=ORIENTED_EDGE('',*,*,#2989,.T.);
#3913=ORIENTED_EDGE('',*,*,#2990,.T.);
#3914=ORIENTED_EDGE('',*,*,#2985,.F.);
#3915=ORIENTED_EDGE('',*,*,#2991,.F.);
#3916=ORIENTED_EDGE('',*,*,#2992,.T.);
#3917=ORIENTED_EDGE('',*,*,#2993,.T.);
#3918=ORIENTED_EDGE('',*,*,#2989,.F.);
#3919=ORIENTED_EDGE('',*,*,#2994,.F.);
#3920=ORIENTED_EDGE('',*,*,#2995,.T.);
#3921=ORIENTED_EDGE('',*,*,#2996,.T.);
#3922=ORIENTED_EDGE('',*,*,#2992,.F.);
#3923=ORIENTED_EDGE('',*,*,#2997,.F.);
#3924=ORIENTED_EDGE('',*,*,#2998,.T.);
#3925=ORIENTED_EDGE('',*,*,#2999,.T.);
#3926=ORIENTED_EDGE('',*,*,#2995,.F.);
#3927=ORIENTED_EDGE('',*,*,#3000,.F.);
#3928=ORIENTED_EDGE('',*,*,#3001,.T.);
#3929=ORIENTED_EDGE('',*,*,#3002,.T.);
#3930=ORIENTED_EDGE('',*,*,#2998,.F.);
#3931=ORIENTED_EDGE('',*,*,#3003,.F.);
#3932=ORIENTED_EDGE('',*,*,#3004,.T.);
#3933=ORIENTED_EDGE('',*,*,#3005,.T.);
#3934=ORIENTED_EDGE('',*,*,#3001,.F.);
#3935=ORIENTED_EDGE('',*,*,#3006,.F.);
#3936=ORIENTED_EDGE('',*,*,#3007,.T.);
#3937=ORIENTED_EDGE('',*,*,#3008,.T.);
#3938=ORIENTED_EDGE('',*,*,#3004,.F.);
#3939=ORIENTED_EDGE('',*,*,#3009,.F.);
#3940=ORIENTED_EDGE('',*,*,#3010,.T.);
#3941=ORIENTED_EDGE('',*,*,#3011,.T.);
#3942=ORIENTED_EDGE('',*,*,#3007,.F.);
#3943=ORIENTED_EDGE('',*,*,#3012,.F.);
#3944=ORIENTED_EDGE('',*,*,#3013,.T.);
#3945=ORIENTED_EDGE('',*,*,#3014,.T.);
#3946=ORIENTED_EDGE('',*,*,#3010,.F.);
#3947=ORIENTED_EDGE('',*,*,#3015,.F.);
#3948=ORIENTED_EDGE('',*,*,#3016,.T.);
#3949=ORIENTED_EDGE('',*,*,#3017,.T.);
#3950=ORIENTED_EDGE('',*,*,#3013,.F.);
#3951=ORIENTED_EDGE('',*,*,#3018,.F.);
#3952=ORIENTED_EDGE('',*,*,#3019,.T.);
#3953=ORIENTED_EDGE('',*,*,#3020,.T.);
#3954=ORIENTED_EDGE('',*,*,#3016,.F.);
#3955=ORIENTED_EDGE('',*,*,#3021,.F.);
#3956=ORIENTED_EDGE('',*,*,#3022,.T.);
#3957=ORIENTED_EDGE('',*,*,#3023,.T.);
#3958=ORIENTED_EDGE('',*,*,#3019,.F.);
#3959=ORIENTED_EDGE('',*,*,#3024,.F.);
#3960=ORIENTED_EDGE('',*,*,#2987,.T.);
#3961=ORIENTED_EDGE('',*,*,#3025,.T.);
#3962=ORIENTED_EDGE('',*,*,#3022,.F.);
#3963=ORIENTED_EDGE('',*,*,#3025,.F.);
#3964=ORIENTED_EDGE('',*,*,#2986,.F.);
#3965=ORIENTED_EDGE('',*,*,#2990,.F.);
#3966=ORIENTED_EDGE('',*,*,#2993,.F.);
#3967=ORIENTED_EDGE('',*,*,#2996,.F.);
#3968=ORIENTED_EDGE('',*,*,#2999,.F.);
#3969=ORIENTED_EDGE('',*,*,#3002,.F.);
#3970=ORIENTED_EDGE('',*,*,#3005,.F.);
#3971=ORIENTED_EDGE('',*,*,#3008,.F.);
#3972=ORIENTED_EDGE('',*,*,#3011,.F.);
#3973=ORIENTED_EDGE('',*,*,#3014,.F.);
#3974=ORIENTED_EDGE('',*,*,#3017,.F.);
#3975=ORIENTED_EDGE('',*,*,#3020,.F.);
#3976=ORIENTED_EDGE('',*,*,#3023,.F.);
#3977=ORIENTED_EDGE('',*,*,#2983,.F.);
#3978=ORIENTED_EDGE('',*,*,#2971,.F.);
#3979=ORIENTED_EDGE('',*,*,#2975,.F.);
#3980=ORIENTED_EDGE('',*,*,#2978,.F.);
#3981=ORIENTED_EDGE('',*,*,#2981,.F.);
#3982=ORIENTED_EDGE('',*,*,#3026,.F.);
#3983=ORIENTED_EDGE('',*,*,#3027,.T.);
#3984=ORIENTED_EDGE('',*,*,#3028,.T.);
#3985=ORIENTED_EDGE('',*,*,#3029,.F.);
#3986=ORIENTED_EDGE('',*,*,#3030,.F.);
#3987=ORIENTED_EDGE('',*,*,#3031,.T.);
#3988=ORIENTED_EDGE('',*,*,#3032,.T.);
#3989=ORIENTED_EDGE('',*,*,#3027,.F.);
#3990=ORIENTED_EDGE('',*,*,#3033,.F.);
#3991=ORIENTED_EDGE('',*,*,#3034,.T.);
#3992=ORIENTED_EDGE('',*,*,#3035,.T.);
#3993=ORIENTED_EDGE('',*,*,#3031,.F.);
#3994=ORIENTED_EDGE('',*,*,#3036,.F.);
#3995=ORIENTED_EDGE('',*,*,#3037,.T.);
#3996=ORIENTED_EDGE('',*,*,#3038,.T.);
#3997=ORIENTED_EDGE('',*,*,#3034,.F.);
#3998=ORIENTED_EDGE('',*,*,#3039,.F.);
#3999=ORIENTED_EDGE('',*,*,#3040,.T.);
#4000=ORIENTED_EDGE('',*,*,#3041,.T.);
#4001=ORIENTED_EDGE('',*,*,#3037,.F.);
#4002=ORIENTED_EDGE('',*,*,#3042,.F.);
#4003=ORIENTED_EDGE('',*,*,#3043,.T.);
#4004=ORIENTED_EDGE('',*,*,#3044,.T.);
#4005=ORIENTED_EDGE('',*,*,#3040,.F.);
#4006=ORIENTED_EDGE('',*,*,#3045,.F.);
#4007=ORIENTED_EDGE('',*,*,#3046,.T.);
#4008=ORIENTED_EDGE('',*,*,#3047,.T.);
#4009=ORIENTED_EDGE('',*,*,#3043,.F.);
#4010=ORIENTED_EDGE('',*,*,#3048,.F.);
#4011=ORIENTED_EDGE('',*,*,#3029,.T.);
#4012=ORIENTED_EDGE('',*,*,#3049,.T.);
#4013=ORIENTED_EDGE('',*,*,#3046,.F.);
#4014=ORIENTED_EDGE('',*,*,#3050,.F.);
#4015=ORIENTED_EDGE('',*,*,#3051,.T.);
#4016=ORIENTED_EDGE('',*,*,#3052,.T.);
#4017=ORIENTED_EDGE('',*,*,#3053,.F.);
#4018=ORIENTED_EDGE('',*,*,#3054,.F.);
#4019=ORIENTED_EDGE('',*,*,#3055,.T.);
#4020=ORIENTED_EDGE('',*,*,#3056,.T.);
#4021=ORIENTED_EDGE('',*,*,#3051,.F.);
#4022=ORIENTED_EDGE('',*,*,#3057,.F.);
#4023=ORIENTED_EDGE('',*,*,#3058,.T.);
#4024=ORIENTED_EDGE('',*,*,#3059,.T.);
#4025=ORIENTED_EDGE('',*,*,#3055,.F.);
#4026=ORIENTED_EDGE('',*,*,#3060,.F.);
#4027=ORIENTED_EDGE('',*,*,#3061,.T.);
#4028=ORIENTED_EDGE('',*,*,#3062,.T.);
#4029=ORIENTED_EDGE('',*,*,#3058,.F.);
#4030=ORIENTED_EDGE('',*,*,#3063,.F.);
#4031=ORIENTED_EDGE('',*,*,#3064,.T.);
#4032=ORIENTED_EDGE('',*,*,#3065,.T.);
#4033=ORIENTED_EDGE('',*,*,#3061,.F.);
#4034=ORIENTED_EDGE('',*,*,#3066,.F.);
#4035=ORIENTED_EDGE('',*,*,#3067,.T.);
#4036=ORIENTED_EDGE('',*,*,#3068,.T.);
#4037=ORIENTED_EDGE('',*,*,#3064,.F.);
#4038=ORIENTED_EDGE('',*,*,#3069,.F.);
#4039=ORIENTED_EDGE('',*,*,#3070,.T.);
#4040=ORIENTED_EDGE('',*,*,#3071,.T.);
#4041=ORIENTED_EDGE('',*,*,#3067,.F.);
#4042=ORIENTED_EDGE('',*,*,#3072,.F.);
#4043=ORIENTED_EDGE('',*,*,#3073,.T.);
#4044=ORIENTED_EDGE('',*,*,#3074,.T.);
#4045=ORIENTED_EDGE('',*,*,#3070,.F.);
#4046=ORIENTED_EDGE('',*,*,#3075,.F.);
#4047=ORIENTED_EDGE('',*,*,#3076,.T.);
#4048=ORIENTED_EDGE('',*,*,#3077,.T.);
#4049=ORIENTED_EDGE('',*,*,#3073,.F.);
#4050=ORIENTED_EDGE('',*,*,#3078,.F.);
#4051=ORIENTED_EDGE('',*,*,#3079,.T.);
#4052=ORIENTED_EDGE('',*,*,#3080,.T.);
#4053=ORIENTED_EDGE('',*,*,#3076,.F.);
#4054=ORIENTED_EDGE('',*,*,#3081,.F.);
#4055=ORIENTED_EDGE('',*,*,#3082,.T.);
#4056=ORIENTED_EDGE('',*,*,#3083,.T.);
#4057=ORIENTED_EDGE('',*,*,#3079,.F.);
#4058=ORIENTED_EDGE('',*,*,#3084,.F.);
#4059=ORIENTED_EDGE('',*,*,#3053,.T.);
#4060=ORIENTED_EDGE('',*,*,#3085,.T.);
#4061=ORIENTED_EDGE('',*,*,#3082,.F.);
#4062=ORIENTED_EDGE('',*,*,#3085,.F.);
#4063=ORIENTED_EDGE('',*,*,#3052,.F.);
#4064=ORIENTED_EDGE('',*,*,#3056,.F.);
#4065=ORIENTED_EDGE('',*,*,#3059,.F.);
#4066=ORIENTED_EDGE('',*,*,#3062,.F.);
#4067=ORIENTED_EDGE('',*,*,#3065,.F.);
#4068=ORIENTED_EDGE('',*,*,#3068,.F.);
#4069=ORIENTED_EDGE('',*,*,#3071,.F.);
#4070=ORIENTED_EDGE('',*,*,#3074,.F.);
#4071=ORIENTED_EDGE('',*,*,#3077,.F.);
#4072=ORIENTED_EDGE('',*,*,#3080,.F.);
#4073=ORIENTED_EDGE('',*,*,#3083,.F.);
#4074=ORIENTED_EDGE('',*,*,#3049,.F.);
#4075=ORIENTED_EDGE('',*,*,#3028,.F.);
#4076=ORIENTED_EDGE('',*,*,#3032,.F.);
#4077=ORIENTED_EDGE('',*,*,#3035,.F.);
#4078=ORIENTED_EDGE('',*,*,#3038,.F.);
#4079=ORIENTED_EDGE('',*,*,#3041,.F.);
#4080=ORIENTED_EDGE('',*,*,#3044,.F.);
#4081=ORIENTED_EDGE('',*,*,#3047,.F.);
#4082=ORIENTED_EDGE('',*,*,#3086,.F.);
#4083=ORIENTED_EDGE('',*,*,#3087,.T.);
#4084=ORIENTED_EDGE('',*,*,#3088,.T.);
#4085=ORIENTED_EDGE('',*,*,#3089,.F.);
#4086=ORIENTED_EDGE('',*,*,#3090,.F.);
#4087=ORIENTED_EDGE('',*,*,#3091,.T.);
#4088=ORIENTED_EDGE('',*,*,#3092,.T.);
#4089=ORIENTED_EDGE('',*,*,#3087,.F.);
#4090=ORIENTED_EDGE('',*,*,#3093,.F.);
#4091=ORIENTED_EDGE('',*,*,#3094,.T.);
#4092=ORIENTED_EDGE('',*,*,#3095,.T.);
#4093=ORIENTED_EDGE('',*,*,#3091,.F.);
#4094=ORIENTED_EDGE('',*,*,#3096,.F.);
#4095=ORIENTED_EDGE('',*,*,#3097,.T.);
#4096=ORIENTED_EDGE('',*,*,#3098,.T.);
#4097=ORIENTED_EDGE('',*,*,#3094,.F.);
#4098=ORIENTED_EDGE('',*,*,#3099,.F.);
#4099=ORIENTED_EDGE('',*,*,#3100,.T.);
#4100=ORIENTED_EDGE('',*,*,#3101,.T.);
#4101=ORIENTED_EDGE('',*,*,#3097,.F.);
#4102=ORIENTED_EDGE('',*,*,#3102,.F.);
#4103=ORIENTED_EDGE('',*,*,#3103,.T.);
#4104=ORIENTED_EDGE('',*,*,#3104,.T.);
#4105=ORIENTED_EDGE('',*,*,#3100,.F.);
#4106=ORIENTED_EDGE('',*,*,#3105,.F.);
#4107=ORIENTED_EDGE('',*,*,#3106,.T.);
#4108=ORIENTED_EDGE('',*,*,#3107,.T.);
#4109=ORIENTED_EDGE('',*,*,#3103,.F.);
#4110=ORIENTED_EDGE('',*,*,#3108,.F.);
#4111=ORIENTED_EDGE('',*,*,#3109,.T.);
#4112=ORIENTED_EDGE('',*,*,#3110,.T.);
#4113=ORIENTED_EDGE('',*,*,#3106,.F.);
#4114=ORIENTED_EDGE('',*,*,#3111,.F.);
#4115=ORIENTED_EDGE('',*,*,#3089,.T.);
#4116=ORIENTED_EDGE('',*,*,#3112,.T.);
#4117=ORIENTED_EDGE('',*,*,#3109,.F.);
#4118=ORIENTED_EDGE('',*,*,#3113,.F.);
#4119=ORIENTED_EDGE('',*,*,#3114,.T.);
#4120=ORIENTED_EDGE('',*,*,#3115,.T.);
#4121=ORIENTED_EDGE('',*,*,#3116,.F.);
#4122=ORIENTED_EDGE('',*,*,#3117,.F.);
#4123=ORIENTED_EDGE('',*,*,#3118,.T.);
#4124=ORIENTED_EDGE('',*,*,#3119,.T.);
#4125=ORIENTED_EDGE('',*,*,#3114,.F.);
#4126=ORIENTED_EDGE('',*,*,#3120,.F.);
#4127=ORIENTED_EDGE('',*,*,#3121,.T.);
#4128=ORIENTED_EDGE('',*,*,#3122,.T.);
#4129=ORIENTED_EDGE('',*,*,#3118,.F.);
#4130=ORIENTED_EDGE('',*,*,#3123,.F.);
#4131=ORIENTED_EDGE('',*,*,#3124,.T.);
#4132=ORIENTED_EDGE('',*,*,#3125,.T.);
#4133=ORIENTED_EDGE('',*,*,#3121,.F.);
#4134=ORIENTED_EDGE('',*,*,#3126,.F.);
#4135=ORIENTED_EDGE('',*,*,#3127,.T.);
#4136=ORIENTED_EDGE('',*,*,#3128,.T.);
#4137=ORIENTED_EDGE('',*,*,#3124,.F.);
#4138=ORIENTED_EDGE('',*,*,#3129,.F.);
#4139=ORIENTED_EDGE('',*,*,#3130,.T.);
#4140=ORIENTED_EDGE('',*,*,#3131,.T.);
#4141=ORIENTED_EDGE('',*,*,#3127,.F.);
#4142=ORIENTED_EDGE('',*,*,#3132,.F.);
#4143=ORIENTED_EDGE('',*,*,#3133,.T.);
#4144=ORIENTED_EDGE('',*,*,#3134,.T.);
#4145=ORIENTED_EDGE('',*,*,#3130,.F.);
#4146=ORIENTED_EDGE('',*,*,#3135,.F.);
#4147=ORIENTED_EDGE('',*,*,#3136,.T.);
#4148=ORIENTED_EDGE('',*,*,#3137,.T.);
#4149=ORIENTED_EDGE('',*,*,#3133,.F.);
#4150=ORIENTED_EDGE('',*,*,#3138,.F.);
#4151=ORIENTED_EDGE('',*,*,#3139,.T.);
#4152=ORIENTED_EDGE('',*,*,#3140,.T.);
#4153=ORIENTED_EDGE('',*,*,#3136,.F.);
#4154=ORIENTED_EDGE('',*,*,#3141,.F.);
#4155=ORIENTED_EDGE('',*,*,#3142,.T.);
#4156=ORIENTED_EDGE('',*,*,#3143,.T.);
#4157=ORIENTED_EDGE('',*,*,#3139,.F.);
#4158=ORIENTED_EDGE('',*,*,#3144,.F.);
#4159=ORIENTED_EDGE('',*,*,#3145,.T.);
#4160=ORIENTED_EDGE('',*,*,#3146,.T.);
#4161=ORIENTED_EDGE('',*,*,#3142,.F.);
#4162=ORIENTED_EDGE('',*,*,#3147,.F.);
#4163=ORIENTED_EDGE('',*,*,#3116,.T.);
#4164=ORIENTED_EDGE('',*,*,#3148,.T.);
#4165=ORIENTED_EDGE('',*,*,#3145,.F.);
#4166=ORIENTED_EDGE('',*,*,#3148,.F.);
#4167=ORIENTED_EDGE('',*,*,#3115,.F.);
#4168=ORIENTED_EDGE('',*,*,#3119,.F.);
#4169=ORIENTED_EDGE('',*,*,#3122,.F.);
#4170=ORIENTED_EDGE('',*,*,#3125,.F.);
#4171=ORIENTED_EDGE('',*,*,#3128,.F.);
#4172=ORIENTED_EDGE('',*,*,#3131,.F.);
#4173=ORIENTED_EDGE('',*,*,#3134,.F.);
#4174=ORIENTED_EDGE('',*,*,#3137,.F.);
#4175=ORIENTED_EDGE('',*,*,#3140,.F.);
#4176=ORIENTED_EDGE('',*,*,#3143,.F.);
#4177=ORIENTED_EDGE('',*,*,#3146,.F.);
#4178=ORIENTED_EDGE('',*,*,#3112,.F.);
#4179=ORIENTED_EDGE('',*,*,#3088,.F.);
#4180=ORIENTED_EDGE('',*,*,#3092,.F.);
#4181=ORIENTED_EDGE('',*,*,#3095,.F.);
#4182=ORIENTED_EDGE('',*,*,#3098,.F.);
#4183=ORIENTED_EDGE('',*,*,#3101,.F.);
#4184=ORIENTED_EDGE('',*,*,#3104,.F.);
#4185=ORIENTED_EDGE('',*,*,#3107,.F.);
#4186=ORIENTED_EDGE('',*,*,#3110,.F.);
#4187=ORIENTED_EDGE('',*,*,#3149,.F.);
#4188=ORIENTED_EDGE('',*,*,#3150,.T.);
#4189=ORIENTED_EDGE('',*,*,#3151,.T.);
#4190=ORIENTED_EDGE('',*,*,#3152,.F.);
#4191=ORIENTED_EDGE('',*,*,#3153,.F.);
#4192=ORIENTED_EDGE('',*,*,#3154,.T.);
#4193=ORIENTED_EDGE('',*,*,#3155,.T.);
#4194=ORIENTED_EDGE('',*,*,#3150,.F.);
#4195=ORIENTED_EDGE('',*,*,#3156,.F.);
#4196=ORIENTED_EDGE('',*,*,#3157,.T.);
#4197=ORIENTED_EDGE('',*,*,#3158,.T.);
#4198=ORIENTED_EDGE('',*,*,#3154,.F.);
#4199=ORIENTED_EDGE('',*,*,#3159,.F.);
#4200=ORIENTED_EDGE('',*,*,#3160,.T.);
#4201=ORIENTED_EDGE('',*,*,#3161,.T.);
#4202=ORIENTED_EDGE('',*,*,#3157,.F.);
#4203=ORIENTED_EDGE('',*,*,#3162,.F.);
#4204=ORIENTED_EDGE('',*,*,#3163,.T.);
#4205=ORIENTED_EDGE('',*,*,#3164,.T.);
#4206=ORIENTED_EDGE('',*,*,#3160,.F.);
#4207=ORIENTED_EDGE('',*,*,#3165,.F.);
#4208=ORIENTED_EDGE('',*,*,#3166,.T.);
#4209=ORIENTED_EDGE('',*,*,#3167,.T.);
#4210=ORIENTED_EDGE('',*,*,#3163,.F.);
#4211=ORIENTED_EDGE('',*,*,#3168,.F.);
#4212=ORIENTED_EDGE('',*,*,#3169,.T.);
#4213=ORIENTED_EDGE('',*,*,#3170,.T.);
#4214=ORIENTED_EDGE('',*,*,#3166,.F.);
#4215=ORIENTED_EDGE('',*,*,#3171,.F.);
#4216=ORIENTED_EDGE('',*,*,#3172,.T.);
#4217=ORIENTED_EDGE('',*,*,#3173,.T.);
#4218=ORIENTED_EDGE('',*,*,#3169,.F.);
#4219=ORIENTED_EDGE('',*,*,#3174,.F.);
#4220=ORIENTED_EDGE('',*,*,#3152,.T.);
#4221=ORIENTED_EDGE('',*,*,#3175,.T.);
#4222=ORIENTED_EDGE('',*,*,#3172,.F.);
#4223=ORIENTED_EDGE('',*,*,#3176,.F.);
#4224=ORIENTED_EDGE('',*,*,#3177,.T.);
#4225=ORIENTED_EDGE('',*,*,#3178,.T.);
#4226=ORIENTED_EDGE('',*,*,#3179,.F.);
#4227=ORIENTED_EDGE('',*,*,#3180,.F.);
#4228=ORIENTED_EDGE('',*,*,#3181,.T.);
#4229=ORIENTED_EDGE('',*,*,#3182,.T.);
#4230=ORIENTED_EDGE('',*,*,#3177,.F.);
#4231=ORIENTED_EDGE('',*,*,#3183,.F.);
#4232=ORIENTED_EDGE('',*,*,#3184,.T.);
#4233=ORIENTED_EDGE('',*,*,#3185,.T.);
#4234=ORIENTED_EDGE('',*,*,#3181,.F.);
#4235=ORIENTED_EDGE('',*,*,#3186,.F.);
#4236=ORIENTED_EDGE('',*,*,#3187,.T.);
#4237=ORIENTED_EDGE('',*,*,#3188,.T.);
#4238=ORIENTED_EDGE('',*,*,#3184,.F.);
#4239=ORIENTED_EDGE('',*,*,#3189,.F.);
#4240=ORIENTED_EDGE('',*,*,#3190,.T.);
#4241=ORIENTED_EDGE('',*,*,#3191,.T.);
#4242=ORIENTED_EDGE('',*,*,#3187,.F.);
#4243=ORIENTED_EDGE('',*,*,#3192,.F.);
#4244=ORIENTED_EDGE('',*,*,#3193,.T.);
#4245=ORIENTED_EDGE('',*,*,#3194,.T.);
#4246=ORIENTED_EDGE('',*,*,#3190,.F.);
#4247=ORIENTED_EDGE('',*,*,#3195,.F.);
#4248=ORIENTED_EDGE('',*,*,#3196,.T.);
#4249=ORIENTED_EDGE('',*,*,#3197,.T.);
#4250=ORIENTED_EDGE('',*,*,#3193,.F.);
#4251=ORIENTED_EDGE('',*,*,#3198,.F.);
#4252=ORIENTED_EDGE('',*,*,#3199,.T.);
#4253=ORIENTED_EDGE('',*,*,#3200,.T.);
#4254=ORIENTED_EDGE('',*,*,#3196,.F.);
#4255=ORIENTED_EDGE('',*,*,#3201,.F.);
#4256=ORIENTED_EDGE('',*,*,#3202,.T.);
#4257=ORIENTED_EDGE('',*,*,#3203,.T.);
#4258=ORIENTED_EDGE('',*,*,#3199,.F.);
#4259=ORIENTED_EDGE('',*,*,#3204,.F.);
#4260=ORIENTED_EDGE('',*,*,#3205,.T.);
#4261=ORIENTED_EDGE('',*,*,#3206,.T.);
#4262=ORIENTED_EDGE('',*,*,#3202,.F.);
#4263=ORIENTED_EDGE('',*,*,#3207,.F.);
#4264=ORIENTED_EDGE('',*,*,#3208,.T.);
#4265=ORIENTED_EDGE('',*,*,#3209,.T.);
#4266=ORIENTED_EDGE('',*,*,#3205,.F.);
#4267=ORIENTED_EDGE('',*,*,#3210,.F.);
#4268=ORIENTED_EDGE('',*,*,#3211,.T.);
#4269=ORIENTED_EDGE('',*,*,#3212,.T.);
#4270=ORIENTED_EDGE('',*,*,#3208,.F.);
#4271=ORIENTED_EDGE('',*,*,#3213,.F.);
#4272=ORIENTED_EDGE('',*,*,#3214,.T.);
#4273=ORIENTED_EDGE('',*,*,#3215,.T.);
#4274=ORIENTED_EDGE('',*,*,#3211,.F.);
#4275=ORIENTED_EDGE('',*,*,#3216,.F.);
#4276=ORIENTED_EDGE('',*,*,#3217,.T.);
#4277=ORIENTED_EDGE('',*,*,#3218,.T.);
#4278=ORIENTED_EDGE('',*,*,#3214,.F.);
#4279=ORIENTED_EDGE('',*,*,#3219,.F.);
#4280=ORIENTED_EDGE('',*,*,#3220,.T.);
#4281=ORIENTED_EDGE('',*,*,#3221,.T.);
#4282=ORIENTED_EDGE('',*,*,#3217,.F.);
#4283=ORIENTED_EDGE('',*,*,#3222,.F.);
#4284=ORIENTED_EDGE('',*,*,#3223,.T.);
#4285=ORIENTED_EDGE('',*,*,#3224,.T.);
#4286=ORIENTED_EDGE('',*,*,#3220,.F.);
#4287=ORIENTED_EDGE('',*,*,#3225,.F.);
#4288=ORIENTED_EDGE('',*,*,#3226,.T.);
#4289=ORIENTED_EDGE('',*,*,#3227,.T.);
#4290=ORIENTED_EDGE('',*,*,#3223,.F.);
#4291=ORIENTED_EDGE('',*,*,#3228,.F.);
#4292=ORIENTED_EDGE('',*,*,#3229,.T.);
#4293=ORIENTED_EDGE('',*,*,#3230,.T.);
#4294=ORIENTED_EDGE('',*,*,#3226,.F.);
#4295=ORIENTED_EDGE('',*,*,#3231,.F.);
#4296=ORIENTED_EDGE('',*,*,#3232,.T.);
#4297=ORIENTED_EDGE('',*,*,#3233,.T.);
#4298=ORIENTED_EDGE('',*,*,#3229,.F.);
#4299=ORIENTED_EDGE('',*,*,#3234,.F.);
#4300=ORIENTED_EDGE('',*,*,#3235,.T.);
#4301=ORIENTED_EDGE('',*,*,#3236,.T.);
#4302=ORIENTED_EDGE('',*,*,#3232,.F.);
#4303=ORIENTED_EDGE('',*,*,#3237,.F.);
#4304=ORIENTED_EDGE('',*,*,#3238,.T.);
#4305=ORIENTED_EDGE('',*,*,#3239,.T.);
#4306=ORIENTED_EDGE('',*,*,#3235,.F.);
#4307=ORIENTED_EDGE('',*,*,#3240,.F.);
#4308=ORIENTED_EDGE('',*,*,#3241,.T.);
#4309=ORIENTED_EDGE('',*,*,#3242,.T.);
#4310=ORIENTED_EDGE('',*,*,#3238,.F.);
#4311=ORIENTED_EDGE('',*,*,#3243,.F.);
#4312=ORIENTED_EDGE('',*,*,#3244,.T.);
#4313=ORIENTED_EDGE('',*,*,#3245,.T.);
#4314=ORIENTED_EDGE('',*,*,#3241,.F.);
#4315=ORIENTED_EDGE('',*,*,#3246,.F.);
#4316=ORIENTED_EDGE('',*,*,#3247,.T.);
#4317=ORIENTED_EDGE('',*,*,#3248,.T.);
#4318=ORIENTED_EDGE('',*,*,#3244,.F.);
#4319=ORIENTED_EDGE('',*,*,#3249,.F.);
#4320=ORIENTED_EDGE('',*,*,#3179,.T.);
#4321=ORIENTED_EDGE('',*,*,#3250,.T.);
#4322=ORIENTED_EDGE('',*,*,#3247,.F.);
#4323=ORIENTED_EDGE('',*,*,#3250,.F.);
#4324=ORIENTED_EDGE('',*,*,#3178,.F.);
#4325=ORIENTED_EDGE('',*,*,#3182,.F.);
#4326=ORIENTED_EDGE('',*,*,#3185,.F.);
#4327=ORIENTED_EDGE('',*,*,#3188,.F.);
#4328=ORIENTED_EDGE('',*,*,#3191,.F.);
#4329=ORIENTED_EDGE('',*,*,#3194,.F.);
#4330=ORIENTED_EDGE('',*,*,#3197,.F.);
#4331=ORIENTED_EDGE('',*,*,#3200,.F.);
#4332=ORIENTED_EDGE('',*,*,#3203,.F.);
#4333=ORIENTED_EDGE('',*,*,#3206,.F.);
#4334=ORIENTED_EDGE('',*,*,#3209,.F.);
#4335=ORIENTED_EDGE('',*,*,#3212,.F.);
#4336=ORIENTED_EDGE('',*,*,#3215,.F.);
#4337=ORIENTED_EDGE('',*,*,#3218,.F.);
#4338=ORIENTED_EDGE('',*,*,#3221,.F.);
#4339=ORIENTED_EDGE('',*,*,#3224,.F.);
#4340=ORIENTED_EDGE('',*,*,#3227,.F.);
#4341=ORIENTED_EDGE('',*,*,#3230,.F.);
#4342=ORIENTED_EDGE('',*,*,#3233,.F.);
#4343=ORIENTED_EDGE('',*,*,#3236,.F.);
#4344=ORIENTED_EDGE('',*,*,#3239,.F.);
#4345=ORIENTED_EDGE('',*,*,#3242,.F.);
#4346=ORIENTED_EDGE('',*,*,#3245,.F.);
#4347=ORIENTED_EDGE('',*,*,#3248,.F.);
#4348=ORIENTED_EDGE('',*,*,#3175,.F.);
#4349=ORIENTED_EDGE('',*,*,#3151,.F.);
#4350=ORIENTED_EDGE('',*,*,#3155,.F.);
#4351=ORIENTED_EDGE('',*,*,#3158,.F.);
#4352=ORIENTED_EDGE('',*,*,#3161,.F.);
#4353=ORIENTED_EDGE('',*,*,#3164,.F.);
#4354=ORIENTED_EDGE('',*,*,#3167,.F.);
#4355=ORIENTED_EDGE('',*,*,#3170,.F.);
#4356=ORIENTED_EDGE('',*,*,#3173,.F.);
#4357=ORIENTED_EDGE('',*,*,#3251,.F.);
#4358=ORIENTED_EDGE('',*,*,#3252,.T.);
#4359=ORIENTED_EDGE('',*,*,#3253,.T.);
#4360=ORIENTED_EDGE('',*,*,#3254,.F.);
#4361=ORIENTED_EDGE('',*,*,#3255,.F.);
#4362=ORIENTED_EDGE('',*,*,#3256,.T.);
#4363=ORIENTED_EDGE('',*,*,#3257,.T.);
#4364=ORIENTED_EDGE('',*,*,#3252,.F.);
#4365=ORIENTED_EDGE('',*,*,#3258,.F.);
#4366=ORIENTED_EDGE('',*,*,#3259,.T.);
#4367=ORIENTED_EDGE('',*,*,#3260,.T.);
#4368=ORIENTED_EDGE('',*,*,#3256,.F.);
#4369=ORIENTED_EDGE('',*,*,#3261,.F.);
#4370=ORIENTED_EDGE('',*,*,#3262,.T.);
#4371=ORIENTED_EDGE('',*,*,#3263,.T.);
#4372=ORIENTED_EDGE('',*,*,#3259,.F.);
#4373=ORIENTED_EDGE('',*,*,#3264,.F.);
#4374=ORIENTED_EDGE('',*,*,#3265,.T.);
#4375=ORIENTED_EDGE('',*,*,#3266,.T.);
#4376=ORIENTED_EDGE('',*,*,#3262,.F.);
#4377=ORIENTED_EDGE('',*,*,#3267,.F.);
#4378=ORIENTED_EDGE('',*,*,#3268,.T.);
#4379=ORIENTED_EDGE('',*,*,#3269,.T.);
#4380=ORIENTED_EDGE('',*,*,#3265,.F.);
#4381=ORIENTED_EDGE('',*,*,#3270,.F.);
#4382=ORIENTED_EDGE('',*,*,#3271,.T.);
#4383=ORIENTED_EDGE('',*,*,#3272,.T.);
#4384=ORIENTED_EDGE('',*,*,#3268,.F.);
#4385=ORIENTED_EDGE('',*,*,#3273,.F.);
#4386=ORIENTED_EDGE('',*,*,#3274,.T.);
#4387=ORIENTED_EDGE('',*,*,#3275,.T.);
#4388=ORIENTED_EDGE('',*,*,#3271,.F.);
#4389=ORIENTED_EDGE('',*,*,#3276,.F.);
#4390=ORIENTED_EDGE('',*,*,#3277,.T.);
#4391=ORIENTED_EDGE('',*,*,#3278,.T.);
#4392=ORIENTED_EDGE('',*,*,#3274,.F.);
#4393=ORIENTED_EDGE('',*,*,#3279,.F.);
#4394=ORIENTED_EDGE('',*,*,#3280,.T.);
#4395=ORIENTED_EDGE('',*,*,#3281,.T.);
#4396=ORIENTED_EDGE('',*,*,#3277,.F.);
#4397=ORIENTED_EDGE('',*,*,#3282,.F.);
#4398=ORIENTED_EDGE('',*,*,#3283,.T.);
#4399=ORIENTED_EDGE('',*,*,#3284,.T.);
#4400=ORIENTED_EDGE('',*,*,#3280,.F.);
#4401=ORIENTED_EDGE('',*,*,#3285,.F.);
#4402=ORIENTED_EDGE('',*,*,#3286,.T.);
#4403=ORIENTED_EDGE('',*,*,#3287,.T.);
#4404=ORIENTED_EDGE('',*,*,#3283,.F.);
#4405=ORIENTED_EDGE('',*,*,#3288,.F.);
#4406=ORIENTED_EDGE('',*,*,#3254,.T.);
#4407=ORIENTED_EDGE('',*,*,#3289,.T.);
#4408=ORIENTED_EDGE('',*,*,#3286,.F.);
#4409=ORIENTED_EDGE('',*,*,#3289,.F.);
#4410=ORIENTED_EDGE('',*,*,#3253,.F.);
#4411=ORIENTED_EDGE('',*,*,#3257,.F.);
#4412=ORIENTED_EDGE('',*,*,#3260,.F.);
#4413=ORIENTED_EDGE('',*,*,#3263,.F.);
#4414=ORIENTED_EDGE('',*,*,#3266,.F.);
#4415=ORIENTED_EDGE('',*,*,#3269,.F.);
#4416=ORIENTED_EDGE('',*,*,#3272,.F.);
#4417=ORIENTED_EDGE('',*,*,#3275,.F.);
#4418=ORIENTED_EDGE('',*,*,#3278,.F.);
#4419=ORIENTED_EDGE('',*,*,#3281,.F.);
#4420=ORIENTED_EDGE('',*,*,#3284,.F.);
#4421=ORIENTED_EDGE('',*,*,#3287,.F.);
#4422=ORIENTED_EDGE('',*,*,#3290,.F.);
#4423=ORIENTED_EDGE('',*,*,#3291,.T.);
#4424=ORIENTED_EDGE('',*,*,#3292,.T.);
#4425=ORIENTED_EDGE('',*,*,#3293,.F.);
#4426=ORIENTED_EDGE('',*,*,#3294,.F.);
#4427=ORIENTED_EDGE('',*,*,#3295,.T.);
#4428=ORIENTED_EDGE('',*,*,#3296,.T.);
#4429=ORIENTED_EDGE('',*,*,#3291,.F.);
#4430=ORIENTED_EDGE('',*,*,#3297,.F.);
#4431=ORIENTED_EDGE('',*,*,#3298,.T.);
#4432=ORIENTED_EDGE('',*,*,#3299,.T.);
#4433=ORIENTED_EDGE('',*,*,#3295,.F.);
#4434=ORIENTED_EDGE('',*,*,#3300,.F.);
#4435=ORIENTED_EDGE('',*,*,#3301,.T.);
#4436=ORIENTED_EDGE('',*,*,#3302,.T.);
#4437=ORIENTED_EDGE('',*,*,#3298,.F.);
#4438=ORIENTED_EDGE('',*,*,#3303,.F.);
#4439=ORIENTED_EDGE('',*,*,#3304,.T.);
#4440=ORIENTED_EDGE('',*,*,#3305,.T.);
#4441=ORIENTED_EDGE('',*,*,#3301,.F.);
#4442=ORIENTED_EDGE('',*,*,#3306,.F.);
#4443=ORIENTED_EDGE('',*,*,#3307,.T.);
#4444=ORIENTED_EDGE('',*,*,#3308,.T.);
#4445=ORIENTED_EDGE('',*,*,#3304,.F.);
#4446=ORIENTED_EDGE('',*,*,#3309,.F.);
#4447=ORIENTED_EDGE('',*,*,#3310,.T.);
#4448=ORIENTED_EDGE('',*,*,#3311,.T.);
#4449=ORIENTED_EDGE('',*,*,#3307,.F.);
#4450=ORIENTED_EDGE('',*,*,#3312,.F.);
#4451=ORIENTED_EDGE('',*,*,#3293,.T.);
#4452=ORIENTED_EDGE('',*,*,#3313,.T.);
#4453=ORIENTED_EDGE('',*,*,#3310,.F.);
#4454=ORIENTED_EDGE('',*,*,#3314,.F.);
#4455=ORIENTED_EDGE('',*,*,#3315,.T.);
#4456=ORIENTED_EDGE('',*,*,#3316,.T.);
#4457=ORIENTED_EDGE('',*,*,#3317,.F.);
#4458=ORIENTED_EDGE('',*,*,#3318,.F.);
#4459=ORIENTED_EDGE('',*,*,#3319,.T.);
#4460=ORIENTED_EDGE('',*,*,#3320,.T.);
#4461=ORIENTED_EDGE('',*,*,#3315,.F.);
#4462=ORIENTED_EDGE('',*,*,#3321,.F.);
#4463=ORIENTED_EDGE('',*,*,#3322,.T.);
#4464=ORIENTED_EDGE('',*,*,#3323,.T.);
#4465=ORIENTED_EDGE('',*,*,#3319,.F.);
#4466=ORIENTED_EDGE('',*,*,#3324,.F.);
#4467=ORIENTED_EDGE('',*,*,#3325,.T.);
#4468=ORIENTED_EDGE('',*,*,#3326,.T.);
#4469=ORIENTED_EDGE('',*,*,#3322,.F.);
#4470=ORIENTED_EDGE('',*,*,#3327,.F.);
#4471=ORIENTED_EDGE('',*,*,#3328,.T.);
#4472=ORIENTED_EDGE('',*,*,#3329,.T.);
#4473=ORIENTED_EDGE('',*,*,#3325,.F.);
#4474=ORIENTED_EDGE('',*,*,#3330,.F.);
#4475=ORIENTED_EDGE('',*,*,#3331,.T.);
#4476=ORIENTED_EDGE('',*,*,#3332,.T.);
#4477=ORIENTED_EDGE('',*,*,#3328,.F.);
#4478=ORIENTED_EDGE('',*,*,#3333,.F.);
#4479=ORIENTED_EDGE('',*,*,#3334,.T.);
#4480=ORIENTED_EDGE('',*,*,#3335,.T.);
#4481=ORIENTED_EDGE('',*,*,#3331,.F.);
#4482=ORIENTED_EDGE('',*,*,#3336,.F.);
#4483=ORIENTED_EDGE('',*,*,#3337,.T.);
#4484=ORIENTED_EDGE('',*,*,#3338,.T.);
#4485=ORIENTED_EDGE('',*,*,#3334,.F.);
#4486=ORIENTED_EDGE('',*,*,#3339,.F.);
#4487=ORIENTED_EDGE('',*,*,#3340,.T.);
#4488=ORIENTED_EDGE('',*,*,#3341,.T.);
#4489=ORIENTED_EDGE('',*,*,#3337,.F.);
#4490=ORIENTED_EDGE('',*,*,#3342,.F.);
#4491=ORIENTED_EDGE('',*,*,#3317,.T.);
#4492=ORIENTED_EDGE('',*,*,#3343,.T.);
#4493=ORIENTED_EDGE('',*,*,#3340,.F.);
#4494=ORIENTED_EDGE('',*,*,#3343,.F.);
#4495=ORIENTED_EDGE('',*,*,#3316,.F.);
#4496=ORIENTED_EDGE('',*,*,#3320,.F.);
#4497=ORIENTED_EDGE('',*,*,#3323,.F.);
#4498=ORIENTED_EDGE('',*,*,#3326,.F.);
#4499=ORIENTED_EDGE('',*,*,#3329,.F.);
#4500=ORIENTED_EDGE('',*,*,#3332,.F.);
#4501=ORIENTED_EDGE('',*,*,#3335,.F.);
#4502=ORIENTED_EDGE('',*,*,#3338,.F.);
#4503=ORIENTED_EDGE('',*,*,#3341,.F.);
#4504=ORIENTED_EDGE('',*,*,#3313,.F.);
#4505=ORIENTED_EDGE('',*,*,#3292,.F.);
#4506=ORIENTED_EDGE('',*,*,#3296,.F.);
#4507=ORIENTED_EDGE('',*,*,#3299,.F.);
#4508=ORIENTED_EDGE('',*,*,#3302,.F.);
#4509=ORIENTED_EDGE('',*,*,#3305,.F.);
#4510=ORIENTED_EDGE('',*,*,#3308,.F.);
#4511=ORIENTED_EDGE('',*,*,#3311,.F.);
#4512=ORIENTED_EDGE('',*,*,#3344,.F.);
#4513=ORIENTED_EDGE('',*,*,#3345,.T.);
#4514=ORIENTED_EDGE('',*,*,#3346,.T.);
#4515=ORIENTED_EDGE('',*,*,#3347,.F.);
#4516=ORIENTED_EDGE('',*,*,#3348,.F.);
#4517=ORIENTED_EDGE('',*,*,#3349,.T.);
#4518=ORIENTED_EDGE('',*,*,#3350,.T.);
#4519=ORIENTED_EDGE('',*,*,#3345,.F.);
#4520=ORIENTED_EDGE('',*,*,#3351,.F.);
#4521=ORIENTED_EDGE('',*,*,#3352,.T.);
#4522=ORIENTED_EDGE('',*,*,#3353,.T.);
#4523=ORIENTED_EDGE('',*,*,#3349,.F.);
#4524=ORIENTED_EDGE('',*,*,#3354,.F.);
#4525=ORIENTED_EDGE('',*,*,#3355,.T.);
#4526=ORIENTED_EDGE('',*,*,#3356,.T.);
#4527=ORIENTED_EDGE('',*,*,#3352,.F.);
#4528=ORIENTED_EDGE('',*,*,#3357,.F.);
#4529=ORIENTED_EDGE('',*,*,#3358,.T.);
#4530=ORIENTED_EDGE('',*,*,#3359,.T.);
#4531=ORIENTED_EDGE('',*,*,#3355,.F.);
#4532=ORIENTED_EDGE('',*,*,#3360,.F.);
#4533=ORIENTED_EDGE('',*,*,#3361,.T.);
#4534=ORIENTED_EDGE('',*,*,#3362,.T.);
#4535=ORIENTED_EDGE('',*,*,#3358,.F.);
#4536=ORIENTED_EDGE('',*,*,#3363,.F.);
#4537=ORIENTED_EDGE('',*,*,#3364,.T.);
#4538=ORIENTED_EDGE('',*,*,#3365,.T.);
#4539=ORIENTED_EDGE('',*,*,#3361,.F.);
#4540=ORIENTED_EDGE('',*,*,#3366,.F.);
#4541=ORIENTED_EDGE('',*,*,#3367,.T.);
#4542=ORIENTED_EDGE('',*,*,#3368,.T.);
#4543=ORIENTED_EDGE('',*,*,#3364,.F.);
#4544=ORIENTED_EDGE('',*,*,#3369,.F.);
#4545=ORIENTED_EDGE('',*,*,#3370,.T.);
#4546=ORIENTED_EDGE('',*,*,#3371,.T.);
#4547=ORIENTED_EDGE('',*,*,#3367,.F.);
#4548=ORIENTED_EDGE('',*,*,#3372,.F.);
#4549=ORIENTED_EDGE('',*,*,#3347,.T.);
#4550=ORIENTED_EDGE('',*,*,#3373,.T.);
#4551=ORIENTED_EDGE('',*,*,#3370,.F.);
#4552=ORIENTED_EDGE('',*,*,#3373,.F.);
#4553=ORIENTED_EDGE('',*,*,#3346,.F.);
#4554=ORIENTED_EDGE('',*,*,#3350,.F.);
#4555=ORIENTED_EDGE('',*,*,#3353,.F.);
#4556=ORIENTED_EDGE('',*,*,#3356,.F.);
#4557=ORIENTED_EDGE('',*,*,#3359,.F.);
#4558=ORIENTED_EDGE('',*,*,#3362,.F.);
#4559=ORIENTED_EDGE('',*,*,#3365,.F.);
#4560=ORIENTED_EDGE('',*,*,#3368,.F.);
#4561=ORIENTED_EDGE('',*,*,#3371,.F.);
#4562=ORIENTED_EDGE('',*,*,#3374,.F.);
#4563=ORIENTED_EDGE('',*,*,#3375,.T.);
#4564=ORIENTED_EDGE('',*,*,#3376,.F.);
#4565=ORIENTED_EDGE('',*,*,#3377,.T.);
#4566=ORIENTED_EDGE('',*,*,#3378,.F.);
#4567=ORIENTED_EDGE('',*,*,#3379,.T.);
#4568=ORIENTED_EDGE('',*,*,#3380,.F.);
#4569=ORIENTED_EDGE('',*,*,#3381,.T.);
#4570=ORIENTED_EDGE('',*,*,#3382,.F.);
#4571=ORIENTED_EDGE('',*,*,#3383,.F.);
#4572=ORIENTED_EDGE('',*,*,#3384,.F.);
#4573=ORIENTED_EDGE('',*,*,#3385,.F.);
#4574=ORIENTED_EDGE('',*,*,#3344,.T.);
#4575=ORIENTED_EDGE('',*,*,#3372,.T.);
#4576=ORIENTED_EDGE('',*,*,#3369,.T.);
#4577=ORIENTED_EDGE('',*,*,#3366,.T.);
#4578=ORIENTED_EDGE('',*,*,#3363,.T.);
#4579=ORIENTED_EDGE('',*,*,#3360,.T.);
#4580=ORIENTED_EDGE('',*,*,#3357,.T.);
#4581=ORIENTED_EDGE('',*,*,#3354,.T.);
#4582=ORIENTED_EDGE('',*,*,#3351,.T.);
#4583=ORIENTED_EDGE('',*,*,#3348,.T.);
#4584=ORIENTED_EDGE('',*,*,#3314,.T.);
#4585=ORIENTED_EDGE('',*,*,#3342,.T.);
#4586=ORIENTED_EDGE('',*,*,#3339,.T.);
#4587=ORIENTED_EDGE('',*,*,#3336,.T.);
#4588=ORIENTED_EDGE('',*,*,#3333,.T.);
#4589=ORIENTED_EDGE('',*,*,#3330,.T.);
#4590=ORIENTED_EDGE('',*,*,#3327,.T.);
#4591=ORIENTED_EDGE('',*,*,#3324,.T.);
#4592=ORIENTED_EDGE('',*,*,#3321,.T.);
#4593=ORIENTED_EDGE('',*,*,#3318,.T.);
#4594=ORIENTED_EDGE('',*,*,#3251,.T.);
#4595=ORIENTED_EDGE('',*,*,#3288,.T.);
#4596=ORIENTED_EDGE('',*,*,#3285,.T.);
#4597=ORIENTED_EDGE('',*,*,#3282,.T.);
#4598=ORIENTED_EDGE('',*,*,#3279,.T.);
#4599=ORIENTED_EDGE('',*,*,#3276,.T.);
#4600=ORIENTED_EDGE('',*,*,#3273,.T.);
#4601=ORIENTED_EDGE('',*,*,#3270,.T.);
#4602=ORIENTED_EDGE('',*,*,#3267,.T.);
#4603=ORIENTED_EDGE('',*,*,#3264,.T.);
#4604=ORIENTED_EDGE('',*,*,#3261,.T.);
#4605=ORIENTED_EDGE('',*,*,#3258,.T.);
#4606=ORIENTED_EDGE('',*,*,#3255,.T.);
#4607=ORIENTED_EDGE('',*,*,#3176,.T.);
#4608=ORIENTED_EDGE('',*,*,#3249,.T.);
#4609=ORIENTED_EDGE('',*,*,#3246,.T.);
#4610=ORIENTED_EDGE('',*,*,#3243,.T.);
#4611=ORIENTED_EDGE('',*,*,#3240,.T.);
#4612=ORIENTED_EDGE('',*,*,#3237,.T.);
#4613=ORIENTED_EDGE('',*,*,#3234,.T.);
#4614=ORIENTED_EDGE('',*,*,#3231,.T.);
#4615=ORIENTED_EDGE('',*,*,#3228,.T.);
#4616=ORIENTED_EDGE('',*,*,#3225,.T.);
#4617=ORIENTED_EDGE('',*,*,#3222,.T.);
#4618=ORIENTED_EDGE('',*,*,#3219,.T.);
#4619=ORIENTED_EDGE('',*,*,#3216,.T.);
#4620=ORIENTED_EDGE('',*,*,#3213,.T.);
#4621=ORIENTED_EDGE('',*,*,#3210,.T.);
#4622=ORIENTED_EDGE('',*,*,#3207,.T.);
#4623=ORIENTED_EDGE('',*,*,#3204,.T.);
#4624=ORIENTED_EDGE('',*,*,#3201,.T.);
#4625=ORIENTED_EDGE('',*,*,#3198,.T.);
#4626=ORIENTED_EDGE('',*,*,#3195,.T.);
#4627=ORIENTED_EDGE('',*,*,#3192,.T.);
#4628=ORIENTED_EDGE('',*,*,#3189,.T.);
#4629=ORIENTED_EDGE('',*,*,#3186,.T.);
#4630=ORIENTED_EDGE('',*,*,#3183,.T.);
#4631=ORIENTED_EDGE('',*,*,#3180,.T.);
#4632=ORIENTED_EDGE('',*,*,#3113,.T.);
#4633=ORIENTED_EDGE('',*,*,#3147,.T.);
#4634=ORIENTED_EDGE('',*,*,#3144,.T.);
#4635=ORIENTED_EDGE('',*,*,#3141,.T.);
#4636=ORIENTED_EDGE('',*,*,#3138,.T.);
#4637=ORIENTED_EDGE('',*,*,#3135,.T.);
#4638=ORIENTED_EDGE('',*,*,#3132,.T.);
#4639=ORIENTED_EDGE('',*,*,#3129,.T.);
#4640=ORIENTED_EDGE('',*,*,#3126,.T.);
#4641=ORIENTED_EDGE('',*,*,#3123,.T.);
#4642=ORIENTED_EDGE('',*,*,#3120,.T.);
#4643=ORIENTED_EDGE('',*,*,#3117,.T.);
#4644=ORIENTED_EDGE('',*,*,#3050,.T.);
#4645=ORIENTED_EDGE('',*,*,#3084,.T.);
#4646=ORIENTED_EDGE('',*,*,#3081,.T.);
#4647=ORIENTED_EDGE('',*,*,#3078,.T.);
#4648=ORIENTED_EDGE('',*,*,#3075,.T.);
#4649=ORIENTED_EDGE('',*,*,#3072,.T.);
#4650=ORIENTED_EDGE('',*,*,#3069,.T.);
#4651=ORIENTED_EDGE('',*,*,#3066,.T.);
#4652=ORIENTED_EDGE('',*,*,#3063,.T.);
#4653=ORIENTED_EDGE('',*,*,#3060,.T.);
#4654=ORIENTED_EDGE('',*,*,#3057,.T.);
#4655=ORIENTED_EDGE('',*,*,#3054,.T.);
#4656=ORIENTED_EDGE('',*,*,#2984,.T.);
#4657=ORIENTED_EDGE('',*,*,#3024,.T.);
#4658=ORIENTED_EDGE('',*,*,#3021,.T.);
#4659=ORIENTED_EDGE('',*,*,#3018,.T.);
#4660=ORIENTED_EDGE('',*,*,#3015,.T.);
#4661=ORIENTED_EDGE('',*,*,#3012,.T.);
#4662=ORIENTED_EDGE('',*,*,#3009,.T.);
#4663=ORIENTED_EDGE('',*,*,#3006,.T.);
#4664=ORIENTED_EDGE('',*,*,#3003,.T.);
#4665=ORIENTED_EDGE('',*,*,#3000,.T.);
#4666=ORIENTED_EDGE('',*,*,#2997,.T.);
#4667=ORIENTED_EDGE('',*,*,#2994,.T.);
#4668=ORIENTED_EDGE('',*,*,#2991,.T.);
#4669=ORIENTED_EDGE('',*,*,#2988,.T.);
#4670=ORIENTED_EDGE('',*,*,#3290,.T.);
#4671=ORIENTED_EDGE('',*,*,#3312,.T.);
#4672=ORIENTED_EDGE('',*,*,#3309,.T.);
#4673=ORIENTED_EDGE('',*,*,#3306,.T.);
#4674=ORIENTED_EDGE('',*,*,#3303,.T.);
#4675=ORIENTED_EDGE('',*,*,#3300,.T.);
#4676=ORIENTED_EDGE('',*,*,#3297,.T.);
#4677=ORIENTED_EDGE('',*,*,#3294,.T.);
#4678=ORIENTED_EDGE('',*,*,#3149,.T.);
#4679=ORIENTED_EDGE('',*,*,#3174,.T.);
#4680=ORIENTED_EDGE('',*,*,#3171,.T.);
#4681=ORIENTED_EDGE('',*,*,#3168,.T.);
#4682=ORIENTED_EDGE('',*,*,#3165,.T.);
#4683=ORIENTED_EDGE('',*,*,#3162,.T.);
#4684=ORIENTED_EDGE('',*,*,#3159,.T.);
#4685=ORIENTED_EDGE('',*,*,#3156,.T.);
#4686=ORIENTED_EDGE('',*,*,#3153,.T.);
#4687=ORIENTED_EDGE('',*,*,#3086,.T.);
#4688=ORIENTED_EDGE('',*,*,#3111,.T.);
#4689=ORIENTED_EDGE('',*,*,#3108,.T.);
#4690=ORIENTED_EDGE('',*,*,#3105,.T.);
#4691=ORIENTED_EDGE('',*,*,#3102,.T.);
#4692=ORIENTED_EDGE('',*,*,#3099,.T.);
#4693=ORIENTED_EDGE('',*,*,#3096,.T.);
#4694=ORIENTED_EDGE('',*,*,#3093,.T.);
#4695=ORIENTED_EDGE('',*,*,#3090,.T.);
#4696=ORIENTED_EDGE('',*,*,#3026,.T.);
#4697=ORIENTED_EDGE('',*,*,#3048,.T.);
#4698=ORIENTED_EDGE('',*,*,#3045,.T.);
#4699=ORIENTED_EDGE('',*,*,#3042,.T.);
#4700=ORIENTED_EDGE('',*,*,#3039,.T.);
#4701=ORIENTED_EDGE('',*,*,#3036,.T.);
#4702=ORIENTED_EDGE('',*,*,#3033,.T.);
#4703=ORIENTED_EDGE('',*,*,#3030,.T.);
#4704=ORIENTED_EDGE('',*,*,#3386,.T.);
#4705=ORIENTED_EDGE('',*,*,#3387,.T.);
#4706=ORIENTED_EDGE('',*,*,#3374,.T.);
#4707=ORIENTED_EDGE('',*,*,#3388,.T.);
#4708=ORIENTED_EDGE('',*,*,#3386,.F.);
#4709=ORIENTED_EDGE('',*,*,#3389,.T.);
#4710=ORIENTED_EDGE('',*,*,#3390,.F.);
#4711=ORIENTED_EDGE('',*,*,#3391,.T.);
#4712=ORIENTED_EDGE('',*,*,#3392,.F.);
#4713=ORIENTED_EDGE('',*,*,#3393,.T.);
#4714=ORIENTED_EDGE('',*,*,#3394,.F.);
#4715=ORIENTED_EDGE('',*,*,#3395,.T.);
#4716=ORIENTED_EDGE('',*,*,#3396,.T.);
#4717=ORIENTED_EDGE('',*,*,#3397,.T.);
#4718=ORIENTED_EDGE('',*,*,#3398,.T.);
#4719=ORIENTED_EDGE('',*,*,#3399,.T.);
#4720=ORIENTED_EDGE('',*,*,#3400,.T.);
#4721=ORIENTED_EDGE('',*,*,#3401,.T.);
#4722=ORIENTED_EDGE('',*,*,#3402,.T.);
#4723=ORIENTED_EDGE('',*,*,#3403,.T.);
#4724=ORIENTED_EDGE('',*,*,#3404,.T.);
#4725=ORIENTED_EDGE('',*,*,#3405,.T.);
#4726=ORIENTED_EDGE('',*,*,#3406,.T.);
#4727=ORIENTED_EDGE('',*,*,#3407,.T.);
#4728=ORIENTED_EDGE('',*,*,#3388,.F.);
#4729=ORIENTED_EDGE('',*,*,#3381,.F.);
#4730=ORIENTED_EDGE('',*,*,#3408,.F.);
#4731=ORIENTED_EDGE('',*,*,#3389,.F.);
#4732=ORIENTED_EDGE('',*,*,#3390,.T.);
#4733=ORIENTED_EDGE('',*,*,#3408,.T.);
#4734=ORIENTED_EDGE('',*,*,#3380,.T.);
#4735=ORIENTED_EDGE('',*,*,#3409,.T.);
#4736=ORIENTED_EDGE('',*,*,#3392,.T.);
#4737=ORIENTED_EDGE('',*,*,#3410,.T.);
#4738=ORIENTED_EDGE('',*,*,#3378,.T.);
#4739=ORIENTED_EDGE('',*,*,#3411,.T.);
#4740=ORIENTED_EDGE('',*,*,#3411,.F.);
#4741=ORIENTED_EDGE('',*,*,#3377,.F.);
#4742=ORIENTED_EDGE('',*,*,#3412,.F.);
#4743=ORIENTED_EDGE('',*,*,#3393,.F.);
#4744=ORIENTED_EDGE('',*,*,#3394,.T.);
#4745=ORIENTED_EDGE('',*,*,#3412,.T.);
#4746=ORIENTED_EDGE('',*,*,#3376,.T.);
#4747=ORIENTED_EDGE('',*,*,#3413,.T.);
#4748=ORIENTED_EDGE('',*,*,#3396,.F.);
#4749=ORIENTED_EDGE('',*,*,#3414,.F.);
#4750=ORIENTED_EDGE('',*,*,#3415,.T.);
#4751=ORIENTED_EDGE('',*,*,#3416,.F.);
#4752=ORIENTED_EDGE('',*,*,#3402,.F.);
#4753=ORIENTED_EDGE('',*,*,#3417,.F.);
#4754=ORIENTED_EDGE('',*,*,#3418,.T.);
#4755=ORIENTED_EDGE('',*,*,#3419,.F.);
#4756=ORIENTED_EDGE('',*,*,#3420,.F.);
#4757=ORIENTED_EDGE('',*,*,#3415,.F.);
#4758=ORIENTED_EDGE('',*,*,#3421,.F.);
#4759=ORIENTED_EDGE('',*,*,#3418,.F.);
#4760=ORIENTED_EDGE('',*,*,#3416,.T.);
#4761=ORIENTED_EDGE('',*,*,#3420,.T.);
#4762=ORIENTED_EDGE('',*,*,#3417,.T.);
#4763=ORIENTED_EDGE('',*,*,#3401,.F.);
#4764=ORIENTED_EDGE('',*,*,#3422,.F.);
#4765=ORIENTED_EDGE('',*,*,#3423,.F.);
#4766=ORIENTED_EDGE('',*,*,#3424,.T.);
#4767=ORIENTED_EDGE('',*,*,#3397,.F.);
#4768=ORIENTED_EDGE('',*,*,#3425,.F.);
#4769=ORIENTED_EDGE('',*,*,#3422,.T.);
#4770=ORIENTED_EDGE('',*,*,#3400,.F.);
#4771=ORIENTED_EDGE('',*,*,#3426,.F.);
#4772=ORIENTED_EDGE('',*,*,#3404,.F.);
#4773=ORIENTED_EDGE('',*,*,#3427,.T.);
#4774=ORIENTED_EDGE('',*,*,#3385,.T.);
#4775=ORIENTED_EDGE('',*,*,#3427,.F.);
#4776=ORIENTED_EDGE('',*,*,#3405,.F.);
#4777=ORIENTED_EDGE('',*,*,#3428,.T.);
#4778=ORIENTED_EDGE('',*,*,#3384,.T.);
#4779=ORIENTED_EDGE('',*,*,#3428,.F.);
#4780=ORIENTED_EDGE('',*,*,#3406,.F.);
#4781=ORIENTED_EDGE('',*,*,#3429,.T.);
#4782=ORIENTED_EDGE('',*,*,#3383,.T.);
#4783=ORIENTED_EDGE('',*,*,#3429,.F.);
#4784=ORIENTED_EDGE('',*,*,#3430,.F.);
#4785=ORIENTED_EDGE('',*,*,#3426,.T.);
#4786=ORIENTED_EDGE('',*,*,#3399,.F.);
#4787=ORIENTED_EDGE('',*,*,#3431,.F.);
#4788=ORIENTED_EDGE('',*,*,#3432,.F.);
#4789=ORIENTED_EDGE('',*,*,#3431,.T.);
#4790=ORIENTED_EDGE('',*,*,#3398,.F.);
#4791=ORIENTED_EDGE('',*,*,#3424,.F.);
#4792=ORIENTED_EDGE('',*,*,#3407,.F.);
#4793=ORIENTED_EDGE('',*,*,#3433,.T.);
#4794=ORIENTED_EDGE('',*,*,#3382,.T.);
#4795=ORIENTED_EDGE('',*,*,#3433,.F.);
#4796=ORIENTED_EDGE('',*,*,#3409,.F.);
#4797=ORIENTED_EDGE('',*,*,#3379,.F.);
#4798=ORIENTED_EDGE('',*,*,#3410,.F.);
#4799=ORIENTED_EDGE('',*,*,#3391,.F.);
#4800=ORIENTED_EDGE('',*,*,#3387,.F.);
#4801=ORIENTED_EDGE('',*,*,#3403,.F.);
#4802=ORIENTED_EDGE('',*,*,#3419,.T.);
#4803=ORIENTED_EDGE('',*,*,#3421,.T.);
#4804=ORIENTED_EDGE('',*,*,#3414,.T.);
#4805=ORIENTED_EDGE('',*,*,#3395,.F.);
#4806=ORIENTED_EDGE('',*,*,#3413,.F.);
#4807=ORIENTED_EDGE('',*,*,#3375,.F.);
#4808=ORIENTED_EDGE('',*,*,#3423,.T.);
#4809=ORIENTED_EDGE('',*,*,#3425,.T.);
#4810=ORIENTED_EDGE('',*,*,#3430,.T.);
#4811=ORIENTED_EDGE('',*,*,#3432,.T.);
#4812=ORIENTED_EDGE('',*,*,#2969,.T.);
#4813=ORIENTED_EDGE('',*,*,#2982,.T.);
#4814=ORIENTED_EDGE('',*,*,#2979,.T.);
#4815=ORIENTED_EDGE('',*,*,#2976,.T.);
#4816=ORIENTED_EDGE('',*,*,#2973,.T.);
#4817=ORIENTED_EDGE('',*,*,#3434,.T.);
#4818=ORIENTED_EDGE('',*,*,#3435,.T.);
#4819=ORIENTED_EDGE('',*,*,#3436,.T.);
#4820=ORIENTED_EDGE('',*,*,#3437,.T.);
#4821=ORIENTED_EDGE('',*,*,#3434,.F.);
#4822=ORIENTED_EDGE('',*,*,#3438,.T.);
#4823=ORIENTED_EDGE('',*,*,#3439,.F.);
#4824=ORIENTED_EDGE('',*,*,#3440,.T.);
#4825=ORIENTED_EDGE('',*,*,#3441,.F.);
#4826=ORIENTED_EDGE('',*,*,#3442,.T.);
#4827=ORIENTED_EDGE('',*,*,#3443,.F.);
#4828=ORIENTED_EDGE('',*,*,#3444,.T.);
#4829=ORIENTED_EDGE('',*,*,#3445,.T.);
#4830=ORIENTED_EDGE('',*,*,#3446,.T.);
#4831=ORIENTED_EDGE('',*,*,#3447,.T.);
#4832=ORIENTED_EDGE('',*,*,#3448,.T.);
#4833=ORIENTED_EDGE('',*,*,#3449,.T.);
#4834=ORIENTED_EDGE('',*,*,#3450,.T.);
#4835=ORIENTED_EDGE('',*,*,#3451,.T.);
#4836=ORIENTED_EDGE('',*,*,#3452,.T.);
#4837=ORIENTED_EDGE('',*,*,#3453,.T.);
#4838=ORIENTED_EDGE('',*,*,#3454,.T.);
#4839=ORIENTED_EDGE('',*,*,#3455,.T.);
#4840=ORIENTED_EDGE('',*,*,#3456,.T.);
#4841=ORIENTED_EDGE('',*,*,#3457,.T.);
#4842=ORIENTED_EDGE('',*,*,#3458,.T.);
#4843=ORIENTED_EDGE('',*,*,#3459,.T.);
#4844=ORIENTED_EDGE('',*,*,#3460,.T.);
#4845=ORIENTED_EDGE('',*,*,#3461,.T.);
#4846=ORIENTED_EDGE('',*,*,#3462,.T.);
#4847=ORIENTED_EDGE('',*,*,#3463,.T.);
#4848=ORIENTED_EDGE('',*,*,#3464,.T.);
#4849=ORIENTED_EDGE('',*,*,#3465,.T.);
#4850=ORIENTED_EDGE('',*,*,#3466,.T.);
#4851=ORIENTED_EDGE('',*,*,#3467,.T.);
#4852=ORIENTED_EDGE('',*,*,#3468,.T.);
#4853=ORIENTED_EDGE('',*,*,#3469,.T.);
#4854=ORIENTED_EDGE('',*,*,#3470,.T.);
#4855=ORIENTED_EDGE('',*,*,#3471,.T.);
#4856=ORIENTED_EDGE('',*,*,#3472,.T.);
#4857=ORIENTED_EDGE('',*,*,#3473,.T.);
#4858=ORIENTED_EDGE('',*,*,#3474,.T.);
#4859=ORIENTED_EDGE('',*,*,#3475,.T.);
#4860=ORIENTED_EDGE('',*,*,#3476,.T.);
#4861=ORIENTED_EDGE('',*,*,#3477,.T.);
#4862=ORIENTED_EDGE('',*,*,#3478,.T.);
#4863=ORIENTED_EDGE('',*,*,#3479,.T.);
#4864=ORIENTED_EDGE('',*,*,#3480,.T.);
#4865=ORIENTED_EDGE('',*,*,#3481,.T.);
#4866=ORIENTED_EDGE('',*,*,#3482,.T.);
#4867=ORIENTED_EDGE('',*,*,#3483,.T.);
#4868=ORIENTED_EDGE('',*,*,#3484,.T.);
#4869=ORIENTED_EDGE('',*,*,#3485,.T.);
#4870=ORIENTED_EDGE('',*,*,#3486,.T.);
#4871=ORIENTED_EDGE('',*,*,#3487,.T.);
#4872=ORIENTED_EDGE('',*,*,#3488,.T.);
#4873=ORIENTED_EDGE('',*,*,#3489,.T.);
#4874=ORIENTED_EDGE('',*,*,#3490,.T.);
#4875=ORIENTED_EDGE('',*,*,#3491,.T.);
#4876=ORIENTED_EDGE('',*,*,#3492,.T.);
#4877=ORIENTED_EDGE('',*,*,#3493,.T.);
#4878=ORIENTED_EDGE('',*,*,#3494,.T.);
#4879=ORIENTED_EDGE('',*,*,#3495,.T.);
#4880=ORIENTED_EDGE('',*,*,#3496,.T.);
#4881=ORIENTED_EDGE('',*,*,#3497,.T.);
#4882=ORIENTED_EDGE('',*,*,#3498,.T.);
#4883=ORIENTED_EDGE('',*,*,#3499,.T.);
#4884=ORIENTED_EDGE('',*,*,#3500,.T.);
#4885=ORIENTED_EDGE('',*,*,#3501,.T.);
#4886=ORIENTED_EDGE('',*,*,#3502,.T.);
#4887=ORIENTED_EDGE('',*,*,#3503,.T.);
#4888=ORIENTED_EDGE('',*,*,#3504,.T.);
#4889=ORIENTED_EDGE('',*,*,#3505,.T.);
#4890=ORIENTED_EDGE('',*,*,#3506,.T.);
#4891=ORIENTED_EDGE('',*,*,#3507,.T.);
#4892=ORIENTED_EDGE('',*,*,#3508,.T.);
#4893=ORIENTED_EDGE('',*,*,#3509,.T.);
#4894=ORIENTED_EDGE('',*,*,#3510,.T.);
#4895=ORIENTED_EDGE('',*,*,#3511,.T.);
#4896=ORIENTED_EDGE('',*,*,#3512,.T.);
#4897=ORIENTED_EDGE('',*,*,#3513,.T.);
#4898=ORIENTED_EDGE('',*,*,#3514,.T.);
#4899=ORIENTED_EDGE('',*,*,#3515,.T.);
#4900=ORIENTED_EDGE('',*,*,#3516,.T.);
#4901=ORIENTED_EDGE('',*,*,#3517,.T.);
#4902=ORIENTED_EDGE('',*,*,#3518,.T.);
#4903=ORIENTED_EDGE('',*,*,#3519,.T.);
#4904=ORIENTED_EDGE('',*,*,#3520,.T.);
#4905=ORIENTED_EDGE('',*,*,#3521,.T.);
#4906=ORIENTED_EDGE('',*,*,#3522,.T.);
#4907=ORIENTED_EDGE('',*,*,#3523,.T.);
#4908=ORIENTED_EDGE('',*,*,#3524,.T.);
#4909=ORIENTED_EDGE('',*,*,#3525,.T.);
#4910=ORIENTED_EDGE('',*,*,#3526,.T.);
#4911=ORIENTED_EDGE('',*,*,#3527,.T.);
#4912=ORIENTED_EDGE('',*,*,#3528,.T.);
#4913=ORIENTED_EDGE('',*,*,#3529,.T.);
#4914=ORIENTED_EDGE('',*,*,#3530,.T.);
#4915=ORIENTED_EDGE('',*,*,#3531,.T.);
#4916=ORIENTED_EDGE('',*,*,#3532,.T.);
#4917=ORIENTED_EDGE('',*,*,#3533,.T.);
#4918=ORIENTED_EDGE('',*,*,#3534,.T.);
#4919=ORIENTED_EDGE('',*,*,#3535,.T.);
#4920=ORIENTED_EDGE('',*,*,#3536,.T.);
#4921=ORIENTED_EDGE('',*,*,#3537,.T.);
#4922=ORIENTED_EDGE('',*,*,#3538,.T.);
#4923=ORIENTED_EDGE('',*,*,#3539,.T.);
#4924=ORIENTED_EDGE('',*,*,#3540,.T.);
#4925=ORIENTED_EDGE('',*,*,#3541,.T.);
#4926=ORIENTED_EDGE('',*,*,#3542,.T.);
#4927=ORIENTED_EDGE('',*,*,#3543,.T.);
#4928=ORIENTED_EDGE('',*,*,#3544,.T.);
#4929=ORIENTED_EDGE('',*,*,#3545,.T.);
#4930=ORIENTED_EDGE('',*,*,#3546,.T.);
#4931=ORIENTED_EDGE('',*,*,#3547,.T.);
#4932=ORIENTED_EDGE('',*,*,#3548,.T.);
#4933=ORIENTED_EDGE('',*,*,#3437,.F.);
#4934=ORIENTED_EDGE('',*,*,#3549,.F.);
#4935=ORIENTED_EDGE('',*,*,#3550,.F.);
#4936=ORIENTED_EDGE('',*,*,#3438,.F.);
#4937=ORIENTED_EDGE('',*,*,#3439,.T.);
#4938=ORIENTED_EDGE('',*,*,#3550,.T.);
#4939=ORIENTED_EDGE('',*,*,#3551,.T.);
#4940=ORIENTED_EDGE('',*,*,#3552,.T.);
#4941=ORIENTED_EDGE('',*,*,#3441,.T.);
#4942=ORIENTED_EDGE('',*,*,#3553,.T.);
#4943=ORIENTED_EDGE('',*,*,#3554,.T.);
#4944=ORIENTED_EDGE('',*,*,#3555,.T.);
#4945=ORIENTED_EDGE('',*,*,#3555,.F.);
#4946=ORIENTED_EDGE('',*,*,#3556,.F.);
#4947=ORIENTED_EDGE('',*,*,#3557,.F.);
#4948=ORIENTED_EDGE('',*,*,#3442,.F.);
#4949=ORIENTED_EDGE('',*,*,#3443,.T.);
#4950=ORIENTED_EDGE('',*,*,#3557,.T.);
#4951=ORIENTED_EDGE('',*,*,#3558,.T.);
#4952=ORIENTED_EDGE('',*,*,#3559,.T.);
#4953=ORIENTED_EDGE('',*,*,#3560,.F.);
#4954=ORIENTED_EDGE('',*,*,#3561,.T.);
#4955=ORIENTED_EDGE('',*,*,#3562,.T.);
#4956=ORIENTED_EDGE('',*,*,#3563,.F.);
#4957=ORIENTED_EDGE('',*,*,#3564,.F.);
#4958=ORIENTED_EDGE('',*,*,#3565,.T.);
#4959=ORIENTED_EDGE('',*,*,#3566,.T.);
#4960=ORIENTED_EDGE('',*,*,#3561,.F.);
#4961=ORIENTED_EDGE('',*,*,#3567,.F.);
#4962=ORIENTED_EDGE('',*,*,#3568,.T.);
#4963=ORIENTED_EDGE('',*,*,#3569,.T.);
#4964=ORIENTED_EDGE('',*,*,#3565,.F.);
#4965=ORIENTED_EDGE('',*,*,#3570,.F.);
#4966=ORIENTED_EDGE('',*,*,#3571,.T.);
#4967=ORIENTED_EDGE('',*,*,#3572,.T.);
#4968=ORIENTED_EDGE('',*,*,#3568,.F.);
#4969=ORIENTED_EDGE('',*,*,#3573,.F.);
#4970=ORIENTED_EDGE('',*,*,#3563,.T.);
#4971=ORIENTED_EDGE('',*,*,#3574,.T.);
#4972=ORIENTED_EDGE('',*,*,#3571,.F.);
#4973=ORIENTED_EDGE('',*,*,#3535,.F.);
#4974=ORIENTED_EDGE('',*,*,#3575,.T.);
#4975=ORIENTED_EDGE('',*,*,#3576,.T.);
#4976=ORIENTED_EDGE('',*,*,#3577,.F.);
#4977=ORIENTED_EDGE('',*,*,#3548,.F.);
#4978=ORIENTED_EDGE('',*,*,#3578,.T.);
#4979=ORIENTED_EDGE('',*,*,#3579,.T.);
#4980=ORIENTED_EDGE('',*,*,#3575,.F.);
#4981=ORIENTED_EDGE('',*,*,#3547,.F.);
#4982=ORIENTED_EDGE('',*,*,#3580,.T.);
#4983=ORIENTED_EDGE('',*,*,#3581,.T.);
#4984=ORIENTED_EDGE('',*,*,#3578,.F.);
#4985=ORIENTED_EDGE('',*,*,#3546,.F.);
#4986=ORIENTED_EDGE('',*,*,#3582,.T.);
#4987=ORIENTED_EDGE('',*,*,#3583,.T.);
#4988=ORIENTED_EDGE('',*,*,#3580,.F.);
#4989=ORIENTED_EDGE('',*,*,#3545,.F.);
#4990=ORIENTED_EDGE('',*,*,#3584,.T.);
#4991=ORIENTED_EDGE('',*,*,#3585,.T.);
#4992=ORIENTED_EDGE('',*,*,#3582,.F.);
#4993=ORIENTED_EDGE('',*,*,#3544,.F.);
#4994=ORIENTED_EDGE('',*,*,#3586,.T.);
#4995=ORIENTED_EDGE('',*,*,#3587,.T.);
#4996=ORIENTED_EDGE('',*,*,#3584,.F.);
#4997=ORIENTED_EDGE('',*,*,#3543,.F.);
#4998=ORIENTED_EDGE('',*,*,#3588,.T.);
#4999=ORIENTED_EDGE('',*,*,#3589,.T.);
#5000=ORIENTED_EDGE('',*,*,#3586,.F.);
#5001=ORIENTED_EDGE('',*,*,#3542,.F.);
#5002=ORIENTED_EDGE('',*,*,#3590,.T.);
#5003=ORIENTED_EDGE('',*,*,#3591,.T.);
#5004=ORIENTED_EDGE('',*,*,#3588,.F.);
#5005=ORIENTED_EDGE('',*,*,#3541,.F.);
#5006=ORIENTED_EDGE('',*,*,#3592,.T.);
#5007=ORIENTED_EDGE('',*,*,#3593,.T.);
#5008=ORIENTED_EDGE('',*,*,#3590,.F.);
#5009=ORIENTED_EDGE('',*,*,#3540,.F.);
#5010=ORIENTED_EDGE('',*,*,#3594,.T.);
#5011=ORIENTED_EDGE('',*,*,#3595,.T.);
#5012=ORIENTED_EDGE('',*,*,#3592,.F.);
#5013=ORIENTED_EDGE('',*,*,#3539,.F.);
#5014=ORIENTED_EDGE('',*,*,#3596,.T.);
#5015=ORIENTED_EDGE('',*,*,#3597,.T.);
#5016=ORIENTED_EDGE('',*,*,#3594,.F.);
#5017=ORIENTED_EDGE('',*,*,#3538,.F.);
#5018=ORIENTED_EDGE('',*,*,#3598,.T.);
#5019=ORIENTED_EDGE('',*,*,#3599,.T.);
#5020=ORIENTED_EDGE('',*,*,#3596,.F.);
#5021=ORIENTED_EDGE('',*,*,#3537,.F.);
#5022=ORIENTED_EDGE('',*,*,#3600,.T.);
#5023=ORIENTED_EDGE('',*,*,#3601,.T.);
#5024=ORIENTED_EDGE('',*,*,#3598,.F.);
#5025=ORIENTED_EDGE('',*,*,#3536,.F.);
#5026=ORIENTED_EDGE('',*,*,#3577,.T.);
#5027=ORIENTED_EDGE('',*,*,#3602,.T.);
#5028=ORIENTED_EDGE('',*,*,#3600,.F.);
#5029=ORIENTED_EDGE('',*,*,#3602,.F.);
#5030=ORIENTED_EDGE('',*,*,#3576,.F.);
#5031=ORIENTED_EDGE('',*,*,#3579,.F.);
#5032=ORIENTED_EDGE('',*,*,#3581,.F.);
#5033=ORIENTED_EDGE('',*,*,#3583,.F.);
#5034=ORIENTED_EDGE('',*,*,#3585,.F.);
#5035=ORIENTED_EDGE('',*,*,#3587,.F.);
#5036=ORIENTED_EDGE('',*,*,#3589,.F.);
#5037=ORIENTED_EDGE('',*,*,#3591,.F.);
#5038=ORIENTED_EDGE('',*,*,#3593,.F.);
#5039=ORIENTED_EDGE('',*,*,#3595,.F.);
#5040=ORIENTED_EDGE('',*,*,#3597,.F.);
#5041=ORIENTED_EDGE('',*,*,#3599,.F.);
#5042=ORIENTED_EDGE('',*,*,#3601,.F.);
#5043=ORIENTED_EDGE('',*,*,#3574,.F.);
#5044=ORIENTED_EDGE('',*,*,#3562,.F.);
#5045=ORIENTED_EDGE('',*,*,#3566,.F.);
#5046=ORIENTED_EDGE('',*,*,#3569,.F.);
#5047=ORIENTED_EDGE('',*,*,#3572,.F.);
#5048=ORIENTED_EDGE('',*,*,#3603,.F.);
#5049=ORIENTED_EDGE('',*,*,#3604,.T.);
#5050=ORIENTED_EDGE('',*,*,#3605,.T.);
#5051=ORIENTED_EDGE('',*,*,#3606,.F.);
#5052=ORIENTED_EDGE('',*,*,#3607,.F.);
#5053=ORIENTED_EDGE('',*,*,#3608,.T.);
#5054=ORIENTED_EDGE('',*,*,#3609,.T.);
#5055=ORIENTED_EDGE('',*,*,#3604,.F.);
#5056=ORIENTED_EDGE('',*,*,#3610,.F.);
#5057=ORIENTED_EDGE('',*,*,#3611,.T.);
#5058=ORIENTED_EDGE('',*,*,#3612,.T.);
#5059=ORIENTED_EDGE('',*,*,#3608,.F.);
#5060=ORIENTED_EDGE('',*,*,#3613,.F.);
#5061=ORIENTED_EDGE('',*,*,#3614,.T.);
#5062=ORIENTED_EDGE('',*,*,#3615,.T.);
#5063=ORIENTED_EDGE('',*,*,#3611,.F.);
#5064=ORIENTED_EDGE('',*,*,#3616,.F.);
#5065=ORIENTED_EDGE('',*,*,#3617,.T.);
#5066=ORIENTED_EDGE('',*,*,#3618,.T.);
#5067=ORIENTED_EDGE('',*,*,#3614,.F.);
#5068=ORIENTED_EDGE('',*,*,#3619,.F.);
#5069=ORIENTED_EDGE('',*,*,#3620,.T.);
#5070=ORIENTED_EDGE('',*,*,#3621,.T.);
#5071=ORIENTED_EDGE('',*,*,#3617,.F.);
#5072=ORIENTED_EDGE('',*,*,#3622,.F.);
#5073=ORIENTED_EDGE('',*,*,#3623,.T.);
#5074=ORIENTED_EDGE('',*,*,#3624,.T.);
#5075=ORIENTED_EDGE('',*,*,#3620,.F.);
#5076=ORIENTED_EDGE('',*,*,#3625,.F.);
#5077=ORIENTED_EDGE('',*,*,#3606,.T.);
#5078=ORIENTED_EDGE('',*,*,#3626,.T.);
#5079=ORIENTED_EDGE('',*,*,#3623,.F.);
#5080=ORIENTED_EDGE('',*,*,#3523,.F.);
#5081=ORIENTED_EDGE('',*,*,#3627,.T.);
#5082=ORIENTED_EDGE('',*,*,#3628,.T.);
#5083=ORIENTED_EDGE('',*,*,#3629,.F.);
#5084=ORIENTED_EDGE('',*,*,#3534,.F.);
#5085=ORIENTED_EDGE('',*,*,#3630,.T.);
#5086=ORIENTED_EDGE('',*,*,#3631,.T.);
#5087=ORIENTED_EDGE('',*,*,#3627,.F.);
#5088=ORIENTED_EDGE('',*,*,#3533,.F.);
#5089=ORIENTED_EDGE('',*,*,#3632,.T.);
#5090=ORIENTED_EDGE('',*,*,#3633,.T.);
#5091=ORIENTED_EDGE('',*,*,#3630,.F.);
#5092=ORIENTED_EDGE('',*,*,#3532,.F.);
#5093=ORIENTED_EDGE('',*,*,#3634,.T.);
#5094=ORIENTED_EDGE('',*,*,#3635,.T.);
#5095=ORIENTED_EDGE('',*,*,#3632,.F.);
#5096=ORIENTED_EDGE('',*,*,#3531,.F.);
#5097=ORIENTED_EDGE('',*,*,#3636,.T.);
#5098=ORIENTED_EDGE('',*,*,#3637,.T.);
#5099=ORIENTED_EDGE('',*,*,#3634,.F.);
#5100=ORIENTED_EDGE('',*,*,#3530,.F.);
#5101=ORIENTED_EDGE('',*,*,#3638,.T.);
#5102=ORIENTED_EDGE('',*,*,#3639,.T.);
#5103=ORIENTED_EDGE('',*,*,#3636,.F.);
#5104=ORIENTED_EDGE('',*,*,#3529,.F.);
#5105=ORIENTED_EDGE('',*,*,#3640,.T.);
#5106=ORIENTED_EDGE('',*,*,#3641,.T.);
#5107=ORIENTED_EDGE('',*,*,#3638,.F.);
#5108=ORIENTED_EDGE('',*,*,#3528,.F.);
#5109=ORIENTED_EDGE('',*,*,#3642,.T.);
#5110=ORIENTED_EDGE('',*,*,#3643,.T.);
#5111=ORIENTED_EDGE('',*,*,#3640,.F.);
#5112=ORIENTED_EDGE('',*,*,#3527,.F.);
#5113=ORIENTED_EDGE('',*,*,#3644,.T.);
#5114=ORIENTED_EDGE('',*,*,#3645,.T.);
#5115=ORIENTED_EDGE('',*,*,#3642,.F.);
#5116=ORIENTED_EDGE('',*,*,#3526,.F.);
#5117=ORIENTED_EDGE('',*,*,#3646,.T.);
#5118=ORIENTED_EDGE('',*,*,#3647,.T.);
#5119=ORIENTED_EDGE('',*,*,#3644,.F.);
#5120=ORIENTED_EDGE('',*,*,#3525,.F.);
#5121=ORIENTED_EDGE('',*,*,#3648,.T.);
#5122=ORIENTED_EDGE('',*,*,#3649,.T.);
#5123=ORIENTED_EDGE('',*,*,#3646,.F.);
#5124=ORIENTED_EDGE('',*,*,#3524,.F.);
#5125=ORIENTED_EDGE('',*,*,#3629,.T.);
#5126=ORIENTED_EDGE('',*,*,#3650,.T.);
#5127=ORIENTED_EDGE('',*,*,#3648,.F.);
#5128=ORIENTED_EDGE('',*,*,#3650,.F.);
#5129=ORIENTED_EDGE('',*,*,#3628,.F.);
#5130=ORIENTED_EDGE('',*,*,#3631,.F.);
#5131=ORIENTED_EDGE('',*,*,#3633,.F.);
#5132=ORIENTED_EDGE('',*,*,#3635,.F.);
#5133=ORIENTED_EDGE('',*,*,#3637,.F.);
#5134=ORIENTED_EDGE('',*,*,#3639,.F.);
#5135=ORIENTED_EDGE('',*,*,#3641,.F.);
#5136=ORIENTED_EDGE('',*,*,#3643,.F.);
#5137=ORIENTED_EDGE('',*,*,#3645,.F.);
#5138=ORIENTED_EDGE('',*,*,#3647,.F.);
#5139=ORIENTED_EDGE('',*,*,#3649,.F.);
#5140=ORIENTED_EDGE('',*,*,#3626,.F.);
#5141=ORIENTED_EDGE('',*,*,#3605,.F.);
#5142=ORIENTED_EDGE('',*,*,#3609,.F.);
#5143=ORIENTED_EDGE('',*,*,#3612,.F.);
#5144=ORIENTED_EDGE('',*,*,#3615,.F.);
#5145=ORIENTED_EDGE('',*,*,#3618,.F.);
#5146=ORIENTED_EDGE('',*,*,#3621,.F.);
#5147=ORIENTED_EDGE('',*,*,#3624,.F.);
#5148=ORIENTED_EDGE('',*,*,#3651,.F.);
#5149=ORIENTED_EDGE('',*,*,#3652,.T.);
#5150=ORIENTED_EDGE('',*,*,#3653,.T.);
#5151=ORIENTED_EDGE('',*,*,#3654,.F.);
#5152=ORIENTED_EDGE('',*,*,#3655,.F.);
#5153=ORIENTED_EDGE('',*,*,#3656,.T.);
#5154=ORIENTED_EDGE('',*,*,#3657,.T.);
#5155=ORIENTED_EDGE('',*,*,#3652,.F.);
#5156=ORIENTED_EDGE('',*,*,#3658,.F.);
#5157=ORIENTED_EDGE('',*,*,#3659,.T.);
#5158=ORIENTED_EDGE('',*,*,#3660,.T.);
#5159=ORIENTED_EDGE('',*,*,#3656,.F.);
#5160=ORIENTED_EDGE('',*,*,#3661,.F.);
#5161=ORIENTED_EDGE('',*,*,#3662,.T.);
#5162=ORIENTED_EDGE('',*,*,#3663,.T.);
#5163=ORIENTED_EDGE('',*,*,#3659,.F.);
#5164=ORIENTED_EDGE('',*,*,#3664,.F.);
#5165=ORIENTED_EDGE('',*,*,#3665,.T.);
#5166=ORIENTED_EDGE('',*,*,#3666,.T.);
#5167=ORIENTED_EDGE('',*,*,#3662,.F.);
#5168=ORIENTED_EDGE('',*,*,#3667,.F.);
#5169=ORIENTED_EDGE('',*,*,#3668,.T.);
#5170=ORIENTED_EDGE('',*,*,#3669,.T.);
#5171=ORIENTED_EDGE('',*,*,#3665,.F.);
#5172=ORIENTED_EDGE('',*,*,#3670,.F.);
#5173=ORIENTED_EDGE('',*,*,#3671,.T.);
#5174=ORIENTED_EDGE('',*,*,#3672,.T.);
#5175=ORIENTED_EDGE('',*,*,#3668,.F.);
#5176=ORIENTED_EDGE('',*,*,#3673,.F.);
#5177=ORIENTED_EDGE('',*,*,#3674,.T.);
#5178=ORIENTED_EDGE('',*,*,#3675,.T.);
#5179=ORIENTED_EDGE('',*,*,#3671,.F.);
#5180=ORIENTED_EDGE('',*,*,#3676,.F.);
#5181=ORIENTED_EDGE('',*,*,#3654,.T.);
#5182=ORIENTED_EDGE('',*,*,#3677,.T.);
#5183=ORIENTED_EDGE('',*,*,#3674,.F.);
#5184=ORIENTED_EDGE('',*,*,#3511,.F.);
#5185=ORIENTED_EDGE('',*,*,#3678,.T.);
#5186=ORIENTED_EDGE('',*,*,#3679,.T.);
#5187=ORIENTED_EDGE('',*,*,#3680,.F.);
#5188=ORIENTED_EDGE('',*,*,#3522,.F.);
#5189=ORIENTED_EDGE('',*,*,#3681,.T.);
#5190=ORIENTED_EDGE('',*,*,#3682,.T.);
#5191=ORIENTED_EDGE('',*,*,#3678,.F.);
#5192=ORIENTED_EDGE('',*,*,#3521,.F.);
#5193=ORIENTED_EDGE('',*,*,#3683,.T.);
#5194=ORIENTED_EDGE('',*,*,#3684,.T.);
#5195=ORIENTED_EDGE('',*,*,#3681,.F.);
#5196=ORIENTED_EDGE('',*,*,#3520,.F.);
#5197=ORIENTED_EDGE('',*,*,#3685,.T.);
#5198=ORIENTED_EDGE('',*,*,#3686,.T.);
#5199=ORIENTED_EDGE('',*,*,#3683,.F.);
#5200=ORIENTED_EDGE('',*,*,#3519,.F.);
#5201=ORIENTED_EDGE('',*,*,#3687,.T.);
#5202=ORIENTED_EDGE('',*,*,#3688,.T.);
#5203=ORIENTED_EDGE('',*,*,#3685,.F.);
#5204=ORIENTED_EDGE('',*,*,#3518,.F.);
#5205=ORIENTED_EDGE('',*,*,#3689,.T.);
#5206=ORIENTED_EDGE('',*,*,#3690,.T.);
#5207=ORIENTED_EDGE('',*,*,#3687,.F.);
#5208=ORIENTED_EDGE('',*,*,#3517,.F.);
#5209=ORIENTED_EDGE('',*,*,#3691,.T.);
#5210=ORIENTED_EDGE('',*,*,#3692,.T.);
#5211=ORIENTED_EDGE('',*,*,#3689,.F.);
#5212=ORIENTED_EDGE('',*,*,#3516,.F.);
#5213=ORIENTED_EDGE('',*,*,#3693,.T.);
#5214=ORIENTED_EDGE('',*,*,#3694,.T.);
#5215=ORIENTED_EDGE('',*,*,#3691,.F.);
#5216=ORIENTED_EDGE('',*,*,#3515,.F.);
#5217=ORIENTED_EDGE('',*,*,#3695,.T.);
#5218=ORIENTED_EDGE('',*,*,#3696,.T.);
#5219=ORIENTED_EDGE('',*,*,#3693,.F.);
#5220=ORIENTED_EDGE('',*,*,#3514,.F.);
#5221=ORIENTED_EDGE('',*,*,#3697,.T.);
#5222=ORIENTED_EDGE('',*,*,#3698,.T.);
#5223=ORIENTED_EDGE('',*,*,#3695,.F.);
#5224=ORIENTED_EDGE('',*,*,#3513,.F.);
#5225=ORIENTED_EDGE('',*,*,#3699,.T.);
#5226=ORIENTED_EDGE('',*,*,#3700,.T.);
#5227=ORIENTED_EDGE('',*,*,#3697,.F.);
#5228=ORIENTED_EDGE('',*,*,#3512,.F.);
#5229=ORIENTED_EDGE('',*,*,#3680,.T.);
#5230=ORIENTED_EDGE('',*,*,#3701,.T.);
#5231=ORIENTED_EDGE('',*,*,#3699,.F.);
#5232=ORIENTED_EDGE('',*,*,#3701,.F.);
#5233=ORIENTED_EDGE('',*,*,#3679,.F.);
#5234=ORIENTED_EDGE('',*,*,#3682,.F.);
#5235=ORIENTED_EDGE('',*,*,#3684,.F.);
#5236=ORIENTED_EDGE('',*,*,#3686,.F.);
#5237=ORIENTED_EDGE('',*,*,#3688,.F.);
#5238=ORIENTED_EDGE('',*,*,#3690,.F.);
#5239=ORIENTED_EDGE('',*,*,#3692,.F.);
#5240=ORIENTED_EDGE('',*,*,#3694,.F.);
#5241=ORIENTED_EDGE('',*,*,#3696,.F.);
#5242=ORIENTED_EDGE('',*,*,#3698,.F.);
#5243=ORIENTED_EDGE('',*,*,#3700,.F.);
#5244=ORIENTED_EDGE('',*,*,#3677,.F.);
#5245=ORIENTED_EDGE('',*,*,#3653,.F.);
#5246=ORIENTED_EDGE('',*,*,#3657,.F.);
#5247=ORIENTED_EDGE('',*,*,#3660,.F.);
#5248=ORIENTED_EDGE('',*,*,#3663,.F.);
#5249=ORIENTED_EDGE('',*,*,#3666,.F.);
#5250=ORIENTED_EDGE('',*,*,#3669,.F.);
#5251=ORIENTED_EDGE('',*,*,#3672,.F.);
#5252=ORIENTED_EDGE('',*,*,#3675,.F.);
#5253=ORIENTED_EDGE('',*,*,#3702,.F.);
#5254=ORIENTED_EDGE('',*,*,#3703,.T.);
#5255=ORIENTED_EDGE('',*,*,#3704,.T.);
#5256=ORIENTED_EDGE('',*,*,#3705,.F.);
#5257=ORIENTED_EDGE('',*,*,#3706,.F.);
#5258=ORIENTED_EDGE('',*,*,#3707,.T.);
#5259=ORIENTED_EDGE('',*,*,#3708,.T.);
#5260=ORIENTED_EDGE('',*,*,#3703,.F.);
#5261=ORIENTED_EDGE('',*,*,#3709,.F.);
#5262=ORIENTED_EDGE('',*,*,#3710,.T.);
#5263=ORIENTED_EDGE('',*,*,#3711,.T.);
#5264=ORIENTED_EDGE('',*,*,#3707,.F.);
#5265=ORIENTED_EDGE('',*,*,#3712,.F.);
#5266=ORIENTED_EDGE('',*,*,#3713,.T.);
#5267=ORIENTED_EDGE('',*,*,#3714,.T.);
#5268=ORIENTED_EDGE('',*,*,#3710,.F.);
#5269=ORIENTED_EDGE('',*,*,#3715,.F.);
#5270=ORIENTED_EDGE('',*,*,#3716,.T.);
#5271=ORIENTED_EDGE('',*,*,#3717,.T.);
#5272=ORIENTED_EDGE('',*,*,#3713,.F.);
#5273=ORIENTED_EDGE('',*,*,#3718,.F.);
#5274=ORIENTED_EDGE('',*,*,#3719,.T.);
#5275=ORIENTED_EDGE('',*,*,#3720,.T.);
#5276=ORIENTED_EDGE('',*,*,#3716,.F.);
#5277=ORIENTED_EDGE('',*,*,#3721,.F.);
#5278=ORIENTED_EDGE('',*,*,#3722,.T.);
#5279=ORIENTED_EDGE('',*,*,#3723,.T.);
#5280=ORIENTED_EDGE('',*,*,#3719,.F.);
#5281=ORIENTED_EDGE('',*,*,#3724,.F.);
#5282=ORIENTED_EDGE('',*,*,#3725,.T.);
#5283=ORIENTED_EDGE('',*,*,#3726,.T.);
#5284=ORIENTED_EDGE('',*,*,#3722,.F.);
#5285=ORIENTED_EDGE('',*,*,#3727,.F.);
#5286=ORIENTED_EDGE('',*,*,#3705,.T.);
#5287=ORIENTED_EDGE('',*,*,#3728,.T.);
#5288=ORIENTED_EDGE('',*,*,#3725,.F.);
#5289=ORIENTED_EDGE('',*,*,#3486,.F.);
#5290=ORIENTED_EDGE('',*,*,#3729,.T.);
#5291=ORIENTED_EDGE('',*,*,#3730,.T.);
#5292=ORIENTED_EDGE('',*,*,#3731,.F.);
#5293=ORIENTED_EDGE('',*,*,#3510,.F.);
#5294=ORIENTED_EDGE('',*,*,#3732,.T.);
#5295=ORIENTED_EDGE('',*,*,#3733,.T.);
#5296=ORIENTED_EDGE('',*,*,#3729,.F.);
#5297=ORIENTED_EDGE('',*,*,#3509,.F.);
#5298=ORIENTED_EDGE('',*,*,#3734,.T.);
#5299=ORIENTED_EDGE('',*,*,#3735,.T.);
#5300=ORIENTED_EDGE('',*,*,#3732,.F.);
#5301=ORIENTED_EDGE('',*,*,#3508,.F.);
#5302=ORIENTED_EDGE('',*,*,#3736,.T.);
#5303=ORIENTED_EDGE('',*,*,#3737,.T.);
#5304=ORIENTED_EDGE('',*,*,#3734,.F.);
#5305=ORIENTED_EDGE('',*,*,#3507,.F.);
#5306=ORIENTED_EDGE('',*,*,#3738,.T.);
#5307=ORIENTED_EDGE('',*,*,#3739,.T.);
#5308=ORIENTED_EDGE('',*,*,#3736,.F.);
#5309=ORIENTED_EDGE('',*,*,#3506,.F.);
#5310=ORIENTED_EDGE('',*,*,#3740,.T.);
#5311=ORIENTED_EDGE('',*,*,#3741,.T.);
#5312=ORIENTED_EDGE('',*,*,#3738,.F.);
#5313=ORIENTED_EDGE('',*,*,#3505,.F.);
#5314=ORIENTED_EDGE('',*,*,#3742,.T.);
#5315=ORIENTED_EDGE('',*,*,#3743,.T.);
#5316=ORIENTED_EDGE('',*,*,#3740,.F.);
#5317=ORIENTED_EDGE('',*,*,#3504,.F.);
#5318=ORIENTED_EDGE('',*,*,#3744,.T.);
#5319=ORIENTED_EDGE('',*,*,#3745,.T.);
#5320=ORIENTED_EDGE('',*,*,#3742,.F.);
#5321=ORIENTED_EDGE('',*,*,#3503,.F.);
#5322=ORIENTED_EDGE('',*,*,#3746,.T.);
#5323=ORIENTED_EDGE('',*,*,#3747,.T.);
#5324=ORIENTED_EDGE('',*,*,#3744,.F.);
#5325=ORIENTED_EDGE('',*,*,#3502,.F.);
#5326=ORIENTED_EDGE('',*,*,#3748,.T.);
#5327=ORIENTED_EDGE('',*,*,#3749,.T.);
#5328=ORIENTED_EDGE('',*,*,#3746,.F.);
#5329=ORIENTED_EDGE('',*,*,#3501,.F.);
#5330=ORIENTED_EDGE('',*,*,#3750,.T.);
#5331=ORIENTED_EDGE('',*,*,#3751,.T.);
#5332=ORIENTED_EDGE('',*,*,#3748,.F.);
#5333=ORIENTED_EDGE('',*,*,#3500,.F.);
#5334=ORIENTED_EDGE('',*,*,#3752,.T.);
#5335=ORIENTED_EDGE('',*,*,#3753,.T.);
#5336=ORIENTED_EDGE('',*,*,#3750,.F.);
#5337=ORIENTED_EDGE('',*,*,#3499,.F.);
#5338=ORIENTED_EDGE('',*,*,#3754,.T.);
#5339=ORIENTED_EDGE('',*,*,#3755,.T.);
#5340=ORIENTED_EDGE('',*,*,#3752,.F.);
#5341=ORIENTED_EDGE('',*,*,#3498,.F.);
#5342=ORIENTED_EDGE('',*,*,#3756,.T.);
#5343=ORIENTED_EDGE('',*,*,#3757,.T.);
#5344=ORIENTED_EDGE('',*,*,#3754,.F.);
#5345=ORIENTED_EDGE('',*,*,#3497,.F.);
#5346=ORIENTED_EDGE('',*,*,#3758,.T.);
#5347=ORIENTED_EDGE('',*,*,#3759,.T.);
#5348=ORIENTED_EDGE('',*,*,#3756,.F.);
#5349=ORIENTED_EDGE('',*,*,#3496,.F.);
#5350=ORIENTED_EDGE('',*,*,#3760,.T.);
#5351=ORIENTED_EDGE('',*,*,#3761,.T.);
#5352=ORIENTED_EDGE('',*,*,#3758,.F.);
#5353=ORIENTED_EDGE('',*,*,#3495,.F.);
#5354=ORIENTED_EDGE('',*,*,#3762,.T.);
#5355=ORIENTED_EDGE('',*,*,#3763,.T.);
#5356=ORIENTED_EDGE('',*,*,#3760,.F.);
#5357=ORIENTED_EDGE('',*,*,#3494,.F.);
#5358=ORIENTED_EDGE('',*,*,#3764,.T.);
#5359=ORIENTED_EDGE('',*,*,#3765,.T.);
#5360=ORIENTED_EDGE('',*,*,#3762,.F.);
#5361=ORIENTED_EDGE('',*,*,#3493,.F.);
#5362=ORIENTED_EDGE('',*,*,#3766,.T.);
#5363=ORIENTED_EDGE('',*,*,#3767,.T.);
#5364=ORIENTED_EDGE('',*,*,#3764,.F.);
#5365=ORIENTED_EDGE('',*,*,#3492,.F.);
#5366=ORIENTED_EDGE('',*,*,#3768,.T.);
#5367=ORIENTED_EDGE('',*,*,#3769,.T.);
#5368=ORIENTED_EDGE('',*,*,#3766,.F.);
#5369=ORIENTED_EDGE('',*,*,#3491,.F.);
#5370=ORIENTED_EDGE('',*,*,#3770,.T.);
#5371=ORIENTED_EDGE('',*,*,#3771,.T.);
#5372=ORIENTED_EDGE('',*,*,#3768,.F.);
#5373=ORIENTED_EDGE('',*,*,#3490,.F.);
#5374=ORIENTED_EDGE('',*,*,#3772,.T.);
#5375=ORIENTED_EDGE('',*,*,#3773,.T.);
#5376=ORIENTED_EDGE('',*,*,#3770,.F.);
#5377=ORIENTED_EDGE('',*,*,#3489,.F.);
#5378=ORIENTED_EDGE('',*,*,#3774,.T.);
#5379=ORIENTED_EDGE('',*,*,#3775,.T.);
#5380=ORIENTED_EDGE('',*,*,#3772,.F.);
#5381=ORIENTED_EDGE('',*,*,#3488,.F.);
#5382=ORIENTED_EDGE('',*,*,#3776,.T.);
#5383=ORIENTED_EDGE('',*,*,#3777,.T.);
#5384=ORIENTED_EDGE('',*,*,#3774,.F.);
#5385=ORIENTED_EDGE('',*,*,#3487,.F.);
#5386=ORIENTED_EDGE('',*,*,#3731,.T.);
#5387=ORIENTED_EDGE('',*,*,#3778,.T.);
#5388=ORIENTED_EDGE('',*,*,#3776,.F.);
#5389=ORIENTED_EDGE('',*,*,#3778,.F.);
#5390=ORIENTED_EDGE('',*,*,#3730,.F.);
#5391=ORIENTED_EDGE('',*,*,#3733,.F.);
#5392=ORIENTED_EDGE('',*,*,#3735,.F.);
#5393=ORIENTED_EDGE('',*,*,#3737,.F.);
#5394=ORIENTED_EDGE('',*,*,#3739,.F.);
#5395=ORIENTED_EDGE('',*,*,#3741,.F.);
#5396=ORIENTED_EDGE('',*,*,#3743,.F.);
#5397=ORIENTED_EDGE('',*,*,#3745,.F.);
#5398=ORIENTED_EDGE('',*,*,#3747,.F.);
#5399=ORIENTED_EDGE('',*,*,#3749,.F.);
#5400=ORIENTED_EDGE('',*,*,#3751,.F.);
#5401=ORIENTED_EDGE('',*,*,#3753,.F.);
#5402=ORIENTED_EDGE('',*,*,#3755,.F.);
#5403=ORIENTED_EDGE('',*,*,#3757,.F.);
#5404=ORIENTED_EDGE('',*,*,#3759,.F.);
#5405=ORIENTED_EDGE('',*,*,#3761,.F.);
#5406=ORIENTED_EDGE('',*,*,#3763,.F.);
#5407=ORIENTED_EDGE('',*,*,#3765,.F.);
#5408=ORIENTED_EDGE('',*,*,#3767,.F.);
#5409=ORIENTED_EDGE('',*,*,#3769,.F.);
#5410=ORIENTED_EDGE('',*,*,#3771,.F.);
#5411=ORIENTED_EDGE('',*,*,#3773,.F.);
#5412=ORIENTED_EDGE('',*,*,#3775,.F.);
#5413=ORIENTED_EDGE('',*,*,#3777,.F.);
#5414=ORIENTED_EDGE('',*,*,#3728,.F.);
#5415=ORIENTED_EDGE('',*,*,#3704,.F.);
#5416=ORIENTED_EDGE('',*,*,#3708,.F.);
#5417=ORIENTED_EDGE('',*,*,#3711,.F.);
#5418=ORIENTED_EDGE('',*,*,#3714,.F.);
#5419=ORIENTED_EDGE('',*,*,#3717,.F.);
#5420=ORIENTED_EDGE('',*,*,#3720,.F.);
#5421=ORIENTED_EDGE('',*,*,#3723,.F.);
#5422=ORIENTED_EDGE('',*,*,#3726,.F.);
#5423=ORIENTED_EDGE('',*,*,#3473,.F.);
#5424=ORIENTED_EDGE('',*,*,#3779,.T.);
#5425=ORIENTED_EDGE('',*,*,#3780,.T.);
#5426=ORIENTED_EDGE('',*,*,#3781,.F.);
#5427=ORIENTED_EDGE('',*,*,#3485,.F.);
#5428=ORIENTED_EDGE('',*,*,#3782,.T.);
#5429=ORIENTED_EDGE('',*,*,#3783,.T.);
#5430=ORIENTED_EDGE('',*,*,#3779,.F.);
#5431=ORIENTED_EDGE('',*,*,#3484,.F.);
#5432=ORIENTED_EDGE('',*,*,#3784,.T.);
#5433=ORIENTED_EDGE('',*,*,#3785,.T.);
#5434=ORIENTED_EDGE('',*,*,#3782,.F.);
#5435=ORIENTED_EDGE('',*,*,#3483,.F.);
#5436=ORIENTED_EDGE('',*,*,#3786,.T.);
#5437=ORIENTED_EDGE('',*,*,#3787,.T.);
#5438=ORIENTED_EDGE('',*,*,#3784,.F.);
#5439=ORIENTED_EDGE('',*,*,#3482,.F.);
#5440=ORIENTED_EDGE('',*,*,#3788,.T.);
#5441=ORIENTED_EDGE('',*,*,#3789,.T.);
#5442=ORIENTED_EDGE('',*,*,#3786,.F.);
#5443=ORIENTED_EDGE('',*,*,#3481,.F.);
#5444=ORIENTED_EDGE('',*,*,#3790,.T.);
#5445=ORIENTED_EDGE('',*,*,#3791,.T.);
#5446=ORIENTED_EDGE('',*,*,#3788,.F.);
#5447=ORIENTED_EDGE('',*,*,#3480,.F.);
#5448=ORIENTED_EDGE('',*,*,#3792,.T.);
#5449=ORIENTED_EDGE('',*,*,#3793,.T.);
#5450=ORIENTED_EDGE('',*,*,#3790,.F.);
#5451=ORIENTED_EDGE('',*,*,#3479,.F.);
#5452=ORIENTED_EDGE('',*,*,#3794,.T.);
#5453=ORIENTED_EDGE('',*,*,#3795,.T.);
#5454=ORIENTED_EDGE('',*,*,#3792,.F.);
#5455=ORIENTED_EDGE('',*,*,#3478,.F.);
#5456=ORIENTED_EDGE('',*,*,#3796,.T.);
#5457=ORIENTED_EDGE('',*,*,#3797,.T.);
#5458=ORIENTED_EDGE('',*,*,#3794,.F.);
#5459=ORIENTED_EDGE('',*,*,#3477,.F.);
#5460=ORIENTED_EDGE('',*,*,#3798,.T.);
#5461=ORIENTED_EDGE('',*,*,#3799,.T.);
#5462=ORIENTED_EDGE('',*,*,#3796,.F.);
#5463=ORIENTED_EDGE('',*,*,#3476,.F.);
#5464=ORIENTED_EDGE('',*,*,#3800,.T.);
#5465=ORIENTED_EDGE('',*,*,#3801,.T.);
#5466=ORIENTED_EDGE('',*,*,#3798,.F.);
#5467=ORIENTED_EDGE('',*,*,#3475,.F.);
#5468=ORIENTED_EDGE('',*,*,#3802,.T.);
#5469=ORIENTED_EDGE('',*,*,#3803,.T.);
#5470=ORIENTED_EDGE('',*,*,#3800,.F.);
#5471=ORIENTED_EDGE('',*,*,#3474,.F.);
#5472=ORIENTED_EDGE('',*,*,#3781,.T.);
#5473=ORIENTED_EDGE('',*,*,#3804,.T.);
#5474=ORIENTED_EDGE('',*,*,#3802,.F.);
#5475=ORIENTED_EDGE('',*,*,#3804,.F.);
#5476=ORIENTED_EDGE('',*,*,#3780,.F.);
#5477=ORIENTED_EDGE('',*,*,#3783,.F.);
#5478=ORIENTED_EDGE('',*,*,#3785,.F.);
#5479=ORIENTED_EDGE('',*,*,#3787,.F.);
#5480=ORIENTED_EDGE('',*,*,#3789,.F.);
#5481=ORIENTED_EDGE('',*,*,#3791,.F.);
#5482=ORIENTED_EDGE('',*,*,#3793,.F.);
#5483=ORIENTED_EDGE('',*,*,#3795,.F.);
#5484=ORIENTED_EDGE('',*,*,#3797,.F.);
#5485=ORIENTED_EDGE('',*,*,#3799,.F.);
#5486=ORIENTED_EDGE('',*,*,#3801,.F.);
#5487=ORIENTED_EDGE('',*,*,#3803,.F.);
#5488=ORIENTED_EDGE('',*,*,#3805,.F.);
#5489=ORIENTED_EDGE('',*,*,#3806,.T.);
#5490=ORIENTED_EDGE('',*,*,#3807,.T.);
#5491=ORIENTED_EDGE('',*,*,#3808,.F.);
#5492=ORIENTED_EDGE('',*,*,#3809,.F.);
#5493=ORIENTED_EDGE('',*,*,#3810,.T.);
#5494=ORIENTED_EDGE('',*,*,#3811,.T.);
#5495=ORIENTED_EDGE('',*,*,#3806,.F.);
#5496=ORIENTED_EDGE('',*,*,#3812,.F.);
#5497=ORIENTED_EDGE('',*,*,#3813,.T.);
#5498=ORIENTED_EDGE('',*,*,#3814,.T.);
#5499=ORIENTED_EDGE('',*,*,#3810,.F.);
#5500=ORIENTED_EDGE('',*,*,#3815,.F.);
#5501=ORIENTED_EDGE('',*,*,#3816,.T.);
#5502=ORIENTED_EDGE('',*,*,#3817,.T.);
#5503=ORIENTED_EDGE('',*,*,#3813,.F.);
#5504=ORIENTED_EDGE('',*,*,#3818,.F.);
#5505=ORIENTED_EDGE('',*,*,#3819,.T.);
#5506=ORIENTED_EDGE('',*,*,#3820,.T.);
#5507=ORIENTED_EDGE('',*,*,#3816,.F.);
#5508=ORIENTED_EDGE('',*,*,#3821,.F.);
#5509=ORIENTED_EDGE('',*,*,#3822,.T.);
#5510=ORIENTED_EDGE('',*,*,#3823,.T.);
#5511=ORIENTED_EDGE('',*,*,#3819,.F.);
#5512=ORIENTED_EDGE('',*,*,#3824,.F.);
#5513=ORIENTED_EDGE('',*,*,#3825,.T.);
#5514=ORIENTED_EDGE('',*,*,#3826,.T.);
#5515=ORIENTED_EDGE('',*,*,#3822,.F.);
#5516=ORIENTED_EDGE('',*,*,#3827,.F.);
#5517=ORIENTED_EDGE('',*,*,#3808,.T.);
#5518=ORIENTED_EDGE('',*,*,#3828,.T.);
#5519=ORIENTED_EDGE('',*,*,#3825,.F.);
#5520=ORIENTED_EDGE('',*,*,#3463,.F.);
#5521=ORIENTED_EDGE('',*,*,#3829,.T.);
#5522=ORIENTED_EDGE('',*,*,#3830,.T.);
#5523=ORIENTED_EDGE('',*,*,#3831,.F.);
#5524=ORIENTED_EDGE('',*,*,#3472,.F.);
#5525=ORIENTED_EDGE('',*,*,#3832,.T.);
#5526=ORIENTED_EDGE('',*,*,#3833,.T.);
#5527=ORIENTED_EDGE('',*,*,#3829,.F.);
#5528=ORIENTED_EDGE('',*,*,#3471,.F.);
#5529=ORIENTED_EDGE('',*,*,#3834,.T.);
#5530=ORIENTED_EDGE('',*,*,#3835,.T.);
#5531=ORIENTED_EDGE('',*,*,#3832,.F.);
#5532=ORIENTED_EDGE('',*,*,#3470,.F.);
#5533=ORIENTED_EDGE('',*,*,#3836,.T.);
#5534=ORIENTED_EDGE('',*,*,#3837,.T.);
#5535=ORIENTED_EDGE('',*,*,#3834,.F.);
#5536=ORIENTED_EDGE('',*,*,#3469,.F.);
#5537=ORIENTED_EDGE('',*,*,#3838,.T.);
#5538=ORIENTED_EDGE('',*,*,#3839,.T.);
#5539=ORIENTED_EDGE('',*,*,#3836,.F.);
#5540=ORIENTED_EDGE('',*,*,#3468,.F.);
#5541=ORIENTED_EDGE('',*,*,#3840,.T.);
#5542=ORIENTED_EDGE('',*,*,#3841,.T.);
#5543=ORIENTED_EDGE('',*,*,#3838,.F.);
#5544=ORIENTED_EDGE('',*,*,#3467,.F.);
#5545=ORIENTED_EDGE('',*,*,#3842,.T.);
#5546=ORIENTED_EDGE('',*,*,#3843,.T.);
#5547=ORIENTED_EDGE('',*,*,#3840,.F.);
#5548=ORIENTED_EDGE('',*,*,#3466,.F.);
#5549=ORIENTED_EDGE('',*,*,#3844,.T.);
#5550=ORIENTED_EDGE('',*,*,#3845,.T.);
#5551=ORIENTED_EDGE('',*,*,#3842,.F.);
#5552=ORIENTED_EDGE('',*,*,#3465,.F.);
#5553=ORIENTED_EDGE('',*,*,#3846,.T.);
#5554=ORIENTED_EDGE('',*,*,#3847,.T.);
#5555=ORIENTED_EDGE('',*,*,#3844,.F.);
#5556=ORIENTED_EDGE('',*,*,#3464,.F.);
#5557=ORIENTED_EDGE('',*,*,#3831,.T.);
#5558=ORIENTED_EDGE('',*,*,#3848,.T.);
#5559=ORIENTED_EDGE('',*,*,#3846,.F.);
#5560=ORIENTED_EDGE('',*,*,#3848,.F.);
#5561=ORIENTED_EDGE('',*,*,#3830,.F.);
#5562=ORIENTED_EDGE('',*,*,#3833,.F.);
#5563=ORIENTED_EDGE('',*,*,#3835,.F.);
#5564=ORIENTED_EDGE('',*,*,#3837,.F.);
#5565=ORIENTED_EDGE('',*,*,#3839,.F.);
#5566=ORIENTED_EDGE('',*,*,#3841,.F.);
#5567=ORIENTED_EDGE('',*,*,#3843,.F.);
#5568=ORIENTED_EDGE('',*,*,#3845,.F.);
#5569=ORIENTED_EDGE('',*,*,#3847,.F.);
#5570=ORIENTED_EDGE('',*,*,#3828,.F.);
#5571=ORIENTED_EDGE('',*,*,#3807,.F.);
#5572=ORIENTED_EDGE('',*,*,#3811,.F.);
#5573=ORIENTED_EDGE('',*,*,#3814,.F.);
#5574=ORIENTED_EDGE('',*,*,#3817,.F.);
#5575=ORIENTED_EDGE('',*,*,#3820,.F.);
#5576=ORIENTED_EDGE('',*,*,#3823,.F.);
#5577=ORIENTED_EDGE('',*,*,#3826,.F.);
#5578=ORIENTED_EDGE('',*,*,#3453,.F.);
#5579=ORIENTED_EDGE('',*,*,#3849,.T.);
#5580=ORIENTED_EDGE('',*,*,#3850,.T.);
#5581=ORIENTED_EDGE('',*,*,#3851,.F.);
#5582=ORIENTED_EDGE('',*,*,#3462,.F.);
#5583=ORIENTED_EDGE('',*,*,#3852,.T.);
#5584=ORIENTED_EDGE('',*,*,#3853,.T.);
#5585=ORIENTED_EDGE('',*,*,#3849,.F.);
#5586=ORIENTED_EDGE('',*,*,#3461,.F.);
#5587=ORIENTED_EDGE('',*,*,#3854,.T.);
#5588=ORIENTED_EDGE('',*,*,#3855,.T.);
#5589=ORIENTED_EDGE('',*,*,#3852,.F.);
#5590=ORIENTED_EDGE('',*,*,#3460,.F.);
#5591=ORIENTED_EDGE('',*,*,#3856,.T.);
#5592=ORIENTED_EDGE('',*,*,#3857,.T.);
#5593=ORIENTED_EDGE('',*,*,#3854,.F.);
#5594=ORIENTED_EDGE('',*,*,#3459,.F.);
#5595=ORIENTED_EDGE('',*,*,#3858,.T.);
#5596=ORIENTED_EDGE('',*,*,#3859,.T.);
#5597=ORIENTED_EDGE('',*,*,#3856,.F.);
#5598=ORIENTED_EDGE('',*,*,#3458,.F.);
#5599=ORIENTED_EDGE('',*,*,#3860,.T.);
#5600=ORIENTED_EDGE('',*,*,#3861,.T.);
#5601=ORIENTED_EDGE('',*,*,#3858,.F.);
#5602=ORIENTED_EDGE('',*,*,#3457,.F.);
#5603=ORIENTED_EDGE('',*,*,#3862,.T.);
#5604=ORIENTED_EDGE('',*,*,#3863,.T.);
#5605=ORIENTED_EDGE('',*,*,#3860,.F.);
#5606=ORIENTED_EDGE('',*,*,#3456,.F.);
#5607=ORIENTED_EDGE('',*,*,#3864,.T.);
#5608=ORIENTED_EDGE('',*,*,#3865,.T.);
#5609=ORIENTED_EDGE('',*,*,#3862,.F.);
#5610=ORIENTED_EDGE('',*,*,#3455,.F.);
#5611=ORIENTED_EDGE('',*,*,#3866,.T.);
#5612=ORIENTED_EDGE('',*,*,#3867,.T.);
#5613=ORIENTED_EDGE('',*,*,#3864,.F.);
#5614=ORIENTED_EDGE('',*,*,#3454,.F.);
#5615=ORIENTED_EDGE('',*,*,#3851,.T.);
#5616=ORIENTED_EDGE('',*,*,#3868,.T.);
#5617=ORIENTED_EDGE('',*,*,#3866,.F.);
#5618=ORIENTED_EDGE('',*,*,#3868,.F.);
#5619=ORIENTED_EDGE('',*,*,#3850,.F.);
#5620=ORIENTED_EDGE('',*,*,#3853,.F.);
#5621=ORIENTED_EDGE('',*,*,#3855,.F.);
#5622=ORIENTED_EDGE('',*,*,#3857,.F.);
#5623=ORIENTED_EDGE('',*,*,#3859,.F.);
#5624=ORIENTED_EDGE('',*,*,#3861,.F.);
#5625=ORIENTED_EDGE('',*,*,#3863,.F.);
#5626=ORIENTED_EDGE('',*,*,#3865,.F.);
#5627=ORIENTED_EDGE('',*,*,#3867,.F.);
#5628=ORIENTED_EDGE('',*,*,#3805,.T.);
#5629=ORIENTED_EDGE('',*,*,#3827,.T.);
#5630=ORIENTED_EDGE('',*,*,#3824,.T.);
#5631=ORIENTED_EDGE('',*,*,#3821,.T.);
#5632=ORIENTED_EDGE('',*,*,#3818,.T.);
#5633=ORIENTED_EDGE('',*,*,#3815,.T.);
#5634=ORIENTED_EDGE('',*,*,#3812,.T.);
#5635=ORIENTED_EDGE('',*,*,#3809,.T.);
#5636=ORIENTED_EDGE('',*,*,#3702,.T.);
#5637=ORIENTED_EDGE('',*,*,#3727,.T.);
#5638=ORIENTED_EDGE('',*,*,#3724,.T.);
#5639=ORIENTED_EDGE('',*,*,#3721,.T.);
#5640=ORIENTED_EDGE('',*,*,#3718,.T.);
#5641=ORIENTED_EDGE('',*,*,#3715,.T.);
#5642=ORIENTED_EDGE('',*,*,#3712,.T.);
#5643=ORIENTED_EDGE('',*,*,#3709,.T.);
#5644=ORIENTED_EDGE('',*,*,#3706,.T.);
#5645=ORIENTED_EDGE('',*,*,#3651,.T.);
#5646=ORIENTED_EDGE('',*,*,#3676,.T.);
#5647=ORIENTED_EDGE('',*,*,#3673,.T.);
#5648=ORIENTED_EDGE('',*,*,#3670,.T.);
#5649=ORIENTED_EDGE('',*,*,#3667,.T.);
#5650=ORIENTED_EDGE('',*,*,#3664,.T.);
#5651=ORIENTED_EDGE('',*,*,#3661,.T.);
#5652=ORIENTED_EDGE('',*,*,#3658,.T.);
#5653=ORIENTED_EDGE('',*,*,#3655,.T.);
#5654=ORIENTED_EDGE('',*,*,#3603,.T.);
#5655=ORIENTED_EDGE('',*,*,#3625,.T.);
#5656=ORIENTED_EDGE('',*,*,#3622,.T.);
#5657=ORIENTED_EDGE('',*,*,#3619,.T.);
#5658=ORIENTED_EDGE('',*,*,#3616,.T.);
#5659=ORIENTED_EDGE('',*,*,#3613,.T.);
#5660=ORIENTED_EDGE('',*,*,#3610,.T.);
#5661=ORIENTED_EDGE('',*,*,#3607,.T.);
#5662=ORIENTED_EDGE('',*,*,#3869,.T.);
#5663=ORIENTED_EDGE('',*,*,#3870,.T.);
#5664=ORIENTED_EDGE('',*,*,#3448,.F.);
#5665=ORIENTED_EDGE('',*,*,#3871,.F.);
#5666=ORIENTED_EDGE('',*,*,#3872,.T.);
#5667=ORIENTED_EDGE('',*,*,#3871,.T.);
#5668=ORIENTED_EDGE('',*,*,#3447,.F.);
#5669=ORIENTED_EDGE('',*,*,#3873,.F.);
#5670=ORIENTED_EDGE('',*,*,#3874,.T.);
#5671=ORIENTED_EDGE('',*,*,#3873,.T.);
#5672=ORIENTED_EDGE('',*,*,#3446,.F.);
#5673=ORIENTED_EDGE('',*,*,#3875,.F.);
#5674=ORIENTED_EDGE('',*,*,#3876,.T.);
#5675=ORIENTED_EDGE('',*,*,#3875,.T.);
#5676=ORIENTED_EDGE('',*,*,#3445,.F.);
#5677=ORIENTED_EDGE('',*,*,#3870,.F.);
#5678=ORIENTED_EDGE('',*,*,#3877,.T.);
#5679=ORIENTED_EDGE('',*,*,#3878,.T.);
#5680=ORIENTED_EDGE('',*,*,#3452,.F.);
#5681=ORIENTED_EDGE('',*,*,#3879,.F.);
#5682=ORIENTED_EDGE('',*,*,#3880,.T.);
#5683=ORIENTED_EDGE('',*,*,#3879,.T.);
#5684=ORIENTED_EDGE('',*,*,#3451,.F.);
#5685=ORIENTED_EDGE('',*,*,#3881,.F.);
#5686=ORIENTED_EDGE('',*,*,#3882,.T.);
#5687=ORIENTED_EDGE('',*,*,#3881,.T.);
#5688=ORIENTED_EDGE('',*,*,#3450,.F.);
#5689=ORIENTED_EDGE('',*,*,#3883,.F.);
#5690=ORIENTED_EDGE('',*,*,#3884,.T.);
#5691=ORIENTED_EDGE('',*,*,#3883,.T.);
#5692=ORIENTED_EDGE('',*,*,#3449,.F.);
#5693=ORIENTED_EDGE('',*,*,#3878,.F.);
#5694=ORIENTED_EDGE('',*,*,#3435,.F.);
#5695=ORIENTED_EDGE('',*,*,#3444,.F.);
#5696=ORIENTED_EDGE('',*,*,#3559,.F.);
#5697=ORIENTED_EDGE('',*,*,#3885,.F.);
#5698=ORIENTED_EDGE('',*,*,#3552,.F.);
#5699=ORIENTED_EDGE('',*,*,#3886,.F.);
#5700=ORIENTED_EDGE('',*,*,#3553,.F.);
#5701=ORIENTED_EDGE('',*,*,#3440,.F.);
#5702=ORIENTED_EDGE('',*,*,#3560,.T.);
#5703=ORIENTED_EDGE('',*,*,#3573,.T.);
#5704=ORIENTED_EDGE('',*,*,#3570,.T.);
#5705=ORIENTED_EDGE('',*,*,#3567,.T.);
#5706=ORIENTED_EDGE('',*,*,#3564,.T.);
#5707=ORIENTED_EDGE('',*,*,#3436,.F.);
#5708=ORIENTED_EDGE('',*,*,#3885,.T.);
#5709=ORIENTED_EDGE('',*,*,#3558,.F.);
#5710=ORIENTED_EDGE('',*,*,#3556,.T.);
#5711=ORIENTED_EDGE('',*,*,#3554,.F.);
#5712=ORIENTED_EDGE('',*,*,#3886,.T.);
#5713=ORIENTED_EDGE('',*,*,#3551,.F.);
#5714=ORIENTED_EDGE('',*,*,#3549,.T.);
#5715=ORIENTED_EDGE('',*,*,#3884,.F.);
#5716=ORIENTED_EDGE('',*,*,#3877,.F.);
#5717=ORIENTED_EDGE('',*,*,#3880,.F.);
#5718=ORIENTED_EDGE('',*,*,#3882,.F.);
#5719=ORIENTED_EDGE('',*,*,#3876,.F.);
#5720=ORIENTED_EDGE('',*,*,#3869,.F.);
#5721=ORIENTED_EDGE('',*,*,#3872,.F.);
#5722=ORIENTED_EDGE('',*,*,#3874,.F.);
#5723=B_SPLINE_SURFACE_WITH_KNOTS('',3,1,((#7315,#7316),(#7317,#7318),(#7319,
#7320),(#7321,#7322),(#7323,#7324)),.UNSPECIFIED.,.F.,.F.,.F.,(4,1,4),(2,
2),(0.,0.0928998047154575,0.199292390731346),(0.,0.1),.UNSPECIFIED.);
#5724=B_SPLINE_SURFACE_WITH_KNOTS('',3,1,((#7341,#7342),(#7343,#7344),(#7345,
#7346),(#7347,#7348),(#7349,#7350)),.UNSPECIFIED.,.F.,.F.,.F.,(4,1,4),(2,
2),(0.,0.0876403193504364,0.174153346027566),(0.,0.1),.UNSPECIFIED.);
#5725=B_SPLINE_SURFACE_WITH_KNOTS('',3,1,((#7364,#7365),(#7366,#7367),(#7368,
#7369),(#7370,#7371),(#7372,#7373)),.UNSPECIFIED.,.F.,.F.,.F.,(4,1,4),(2,
2),(0.,0.0836917162893257,0.166641406450988),(0.,0.1),.UNSPECIFIED.);
#5726=B_SPLINE_SURFACE_WITH_KNOTS('',3,1,((#7387,#7388),(#7389,#7390),(#7391,
#7392),(#7393,#7394),(#7395,#7396)),.UNSPECIFIED.,.F.,.F.,.F.,(4,1,4),(2,
2),(0.,0.111273985101588,0.203908651107522),(0.,0.1),.UNSPECIFIED.);
#5727=B_SPLINE_SURFACE_WITH_KNOTS('',3,1,((#7413,#7414),(#7415,#7416),(#7417,
#7418),(#7419,#7420),(#7421,#7422)),.UNSPECIFIED.,.F.,.F.,.F.,(4,1,4),(2,
2),(0.,0.0628373015087875,0.121204696683214),(0.,0.1),.UNSPECIFIED.);
#5728=B_SPLINE_SURFACE_WITH_KNOTS('',3,1,((#7439,#7440),(#7441,#7442),(#7443,
#7444),(#7445,#7446),(#7447,#7448)),.UNSPECIFIED.,.F.,.F.,.F.,(4,1,4),(2,
2),(0.,0.0917800200235803,0.184563229280611),(0.,0.1),.UNSPECIFIED.);
#5729=B_SPLINE_SURFACE_WITH_KNOTS('',3,1,((#7462,#7463),(#7464,#7465),(#7466,
#7467),(#7468,#7469),(#7470,#7471)),.UNSPECIFIED.,.F.,.F.,.F.,(4,1,4),(2,
2),(0.,0.115267171115685,0.214477933316895),(0.,0.1),.UNSPECIFIED.);
#5730=B_SPLINE_SURFACE_WITH_KNOTS('',3,1,((#7491,#7492),(#7493,#7494),(#7495,
#7496),(#7497,#7498),(#7499,#7500)),.UNSPECIFIED.,.F.,.F.,.F.,(4,1,4),(2,
2),(0.,0.22765758337725,0.51716308427362),(0.,0.1),.UNSPECIFIED.);
#5731=B_SPLINE_SURFACE_WITH_KNOTS('',3,1,((#7514,#7515),(#7516,#7517),(#7518,
#7519),(#7520,#7521),(#7522,#7523)),.UNSPECIFIED.,.F.,.F.,.F.,(4,1,4),(2,
2),(0.,0.220579953247701,0.425271866306106),(0.,0.1),.UNSPECIFIED.);
#5732=B_SPLINE_SURFACE_WITH_KNOTS('',3,1,((#7537,#7538),(#7539,#7540),(#7541,
#7542),(#7543,#7544),(#7545,#7546)),.UNSPECIFIED.,.F.,.F.,.F.,(4,1,4),(2,
2),(0.,0.196777970818347,0.397671733986434),(0.,0.1),.UNSPECIFIED.);
#5733=B_SPLINE_SURFACE_WITH_KNOTS('',3,1,((#7560,#7561),(#7562,#7563),(#7564,
#7565),(#7566,#7567),(#7568,#7569)),.UNSPECIFIED.,.F.,.F.,.F.,(4,1,4),(2,
2),(0.,0.243407300702257,0.454196780553688),(0.,0.1),.UNSPECIFIED.);
#5734=B_SPLINE_SURFACE_WITH_KNOTS('',3,1,((#7583,#7584),(#7585,#7586),(#7587,
#7588),(#7589,#7590),(#7591,#7592)),.UNSPECIFIED.,.F.,.F.,.F.,(4,1,4),(2,
2),(0.,0.186146669982108,0.394569349979085),(0.,0.1),.UNSPECIFIED.);
#5735=B_SPLINE_SURFACE_WITH_KNOTS('',3,1,((#7606,#7607),(#7608,#7609),(#7610,
#7611),(#7612,#7613),(#7614,#7615)),.UNSPECIFIED.,.F.,.F.,.F.,(4,1,4),(2,
2),(0.,0.250898263903003,0.472695254814715),(0.,0.1),.UNSPECIFIED.);
#5736=B_SPLINE_SURFACE_WITH_KNOTS('',3,1,((#7629,#7630),(#7631,#7632),(#7633,
#7634),(#7635,#7636),(#7637,#7638)),.UNSPECIFIED.,.F.,.F.,.F.,(4,1,4),(2,
2),(0.,0.147704905626737,0.313086423946976),(0.,0.1),.UNSPECIFIED.);
#5737=B_SPLINE_SURFACE_WITH_KNOTS('',3,1,((#7652,#7653),(#7654,#7655),(#7656,
#7657),(#7658,#7659),(#7660,#7661)),.UNSPECIFIED.,.F.,.F.,.F.,(4,1,4),(2,
2),(0.,0.155988259587503,0.300515866686911),(0.,0.1),.UNSPECIFIED.);
#5738=B_SPLINE_SURFACE_WITH_KNOTS('',3,1,((#7681,#7682),(#7683,#7684),(#7685,
#7686),(#7687,#7688),(#7689,#7690)),.UNSPECIFIED.,.F.,.F.,.F.,(4,1,4),(2,
2),(0.,0.0628180639299299,0.139203715689618),(0.,0.1),.UNSPECIFIED.);
#5739=B_SPLINE_SURFACE_WITH_KNOTS('',3,1,((#7702,#7703),(#7704,#7705),(#7706,
#7707),(#7708,#7709),(#7710,#7711)),.UNSPECIFIED.,.F.,.F.,.F.,(4,1,4),(2,
2),(0.,0.0961800484908584,0.19471686078661),(0.,0.1),.UNSPECIFIED.);
#5740=B_SPLINE_SURFACE_WITH_KNOTS('',3,1,((#7728,#7729),(#7730,#7731),(#7732,
#7733),(#7734,#7735),(#7736,#7737)),.UNSPECIFIED.,.F.,.F.,.F.,(4,1,4),(2,
2),(0.,0.0987137155025268,0.196823377475338),(0.,0.1),.UNSPECIFIED.);
#5741=B_SPLINE_SURFACE_WITH_KNOTS('',3,1,((#7751,#7752),(#7753,#7754),(#7755,
#7756),(#7757,#7758),(#7759,#7760)),.UNSPECIFIED.,.F.,.F.,.F.,(4,1,4),(2,
2),(0.,0.16190756516909,0.281725246398825),(0.,0.1),.UNSPECIFIED.);
#5742=B_SPLINE_SURFACE_WITH_KNOTS('',3,1,((#7774,#7775),(#7776,#7777),(#7778,
#7779),(#7780,#7781),(#7782,#7783)),.UNSPECIFIED.,.F.,.F.,.F.,(4,1,4),(2,
2),(0.,0.117485756313344,0.265467600934866),(0.,0.1),.UNSPECIFIED.);
#5743=B_SPLINE_SURFACE_WITH_KNOTS('',3,1,((#7797,#7798),(#7799,#7800),(#7801,
#7802),(#7803,#7804),(#7805,#7806)),.UNSPECIFIED.,.F.,.F.,.F.,(4,1,4),(2,
2),(0.,0.0942248553522985,0.193906876284101),(0.,0.1),.UNSPECIFIED.);
#5744=B_SPLINE_SURFACE_WITH_KNOTS('',3,1,((#7820,#7821),(#7822,#7823),(#7824,
#7825),(#7826,#7827),(#7828,#7829)),.UNSPECIFIED.,.F.,.F.,.F.,(4,1,4),(2,
2),(0.,0.118657301089979,0.233183930934486),(0.,0.1),.UNSPECIFIED.);
#5745=B_SPLINE_SURFACE_WITH_KNOTS('',3,1,((#7843,#7844),(#7845,#7846),(#7847,
#7848),(#7849,#7850),(#7851,#7852)),.UNSPECIFIED.,.F.,.F.,.F.,(4,1,4),(2,
2),(0.,0.150378971144946,0.258386449558307),(0.,0.1),.UNSPECIFIED.);
#5746=B_SPLINE_SURFACE_WITH_KNOTS('',3,1,((#7866,#7867),(#7868,#7869),(#7870,
#7871),(#7872,#7873),(#7874,#7875)),.UNSPECIFIED.,.F.,.F.,.F.,(4,1,4),(2,
2),(0.,0.113885650024413,0.256518857018675),(0.,0.1),.UNSPECIFIED.);
#5747=B_SPLINE_SURFACE_WITH_KNOTS('',3,1,((#7901,#7902),(#7903,#7904),(#7905,
#7906),(#7907,#7908),(#7909,#7910)),.UNSPECIFIED.,.F.,.F.,.F.,(4,1,4),(2,
2),(0.,0.174017398941702,0.358434162179285),(0.,0.1),.UNSPECIFIED.);
#5748=B_SPLINE_SURFACE_WITH_KNOTS('',3,1,((#7924,#7925),(#7926,#7927),(#7928,
#7929),(#7930,#7931),(#7932,#7933)),.UNSPECIFIED.,.F.,.F.,.F.,(4,1,4),(2,
2),(0.,0.182368877584419,0.367256793834409),(0.,0.1),.UNSPECIFIED.);
#5749=B_SPLINE_SURFACE_WITH_KNOTS('',3,1,((#7947,#7948),(#7949,#7950),(#7951,
#7952),(#7953,#7954),(#7955,#7956)),.UNSPECIFIED.,.F.,.F.,.F.,(4,1,4),(2,
2),(0.,0.245296890852875,0.447253355973524),(0.,0.1),.UNSPECIFIED.);
#5750=B_SPLINE_SURFACE_WITH_KNOTS('',3,1,((#7970,#7971),(#7972,#7973),(#7974,
#7975),(#7976,#7977),(#7978,#7979)),.UNSPECIFIED.,.F.,.F.,.F.,(4,1,4),(2,
2),(0.,0.206613821491233,0.449243487074269),(0.,0.1),.UNSPECIFIED.);
#5751=B_SPLINE_SURFACE_WITH_KNOTS('',3,1,((#7993,#7994),(#7995,#7996),(#7997,
#7998),(#7999,#8000),(#8001,#8002)),.UNSPECIFIED.,.F.,.F.,.F.,(4,1,4),(2,
2),(0.,0.177862713295736,0.363356755071625),(0.,0.1),.UNSPECIFIED.);
#5752=B_SPLINE_SURFACE_WITH_KNOTS('',3,1,((#8016,#8017),(#8018,#8019),(#8020,
#8021),(#8022,#8023),(#8024,#8025)),.UNSPECIFIED.,.F.,.F.,.F.,(4,1,4),(2,
2),(0.,0.0971371913118282,0.189544389548338),(0.,0.1),.UNSPECIFIED.);
#5753=B_SPLINE_SURFACE_WITH_KNOTS('',3,1,((#8039,#8040),(#8041,#8042),(#8043,
#8044),(#8045,#8046),(#8047,#8048)),.UNSPECIFIED.,.F.,.F.,.F.,(4,1,4),(2,
2),(0.,0.108881055490191,0.211082063688376),(0.,0.1),.UNSPECIFIED.);
#5754=B_SPLINE_SURFACE_WITH_KNOTS('',3,1,((#8078,#8079),(#8080,#8081),(#8082,
#8083),(#8084,#8085),(#8086,#8087)),.UNSPECIFIED.,.F.,.F.,.F.,(4,1,4),(2,
2),(0.,0.0819602393215757,0.218324374843256),(0.,0.1),.UNSPECIFIED.);
#5755=B_SPLINE_SURFACE_WITH_KNOTS('',3,1,((#8104,#8105),(#8106,#8107),(#8108,
#8109),(#8110,#8111),(#8112,#8113)),.UNSPECIFIED.,.F.,.F.,.F.,(4,1,4),(2,
2),(0.,0.0695515493652616,0.140739434456281),(0.,0.1),.UNSPECIFIED.);
#5756=B_SPLINE_SURFACE_WITH_KNOTS('',3,1,((#8127,#8128),(#8129,#8130),(#8131,
#8132),(#8133,#8134),(#8135,#8136)),.UNSPECIFIED.,.F.,.F.,.F.,(4,1,4),(2,
2),(0.,0.0756544589205198,0.145976540198212),(0.,0.1),.UNSPECIFIED.);
#5757=B_SPLINE_SURFACE_WITH_KNOTS('',3,1,((#8150,#8151),(#8152,#8153),(#8154,
#8155),(#8156,#8157),(#8158,#8159)),.UNSPECIFIED.,.F.,.F.,.F.,(4,1,4),(2,
2),(0.,0.0600141073068659,0.123014383644659),(0.,0.1),.UNSPECIFIED.);
#5758=B_SPLINE_SURFACE_WITH_KNOTS('',3,1,((#8173,#8174),(#8175,#8176),(#8177,
#8178),(#8179,#8180),(#8181,#8182)),.UNSPECIFIED.,.F.,.F.,.F.,(4,1,4),(2,
2),(0.,0.0617281074294967,0.12135708535751),(0.,0.1),.UNSPECIFIED.);
#5759=B_SPLINE_SURFACE_WITH_KNOTS('',3,1,((#8196,#8197),(#8198,#8199),(#8200,
#8201),(#8202,#8203),(#8204,#8205)),.UNSPECIFIED.,.F.,.F.,.F.,(4,1,4),(2,
2),(0.,0.149502216123184,0.241256961988123),(0.,0.1),.UNSPECIFIED.);
#5760=B_SPLINE_SURFACE_WITH_KNOTS('',3,1,((#8249,#8250),(#8251,#8252),(#8253,
#8254),(#8255,#8256),(#8257,#8258)),.UNSPECIFIED.,.F.,.F.,.F.,(4,1,4),(2,
2),(0.,0.133733602383763,0.315174338235039),(0.,0.1),.UNSPECIFIED.);
#5761=B_SPLINE_SURFACE_WITH_KNOTS('',3,1,((#8272,#8273),(#8274,#8275),(#8276,
#8277),(#8278,#8279),(#8280,#8281)),.UNSPECIFIED.,.F.,.F.,.F.,(4,1,4),(2,
2),(0.,0.0897738890174278,0.173252686275197),(0.,0.1),.UNSPECIFIED.);
#5762=B_SPLINE_SURFACE_WITH_KNOTS('',3,1,((#8295,#8296),(#8297,#8298),(#8299,
#8300),(#8301,#8302),(#8303,#8304)),.UNSPECIFIED.,.F.,.F.,.F.,(4,1,4),(2,
2),(0.,0.101489985172047,0.196566808152915),(0.,0.1),.UNSPECIFIED.);
#5763=B_SPLINE_SURFACE_WITH_KNOTS('',3,1,((#8318,#8319),(#8320,#8321),(#8322,
#8323),(#8324,#8325),(#8326,#8327)),.UNSPECIFIED.,.F.,.F.,.F.,(4,1,4),(2,
2),(0.,0.127748087970754,0.239403369690978),(0.,0.1),.UNSPECIFIED.);
#5764=B_SPLINE_SURFACE_WITH_KNOTS('',3,1,((#8341,#8342),(#8343,#8344),(#8345,
#8346),(#8347,#8348),(#8349,#8350)),.UNSPECIFIED.,.F.,.F.,.F.,(4,1,4),(2,
2),(0.,0.145055134908359,0.309062459275457),(0.,0.1),.UNSPECIFIED.);
#5765=B_SPLINE_SURFACE_WITH_KNOTS('',3,1,((#8364,#8365),(#8366,#8367),(#8368,
#8369),(#8370,#8371),(#8372,#8373)),.UNSPECIFIED.,.F.,.F.,.F.,(4,1,4),(2,
2),(0.,0.129994922553265,0.264871241987004),(0.,0.1),.UNSPECIFIED.);
#5766=B_SPLINE_SURFACE_WITH_KNOTS('',3,1,((#8387,#8388),(#8389,#8390),(#8391,
#8392),(#8393,#8394),(#8395,#8396)),.UNSPECIFIED.,.F.,.F.,.F.,(4,1,4),(2,
2),(0.,0.228241690067647,0.361308411081041),(0.,0.1),.UNSPECIFIED.);
#5767=B_SPLINE_SURFACE_WITH_KNOTS('',3,1,((#8426,#8427),(#8428,#8429),(#8430,
#8431),(#8432,#8433),(#8434,#8435)),.UNSPECIFIED.,.F.,.F.,.F.,(4,1,4),(2,
2),(0.,0.0541240519253751,0.140885255954901),(0.,0.1),.UNSPECIFIED.);
#5768=B_SPLINE_SURFACE_WITH_KNOTS('',3,1,((#8452,#8453),(#8454,#8455),(#8456,
#8457),(#8458,#8459),(#8460,#8461)),.UNSPECIFIED.,.F.,.F.,.F.,(4,1,4),(2,
2),(0.,0.0611360268140128,0.118909247902911),(0.,0.1),.UNSPECIFIED.);
#5769=B_SPLINE_SURFACE_WITH_KNOTS('',3,1,((#8475,#8476),(#8477,#8478),(#8479,
#8480),(#8481,#8482),(#8483,#8484)),.UNSPECIFIED.,.F.,.F.,.F.,(4,1,4),(2,
2),(0.,0.0770411589411318,0.158972179655882),(0.,0.1),.UNSPECIFIED.);
#5770=B_SPLINE_SURFACE_WITH_KNOTS('',3,1,((#8498,#8499),(#8500,#8501),(#8502,
#8503),(#8504,#8505),(#8506,#8507)),.UNSPECIFIED.,.F.,.F.,.F.,(4,1,4),(2,
2),(0.,0.0608781414034034,0.125262589435097),(0.,0.1),.UNSPECIFIED.);
#5771=B_SPLINE_SURFACE_WITH_KNOTS('',3,1,((#8521,#8522),(#8523,#8524),(#8525,
#8526),(#8527,#8528),(#8529,#8530)),.UNSPECIFIED.,.F.,.F.,.F.,(4,1,4),(2,
2),(0.,0.0573899939456706,0.116150410148352),(0.,0.1),.UNSPECIFIED.);
#5772=B_SPLINE_SURFACE_WITH_KNOTS('',3,1,((#8544,#8545),(#8546,#8547),(#8548,
#8549),(#8550,#8551),(#8552,#8553)),.UNSPECIFIED.,.F.,.F.,.F.,(4,1,4),(2,
2),(0.,0.0618975977507829,0.119657056816664),(0.,0.1),.UNSPECIFIED.);
#5773=B_SPLINE_SURFACE_WITH_KNOTS('',3,1,((#8567,#8568),(#8569,#8570),(#8571,
#8572),(#8573,#8574),(#8575,#8576)),.UNSPECIFIED.,.F.,.F.,.F.,(4,1,4),(2,
2),(0.,0.102181104115909,0.164856929299419),(0.,0.1),.UNSPECIFIED.);
#5774=B_SPLINE_SURFACE_WITH_KNOTS('',3,1,((#8590,#8591),(#8592,#8593),(#8594,
#8595),(#8596,#8597),(#8598,#8599)),.UNSPECIFIED.,.F.,.F.,.F.,(4,1,4),(2,
2),(0.,0.0741731384623558,0.180467979835096),(0.,0.1),.UNSPECIFIED.);
#5775=B_SPLINE_SURFACE_WITH_KNOTS('',3,1,((#8616,#8617),(#8618,#8619),(#8620,
#8621),(#8622,#8623),(#8624,#8625)),.UNSPECIFIED.,.F.,.F.,.F.,(4,1,4),(2,
2),(0.,0.0687134653650042,0.124891636976234),(0.,0.1),.UNSPECIFIED.);
#5776=B_SPLINE_SURFACE_WITH_KNOTS('',3,1,((#8642,#8643),(#8644,#8645),(#8646,
#8647),(#8648,#8649),(#8650,#8651)),.UNSPECIFIED.,.F.,.F.,.F.,(4,1,4),(2,
2),(0.,0.0647496519494042,0.160570119552872),(0.,0.1),.UNSPECIFIED.);
#5777=B_SPLINE_SURFACE_WITH_KNOTS('',3,1,((#8665,#8666),(#8667,#8668),(#8669,
#8670),(#8671,#8672),(#8673,#8674)),.UNSPECIFIED.,.F.,.F.,.F.,(4,1,4),(2,
2),(0.,0.0717175890946818,0.128016358786652),(0.,0.1),.UNSPECIFIED.);
#5778=B_SPLINE_SURFACE_WITH_KNOTS('',3,1,((#8694,#8695),(#8696,#8697),(#8698,
#8699),(#8700,#8701),(#8702,#8703)),.UNSPECIFIED.,.F.,.F.,.F.,(4,1,4),(2,
2),(0.,0.174494208891357,0.288407308452974),(0.,0.1),.UNSPECIFIED.);
#5779=B_SPLINE_SURFACE_WITH_KNOTS('',3,1,((#8717,#8718),(#8719,#8720),(#8721,
#8722),(#8723,#8724),(#8725,#8726)),.UNSPECIFIED.,.F.,.F.,.F.,(4,1,4),(2,
2),(0.,0.103274183761209,0.238751843090807),(0.,0.1),.UNSPECIFIED.);
#5780=B_SPLINE_SURFACE_WITH_KNOTS('',3,1,((#8740,#8741),(#8742,#8743),(#8744,
#8745),(#8746,#8747),(#8748,#8749)),.UNSPECIFIED.,.F.,.F.,.F.,(4,1,4),(2,
2),(0.,0.0827469379218019,0.167350030787697),(0.,0.1),.UNSPECIFIED.);
#5781=B_SPLINE_SURFACE_WITH_KNOTS('',3,1,((#8763,#8764),(#8765,#8766),(#8767,
#8768),(#8769,#8770),(#8771,#8772)),.UNSPECIFIED.,.F.,.F.,.F.,(4,1,4),(2,
2),(0.,0.0877910156251958,0.171676987127477),(0.,0.1),.UNSPECIFIED.);
#5782=B_SPLINE_SURFACE_WITH_KNOTS('',3,1,((#8786,#8787),(#8788,#8789),(#8790,
#8791),(#8792,#8793),(#8794,#8795)),.UNSPECIFIED.,.F.,.F.,.F.,(4,1,4),(2,
2),(0.,0.12603870870977,0.255448108326092),(0.,0.1),.UNSPECIFIED.);
#5783=B_SPLINE_SURFACE_WITH_KNOTS('',3,1,((#8809,#8810),(#8811,#8812),(#8813,
#8814),(#8815,#8816),(#8817,#8818)),.UNSPECIFIED.,.F.,.F.,.F.,(4,1,4),(2,
2),(0.,0.15174287940675,0.285039998199388),(0.,0.1),.UNSPECIFIED.);
#5784=B_SPLINE_SURFACE_WITH_KNOTS('',3,1,((#8832,#8833),(#8834,#8835),(#8836,
#8837),(#8838,#8839),(#8840,#8841)),.UNSPECIFIED.,.F.,.F.,.F.,(4,1,4),(2,
2),(0.,0.0907791210667023,0.1835554343044),(0.,0.1),.UNSPECIFIED.);
#5785=B_SPLINE_SURFACE_WITH_KNOTS('',3,1,((#8855,#8856),(#8857,#8858),(#8859,
#8860),(#8861,#8862),(#8863,#8864)),.UNSPECIFIED.,.F.,.F.,.F.,(4,1,4),(2,
2),(0.,0.0986821763415001,0.191530533841909),(0.,0.1),.UNSPECIFIED.);
#5786=B_SPLINE_SURFACE_WITH_KNOTS('',3,1,((#8878,#8879),(#8880,#8881),(#8882,
#8883),(#8884,#8885),(#8886,#8887)),.UNSPECIFIED.,.F.,.F.,.F.,(4,1,4),(2,
2),(0.,0.0221008518864431,0.0352864025448696),(0.,0.1),.UNSPECIFIED.);
#5787=B_SPLINE_SURFACE_WITH_KNOTS('',3,1,((#8901,#8902),(#8903,#8904),(#8905,
#8906),(#8907,#8908),(#8909,#8910)),.UNSPECIFIED.,.F.,.F.,.F.,(4,1,4),(2,
2),(0.,0.0377005425244487,0.0893247739531581),(0.,0.1),.UNSPECIFIED.);
#5788=B_SPLINE_SURFACE_WITH_KNOTS('',3,1,((#8930,#8931),(#8932,#8933),(#8934,
#8935),(#8936,#8937),(#8938,#8939)),.UNSPECIFIED.,.F.,.F.,.F.,(4,1,4),(2,
2),(0.,0.0732076660217022,0.154995210220674),(0.,0.1),.UNSPECIFIED.);
#5789=B_SPLINE_SURFACE_WITH_KNOTS('',3,1,((#8953,#8954),(#8955,#8956),(#8957,
#8958),(#8959,#8960),(#8961,#8962)),.UNSPECIFIED.,.F.,.F.,.F.,(4,1,4),(2,
2),(0.,0.124493699090757,0.211952927145225),(0.,0.1),.UNSPECIFIED.);
#5790=B_SPLINE_SURFACE_WITH_KNOTS('',3,1,((#8982,#8983),(#8984,#8985),(#8986,
#8987),(#8988,#8989),(#8990,#8991)),.UNSPECIFIED.,.F.,.F.,.F.,(4,1,4),(2,
2),(0.,0.103460256632586,0.261706463542011),(0.,0.1),.UNSPECIFIED.);
#5791=B_SPLINE_SURFACE_WITH_KNOTS('',3,1,((#9005,#9006),(#9007,#9008),(#9009,
#9010),(#9011,#9012),(#9013,#9014)),.UNSPECIFIED.,.F.,.F.,.F.,(4,1,4),(2,
2),(0.,0.0953978778412346,0.178017392711309),(0.,0.1),.UNSPECIFIED.);
#5792=B_SPLINE_SURFACE_WITH_KNOTS('',3,1,((#9028,#9029),(#9030,#9031),(#9032,
#9033),(#9034,#9035),(#9036,#9037)),.UNSPECIFIED.,.F.,.F.,.F.,(4,1,4),(2,
2),(0.,0.168189409019274,0.291694835023785),(0.,0.1),.UNSPECIFIED.);
#5793=B_SPLINE_SURFACE_WITH_KNOTS('',3,1,((#9051,#9052),(#9053,#9054),(#9055,
#9056),(#9057,#9058),(#9059,#9060)),.UNSPECIFIED.,.F.,.F.,.F.,(4,1,4),(2,
2),(0.,0.145100627626882,0.331771841313582),(0.,0.1),.UNSPECIFIED.);
#5794=B_SPLINE_SURFACE_WITH_KNOTS('',3,1,((#9074,#9075),(#9076,#9077),(#9078,
#9079),(#9080,#9081),(#9082,#9083)),.UNSPECIFIED.,.F.,.F.,.F.,(4,1,4),(2,
2),(0.,0.149603931559931,0.282407179633356),(0.,0.1),.UNSPECIFIED.);
#5795=B_SPLINE_SURFACE_WITH_KNOTS('',3,1,((#9103,#9104),(#9105,#9106),(#9107,
#9108),(#9109,#9110),(#9111,#9112)),.UNSPECIFIED.,.F.,.F.,.F.,(4,1,4),(2,
2),(0.,0.0569173376674212,0.128198524254005),(0.,0.1),.UNSPECIFIED.);
#5796=B_SPLINE_SURFACE_WITH_KNOTS('',3,1,((#9203,#9204),(#9205,#9206),(#9207,
#9208),(#9209,#9210),(#9211,#9212)),.UNSPECIFIED.,.F.,.F.,.F.,(4,1,4),(2,
2),(0.,0.105803063967044,0.213033670266214),(0.,0.1),.UNSPECIFIED.);
#5797=B_SPLINE_SURFACE_WITH_KNOTS('',3,1,((#9229,#9230),(#9231,#9232),(#9233,
#9234),(#9235,#9236),(#9237,#9238)),.UNSPECIFIED.,.F.,.F.,.F.,(4,1,4),(2,
2),(0.,0.106924292424802,0.21260223028142),(0.,0.1),.UNSPECIFIED.);
#5798=B_SPLINE_SURFACE_WITH_KNOTS('',3,1,((#9252,#9253),(#9254,#9255),(#9256,
#9257),(#9258,#9259),(#9260,#9261)),.UNSPECIFIED.,.F.,.F.,.F.,(4,1,4),(2,
2),(0.,0.142480716944824,0.261479441218951),(0.,0.1),.UNSPECIFIED.);
#5799=B_SPLINE_SURFACE_WITH_KNOTS('',3,1,((#9275,#9276),(#9277,#9278),(#9279,
#9280),(#9281,#9282),(#9283,#9284)),.UNSPECIFIED.,.F.,.F.,.F.,(4,1,4),(2,
2),(0.,0.119896816491278,0.265420202635973),(0.,0.1),.UNSPECIFIED.);
#5800=B_SPLINE_SURFACE_WITH_KNOTS('',3,1,((#9298,#9299),(#9300,#9301),(#9302,
#9303),(#9304,#9305),(#9306,#9307)),.UNSPECIFIED.,.F.,.F.,.F.,(4,1,4),(2,
2),(0.,0.105677809018317,0.212602268420606),(0.,0.1),.UNSPECIFIED.);
#5801=B_SPLINE_SURFACE_WITH_KNOTS('',3,1,((#9321,#9322),(#9323,#9324),(#9325,
#9326),(#9327,#9328),(#9329,#9330)),.UNSPECIFIED.,.F.,.F.,.F.,(4,1,4),(2,
2),(0.,0.107230677961246,0.213033729823473),(0.,0.1),.UNSPECIFIED.);
#5802=B_SPLINE_SURFACE_WITH_KNOTS('',3,1,((#9344,#9345),(#9346,#9347),(#9348,
#9349),(#9350,#9351),(#9352,#9353)),.UNSPECIFIED.,.F.,.F.,.F.,(4,1,4),(2,
2),(0.,0.144018773663437,0.263650626081199),(0.,0.1),.UNSPECIFIED.);
#5803=B_SPLINE_SURFACE_WITH_KNOTS('',3,1,((#9367,#9368),(#9369,#9370),(#9371,
#9372),(#9373,#9374),(#9375,#9376)),.UNSPECIFIED.,.F.,.F.,.F.,(4,1,4),(2,
2),(0.,0.119631904671159,0.263650678334595),(0.,0.1),.UNSPECIFIED.);
#5804=B_SPLINE_SURFACE_WITH_KNOTS('',3,1,((#9387,#9388),(#9389,#9390),(#9391,
#9392),(#9393,#9394),(#9395,#9396)),.UNSPECIFIED.,.F.,.F.,.F.,(4,1,4),(2,
2),(0.,0.145506597583457,0.289394489537526),(0.,0.1),.UNSPECIFIED.);
#5805=B_SPLINE_SURFACE_WITH_KNOTS('',3,1,((#9413,#9414),(#9415,#9416),(#9417,
#9418),(#9419,#9420),(#9421,#9422)),.UNSPECIFIED.,.F.,.F.,.F.,(4,1,4),(2,
2),(0.,0.146905988990119,0.294870748973925),(0.,0.1),.UNSPECIFIED.);
#5806=B_SPLINE_SURFACE_WITH_KNOTS('',3,1,((#9436,#9437),(#9438,#9439),(#9440,
#9441),(#9442,#9443),(#9444,#9445)),.UNSPECIFIED.,.F.,.F.,.F.,(4,1,4),(2,
2),(0.,0.216992608149463,0.441564521439462),(0.,0.1),.UNSPECIFIED.);
#5807=B_SPLINE_SURFACE_WITH_KNOTS('',3,1,((#9459,#9460),(#9461,#9462),(#9463,
#9464),(#9465,#9466),(#9467,#9468)),.UNSPECIFIED.,.F.,.F.,.F.,(4,1,4),(2,
2),(0.,0.228967528925527,0.447670452336704),(0.,0.1),.UNSPECIFIED.);
#5808=B_SPLINE_SURFACE_WITH_KNOTS('',3,1,((#9482,#9483),(#9484,#9485),(#9486,
#9487),(#9488,#9489),(#9490,#9491)),.UNSPECIFIED.,.F.,.F.,.F.,(4,1,4),(2,
2),(0.,0.216359787301547,0.443245326067866),(0.,0.1),.UNSPECIFIED.);
#5809=B_SPLINE_SURFACE_WITH_KNOTS('',3,1,((#9505,#9506),(#9507,#9508),(#9509,
#9510),(#9511,#9512),(#9513,#9514)),.UNSPECIFIED.,.F.,.F.,.F.,(4,1,4),(2,
2),(0.,0.227878836496078,0.444121385966345),(0.,0.1),.UNSPECIFIED.);
#5810=B_SPLINE_SURFACE_WITH_KNOTS('',3,1,((#9528,#9529),(#9530,#9531),(#9532,
#9533),(#9534,#9535),(#9536,#9537)),.UNSPECIFIED.,.F.,.F.,.F.,(4,1,4),(2,
2),(0.,0.146857847370238,0.299950523456441),(0.,0.1),.UNSPECIFIED.);
#5811=B_SPLINE_SURFACE_WITH_KNOTS('',3,1,((#9551,#9552),(#9553,#9554),(#9555,
#9556),(#9557,#9558),(#9559,#9560)),.UNSPECIFIED.,.F.,.F.,.F.,(4,1,4),(2,
2),(0.,0.145752462920355,0.289409113612066),(0.,0.1),.UNSPECIFIED.);
#5812=B_SPLINE_SURFACE_WITH_KNOTS('',3,1,((#9574,#9575),(#9576,#9577),(#9578,
#9579),(#9580,#9581),(#9582,#9583)),.UNSPECIFIED.,.F.,.F.,.F.,(4,1,4),(2,
2),(0.,0.142045559241692,0.288306971164719),(0.,0.1),.UNSPECIFIED.);
#5813=B_SPLINE_SURFACE_WITH_KNOTS('',3,1,((#9597,#9598),(#9599,#9600),(#9601,
#9602),(#9603,#9604),(#9605,#9606)),.UNSPECIFIED.,.F.,.F.,.F.,(4,1,4),(2,
2),(0.,0.154040380289543,0.327985713621128),(0.,0.1),.UNSPECIFIED.);
#5814=B_SPLINE_SURFACE_WITH_KNOTS('',3,1,((#10287,#10288),(#10289,#10290),
(#10291,#10292),(#10293,#10294),(#10295,#10296)),.UNSPECIFIED.,.F.,.F.,
 .F.,(4,1,4),(2,2),(0.,0.0619332351197784,0.132861666519965),(0.,0.1),
 .UNSPECIFIED.);
#5815=B_SPLINE_SURFACE_WITH_KNOTS('',3,1,((#10313,#10314),(#10315,#10316),
(#10317,#10318),(#10319,#10320),(#10321,#10322)),.UNSPECIFIED.,.F.,.F.,
 .F.,(4,1,4),(2,2),(0.,0.0584268444830578,0.116102227558657),(0.,0.1),
 .UNSPECIFIED.);
#5816=B_SPLINE_SURFACE_WITH_KNOTS('',3,1,((#10336,#10337),(#10338,#10339),
(#10340,#10341),(#10342,#10343),(#10344,#10345)),.UNSPECIFIED.,.F.,.F.,
 .F.,(4,1,4),(2,2),(0.,0.0557945294771135,0.111094309285847),(0.,0.1),
 .UNSPECIFIED.);
#5817=B_SPLINE_SURFACE_WITH_KNOTS('',3,1,((#10359,#10360),(#10361,#10362),
(#10363,#10364),(#10365,#10366),(#10367,#10368)),.UNSPECIFIED.,.F.,.F.,
 .F.,(4,1,4),(2,2),(0.,0.0741827077057878,0.135939173874549),(0.,0.1),
 .UNSPECIFIED.);
#5818=B_SPLINE_SURFACE_WITH_KNOTS('',3,1,((#10385,#10386),(#10387,#10388),
(#10389,#10390),(#10391,#10392),(#10393,#10394)),.UNSPECIFIED.,.F.,.F.,
 .F.,(4,1,4),(2,2),(0.,0.0418915794699163,0.080803136025004),(0.,0.1),
 .UNSPECIFIED.);
#5819=B_SPLINE_SURFACE_WITH_KNOTS('',3,1,((#10404,#10405),(#10406,#10407),
(#10408,#10409),(#10410,#10411),(#10412,#10413)),.UNSPECIFIED.,.F.,.F.,
 .F.,(4,1,4),(2,2),(0.,0.0611865633974346,0.123042041713023),(0.,0.1),
 .UNSPECIFIED.);
#5820=B_SPLINE_SURFACE_WITH_KNOTS('',3,1,((#10421,#10422),(#10423,#10424),
(#10425,#10426),(#10427,#10428),(#10429,#10430)),.UNSPECIFIED.,.F.,.F.,
 .F.,(4,1,4),(2,2),(0.,0.0768447399154571,0.142985335340002),(0.,0.1),
 .UNSPECIFIED.);
#5821=B_SPLINE_SURFACE_WITH_KNOTS('',3,1,((#10442,#10443),(#10444,#10445),
(#10446,#10447),(#10448,#10449),(#10450,#10451)),.UNSPECIFIED.,.F.,.F.,
 .F.,(4,1,4),(2,2),(0.,0.151771686867797,0.344775393648211),(0.,0.1),
 .UNSPECIFIED.);
#5822=B_SPLINE_SURFACE_WITH_KNOTS('',3,1,((#10459,#10460),(#10461,#10462),
(#10463,#10464),(#10465,#10466),(#10467,#10468)),.UNSPECIFIED.,.F.,.F.,
 .F.,(4,1,4),(2,2),(0.,0.147053247156148,0.283514524167112),(0.,0.1),
 .UNSPECIFIED.);
#5823=B_SPLINE_SURFACE_WITH_KNOTS('',3,1,((#10476,#10477),(#10478,#10479),
(#10480,#10481),(#10482,#10483),(#10484,#10485)),.UNSPECIFIED.,.F.,.F.,
 .F.,(4,1,4),(2,2),(0.,0.131185250356549,0.265114443118566),(0.,0.1),
 .UNSPECIFIED.);
#5824=B_SPLINE_SURFACE_WITH_KNOTS('',3,1,((#10493,#10494),(#10495,#10496),
(#10497,#10498),(#10499,#10500),(#10501,#10502)),.UNSPECIFIED.,.F.,.F.,
 .F.,(4,1,4),(2,2),(0.,0.162271495925863,0.302797744905627),(0.,0.1),
 .UNSPECIFIED.);
#5825=B_SPLINE_SURFACE_WITH_KNOTS('',3,1,((#10510,#10511),(#10512,#10513),
(#10514,#10515),(#10516,#10517),(#10518,#10519)),.UNSPECIFIED.,.F.,.F.,
 .F.,(4,1,4),(2,2),(0.,0.124097731266935,0.263046262128282),(0.,0.1),
 .UNSPECIFIED.);
#5826=B_SPLINE_SURFACE_WITH_KNOTS('',3,1,((#10527,#10528),(#10529,#10530),
(#10531,#10532),(#10533,#10534),(#10535,#10536)),.UNSPECIFIED.,.F.,.F.,
 .F.,(4,1,4),(2,2),(0.,0.167265582515183,0.315130258612838),(0.,0.1),
 .UNSPECIFIED.);
#5827=B_SPLINE_SURFACE_WITH_KNOTS('',3,1,((#10544,#10545),(#10546,#10547),
(#10548,#10549),(#10550,#10551),(#10552,#10553)),.UNSPECIFIED.,.F.,.F.,
 .F.,(4,1,4),(2,2),(0.,0.098469917609514,0.20872421878153),(0.,0.1),
 .UNSPECIFIED.);
#5828=B_SPLINE_SURFACE_WITH_KNOTS('',3,1,((#10561,#10562),(#10563,#10564),
(#10565,#10566),(#10567,#10568),(#10569,#10570)),.UNSPECIFIED.,.F.,.F.,
 .F.,(4,1,4),(2,2),(0.,0.10399212504212,0.200343911644322),(0.,0.1),
 .UNSPECIFIED.);
#5829=B_SPLINE_SURFACE_WITH_KNOTS('',3,1,((#10582,#10583),(#10584,#10585),
(#10586,#10587),(#10588,#10589),(#10590,#10591)),.UNSPECIFIED.,.F.,.F.,
 .F.,(4,1,4),(2,2),(0.,0.0418787333151684,0.0928025328917369),(0.,0.1),
 .UNSPECIFIED.);
#5830=B_SPLINE_SURFACE_WITH_KNOTS('',3,1,((#10598,#10599),(#10600,#10601),
(#10602,#10603),(#10604,#10605),(#10606,#10607)),.UNSPECIFIED.,.F.,.F.,
 .F.,(4,1,4),(2,2),(0.,0.0641203430317399,0.129811164476503),(0.,0.1),
 .UNSPECIFIED.);
#5831=B_SPLINE_SURFACE_WITH_KNOTS('',3,1,((#10624,#10625),(#10626,#10627),
(#10628,#10629),(#10630,#10631),(#10632,#10633)),.UNSPECIFIED.,.F.,.F.,
 .F.,(4,1,4),(2,2),(0.,0.0658092427760919,0.13121568826134),(0.,0.1),
 .UNSPECIFIED.);
#5832=B_SPLINE_SURFACE_WITH_KNOTS('',3,1,((#10647,#10648),(#10649,#10650),
(#10651,#10652),(#10653,#10654),(#10655,#10656)),.UNSPECIFIED.,.F.,.F.,
 .F.,(4,1,4),(2,2),(0.,0.107938297739779,0.187816532322182),(0.,0.1),
 .UNSPECIFIED.);
#5833=B_SPLINE_SURFACE_WITH_KNOTS('',3,1,((#10670,#10671),(#10672,#10673),
(#10674,#10675),(#10676,#10677),(#10678,#10679)),.UNSPECIFIED.,.F.,.F.,
 .F.,(4,1,4),(2,2),(0.,0.0783239081399615,0.176978531459743),(0.,0.1),
 .UNSPECIFIED.);
#5834=B_SPLINE_SURFACE_WITH_KNOTS('',3,1,((#10693,#10694),(#10695,#10696),
(#10697,#10698),(#10699,#10700),(#10701,#10702)),.UNSPECIFIED.,.F.,.F.,
 .F.,(4,1,4),(2,2),(0.,0.0628168622514992,0.129271275507462),(0.,0.1),
 .UNSPECIFIED.);
#5835=B_SPLINE_SURFACE_WITH_KNOTS('',3,1,((#10716,#10717),(#10718,#10719),
(#10720,#10721),(#10722,#10723),(#10724,#10725)),.UNSPECIFIED.,.F.,.F.,
 .F.,(4,1,4),(2,2),(0.,0.0791048673933193,0.155455953956324),(0.,0.1),
 .UNSPECIFIED.);
#5836=B_SPLINE_SURFACE_WITH_KNOTS('',3,1,((#10739,#10740),(#10741,#10742),
(#10743,#10744),(#10745,#10746),(#10747,#10748)),.UNSPECIFIED.,.F.,.F.,
 .F.,(4,1,4),(2,2),(0.,0.100252634722196,0.17225780139625),(0.,0.1),
 .UNSPECIFIED.);
#5837=B_SPLINE_SURFACE_WITH_KNOTS('',3,1,((#10762,#10763),(#10764,#10765),
(#10766,#10767),(#10768,#10769),(#10770,#10771)),.UNSPECIFIED.,.F.,.F.,
 .F.,(4,1,4),(2,2),(0.,0.0759239835648545,0.171012768505593),(0.,0.1),
 .UNSPECIFIED.);
#5838=B_SPLINE_SURFACE_WITH_KNOTS('',3,1,((#10792,#10793),(#10794,#10795),
(#10796,#10797),(#10798,#10799),(#10800,#10801)),.UNSPECIFIED.,.F.,.F.,
 .F.,(4,1,4),(2,2),(0.,0.116012219849381,0.238955940607906),(0.,0.1),
 .UNSPECIFIED.);
#5839=B_SPLINE_SURFACE_WITH_KNOTS('',3,1,((#10809,#10810),(#10811,#10812),
(#10813,#10814),(#10815,#10816),(#10817,#10818)),.UNSPECIFIED.,.F.,.F.,
 .F.,(4,1,4),(2,2),(0.,0.121579892684594,0.244837879862597),(0.,0.1),
 .UNSPECIFIED.);
#5840=B_SPLINE_SURFACE_WITH_KNOTS('',3,1,((#10826,#10827),(#10828,#10829),
(#10830,#10831),(#10832,#10833),(#10834,#10835)),.UNSPECIFIED.,.F.,.F.,
 .F.,(4,1,4),(2,2),(0.,0.16353123951833,0.298168848128779),(0.,0.1),
 .UNSPECIFIED.);
#5841=B_SPLINE_SURFACE_WITH_KNOTS('',3,1,((#10843,#10844),(#10845,#10846),
(#10847,#10848),(#10849,#10850),(#10851,#10852)),.UNSPECIFIED.,.F.,.F.,
 .F.,(4,1,4),(2,2),(0.,0.137742505376934,0.299495637633763),(0.,0.1),
 .UNSPECIFIED.);
#5842=B_SPLINE_SURFACE_WITH_KNOTS('',3,1,((#10860,#10861),(#10862,#10863),
(#10864,#10865),(#10866,#10867),(#10868,#10869)),.UNSPECIFIED.,.F.,.F.,
 .F.,(4,1,4),(2,2),(0.,0.118575305954798,0.242238126394987),(0.,0.1),
 .UNSPECIFIED.);
#5843=B_SPLINE_SURFACE_WITH_KNOTS('',3,1,((#10877,#10878),(#10879,#10880),
(#10881,#10882),(#10883,#10884),(#10885,#10886)),.UNSPECIFIED.,.F.,.F.,
 .F.,(4,1,4),(2,2),(0.,0.0647578159721615,0.126362777426555),(0.,0.1),
 .UNSPECIFIED.);
#5844=B_SPLINE_SURFACE_WITH_KNOTS('',3,1,((#10894,#10895),(#10896,#10897),
(#10898,#10899),(#10900,#10901),(#10902,#10903)),.UNSPECIFIED.,.F.,.F.,
 .F.,(4,1,4),(2,2),(0.,0.0725872051824045,0.140721168478642),(0.,0.1),
 .UNSPECIFIED.);
#5845=B_SPLINE_SURFACE_WITH_KNOTS('',3,1,((#10922,#10923),(#10924,#10925),
(#10926,#10927),(#10928,#10929),(#10930,#10931)),.UNSPECIFIED.,.F.,.F.,
 .F.,(4,1,4),(2,2),(0.,0.0546397583482254,0.145549261860922),(0.,0.1),
 .UNSPECIFIED.);
#5846=B_SPLINE_SURFACE_WITH_KNOTS('',3,1,((#10948,#10949),(#10950,#10951),
(#10952,#10953),(#10954,#10955),(#10956,#10957)),.UNSPECIFIED.,.F.,.F.,
 .F.,(4,1,4),(2,2),(0.,0.0463679609540562,0.0938267077196354),(0.,0.1),
 .UNSPECIFIED.);
#5847=B_SPLINE_SURFACE_WITH_KNOTS('',3,1,((#10971,#10972),(#10973,#10974),
(#10975,#10976),(#10977,#10978),(#10979,#10980)),.UNSPECIFIED.,.F.,.F.,
 .F.,(4,1,4),(2,2),(0.,0.0504362723586453,0.097317711044986),(0.,0.1),
 .UNSPECIFIED.);
#5848=B_SPLINE_SURFACE_WITH_KNOTS('',3,1,((#10994,#10995),(#10996,#10997),
(#10998,#10999),(#11000,#11001),(#11002,#11003)),.UNSPECIFIED.,.F.,.F.,
 .F.,(4,1,4),(2,2),(0.,0.040009386918176,0.0820095730797658),(0.,0.1),
 .UNSPECIFIED.);
#5849=B_SPLINE_SURFACE_WITH_KNOTS('',3,1,((#11017,#11018),(#11019,#11020),
(#11021,#11022),(#11023,#11024),(#11025,#11026)),.UNSPECIFIED.,.F.,.F.,
 .F.,(4,1,4),(2,2),(0.,0.0411522102668031,0.0809051739948828),(0.,0.1),
 .UNSPECIFIED.);
#5850=B_SPLINE_SURFACE_WITH_KNOTS('',3,1,((#11040,#11041),(#11042,#11043),
(#11044,#11045),(#11046,#11047),(#11048,#11049)),.UNSPECIFIED.,.F.,.F.,
 .F.,(4,1,4),(2,2),(0.,0.0996679860414108,0.160837504663477),(0.,0.1),
 .UNSPECIFIED.);
#5851=B_SPLINE_SURFACE_WITH_KNOTS('',3,1,((#11088,#11089),(#11090,#11091),
(#11092,#11093),(#11094,#11095),(#11096,#11097)),.UNSPECIFIED.,.F.,.F.,
 .F.,(4,1,4),(2,2),(0.,0.0891558974983288,0.210116228013355),(0.,0.1),
 .UNSPECIFIED.);
#5852=B_SPLINE_SURFACE_WITH_KNOTS('',3,1,((#11105,#11106),(#11107,#11108),
(#11109,#11110),(#11111,#11112),(#11113,#11114)),.UNSPECIFIED.,.F.,.F.,
 .F.,(4,1,4),(2,2),(0.,0.059849387372155,0.115502069617636),(0.,0.1),
 .UNSPECIFIED.);
#5853=B_SPLINE_SURFACE_WITH_KNOTS('',3,1,((#11122,#11123),(#11124,#11125),
(#11126,#11127),(#11128,#11129),(#11130,#11131)),.UNSPECIFIED.,.F.,.F.,
 .F.,(4,1,4),(2,2),(0.,0.0676604734738071,0.131044818733929),(0.,0.1),
 .UNSPECIFIED.);
#5854=B_SPLINE_SURFACE_WITH_KNOTS('',3,1,((#11139,#11140),(#11141,#11142),
(#11143,#11144),(#11145,#11146),(#11147,#11148)),.UNSPECIFIED.,.F.,.F.,
 .F.,(4,1,4),(2,2),(0.,0.0851653919805029,0.159602011045687),(0.,0.1),
 .UNSPECIFIED.);
#5855=B_SPLINE_SURFACE_WITH_KNOTS('',3,1,((#11156,#11157),(#11158,#11159),
(#11160,#11161),(#11162,#11163),(#11164,#11165)),.UNSPECIFIED.,.F.,.F.,
 .F.,(4,1,4),(2,2),(0.,0.0967032983141937,0.206041543408752),(0.,0.1),
 .UNSPECIFIED.);
#5856=B_SPLINE_SURFACE_WITH_KNOTS('',3,1,((#11173,#11174),(#11175,#11176),
(#11177,#11178),(#11179,#11180),(#11181,#11182)),.UNSPECIFIED.,.F.,.F.,
 .F.,(4,1,4),(2,2),(0.,0.0866632980833027,0.176581046605268),(0.,0.1),
 .UNSPECIFIED.);
#5857=B_SPLINE_SURFACE_WITH_KNOTS('',3,1,((#11190,#11191),(#11192,#11193),
(#11194,#11195),(#11196,#11197),(#11198,#11199)),.UNSPECIFIED.,.F.,.F.,
 .F.,(4,1,4),(2,2),(0.,0.152160887875793,0.240872114048683),(0.,0.1),
 .UNSPECIFIED.);
#5858=B_SPLINE_SURFACE_WITH_KNOTS('',3,1,((#11218,#11219),(#11220,#11221),
(#11222,#11223),(#11224,#11225),(#11226,#11227)),.UNSPECIFIED.,.F.,.F.,
 .F.,(4,1,4),(2,2),(0.,0.0360827508620312,0.0939236035728035),(0.,0.1),
 .UNSPECIFIED.);
#5859=B_SPLINE_SURFACE_WITH_KNOTS('',3,1,((#11244,#11245),(#11246,#11247),
(#11248,#11249),(#11250,#11251),(#11252,#11253)),.UNSPECIFIED.,.F.,.F.,
 .F.,(4,1,4),(2,2),(0.,0.0407576040903651,0.0792730491008415),(0.,0.1),
 .UNSPECIFIED.);
#5860=B_SPLINE_SURFACE_WITH_KNOTS('',3,1,((#11267,#11268),(#11269,#11270),
(#11271,#11272),(#11273,#11274),(#11275,#11276)),.UNSPECIFIED.,.F.,.F.,
 .F.,(4,1,4),(2,2),(0.,0.0513606810637629,0.105981169492393),(0.,0.1),
 .UNSPECIFIED.);
#5861=B_SPLINE_SURFACE_WITH_KNOTS('',3,1,((#11290,#11291),(#11292,#11293),
(#11294,#11295),(#11296,#11297),(#11298,#11299)),.UNSPECIFIED.,.F.,.F.,
 .F.,(4,1,4),(2,2),(0.,0.0405854276022689,0.0835085359889364),(0.,0.1),
 .UNSPECIFIED.);
#5862=B_SPLINE_SURFACE_WITH_KNOTS('',3,1,((#11313,#11314),(#11315,#11316),
(#11317,#11318),(#11319,#11320),(#11321,#11322)),.UNSPECIFIED.,.F.,.F.,
 .F.,(4,1,4),(2,2),(0.,0.0382600738932896,0.0774333781687879),(0.,0.1),
 .UNSPECIFIED.);
#5863=B_SPLINE_SURFACE_WITH_KNOTS('',3,1,((#11336,#11337),(#11338,#11339),
(#11340,#11341),(#11342,#11343),(#11344,#11345)),.UNSPECIFIED.,.F.,.F.,
 .F.,(4,1,4),(2,2),(0.,0.0412653070542756,0.0797716321040753),(0.,0.1),
 .UNSPECIFIED.);
#5864=B_SPLINE_SURFACE_WITH_KNOTS('',3,1,((#11359,#11360),(#11361,#11362),
(#11363,#11364),(#11365,#11366),(#11367,#11368)),.UNSPECIFIED.,.F.,.F.,
 .F.,(4,1,4),(2,2),(0.,0.0681213520254483,0.109904781870842),(0.,0.1),
 .UNSPECIFIED.);
#5865=B_SPLINE_SURFACE_WITH_KNOTS('',3,1,((#11382,#11383),(#11384,#11385),
(#11386,#11387),(#11388,#11389),(#11390,#11391)),.UNSPECIFIED.,.F.,.F.,
 .F.,(4,1,4),(2,2),(0.,0.0494491088299169,0.120311958020153),(0.,0.1),
 .UNSPECIFIED.);
#5866=B_SPLINE_SURFACE_WITH_KNOTS('',3,1,((#11408,#11409),(#11410,#11411),
(#11412,#11413),(#11414,#11415),(#11416,#11417)),.UNSPECIFIED.,.F.,.F.,
 .F.,(4,1,4),(2,2),(0.,0.0458092950606258,0.0832617004065597),(0.,0.1),
 .UNSPECIFIED.);
#5867=B_SPLINE_SURFACE_WITH_KNOTS('',3,1,((#11427,#11428),(#11429,#11430),
(#11431,#11432),(#11433,#11434),(#11435,#11436)),.UNSPECIFIED.,.F.,.F.,
 .F.,(4,1,4),(2,2),(0.,0.0431662977050801,0.107045978189985),(0.,0.1),
 .UNSPECIFIED.);
#5868=B_SPLINE_SURFACE_WITH_KNOTS('',3,1,((#11444,#11445),(#11446,#11447),
(#11448,#11449),(#11450,#11451),(#11452,#11453)),.UNSPECIFIED.,.F.,.F.,
 .F.,(4,1,4),(2,2),(0.,0.0478117434242626,0.085344559868693),(0.,0.1),
 .UNSPECIFIED.);
#5869=B_SPLINE_SURFACE_WITH_KNOTS('',3,1,((#11465,#11466),(#11467,#11468),
(#11469,#11470),(#11471,#11472),(#11473,#11474)),.UNSPECIFIED.,.F.,.F.,
 .F.,(4,1,4),(2,2),(0.,0.116329697385476,0.192271839605608),(0.,0.1),
 .UNSPECIFIED.);
#5870=B_SPLINE_SURFACE_WITH_KNOTS('',3,1,((#11482,#11483),(#11484,#11485),
(#11486,#11487),(#11488,#11489),(#11490,#11491)),.UNSPECIFIED.,.F.,.F.,
 .F.,(4,1,4),(2,2),(0.,0.0688498007110892,0.159168026435794),(0.,0.1),
 .UNSPECIFIED.);
#5871=B_SPLINE_SURFACE_WITH_KNOTS('',3,1,((#11499,#11500),(#11501,#11502),
(#11503,#11504),(#11505,#11506),(#11507,#11508)),.UNSPECIFIED.,.F.,.F.,
 .F.,(4,1,4),(2,2),(0.,0.0551647573321756,0.111566444033819),(0.,0.1),
 .UNSPECIFIED.);
#5872=B_SPLINE_SURFACE_WITH_KNOTS('',3,1,((#11516,#11517),(#11518,#11519),
(#11520,#11521),(#11522,#11523),(#11524,#11525)),.UNSPECIFIED.,.F.,.F.,
 .F.,(4,1,4),(2,2),(0.,0.0585273047307465,0.114451348256671),(0.,0.1),
 .UNSPECIFIED.);
#5873=B_SPLINE_SURFACE_WITH_KNOTS('',3,1,((#11533,#11534),(#11535,#11536),
(#11537,#11538),(#11539,#11540),(#11541,#11542)),.UNSPECIFIED.,.F.,.F.,
 .F.,(4,1,4),(2,2),(0.,0.0840260801631591,0.170299013240707),(0.,0.1),
 .UNSPECIFIED.);
#5874=B_SPLINE_SURFACE_WITH_KNOTS('',3,1,((#11550,#11551),(#11552,#11553),
(#11554,#11555),(#11556,#11557),(#11558,#11559)),.UNSPECIFIED.,.F.,.F.,
 .F.,(4,1,4),(2,2),(0.,0.101162082712842,0.190026302949193),(0.,0.1),
 .UNSPECIFIED.);
#5875=B_SPLINE_SURFACE_WITH_KNOTS('',3,1,((#11567,#11568),(#11569,#11570),
(#11571,#11572),(#11573,#11574),(#11575,#11576)),.UNSPECIFIED.,.F.,.F.,
 .F.,(4,1,4),(2,2),(0.,0.0605198342625449,0.122370563054183),(0.,0.1),
 .UNSPECIFIED.);
#5876=B_SPLINE_SURFACE_WITH_KNOTS('',3,1,((#11584,#11585),(#11586,#11587),
(#11588,#11589),(#11590,#11591),(#11592,#11593)),.UNSPECIFIED.,.F.,.F.,
 .F.,(4,1,4),(2,2),(0.,0.0657885725198266,0.127686850884288),(0.,0.1),
 .UNSPECIFIED.);
#5877=B_SPLINE_SURFACE_WITH_KNOTS('',3,1,((#11601,#11602),(#11603,#11604),
(#11605,#11606),(#11607,#11608),(#11609,#11610)),.UNSPECIFIED.,.F.,.F.,
 .F.,(4,1,4),(2,2),(0.,0.014733907235012,0.0235241756632746),(0.,0.1),
 .UNSPECIFIED.);
#5878=B_SPLINE_SURFACE_WITH_KNOTS('',3,1,((#11618,#11619),(#11620,#11621),
(#11622,#11623),(#11624,#11625),(#11626,#11627)),.UNSPECIFIED.,.F.,.F.,
 .F.,(4,1,4),(2,2),(0.,0.0251336575402673,0.0595500272290116),(0.,0.1),
 .UNSPECIFIED.);
#5879=B_SPLINE_SURFACE_WITH_KNOTS('',3,1,((#11639,#11640),(#11641,#11642),
(#11643,#11644),(#11645,#11646),(#11647,#11648)),.UNSPECIFIED.,.F.,.F.,
 .F.,(4,1,4),(2,2),(0.,0.0488050341775474,0.103330074952839),(0.,0.1),
 .UNSPECIFIED.);
#5880=B_SPLINE_SURFACE_WITH_KNOTS('',3,1,((#11656,#11657),(#11658,#11659),
(#11660,#11661),(#11662,#11663),(#11664,#11665)),.UNSPECIFIED.,.F.,.F.,
 .F.,(4,1,4),(2,2),(0.,0.082995772900768,0.14130192493708),(0.,0.1),
 .UNSPECIFIED.);
#5881=B_SPLINE_SURFACE_WITH_KNOTS('',3,1,((#11677,#11678),(#11679,#11680),
(#11681,#11682),(#11683,#11684),(#11685,#11686)),.UNSPECIFIED.,.F.,.F.,
 .F.,(4,1,4),(2,2),(0.,0.0689736310111623,0.174471151582049),(0.,0.1),
 .UNSPECIFIED.);
#5882=B_SPLINE_SURFACE_WITH_KNOTS('',3,1,((#11694,#11695),(#11696,#11697),
(#11698,#11699),(#11700,#11701),(#11702,#11703)),.UNSPECIFIED.,.F.,.F.,
 .F.,(4,1,4),(2,2),(0.,0.0635984516159272,0.118678128195976),(0.,0.1),
 .UNSPECIFIED.);
#5883=B_SPLINE_SURFACE_WITH_KNOTS('',3,1,((#11711,#11712),(#11713,#11714),
(#11715,#11716),(#11717,#11718),(#11719,#11720)),.UNSPECIFIED.,.F.,.F.,
 .F.,(4,1,4),(2,2),(0.,0.112125954172296,0.194462741105789),(0.,0.1),
 .UNSPECIFIED.);
#5884=B_SPLINE_SURFACE_WITH_KNOTS('',3,1,((#11728,#11729),(#11730,#11731),
(#11732,#11733),(#11734,#11735),(#11736,#11737)),.UNSPECIFIED.,.F.,.F.,
 .F.,(4,1,4),(2,2),(0.,0.0967337284241452,0.221181678594545),(0.,0.1),
 .UNSPECIFIED.);
#5885=B_SPLINE_SURFACE_WITH_KNOTS('',3,1,((#11745,#11746),(#11747,#11748),
(#11749,#11750),(#11751,#11752),(#11753,#11754)),.UNSPECIFIED.,.F.,.F.,
 .F.,(4,1,4),(2,2),(0.,0.099736099770463,0.188271598486079),(0.,0.1),
 .UNSPECIFIED.);
#5886=B_SPLINE_SURFACE_WITH_KNOTS('',3,1,((#11766,#11767),(#11768,#11769),
(#11770,#11771),(#11772,#11773),(#11774,#11775)),.UNSPECIFIED.,.F.,.F.,
 .F.,(4,1,4),(2,2),(0.,0.03794474342044,0.0854654138764732),(0.,0.1),
 .UNSPECIFIED.);
#5887=B_SPLINE_SURFACE_WITH_KNOTS('',3,1,((#11835,#11836),(#11837,#11838),
(#11839,#11840),(#11841,#11842),(#11843,#11844)),.UNSPECIFIED.,.F.,.F.,
 .F.,(4,1,4),(2,2),(0.,0.0705353289997839,0.142022519018187),(0.,0.1),
 .UNSPECIFIED.);
#5888=B_SPLINE_SURFACE_WITH_KNOTS('',3,1,((#11861,#11862),(#11863,#11864),
(#11865,#11866),(#11867,#11868),(#11869,#11870)),.UNSPECIFIED.,.F.,.F.,
 .F.,(4,1,4),(2,2),(0.,0.0712829764522741,0.141734861250323),(0.,0.1),
 .UNSPECIFIED.);
#5889=B_SPLINE_SURFACE_WITH_KNOTS('',3,1,((#11884,#11885),(#11886,#11887),
(#11888,#11889),(#11890,#11891),(#11892,#11893)),.UNSPECIFIED.,.F.,.F.,
 .F.,(4,1,4),(2,2),(0.,0.094987194638809,0.174319587031724),(0.,0.1),
 .UNSPECIFIED.);
#5890=B_SPLINE_SURFACE_WITH_KNOTS('',3,1,((#11907,#11908),(#11909,#11910),
(#11911,#11912),(#11913,#11914),(#11915,#11916)),.UNSPECIFIED.,.F.,.F.,
 .F.,(4,1,4),(2,2),(0.,0.0799313536736916,0.176946894635239),(0.,0.1),
 .UNSPECIFIED.);
#5891=B_SPLINE_SURFACE_WITH_KNOTS('',3,1,((#11930,#11931),(#11932,#11933),
(#11934,#11935),(#11936,#11937),(#11938,#11939)),.UNSPECIFIED.,.F.,.F.,
 .F.,(4,1,4),(2,2),(0.,0.0704519893980316,0.141734906673728),(0.,0.1),
 .UNSPECIFIED.);
#5892=B_SPLINE_SURFACE_WITH_KNOTS('',3,1,((#11953,#11954),(#11955,#11956),
(#11957,#11958),(#11959,#11960),(#11961,#11962)),.UNSPECIFIED.,.F.,.F.,
 .F.,(4,1,4),(2,2),(0.,0.0714870947534649,0.142022540478354),(0.,0.1),
 .UNSPECIFIED.);
#5893=B_SPLINE_SURFACE_WITH_KNOTS('',3,1,((#11976,#11977),(#11978,#11979),
(#11980,#11981),(#11982,#11983),(#11984,#11985)),.UNSPECIFIED.,.F.,.F.,
 .F.,(4,1,4),(2,2),(0.,0.0960126051268544,0.175767096936914),(0.,0.1),
 .UNSPECIFIED.);
#5894=B_SPLINE_SURFACE_WITH_KNOTS('',3,1,((#11999,#12000),(#12001,#12002),
(#12003,#12004),(#12005,#12006),(#12007,#12008)),.UNSPECIFIED.,.F.,.F.,
 .F.,(4,1,4),(2,2),(0.,0.079754549161373,0.175767079334837),(0.,0.1),
 .UNSPECIFIED.);
#5895=B_SPLINE_SURFACE_WITH_KNOTS('',3,1,((#12019,#12020),(#12021,#12022),
(#12023,#12024),(#12025,#12026),(#12027,#12028)),.UNSPECIFIED.,.F.,.F.,
 .F.,(4,1,4),(2,2),(0.,0.0970045643665772,0.192929793986428),(0.,0.1),
 .UNSPECIFIED.);
#5896=B_SPLINE_SURFACE_WITH_KNOTS('',3,1,((#12038,#12039),(#12040,#12041),
(#12042,#12043),(#12044,#12045),(#12046,#12047)),.UNSPECIFIED.,.F.,.F.,
 .F.,(4,1,4),(2,2),(0.,0.0979374884526222,0.196580410555704),(0.,0.1),
 .UNSPECIFIED.);
#5897=B_SPLINE_SURFACE_WITH_KNOTS('',3,1,((#12055,#12056),(#12057,#12058),
(#12059,#12060),(#12061,#12062),(#12063,#12064)),.UNSPECIFIED.,.F.,.F.,
 .F.,(4,1,4),(2,2),(0.,0.144661584864833,0.294376200898821),(0.,0.1),
 .UNSPECIFIED.);
#5898=B_SPLINE_SURFACE_WITH_KNOTS('',3,1,((#12072,#12073),(#12074,#12075),
(#12076,#12077),(#12078,#12079),(#12080,#12081)),.UNSPECIFIED.,.F.,.F.,
 .F.,(4,1,4),(2,2),(0.,0.152645104451217,0.298446965110224),(0.,0.1),
 .UNSPECIFIED.);
#5899=B_SPLINE_SURFACE_WITH_KNOTS('',3,1,((#12089,#12090),(#12091,#12092),
(#12093,#12094),(#12095,#12096),(#12097,#12098)),.UNSPECIFIED.,.F.,.F.,
 .F.,(4,1,4),(2,2),(0.,0.144239879905604,0.295496937983504),(0.,0.1),
 .UNSPECIFIED.);
#5900=B_SPLINE_SURFACE_WITH_KNOTS('',3,1,((#12106,#12107),(#12108,#12109),
(#12110,#12111),(#12112,#12113),(#12114,#12115)),.UNSPECIFIED.,.F.,.F.,
 .F.,(4,1,4),(2,2),(0.,0.151919227821049,0.296080751151584),(0.,0.1),
 .UNSPECIFIED.);
#5901=B_SPLINE_SURFACE_WITH_KNOTS('',3,1,((#12123,#12124),(#12125,#12126),
(#12127,#12128),(#12129,#12130),(#12131,#12132)),.UNSPECIFIED.,.F.,.F.,
 .F.,(4,1,4),(2,2),(0.,0.0979051730257766,0.199966919902395),(0.,0.1),
 .UNSPECIFIED.);
#5902=B_SPLINE_SURFACE_WITH_KNOTS('',3,1,((#12140,#12141),(#12142,#12143),
(#12144,#12145),(#12146,#12147),(#12148,#12149)),.UNSPECIFIED.,.F.,.F.,
 .F.,(4,1,4),(2,2),(0.,0.0971683479807447,0.192939487994259),(0.,0.1),
 .UNSPECIFIED.);
#5903=B_SPLINE_SURFACE_WITH_KNOTS('',3,1,((#12157,#12158),(#12159,#12160),
(#12161,#12162),(#12163,#12164),(#12165,#12166)),.UNSPECIFIED.,.F.,.F.,
 .F.,(4,1,4),(2,2),(0.,0.0946970296194504,0.192204726035795),(0.,0.1),
 .UNSPECIFIED.);
#5904=B_SPLINE_SURFACE_WITH_KNOTS('',3,1,((#12174,#12175),(#12176,#12177),
(#12178,#12179),(#12180,#12181),(#12182,#12183)),.UNSPECIFIED.,.F.,.F.,
 .F.,(4,1,4),(2,2),(0.,0.102693637833833,0.218657066730169),(0.,0.1),
 .UNSPECIFIED.);
#5905=ADVANCED_FACE('',(#229),#5723,.F.);
#5906=ADVANCED_FACE('',(#230),#5724,.F.);
#5907=ADVANCED_FACE('',(#231),#5725,.F.);
#5908=ADVANCED_FACE('',(#232),#5726,.F.);
#5909=ADVANCED_FACE('',(#233),#89,.F.);
#5910=ADVANCED_FACE('',(#234),#5727,.F.);
#5911=ADVANCED_FACE('',(#235),#5728,.F.);
#5912=ADVANCED_FACE('',(#236),#5729,.F.);
#5913=ADVANCED_FACE('',(#237),#90,.F.);
#5914=ADVANCED_FACE('',(#238),#5730,.F.);
#5915=ADVANCED_FACE('',(#239),#5731,.F.);
#5916=ADVANCED_FACE('',(#240),#5732,.F.);
#5917=ADVANCED_FACE('',(#241),#5733,.F.);
#5918=ADVANCED_FACE('',(#242),#5734,.F.);
#5919=ADVANCED_FACE('',(#243),#5735,.F.);
#5920=ADVANCED_FACE('',(#244),#5736,.F.);
#5921=ADVANCED_FACE('',(#245),#5737,.F.);
#5922=ADVANCED_FACE('',(#246),#91,.F.);
#5923=ADVANCED_FACE('',(#247),#5738,.F.);
#5924=ADVANCED_FACE('',(#248,#53),#92,.T.);
#5925=ADVANCED_FACE('',(#249),#5739,.F.);
#5926=ADVANCED_FACE('',(#250),#5740,.F.);
#5927=ADVANCED_FACE('',(#251),#5741,.F.);
#5928=ADVANCED_FACE('',(#252),#5742,.F.);
#5929=ADVANCED_FACE('',(#253),#5743,.F.);
#5930=ADVANCED_FACE('',(#254),#5744,.F.);
#5931=ADVANCED_FACE('',(#255),#5745,.F.);
#5932=ADVANCED_FACE('',(#256),#5746,.F.);
#5933=ADVANCED_FACE('',(#257),#93,.F.);
#5934=ADVANCED_FACE('',(#258),#94,.F.);
#5935=ADVANCED_FACE('',(#259),#5747,.F.);
#5936=ADVANCED_FACE('',(#260),#5748,.F.);
#5937=ADVANCED_FACE('',(#261),#5749,.F.);
#5938=ADVANCED_FACE('',(#262),#5750,.F.);
#5939=ADVANCED_FACE('',(#263),#5751,.F.);
#5940=ADVANCED_FACE('',(#264),#5752,.F.);
#5941=ADVANCED_FACE('',(#265),#5753,.F.);
#5942=ADVANCED_FACE('',(#266),#95,.F.);
#5943=ADVANCED_FACE('',(#267),#96,.F.);
#5944=ADVANCED_FACE('',(#268),#97,.F.);
#5945=ADVANCED_FACE('',(#269,#54),#98,.T.);
#5946=ADVANCED_FACE('',(#270),#5754,.F.);
#5947=ADVANCED_FACE('',(#271),#5755,.F.);
#5948=ADVANCED_FACE('',(#272),#5756,.F.);
#5949=ADVANCED_FACE('',(#273),#5757,.F.);
#5950=ADVANCED_FACE('',(#274),#5758,.F.);
#5951=ADVANCED_FACE('',(#275),#5759,.F.);
#5952=ADVANCED_FACE('',(#276),#99,.F.);
#5953=ADVANCED_FACE('',(#277),#100,.F.);
#5954=ADVANCED_FACE('',(#278),#101,.F.);
#5955=ADVANCED_FACE('',(#279),#102,.F.);
#5956=ADVANCED_FACE('',(#280),#103,.F.);
#5957=ADVANCED_FACE('',(#281),#5760,.F.);
#5958=ADVANCED_FACE('',(#282),#5761,.F.);
#5959=ADVANCED_FACE('',(#283),#5762,.F.);
#5960=ADVANCED_FACE('',(#284),#5763,.F.);
#5961=ADVANCED_FACE('',(#285),#5764,.F.);
#5962=ADVANCED_FACE('',(#286),#5765,.F.);
#5963=ADVANCED_FACE('',(#287),#5766,.F.);
#5964=ADVANCED_FACE('',(#288),#104,.F.);
#5965=ADVANCED_FACE('',(#289),#105,.F.);
#5966=ADVANCED_FACE('',(#290),#106,.F.);
#5967=ADVANCED_FACE('',(#291,#55),#107,.T.);
#5968=ADVANCED_FACE('',(#292),#5767,.F.);
#5969=ADVANCED_FACE('',(#293),#5768,.F.);
#5970=ADVANCED_FACE('',(#294),#5769,.F.);
#5971=ADVANCED_FACE('',(#295),#5770,.F.);
#5972=ADVANCED_FACE('',(#296),#5771,.F.);
#5973=ADVANCED_FACE('',(#297),#5772,.F.);
#5974=ADVANCED_FACE('',(#298),#5773,.F.);
#5975=ADVANCED_FACE('',(#299),#5774,.F.);
#5976=ADVANCED_FACE('',(#300),#108,.F.);
#5977=ADVANCED_FACE('',(#301),#5775,.F.);
#5978=ADVANCED_FACE('',(#302),#5776,.F.);
#5979=ADVANCED_FACE('',(#303),#5777,.F.);
#5980=ADVANCED_FACE('',(#304),#109,.F.);
#5981=ADVANCED_FACE('',(#305),#5778,.F.);
#5982=ADVANCED_FACE('',(#306),#5779,.F.);
#5983=ADVANCED_FACE('',(#307),#5780,.F.);
#5984=ADVANCED_FACE('',(#308),#5781,.F.);
#5985=ADVANCED_FACE('',(#309),#5782,.F.);
#5986=ADVANCED_FACE('',(#310),#5783,.F.);
#5987=ADVANCED_FACE('',(#311),#5784,.F.);
#5988=ADVANCED_FACE('',(#312),#5785,.F.);
#5989=ADVANCED_FACE('',(#313),#5786,.F.);
#5990=ADVANCED_FACE('',(#314),#5787,.F.);
#5991=ADVANCED_FACE('',(#315),#110,.F.);
#5992=ADVANCED_FACE('',(#316),#5788,.F.);
#5993=ADVANCED_FACE('',(#317),#5789,.F.);
#5994=ADVANCED_FACE('',(#318),#111,.F.);
#5995=ADVANCED_FACE('',(#319),#5790,.F.);
#5996=ADVANCED_FACE('',(#320),#5791,.F.);
#5997=ADVANCED_FACE('',(#321),#5792,.F.);
#5998=ADVANCED_FACE('',(#322),#5793,.F.);
#5999=ADVANCED_FACE('',(#323),#5794,.F.);
#6000=ADVANCED_FACE('',(#324),#112,.F.);
#6001=ADVANCED_FACE('',(#325),#5795,.F.);
#6002=ADVANCED_FACE('',(#326,#56),#113,.T.);
#6003=ADVANCED_FACE('',(#327),#114,.F.);
#6004=ADVANCED_FACE('',(#328),#115,.F.);
#6005=ADVANCED_FACE('',(#329),#116,.F.);
#6006=ADVANCED_FACE('',(#330),#117,.F.);
#6007=ADVANCED_FACE('',(#331),#118,.F.);
#6008=ADVANCED_FACE('',(#332),#119,.F.);
#6009=ADVANCED_FACE('',(#333),#120,.F.);
#6010=ADVANCED_FACE('',(#334),#121,.F.);
#6011=ADVANCED_FACE('',(#335),#122,.F.);
#6012=ADVANCED_FACE('',(#336),#123,.F.);
#6013=ADVANCED_FACE('',(#337),#124,.F.);
#6014=ADVANCED_FACE('',(#338),#125,.F.);
#6015=ADVANCED_FACE('',(#339),#126,.F.);
#6016=ADVANCED_FACE('',(#340),#127,.F.);
#6017=ADVANCED_FACE('',(#341),#5796,.F.);
#6018=ADVANCED_FACE('',(#342),#5797,.F.);
#6019=ADVANCED_FACE('',(#343),#5798,.F.);
#6020=ADVANCED_FACE('',(#344),#5799,.F.);
#6021=ADVANCED_FACE('',(#345),#5800,.F.);
#6022=ADVANCED_FACE('',(#346),#5801,.F.);
#6023=ADVANCED_FACE('',(#347),#5802,.F.);
#6024=ADVANCED_FACE('',(#348),#5803,.F.);
#6025=ADVANCED_FACE('',(#349),#5804,.F.);
#6026=ADVANCED_FACE('',(#350),#5805,.F.);
#6027=ADVANCED_FACE('',(#351),#5806,.F.);
#6028=ADVANCED_FACE('',(#352),#5807,.F.);
#6029=ADVANCED_FACE('',(#353),#5808,.F.);
#6030=ADVANCED_FACE('',(#354),#5809,.F.);
#6031=ADVANCED_FACE('',(#355),#5810,.F.);
#6032=ADVANCED_FACE('',(#356),#5811,.F.);
#6033=ADVANCED_FACE('',(#357),#5812,.F.);
#6034=ADVANCED_FACE('',(#358),#5813,.F.);
#6035=ADVANCED_FACE('',(#359,#57),#128,.T.);
#6036=ADVANCED_FACE('',(#360),#129,.F.);
#6037=ADVANCED_FACE('',(#361),#130,.F.);
#6038=ADVANCED_FACE('',(#362),#131,.F.);
#6039=ADVANCED_FACE('',(#363),#132,.F.);
#6040=ADVANCED_FACE('',(#364),#133,.F.);
#6041=ADVANCED_FACE('',(#365),#134,.F.);
#6042=ADVANCED_FACE('',(#366),#135,.F.);
#6043=ADVANCED_FACE('',(#367),#136,.F.);
#6044=ADVANCED_FACE('',(#368),#137,.F.);
#6045=ADVANCED_FACE('',(#369),#138,.F.);
#6046=ADVANCED_FACE('',(#370),#139,.F.);
#6047=ADVANCED_FACE('',(#371,#58,#59,#60,#61,#62,#63,#64,#65,#66,#67,#68),
#140,.F.);
#6048=ADVANCED_FACE('',(#372),#141,.F.);
#6049=ADVANCED_FACE('',(#373),#142,.F.);
#6050=ADVANCED_FACE('',(#374),#143,.F.);
#6051=ADVANCED_FACE('',(#375),#144,.F.);
#6052=ADVANCED_FACE('',(#376),#17,.T.);
#6053=ADVANCED_FACE('',(#377,#69,#70,#71,#72),#145,.T.);
#6054=ADVANCED_FACE('',(#378),#146,.T.);
#6055=ADVANCED_FACE('',(#379),#18,.T.);
#6056=ADVANCED_FACE('',(#380),#19,.T.);
#6057=ADVANCED_FACE('',(#381),#147,.T.);
#6058=ADVANCED_FACE('',(#382),#20,.T.);
#6059=ADVANCED_FACE('',(#383),#148,.F.);
#6060=ADVANCED_FACE('',(#384),#149,.F.);
#6061=ADVANCED_FACE('',(#385),#150,.F.);
#6062=ADVANCED_FACE('',(#386),#151,.T.);
#6063=ADVANCED_FACE('',(#387),#152,.T.);
#6064=ADVANCED_FACE('',(#388),#21,.F.);
#6065=ADVANCED_FACE('',(#389),#22,.F.);
#6066=ADVANCED_FACE('',(#390),#23,.F.);
#6067=ADVANCED_FACE('',(#391),#153,.T.);
#6068=ADVANCED_FACE('',(#392),#154,.T.);
#6069=ADVANCED_FACE('',(#393),#24,.F.);
#6070=ADVANCED_FACE('',(#394),#155,.T.);
#6071=ADVANCED_FACE('',(#395),#156,.T.);
#6072=ADVANCED_FACE('',(#396),#157,.T.);
#6073=ADVANCED_FACE('',(#397),#158,.F.);
#6074=ADVANCED_FACE('',(#398),#25,.T.);
#6075=ADVANCED_FACE('',(#399,#73,#74,#75,#76,#77,#78,#79,#80,#81),#159,
 .T.);
#6076=ADVANCED_FACE('',(#400),#160,.T.);
#6077=ADVANCED_FACE('',(#401),#26,.T.);
#6078=ADVANCED_FACE('',(#402),#27,.T.);
#6079=ADVANCED_FACE('',(#403),#161,.T.);
#6080=ADVANCED_FACE('',(#404),#28,.T.);
#6081=ADVANCED_FACE('',(#405),#5814,.F.);
#6082=ADVANCED_FACE('',(#406),#5815,.F.);
#6083=ADVANCED_FACE('',(#407),#5816,.F.);
#6084=ADVANCED_FACE('',(#408),#5817,.F.);
#6085=ADVANCED_FACE('',(#409),#162,.F.);
#6086=ADVANCED_FACE('',(#410),#5818,.F.);
#6087=ADVANCED_FACE('',(#411),#5819,.F.);
#6088=ADVANCED_FACE('',(#412),#5820,.F.);
#6089=ADVANCED_FACE('',(#413),#163,.F.);
#6090=ADVANCED_FACE('',(#414),#5821,.F.);
#6091=ADVANCED_FACE('',(#415),#5822,.F.);
#6092=ADVANCED_FACE('',(#416),#5823,.F.);
#6093=ADVANCED_FACE('',(#417),#5824,.F.);
#6094=ADVANCED_FACE('',(#418),#5825,.F.);
#6095=ADVANCED_FACE('',(#419),#5826,.F.);
#6096=ADVANCED_FACE('',(#420),#5827,.F.);
#6097=ADVANCED_FACE('',(#421),#5828,.F.);
#6098=ADVANCED_FACE('',(#422),#164,.F.);
#6099=ADVANCED_FACE('',(#423),#5829,.F.);
#6100=ADVANCED_FACE('',(#424,#82),#165,.T.);
#6101=ADVANCED_FACE('',(#425),#5830,.F.);
#6102=ADVANCED_FACE('',(#426),#5831,.F.);
#6103=ADVANCED_FACE('',(#427),#5832,.F.);
#6104=ADVANCED_FACE('',(#428),#5833,.F.);
#6105=ADVANCED_FACE('',(#429),#5834,.F.);
#6106=ADVANCED_FACE('',(#430),#5835,.F.);
#6107=ADVANCED_FACE('',(#431),#5836,.F.);
#6108=ADVANCED_FACE('',(#432),#5837,.F.);
#6109=ADVANCED_FACE('',(#433),#166,.F.);
#6110=ADVANCED_FACE('',(#434),#167,.F.);
#6111=ADVANCED_FACE('',(#435),#5838,.F.);
#6112=ADVANCED_FACE('',(#436),#5839,.F.);
#6113=ADVANCED_FACE('',(#437),#5840,.F.);
#6114=ADVANCED_FACE('',(#438),#5841,.F.);
#6115=ADVANCED_FACE('',(#439),#5842,.F.);
#6116=ADVANCED_FACE('',(#440),#5843,.F.);
#6117=ADVANCED_FACE('',(#441),#5844,.F.);
#6118=ADVANCED_FACE('',(#442),#168,.F.);
#6119=ADVANCED_FACE('',(#443),#169,.F.);
#6120=ADVANCED_FACE('',(#444),#170,.F.);
#6121=ADVANCED_FACE('',(#445,#83),#171,.T.);
#6122=ADVANCED_FACE('',(#446),#5845,.F.);
#6123=ADVANCED_FACE('',(#447),#5846,.F.);
#6124=ADVANCED_FACE('',(#448),#5847,.F.);
#6125=ADVANCED_FACE('',(#449),#5848,.F.);
#6126=ADVANCED_FACE('',(#450),#5849,.F.);
#6127=ADVANCED_FACE('',(#451),#5850,.F.);
#6128=ADVANCED_FACE('',(#452),#172,.F.);
#6129=ADVANCED_FACE('',(#453),#173,.F.);
#6130=ADVANCED_FACE('',(#454),#174,.F.);
#6131=ADVANCED_FACE('',(#455),#175,.F.);
#6132=ADVANCED_FACE('',(#456),#176,.F.);
#6133=ADVANCED_FACE('',(#457),#5851,.F.);
#6134=ADVANCED_FACE('',(#458),#5852,.F.);
#6135=ADVANCED_FACE('',(#459),#5853,.F.);
#6136=ADVANCED_FACE('',(#460),#5854,.F.);
#6137=ADVANCED_FACE('',(#461),#5855,.F.);
#6138=ADVANCED_FACE('',(#462),#5856,.F.);
#6139=ADVANCED_FACE('',(#463),#5857,.F.);
#6140=ADVANCED_FACE('',(#464),#177,.F.);
#6141=ADVANCED_FACE('',(#465),#178,.F.);
#6142=ADVANCED_FACE('',(#466),#179,.F.);
#6143=ADVANCED_FACE('',(#467,#84),#180,.T.);
#6144=ADVANCED_FACE('',(#468),#5858,.F.);
#6145=ADVANCED_FACE('',(#469),#5859,.F.);
#6146=ADVANCED_FACE('',(#470),#5860,.F.);
#6147=ADVANCED_FACE('',(#471),#5861,.F.);
#6148=ADVANCED_FACE('',(#472),#5862,.F.);
#6149=ADVANCED_FACE('',(#473),#5863,.F.);
#6150=ADVANCED_FACE('',(#474),#5864,.F.);
#6151=ADVANCED_FACE('',(#475),#5865,.F.);
#6152=ADVANCED_FACE('',(#476),#181,.F.);
#6153=ADVANCED_FACE('',(#477),#5866,.F.);
#6154=ADVANCED_FACE('',(#478),#5867,.F.);
#6155=ADVANCED_FACE('',(#479),#5868,.F.);
#6156=ADVANCED_FACE('',(#480),#182,.F.);
#6157=ADVANCED_FACE('',(#481),#5869,.F.);
#6158=ADVANCED_FACE('',(#482),#5870,.F.);
#6159=ADVANCED_FACE('',(#483),#5871,.F.);
#6160=ADVANCED_FACE('',(#484),#5872,.F.);
#6161=ADVANCED_FACE('',(#485),#5873,.F.);
#6162=ADVANCED_FACE('',(#486),#5874,.F.);
#6163=ADVANCED_FACE('',(#487),#5875,.F.);
#6164=ADVANCED_FACE('',(#488),#5876,.F.);
#6165=ADVANCED_FACE('',(#489),#5877,.F.);
#6166=ADVANCED_FACE('',(#490),#5878,.F.);
#6167=ADVANCED_FACE('',(#491),#183,.F.);
#6168=ADVANCED_FACE('',(#492),#5879,.F.);
#6169=ADVANCED_FACE('',(#493),#5880,.F.);
#6170=ADVANCED_FACE('',(#494),#184,.F.);
#6171=ADVANCED_FACE('',(#495),#5881,.F.);
#6172=ADVANCED_FACE('',(#496),#5882,.F.);
#6173=ADVANCED_FACE('',(#497),#5883,.F.);
#6174=ADVANCED_FACE('',(#498),#5884,.F.);
#6175=ADVANCED_FACE('',(#499),#5885,.F.);
#6176=ADVANCED_FACE('',(#500),#185,.F.);
#6177=ADVANCED_FACE('',(#501),#5886,.F.);
#6178=ADVANCED_FACE('',(#502,#85),#186,.T.);
#6179=ADVANCED_FACE('',(#503),#187,.F.);
#6180=ADVANCED_FACE('',(#504),#188,.F.);
#6181=ADVANCED_FACE('',(#505),#189,.F.);
#6182=ADVANCED_FACE('',(#506),#190,.F.);
#6183=ADVANCED_FACE('',(#507),#191,.F.);
#6184=ADVANCED_FACE('',(#508),#192,.F.);
#6185=ADVANCED_FACE('',(#509),#193,.F.);
#6186=ADVANCED_FACE('',(#510),#194,.F.);
#6187=ADVANCED_FACE('',(#511),#195,.F.);
#6188=ADVANCED_FACE('',(#512),#196,.F.);
#6189=ADVANCED_FACE('',(#513),#197,.F.);
#6190=ADVANCED_FACE('',(#514),#198,.F.);
#6191=ADVANCED_FACE('',(#515),#199,.F.);
#6192=ADVANCED_FACE('',(#516),#200,.F.);
#6193=ADVANCED_FACE('',(#517),#5887,.F.);
#6194=ADVANCED_FACE('',(#518),#5888,.F.);
#6195=ADVANCED_FACE('',(#519),#5889,.F.);
#6196=ADVANCED_FACE('',(#520),#5890,.F.);
#6197=ADVANCED_FACE('',(#521),#5891,.F.);
#6198=ADVANCED_FACE('',(#522),#5892,.F.);
#6199=ADVANCED_FACE('',(#523),#5893,.F.);
#6200=ADVANCED_FACE('',(#524),#5894,.F.);
#6201=ADVANCED_FACE('',(#525),#5895,.F.);
#6202=ADVANCED_FACE('',(#526),#5896,.F.);
#6203=ADVANCED_FACE('',(#527),#5897,.F.);
#6204=ADVANCED_FACE('',(#528),#5898,.F.);
#6205=ADVANCED_FACE('',(#529),#5899,.F.);
#6206=ADVANCED_FACE('',(#530),#5900,.F.);
#6207=ADVANCED_FACE('',(#531),#5901,.F.);
#6208=ADVANCED_FACE('',(#532),#5902,.F.);
#6209=ADVANCED_FACE('',(#533),#5903,.F.);
#6210=ADVANCED_FACE('',(#534),#5904,.F.);
#6211=ADVANCED_FACE('',(#535,#86),#201,.T.);
#6212=ADVANCED_FACE('',(#536),#202,.F.);
#6213=ADVANCED_FACE('',(#537),#203,.F.);
#6214=ADVANCED_FACE('',(#538),#204,.F.);
#6215=ADVANCED_FACE('',(#539),#205,.F.);
#6216=ADVANCED_FACE('',(#540),#206,.F.);
#6217=ADVANCED_FACE('',(#541),#207,.F.);
#6218=ADVANCED_FACE('',(#542),#208,.F.);
#6219=ADVANCED_FACE('',(#543),#209,.F.);
#6220=ADVANCED_FACE('',(#544),#210,.F.);
#6221=ADVANCED_FACE('',(#545),#211,.F.);
#6222=ADVANCED_FACE('',(#546),#212,.F.);
#6223=ADVANCED_FACE('',(#547),#213,.T.);
#6224=ADVANCED_FACE('',(#548),#214,.T.);
#6225=ADVANCED_FACE('',(#549),#215,.T.);
#6226=ADVANCED_FACE('',(#550),#216,.T.);
#6227=ADVANCED_FACE('',(#551),#217,.T.);
#6228=ADVANCED_FACE('',(#552),#218,.T.);
#6229=ADVANCED_FACE('',(#553),#219,.T.);
#6230=ADVANCED_FACE('',(#554),#220,.T.);
#6231=ADVANCED_FACE('',(#555),#221,.T.);
#6232=ADVANCED_FACE('',(#556),#222,.T.);
#6233=ADVANCED_FACE('',(#557),#223,.T.);
#6234=ADVANCED_FACE('',(#558),#224,.T.);
#6235=ADVANCED_FACE('',(#559),#225,.T.);
#6236=ADVANCED_FACE('',(#560),#226,.T.);
#6237=ADVANCED_FACE('',(#561),#227,.T.);
#6238=ADVANCED_FACE('',(#562,#87,#88),#228,.F.);
#6239=CLOSED_SHELL('',(#5905,#5906,#5907,#5908,#5909,#5910,#5911,#5912,
#5913,#5914,#5915,#5916,#5917,#5918,#5919,#5920,#5921,#5922,#5923,#5924,
#5925,#5926,#5927,#5928,#5929,#5930,#5931,#5932,#5933,#5934,#5935,#5936,
#5937,#5938,#5939,#5940,#5941,#5942,#5943,#5944,#5945,#5946,#5947,#5948,
#5949,#5950,#5951,#5952,#5953,#5954,#5955,#5956,#5957,#5958,#5959,#5960,
#5961,#5962,#5963,#5964,#5965,#5966,#5967,#5968,#5969,#5970,#5971,#5972,
#5973,#5974,#5975,#5976,#5977,#5978,#5979,#5980,#5981,#5982,#5983,#5984,
#5985,#5986,#5987,#5988,#5989,#5990,#5991,#5992,#5993,#5994,#5995,#5996,
#5997,#5998,#5999,#6000,#6001,#6002,#6003,#6004,#6005,#6006,#6007,#6008,
#6009,#6010,#6011,#6012,#6013,#6014,#6015,#6016,#6017,#6018,#6019,#6020,
#6021,#6022,#6023,#6024,#6025,#6026,#6027,#6028,#6029,#6030,#6031,#6032,
#6033,#6034,#6035,#6036,#6037,#6038,#6039,#6040,#6041,#6042,#6043,#6044,
#6045,#6046,#6047,#6048,#6049,#6050,#6051,#6052,#6053,#6054,#6055,#6056,
#6057,#6058,#6059,#6060,#6061,#6062,#6063,#6064,#6065,#6066,#6067,#6068,
#6069,#6070,#6071,#6072,#6073));
#6240=CLOSED_SHELL('',(#6074,#6075,#6076,#6077,#6078,#6079,#6080,#6081,
#6082,#6083,#6084,#6085,#6086,#6087,#6088,#6089,#6090,#6091,#6092,#6093,
#6094,#6095,#6096,#6097,#6098,#6099,#6100,#6101,#6102,#6103,#6104,#6105,
#6106,#6107,#6108,#6109,#6110,#6111,#6112,#6113,#6114,#6115,#6116,#6117,
#6118,#6119,#6120,#6121,#6122,#6123,#6124,#6125,#6126,#6127,#6128,#6129,
#6130,#6131,#6132,#6133,#6134,#6135,#6136,#6137,#6138,#6139,#6140,#6141,
#6142,#6143,#6144,#6145,#6146,#6147,#6148,#6149,#6150,#6151,#6152,#6153,
#6154,#6155,#6156,#6157,#6158,#6159,#6160,#6161,#6162,#6163,#6164,#6165,
#6166,#6167,#6168,#6169,#6170,#6171,#6172,#6173,#6174,#6175,#6176,#6177,
#6178,#6179,#6180,#6181,#6182,#6183,#6184,#6185,#6186,#6187,#6188,#6189,
#6190,#6191,#6192,#6193,#6194,#6195,#6196,#6197,#6198,#6199,#6200,#6201,
#6202,#6203,#6204,#6205,#6206,#6207,#6208,#6209,#6210,#6211,#6212,#6213,
#6214,#6215,#6216,#6217,#6218,#6219,#6220,#6221,#6222,#6223,#6224,#6225,
#6226,#6227,#6228,#6229,#6230,#6231,#6232,#6233,#6234,#6235,#6236,#6237,
#6238));
#6241=DERIVED_UNIT_ELEMENT(#6243,1.);
#6242=DERIVED_UNIT_ELEMENT(#12278,-3.);
#6243=(
MASS_UNIT()
NAMED_UNIT(*)
SI_UNIT(.KILO.,.GRAM.)
);
#6244=DERIVED_UNIT((#6241,#6242));
#6245=MEASURE_REPRESENTATION_ITEM('density measure',
POSITIVE_RATIO_MEASURE(7850.),#6244);
#6246=PROPERTY_DEFINITION_REPRESENTATION(#6251,#6248);
#6247=PROPERTY_DEFINITION_REPRESENTATION(#6252,#6249);
#6248=REPRESENTATION('material name',(#6250),#12275);
#6249=REPRESENTATION('density',(#6245),#12275);
#6250=DESCRIPTIVE_REPRESENTATION_ITEM('Acero','Acero');
#6251=PROPERTY_DEFINITION('material property','material name',#12285);
#6252=PROPERTY_DEFINITION('material property','density of part',#12285);
#6253=AXIS2_PLACEMENT_3D('',#7314,#6430,#6431);
#6254=AXIS2_PLACEMENT_3D('',#7410,#6437,#6438);
#6255=AXIS2_PLACEMENT_3D('',#7485,#6445,#6446);
#6256=AXIS2_PLACEMENT_3D('',#7675,#6458,#6459);
#6257=AXIS2_PLACEMENT_3D('',#7701,#6463,#6464);
#6258=AXIS2_PLACEMENT_3D('',#7886,#6473,#6474);
#6259=AXIS2_PLACEMENT_3D('',#7895,#6479,#6480);
#6260=AXIS2_PLACEMENT_3D('',#8062,#6491,#6492);
#6261=AXIS2_PLACEMENT_3D('',#8068,#6496,#6497);
#6262=AXIS2_PLACEMENT_3D('',#8074,#6501,#6502);
#6263=AXIS2_PLACEMENT_3D('',#8077,#6505,#6506);
#6264=AXIS2_PLACEMENT_3D('',#8219,#6514,#6515);
#6265=AXIS2_PLACEMENT_3D('',#8225,#6519,#6520);
#6266=AXIS2_PLACEMENT_3D('',#8231,#6524,#6525);
#6267=AXIS2_PLACEMENT_3D('',#8234,#6528,#6529);
#6268=AXIS2_PLACEMENT_3D('',#8243,#6534,#6535);
#6269=AXIS2_PLACEMENT_3D('',#8410,#6546,#6547);
#6270=AXIS2_PLACEMENT_3D('',#8416,#6551,#6552);
#6271=AXIS2_PLACEMENT_3D('',#8422,#6556,#6557);
#6272=AXIS2_PLACEMENT_3D('',#8425,#6560,#6561);
#6273=AXIS2_PLACEMENT_3D('',#8613,#6571,#6572);
#6274=AXIS2_PLACEMENT_3D('',#8688,#6579,#6580);
#6275=AXIS2_PLACEMENT_3D('',#8924,#6594,#6595);
#6276=AXIS2_PLACEMENT_3D('',#8976,#6601,#6602);
#6277=AXIS2_PLACEMENT_3D('',#9097,#6611,#6612);
#6278=AXIS2_PLACEMENT_3D('',#9123,#6616,#6617);
#6279=AXIS2_PLACEMENT_3D('',#9124,#6618,#6619);
#6280=AXIS2_PLACEMENT_3D('',#9133,#6624,#6625);
#6281=AXIS2_PLACEMENT_3D('',#9139,#6629,#6630);
#6282=AXIS2_PLACEMENT_3D('',#9145,#6634,#6635);
#6283=AXIS2_PLACEMENT_3D('',#9151,#6639,#6640);
#6284=AXIS2_PLACEMENT_3D('',#9157,#6644,#6645);
#6285=AXIS2_PLACEMENT_3D('',#9163,#6649,#6650);
#6286=AXIS2_PLACEMENT_3D('',#9169,#6654,#6655);
#6287=AXIS2_PLACEMENT_3D('',#9175,#6659,#6660);
#6288=AXIS2_PLACEMENT_3D('',#9181,#6664,#6665);
#6289=AXIS2_PLACEMENT_3D('',#9187,#6669,#6670);
#6290=AXIS2_PLACEMENT_3D('',#9193,#6674,#6675);
#6291=AXIS2_PLACEMENT_3D('',#9199,#6679,#6680);
#6292=AXIS2_PLACEMENT_3D('',#9202,#6683,#6684);
#6293=AXIS2_PLACEMENT_3D('',#9617,#6703,#6704);
#6294=AXIS2_PLACEMENT_3D('',#9618,#6705,#6706);
#6295=AXIS2_PLACEMENT_3D('',#9627,#6711,#6712);
#6296=AXIS2_PLACEMENT_3D('',#9633,#6716,#6717);
#6297=AXIS2_PLACEMENT_3D('',#9639,#6721,#6722);
#6298=AXIS2_PLACEMENT_3D('',#9645,#6726,#6727);
#6299=AXIS2_PLACEMENT_3D('',#9651,#6731,#6732);
#6300=AXIS2_PLACEMENT_3D('',#9657,#6736,#6737);
#6301=AXIS2_PLACEMENT_3D('',#9663,#6741,#6742);
#6302=AXIS2_PLACEMENT_3D('',#9669,#6746,#6747);
#6303=AXIS2_PLACEMENT_3D('',#9675,#6751,#6752);
#6304=AXIS2_PLACEMENT_3D('',#9678,#6755,#6756);
#6305=AXIS2_PLACEMENT_3D('',#9679,#6757,#6758);
#6306=AXIS2_PLACEMENT_3D('',#9682,#6759,#6760);
#6307=AXIS2_PLACEMENT_3D('',#9686,#6762,#6763);
#6308=AXIS2_PLACEMENT_3D('',#9690,#6765,#6766);
#6309=AXIS2_PLACEMENT_3D('',#9694,#6768,#6769);
#6310=AXIS2_PLACEMENT_3D('',#9697,#6771,#6772);
#6311=AXIS2_PLACEMENT_3D('',#9699,#6773,#6774);
#6312=AXIS2_PLACEMENT_3D('',#9701,#6775,#6776);
#6313=AXIS2_PLACEMENT_3D('',#9703,#6777,#6778);
#6314=AXIS2_PLACEMENT_3D('',#9704,#6779,#6780);
#6315=AXIS2_PLACEMENT_3D('',#9705,#6781,#6782);
#6316=AXIS2_PLACEMENT_3D('',#9706,#6783,#6784);
#6317=AXIS2_PLACEMENT_3D('',#9707,#6785,#6786);
#6318=AXIS2_PLACEMENT_3D('',#9708,#6787,#6788);
#6319=AXIS2_PLACEMENT_3D('',#9711,#6789,#6790);
#6320=AXIS2_PLACEMENT_3D('',#9714,#6793,#6794);
#6321=AXIS2_PLACEMENT_3D('',#9718,#6796,#6797);
#6322=AXIS2_PLACEMENT_3D('',#9722,#6799,#6800);
#6323=AXIS2_PLACEMENT_3D('',#9726,#6802,#6803);
#6324=AXIS2_PLACEMENT_3D('',#9745,#6813,#6814);
#6325=AXIS2_PLACEMENT_3D('',#9747,#6815,#6816);
#6326=AXIS2_PLACEMENT_3D('',#9749,#6817,#6818);
#6327=AXIS2_PLACEMENT_3D('',#9751,#6819,#6820);
#6328=AXIS2_PLACEMENT_3D('',#9752,#6821,#6822);
#6329=AXIS2_PLACEMENT_3D('',#9754,#6824,#6825);
#6330=AXIS2_PLACEMENT_3D('',#9756,#6827,#6828);
#6331=AXIS2_PLACEMENT_3D('',#9759,#6831,#6832);
#6332=AXIS2_PLACEMENT_3D('',#9761,#6834,#6835);
#6333=AXIS2_PLACEMENT_3D('',#9763,#6837,#6838);
#6334=AXIS2_PLACEMENT_3D('',#9769,#6842,#6843);
#6335=AXIS2_PLACEMENT_3D('',#9775,#6847,#6848);
#6336=AXIS2_PLACEMENT_3D('',#9778,#6851,#6852);
#6337=AXIS2_PLACEMENT_3D('',#9784,#6856,#6857);
#6338=AXIS2_PLACEMENT_3D('',#9788,#6860,#6861);
#6339=AXIS2_PLACEMENT_3D('',#9790,#6863,#6864);
#6340=AXIS2_PLACEMENT_3D('',#9792,#6866,#6867);
#6341=AXIS2_PLACEMENT_3D('',#9794,#6869,#6870);
#6342=AXIS2_PLACEMENT_3D('',#9798,#6873,#6874);
#6343=AXIS2_PLACEMENT_3D('',#9800,#6876,#6877);
#6344=AXIS2_PLACEMENT_3D('',#9802,#6879,#6880);
#6345=AXIS2_PLACEMENT_3D('',#9803,#6881,#6882);
#6346=AXIS2_PLACEMENT_3D('',#9804,#6883,#6884);
#6347=AXIS2_PLACEMENT_3D('',#9805,#6885,#6886);
#6348=AXIS2_PLACEMENT_3D('',#9806,#6887,#6888);
#6349=AXIS2_PLACEMENT_3D('',#9809,#6889,#6890);
#6350=AXIS2_PLACEMENT_3D('',#9813,#6892,#6893);
#6351=AXIS2_PLACEMENT_3D('',#9815,#6895,#6896);
#6352=AXIS2_PLACEMENT_3D('',#9819,#6898,#6899);
#6353=AXIS2_PLACEMENT_3D('',#9823,#6901,#6902);
#6354=AXIS2_PLACEMENT_3D('',#9827,#6904,#6905);
#6355=AXIS2_PLACEMENT_3D('',#10265,#6954,#6955);
#6356=AXIS2_PLACEMENT_3D('',#10269,#6958,#6959);
#6357=AXIS2_PLACEMENT_3D('',#10271,#6960,#6961);
#6358=AXIS2_PLACEMENT_3D('',#10273,#6963,#6964);
#6359=AXIS2_PLACEMENT_3D('',#10277,#6966,#6967);
#6360=AXIS2_PLACEMENT_3D('',#10279,#6969,#6970);
#6361=AXIS2_PLACEMENT_3D('',#10283,#6973,#6974);
#6362=AXIS2_PLACEMENT_3D('',#10285,#6975,#6976);
#6363=AXIS2_PLACEMENT_3D('',#10382,#6983,#6984);
#6364=AXIS2_PLACEMENT_3D('',#10438,#6991,#6992);
#6365=AXIS2_PLACEMENT_3D('',#10578,#7003,#7004);
#6366=AXIS2_PLACEMENT_3D('',#10597,#7007,#7008);
#6367=AXIS2_PLACEMENT_3D('',#10782,#7017,#7018);
#6368=AXIS2_PLACEMENT_3D('',#10788,#7022,#7023);
#6369=AXIS2_PLACEMENT_3D('',#10911,#7033,#7034);
#6370=AXIS2_PLACEMENT_3D('',#10915,#7037,#7038);
#6371=AXIS2_PLACEMENT_3D('',#10919,#7041,#7042);
#6372=AXIS2_PLACEMENT_3D('',#10921,#7044,#7045);
#6373=AXIS2_PLACEMENT_3D('',#11063,#7053,#7054);
#6374=AXIS2_PLACEMENT_3D('',#11069,#7058,#7059);
#6375=AXIS2_PLACEMENT_3D('',#11075,#7063,#7064);
#6376=AXIS2_PLACEMENT_3D('',#11078,#7067,#7068);
#6377=AXIS2_PLACEMENT_3D('',#11084,#7072,#7073);
#6378=AXIS2_PLACEMENT_3D('',#11207,#7083,#7084);
#6379=AXIS2_PLACEMENT_3D('',#11211,#7087,#7088);
#6380=AXIS2_PLACEMENT_3D('',#11215,#7091,#7092);
#6381=AXIS2_PLACEMENT_3D('',#11217,#7094,#7095);
#6382=AXIS2_PLACEMENT_3D('',#11405,#7105,#7106);
#6383=AXIS2_PLACEMENT_3D('',#11461,#7113,#7114);
#6384=AXIS2_PLACEMENT_3D('',#11635,#7127,#7128);
#6385=AXIS2_PLACEMENT_3D('',#11673,#7133,#7134);
#6386=AXIS2_PLACEMENT_3D('',#11762,#7142,#7143);
#6387=AXIS2_PLACEMENT_3D('',#11781,#7146,#7147);
#6388=AXIS2_PLACEMENT_3D('',#11782,#7148,#7149);
#6389=AXIS2_PLACEMENT_3D('',#11788,#7153,#7154);
#6390=AXIS2_PLACEMENT_3D('',#11792,#7157,#7158);
#6391=AXIS2_PLACEMENT_3D('',#11796,#7161,#7162);
#6392=AXIS2_PLACEMENT_3D('',#11800,#7165,#7166);
#6393=AXIS2_PLACEMENT_3D('',#11804,#7169,#7170);
#6394=AXIS2_PLACEMENT_3D('',#11808,#7173,#7174);
#6395=AXIS2_PLACEMENT_3D('',#11812,#7177,#7178);
#6396=AXIS2_PLACEMENT_3D('',#11816,#7181,#7182);
#6397=AXIS2_PLACEMENT_3D('',#11820,#7185,#7186);
#6398=AXIS2_PLACEMENT_3D('',#11824,#7189,#7190);
#6399=AXIS2_PLACEMENT_3D('',#11828,#7193,#7194);
#6400=AXIS2_PLACEMENT_3D('',#11832,#7197,#7198);
#6401=AXIS2_PLACEMENT_3D('',#11834,#7200,#7201);
#6402=AXIS2_PLACEMENT_3D('',#12189,#7220,#7221);
#6403=AXIS2_PLACEMENT_3D('',#12190,#7222,#7223);
#6404=AXIS2_PLACEMENT_3D('',#12196,#7227,#7228);
#6405=AXIS2_PLACEMENT_3D('',#12200,#7231,#7232);
#6406=AXIS2_PLACEMENT_3D('',#12204,#7235,#7236);
#6407=AXIS2_PLACEMENT_3D('',#12208,#7239,#7240);
#6408=AXIS2_PLACEMENT_3D('',#12212,#7243,#7244);
#6409=AXIS2_PLACEMENT_3D('',#12216,#7247,#7248);
#6410=AXIS2_PLACEMENT_3D('',#12220,#7251,#7252);
#6411=AXIS2_PLACEMENT_3D('',#12224,#7255,#7256);
#6412=AXIS2_PLACEMENT_3D('',#12228,#7259,#7260);
#6413=AXIS2_PLACEMENT_3D('',#12230,#7262,#7263);
#6414=AXIS2_PLACEMENT_3D('',#12231,#7264,#7265);
#6415=AXIS2_PLACEMENT_3D('',#12232,#7266,#7267);
#6416=AXIS2_PLACEMENT_3D('',#12233,#7268,#7269);
#6417=AXIS2_PLACEMENT_3D('',#12234,#7270,#7271);
#6418=AXIS2_PLACEMENT_3D('',#12235,#7272,#7273);
#6419=AXIS2_PLACEMENT_3D('',#12241,#7277,#7278);
#6420=AXIS2_PLACEMENT_3D('',#12245,#7281,#7282);
#6421=AXIS2_PLACEMENT_3D('',#12249,#7285,#7286);
#6422=AXIS2_PLACEMENT_3D('',#12251,#7288,#7289);
#6423=AXIS2_PLACEMENT_3D('',#12257,#7293,#7294);
#6424=AXIS2_PLACEMENT_3D('',#12261,#7297,#7298);
#6425=AXIS2_PLACEMENT_3D('',#12265,#7301,#7302);
#6426=AXIS2_PLACEMENT_3D('',#12267,#7304,#7305);
#6427=AXIS2_PLACEMENT_3D('',#12269,#7307,#7308);
#6428=AXIS2_PLACEMENT_3D('',#12271,#7310,#7311);
#6429=AXIS2_PLACEMENT_3D('',#12272,#7312,#7313);
#6430=DIRECTION('axis',(0.,0.,1.));
#6431=DIRECTION('refdir',(1.,0.,0.));
#6432=DIRECTION('',(0.,0.,1.));
#6433=DIRECTION('',(0.,0.,1.));
#6434=DIRECTION('',(0.,0.,1.));
#6435=DIRECTION('',(0.,0.,1.));
#6436=DIRECTION('',(0.,0.,1.));
#6437=DIRECTION('center_axis',(-4.86419221531589E-16,1.,0.));
#6438=DIRECTION('ref_axis',(-1.,-4.86419221531589E-16,0.));
#6439=DIRECTION('',(-1.,-4.86419221531589E-16,0.));
#6440=DIRECTION('',(-1.,-4.86419221531589E-16,0.));
#6441=DIRECTION('',(0.,0.,1.));
#6442=DIRECTION('',(0.,0.,1.));
#6443=DIRECTION('',(0.,0.,1.));
#6444=DIRECTION('',(0.,0.,1.));
#6445=DIRECTION('center_axis',(5.00914493396459E-16,-1.,0.));
#6446=DIRECTION('ref_axis',(1.,5.00914493396459E-16,0.));
#6447=DIRECTION('',(1.,5.00914493396459E-16,0.));
#6448=DIRECTION('',(0.,0.,1.));
#6449=DIRECTION('',(1.,5.00914493396459E-16,0.));
#6450=DIRECTION('',(0.,0.,1.));
#6451=DIRECTION('',(0.,0.,1.));
#6452=DIRECTION('',(0.,0.,1.));
#6453=DIRECTION('',(0.,0.,1.));
#6454=DIRECTION('',(0.,0.,1.));
#6455=DIRECTION('',(0.,0.,1.));
#6456=DIRECTION('',(0.,0.,1.));
#6457=DIRECTION('',(0.,0.,1.));
#6458=DIRECTION('center_axis',(-0.165541043054591,0.986202901569651,0.));
#6459=DIRECTION('ref_axis',(-0.986202901569651,-0.165541043054591,0.));
#6460=DIRECTION('',(-0.986202901569651,-0.165541043054591,0.));
#6461=DIRECTION('',(0.,0.,1.));
#6462=DIRECTION('',(-0.986202901569651,-0.165541043054591,0.));
#6463=DIRECTION('center_axis',(0.,0.,-1.));
#6464=DIRECTION('ref_axis',(-1.,0.,0.));
#6465=DIRECTION('',(0.,0.,1.));
#6466=DIRECTION('',(0.,0.,1.));
#6467=DIRECTION('',(0.,0.,1.));
#6468=DIRECTION('',(0.,0.,1.));
#6469=DIRECTION('',(0.,0.,1.));
#6470=DIRECTION('',(0.,0.,1.));
#6471=DIRECTION('',(0.,0.,1.));
#6472=DIRECTION('',(0.,0.,1.));
#6473=DIRECTION('center_axis',(-3.86142242935538E-16,1.,0.));
#6474=DIRECTION('ref_axis',(-1.,-3.86142242935538E-16,0.));
#6475=DIRECTION('',(-1.,-3.86142242935538E-16,0.));
#6476=DIRECTION('',(0.,0.,1.));
#6477=DIRECTION('',(-1.,-3.86142242935538E-16,0.));
#6478=DIRECTION('',(0.,0.,1.));
#6479=DIRECTION('center_axis',(1.,0.,0.));
#6480=DIRECTION('ref_axis',(0.,1.,0.));
#6481=DIRECTION('',(0.,1.,0.));
#6482=DIRECTION('',(0.,0.,1.));
#6483=DIRECTION('',(0.,1.,0.));
#6484=DIRECTION('',(0.,0.,1.));
#6485=DIRECTION('',(0.,0.,1.));
#6486=DIRECTION('',(0.,0.,1.));
#6487=DIRECTION('',(0.,0.,1.));
#6488=DIRECTION('',(0.,0.,1.));
#6489=DIRECTION('',(0.,0.,1.));
#6490=DIRECTION('',(0.,0.,1.));
#6491=DIRECTION('center_axis',(1.,0.,0.));
#6492=DIRECTION('ref_axis',(0.,1.,0.));
#6493=DIRECTION('',(0.,1.,0.));
#6494=DIRECTION('',(0.,0.,1.));
#6495=DIRECTION('',(0.,1.,0.));
#6496=DIRECTION('center_axis',(4.15731887606231E-16,-1.,0.));
#6497=DIRECTION('ref_axis',(1.,4.15731887606231E-16,0.));
#6498=DIRECTION('',(1.,4.15731887606231E-16,0.));
#6499=DIRECTION('',(0.,0.,1.));
#6500=DIRECTION('',(1.,4.15731887606231E-16,0.));
#6501=DIRECTION('center_axis',(-1.,-5.92118899409368E-16,0.));
#6502=DIRECTION('ref_axis',(5.92118899409368E-16,-1.,0.));
#6503=DIRECTION('',(5.92118899409368E-16,-1.,0.));
#6504=DIRECTION('',(5.92118899409368E-16,-1.,0.));
#6505=DIRECTION('center_axis',(0.,0.,-1.));
#6506=DIRECTION('ref_axis',(-1.,0.,0.));
#6507=DIRECTION('',(0.,0.,1.));
#6508=DIRECTION('',(0.,0.,1.));
#6509=DIRECTION('',(0.,0.,1.));
#6510=DIRECTION('',(0.,0.,1.));
#6511=DIRECTION('',(0.,0.,1.));
#6512=DIRECTION('',(0.,0.,1.));
#6513=DIRECTION('',(0.,0.,1.));
#6514=DIRECTION('center_axis',(-5.02341601241599E-16,1.,0.));
#6515=DIRECTION('ref_axis',(-1.,-5.02341601241599E-16,0.));
#6516=DIRECTION('',(-1.,-5.02341601241599E-16,0.));
#6517=DIRECTION('',(0.,0.,1.));
#6518=DIRECTION('',(-1.,-5.02341601241599E-16,0.));
#6519=DIRECTION('center_axis',(-1.,-5.21662470838108E-16,0.));
#6520=DIRECTION('ref_axis',(5.21662470838108E-16,-1.,0.));
#6521=DIRECTION('',(5.21662470838108E-16,-1.,0.));
#6522=DIRECTION('',(0.,0.,1.));
#6523=DIRECTION('',(5.21662470838108E-16,-1.,0.));
#6524=DIRECTION('center_axis',(7.58781688829224E-16,-1.,0.));
#6525=DIRECTION('ref_axis',(1.,7.58781688829224E-16,0.));
#6526=DIRECTION('',(1.,7.58781688829224E-16,0.));
#6527=DIRECTION('',(1.,7.58781688829224E-16,0.));
#6528=DIRECTION('center_axis',(-1.,-3.9242596825926E-16,0.));
#6529=DIRECTION('ref_axis',(3.9242596825926E-16,-1.,0.));
#6530=DIRECTION('',(3.9242596825926E-16,-1.,0.));
#6531=DIRECTION('',(0.,0.,1.));
#6532=DIRECTION('',(3.9242596825926E-16,-1.,0.));
#6533=DIRECTION('',(0.,0.,1.));
#6534=DIRECTION('center_axis',(4.91929775092206E-16,-1.,0.));
#6535=DIRECTION('ref_axis',(1.,4.91929775092206E-16,0.));
#6536=DIRECTION('',(1.,4.91929775092206E-16,0.));
#6537=DIRECTION('',(0.,0.,1.));
#6538=DIRECTION('',(1.,4.91929775092206E-16,0.));
#6539=DIRECTION('',(0.,0.,1.));
#6540=DIRECTION('',(0.,0.,1.));
#6541=DIRECTION('',(0.,0.,1.));
#6542=DIRECTION('',(0.,0.,1.));
#6543=DIRECTION('',(0.,0.,1.));
#6544=DIRECTION('',(0.,0.,1.));
#6545=DIRECTION('',(0.,0.,1.));
#6546=DIRECTION('center_axis',(-4.56866605158439E-16,1.,0.));
#6547=DIRECTION('ref_axis',(-1.,-4.56866605158439E-16,0.));
#6548=DIRECTION('',(-1.,-4.56866605158439E-16,0.));
#6549=DIRECTION('',(0.,0.,1.));
#6550=DIRECTION('',(-1.,-4.56866605158439E-16,0.));
#6551=DIRECTION('center_axis',(1.,4.44089174557026E-16,0.));
#6552=DIRECTION('ref_axis',(-4.44089174557026E-16,1.,0.));
#6553=DIRECTION('',(-4.44089174557026E-16,1.,0.));
#6554=DIRECTION('',(0.,0.,1.));
#6555=DIRECTION('',(-4.44089174557026E-16,1.,0.));
#6556=DIRECTION('center_axis',(3.6657352965402E-16,-1.,0.));
#6557=DIRECTION('ref_axis',(1.,3.6657352965402E-16,0.));
#6558=DIRECTION('',(1.,3.6657352965402E-16,0.));
#6559=DIRECTION('',(1.,3.6657352965402E-16,0.));
#6560=DIRECTION('center_axis',(0.,0.,-1.));
#6561=DIRECTION('ref_axis',(-1.,0.,0.));
#6562=DIRECTION('',(0.,0.,1.));
#6563=DIRECTION('',(0.,0.,1.));
#6564=DIRECTION('',(0.,0.,1.));
#6565=DIRECTION('',(0.,0.,1.));
#6566=DIRECTION('',(0.,0.,1.));
#6567=DIRECTION('',(0.,0.,1.));
#6568=DIRECTION('',(0.,0.,1.));
#6569=DIRECTION('',(0.,0.,1.));
#6570=DIRECTION('',(0.,0.,1.));
#6571=DIRECTION('center_axis',(1.,0.,0.));
#6572=DIRECTION('ref_axis',(0.,1.,0.));
#6573=DIRECTION('',(0.,1.,0.));
#6574=DIRECTION('',(0.,1.,0.));
#6575=DIRECTION('',(0.,0.,1.));
#6576=DIRECTION('',(0.,0.,1.));
#6577=DIRECTION('',(0.,0.,1.));
#6578=DIRECTION('',(0.,0.,1.));
#6579=DIRECTION('center_axis',(1.,0.,0.));
#6580=DIRECTION('ref_axis',(0.,1.,0.));
#6581=DIRECTION('',(0.,1.,0.));
#6582=DIRECTION('',(0.,0.,1.));
#6583=DIRECTION('',(0.,1.,0.));
#6584=DIRECTION('',(0.,0.,1.));
#6585=DIRECTION('',(0.,0.,1.));
#6586=DIRECTION('',(0.,0.,1.));
#6587=DIRECTION('',(0.,0.,1.));
#6588=DIRECTION('',(0.,0.,1.));
#6589=DIRECTION('',(0.,0.,1.));
#6590=DIRECTION('',(0.,0.,1.));
#6591=DIRECTION('',(0.,0.,1.));
#6592=DIRECTION('',(0.,0.,1.));
#6593=DIRECTION('',(0.,0.,1.));
#6594=DIRECTION('center_axis',(3.9030835608246E-16,-1.,0.));
#6595=DIRECTION('ref_axis',(1.,3.9030835608246E-16,0.));
#6596=DIRECTION('',(1.,3.9030835608246E-16,0.));
#6597=DIRECTION('',(0.,0.,1.));
#6598=DIRECTION('',(1.,3.9030835608246E-16,0.));
#6599=DIRECTION('',(0.,0.,1.));
#6600=DIRECTION('',(0.,0.,1.));
#6601=DIRECTION('center_axis',(-0.999958192657958,-0.00914401094875796,
0.));
#6602=DIRECTION('ref_axis',(0.00914401094875796,-0.999958192657958,0.));
#6603=DIRECTION('',(0.00914401094875796,-0.999958192657958,0.));
#6604=DIRECTION('',(0.,0.,1.));
#6605=DIRECTION('',(0.00914401094875796,-0.999958192657957,0.));
#6606=DIRECTION('',(0.,0.,1.));
#6607=DIRECTION('',(0.,0.,1.));
#6608=DIRECTION('',(0.,0.,1.));
#6609=DIRECTION('',(0.,0.,1.));
#6610=DIRECTION('',(0.,0.,1.));
#6611=DIRECTION('center_axis',(0.177527004084563,-0.984115929563565,0.));
#6612=DIRECTION('ref_axis',(0.984115929563565,0.177527004084563,0.));
#6613=DIRECTION('',(0.984115929563565,0.177527004084563,0.));
#6614=DIRECTION('',(0.,0.,1.));
#6615=DIRECTION('',(0.984115929563565,0.177527004084563,0.));
#6616=DIRECTION('center_axis',(0.,0.,-1.));
#6617=DIRECTION('ref_axis',(-1.,0.,0.));
#6618=DIRECTION('center_axis',(-0.966982813290383,-0.254841595507909,0.));
#6619=DIRECTION('ref_axis',(0.254841595507909,-0.966982813290383,0.));
#6620=DIRECTION('',(0.254841595507909,-0.966982813290383,0.));
#6621=DIRECTION('',(0.,0.,1.));
#6622=DIRECTION('',(0.254841595507909,-0.966982813290383,0.));
#6623=DIRECTION('',(0.,0.,1.));
#6624=DIRECTION('center_axis',(0.965929210117636,-0.258806416152151,0.));
#6625=DIRECTION('ref_axis',(0.258806416152151,0.965929210117636,0.));
#6626=DIRECTION('',(0.258806416152151,0.965929210117636,0.));
#6627=DIRECTION('',(0.,0.,1.));
#6628=DIRECTION('',(0.258806416152151,0.965929210117636,0.));
#6629=DIRECTION('center_axis',(4.01872818562889E-16,-1.,0.));
#6630=DIRECTION('ref_axis',(1.,4.01872818562889E-16,0.));
#6631=DIRECTION('',(1.,4.01872818562889E-16,0.));
#6632=DIRECTION('',(0.,0.,1.));
#6633=DIRECTION('',(1.,4.01872818562889E-16,0.));
#6634=DIRECTION('center_axis',(-0.952121846522501,-0.305718807688671,0.));
#6635=DIRECTION('ref_axis',(0.305718807688671,-0.952121846522501,0.));
#6636=DIRECTION('',(0.305718807688671,-0.952121846522501,0.));
#6637=DIRECTION('',(0.,0.,1.));
#6638=DIRECTION('',(0.305718807688671,-0.952121846522501,0.));
#6639=DIRECTION('center_axis',(-3.91717549015232E-16,1.,0.));
#6640=DIRECTION('ref_axis',(-1.,-3.91717549015232E-16,0.));
#6641=DIRECTION('',(-1.,-3.91717549015232E-16,0.));
#6642=DIRECTION('',(0.,0.,1.));
#6643=DIRECTION('',(-1.,-3.91717549015232E-16,0.));
#6644=DIRECTION('center_axis',(0.960000071993385,0.279999753165419,0.));
#6645=DIRECTION('ref_axis',(-0.279999753165419,0.960000071993385,0.));
#6646=DIRECTION('',(-0.279999753165419,0.960000071993385,0.));
#6647=DIRECTION('',(0.,0.,1.));
#6648=DIRECTION('',(-0.279999753165419,0.960000071993385,0.));
#6649=DIRECTION('center_axis',(-0.969151600871548,0.246465361720702,0.));
#6650=DIRECTION('ref_axis',(-0.246465361720702,-0.969151600871548,0.));
#6651=DIRECTION('',(-0.246465361720702,-0.969151600871548,0.));
#6652=DIRECTION('',(0.,0.,1.));
#6653=DIRECTION('',(-0.246465361720702,-0.969151600871548,0.));
#6654=DIRECTION('center_axis',(-4.00390438761687E-16,1.,0.));
#6655=DIRECTION('ref_axis',(-1.,-4.00390438761687E-16,0.));
#6656=DIRECTION('',(-1.,-4.00390438761687E-16,0.));
#6657=DIRECTION('',(0.,0.,1.));
#6658=DIRECTION('',(-1.,-4.00390438761687E-16,0.));
#6659=DIRECTION('center_axis',(0.967128451865822,0.254288335539831,0.));
#6660=DIRECTION('ref_axis',(-0.254288335539831,0.967128451865822,0.));
#6661=DIRECTION('',(-0.254288335539831,0.967128451865822,0.));
#6662=DIRECTION('',(0.,0.,1.));
#6663=DIRECTION('',(-0.254288335539831,0.967128451865822,0.));
#6664=DIRECTION('center_axis',(-0.961471844602883,0.274903423106969,0.));
#6665=DIRECTION('ref_axis',(-0.274903423106969,-0.961471844602883,0.));
#6666=DIRECTION('',(-0.274903423106969,-0.961471844602883,0.));
#6667=DIRECTION('',(0.,0.,1.));
#6668=DIRECTION('',(-0.274903423106969,-0.961471844602883,0.));
#6669=DIRECTION('center_axis',(-3.97457229302245E-16,1.,0.));
#6670=DIRECTION('ref_axis',(-1.,-3.97457229302245E-16,0.));
#6671=DIRECTION('',(-1.,-3.97457229302245E-16,0.));
#6672=DIRECTION('',(0.,0.,1.));
#6673=DIRECTION('',(-1.,-3.97457229302245E-16,0.));
#6674=DIRECTION('center_axis',(0.953419701596501,-0.30164693369507,0.));
#6675=DIRECTION('ref_axis',(0.30164693369507,0.953419701596501,0.));
#6676=DIRECTION('',(0.30164693369507,0.953419701596501,0.));
#6677=DIRECTION('',(0.,0.,1.));
#6678=DIRECTION('',(0.30164693369507,0.953419701596501,0.));
#6679=DIRECTION('center_axis',(3.97456890059712E-16,-1.,0.));
#6680=DIRECTION('ref_axis',(1.,3.97456890059712E-16,0.));
#6681=DIRECTION('',(1.,3.97456890059712E-16,0.));
#6682=DIRECTION('',(1.,3.97456890059712E-16,0.));
#6683=DIRECTION('center_axis',(0.,0.,1.));
#6684=DIRECTION('ref_axis',(1.,0.,0.));
#6685=DIRECTION('',(0.,0.,1.));
#6686=DIRECTION('',(0.,0.,1.));
#6687=DIRECTION('',(0.,0.,1.));
#6688=DIRECTION('',(0.,0.,1.));
#6689=DIRECTION('',(0.,0.,1.));
#6690=DIRECTION('',(0.,0.,1.));
#6691=DIRECTION('',(0.,0.,1.));
#6692=DIRECTION('',(0.,0.,1.));
#6693=DIRECTION('',(0.,0.,1.));
#6694=DIRECTION('',(0.,0.,1.));
#6695=DIRECTION('',(0.,0.,1.));
#6696=DIRECTION('',(0.,0.,1.));
#6697=DIRECTION('',(0.,0.,1.));
#6698=DIRECTION('',(0.,0.,1.));
#6699=DIRECTION('',(0.,0.,1.));
#6700=DIRECTION('',(0.,0.,1.));
#6701=DIRECTION('',(0.,0.,1.));
#6702=DIRECTION('',(0.,0.,1.));
#6703=DIRECTION('center_axis',(0.,0.,-1.));
#6704=DIRECTION('ref_axis',(-1.,0.,0.));
#6705=DIRECTION('center_axis',(-1.,0.,0.));
#6706=DIRECTION('ref_axis',(0.,-1.,0.));
#6707=DIRECTION('',(0.,-1.,0.));
#6708=DIRECTION('',(0.,0.,1.));
#6709=DIRECTION('',(0.,-1.,0.));
#6710=DIRECTION('',(0.,0.,1.));
#6711=DIRECTION('center_axis',(0.850587361222126,-0.525833757882832,0.));
#6712=DIRECTION('ref_axis',(0.525833757882832,0.850587361222126,0.));
#6713=DIRECTION('',(0.525833757882832,0.850587361222126,0.));
#6714=DIRECTION('',(0.,0.,1.));
#6715=DIRECTION('',(0.525833757882832,0.850587361222126,0.));
#6716=DIRECTION('center_axis',(3.65339441901131E-16,-1.,0.));
#6717=DIRECTION('ref_axis',(1.,3.65339441901131E-16,0.));
#6718=DIRECTION('',(1.,3.65339441901131E-16,0.));
#6719=DIRECTION('',(0.,0.,1.));
#6720=DIRECTION('',(1.,3.65339441901131E-16,0.));
#6721=DIRECTION('center_axis',(-1.,-2.96059449704684E-16,0.));
#6722=DIRECTION('ref_axis',(2.96059449704684E-16,-1.,0.));
#6723=DIRECTION('',(2.96059449704684E-16,-1.,0.));
#6724=DIRECTION('',(0.,0.,1.));
#6725=DIRECTION('',(2.96059449704684E-16,-1.,0.));
#6726=DIRECTION('center_axis',(-3.94566516767285E-16,1.,0.));
#6727=DIRECTION('ref_axis',(-1.,-3.94566516767284E-16,0.));
#6728=DIRECTION('',(-1.,-3.94566516767284E-16,0.));
#6729=DIRECTION('',(0.,0.,1.));
#6730=DIRECTION('',(-1.,-3.94566516767284E-16,0.));
#6731=DIRECTION('center_axis',(1.,4.43333145913657E-16,0.));
#6732=DIRECTION('ref_axis',(-4.43333145913657E-16,1.,0.));
#6733=DIRECTION('',(-4.43333145913657E-16,1.,0.));
#6734=DIRECTION('',(0.,0.,1.));
#6735=DIRECTION('',(-4.43333145913657E-16,1.,0.));
#6736=DIRECTION('center_axis',(-0.852613778896577,0.522541619429208,0.));
#6737=DIRECTION('ref_axis',(-0.522541619429208,-0.852613778896577,0.));
#6738=DIRECTION('',(-0.522541619429208,-0.852613778896577,0.));
#6739=DIRECTION('',(0.,0.,1.));
#6740=DIRECTION('',(-0.522541619429208,-0.852613778896577,0.));
#6741=DIRECTION('center_axis',(-3.76756234800655E-16,1.,0.));
#6742=DIRECTION('ref_axis',(-1.,-3.76756234800655E-16,0.));
#6743=DIRECTION('',(-1.,-3.76756234800655E-16,0.));
#6744=DIRECTION('',(0.,0.,1.));
#6745=DIRECTION('',(-1.,-3.76756234800655E-16,0.));
#6746=DIRECTION('center_axis',(1.,5.92118899409368E-16,0.));
#6747=DIRECTION('ref_axis',(-5.92118899409368E-16,1.,0.));
#6748=DIRECTION('',(-5.92118899409368E-16,1.,0.));
#6749=DIRECTION('',(0.,0.,1.));
#6750=DIRECTION('',(-5.92118899409368E-16,1.,0.));
#6751=DIRECTION('center_axis',(3.9456634960429E-16,-1.,0.));
#6752=DIRECTION('ref_axis',(1.,3.9456634960429E-16,0.));
#6753=DIRECTION('',(1.,3.9456634960429E-16,0.));
#6754=DIRECTION('',(1.,3.9456634960429E-16,0.));
#6755=DIRECTION('center_axis',(0.,0.,1.));
#6756=DIRECTION('ref_axis',(1.,0.,0.));
#6757=DIRECTION('center_axis',(0.,0.,1.));
#6758=DIRECTION('ref_axis',(1.,0.,0.));
#6759=DIRECTION('center_axis',(0.,0.,1.));
#6760=DIRECTION('ref_axis',(-0.707106781186547,0.707106781186547,0.));
#6761=DIRECTION('',(1.,1.46806350363657E-16,0.));
#6762=DIRECTION('center_axis',(0.,0.,1.));
#6763=DIRECTION('ref_axis',(0.707106781186547,0.707106781186547,0.));
#6764=DIRECTION('',(0.,-1.,0.));
#6765=DIRECTION('center_axis',(0.,0.,1.));
#6766=DIRECTION('ref_axis',(0.707106781186547,-0.707106781186547,0.));
#6767=DIRECTION('',(-1.,-1.46806350363657E-16,0.));
#6768=DIRECTION('center_axis',(0.,0.,1.));
#6769=DIRECTION('ref_axis',(-0.707106781186547,-0.707106781186547,0.));
#6770=DIRECTION('',(-1.60032147693716E-16,1.,0.));
#6771=DIRECTION('center_axis',(0.,0.,-1.));
#6772=DIRECTION('ref_axis',(1.,0.,0.));
#6773=DIRECTION('center_axis',(0.,0.,-1.));
#6774=DIRECTION('ref_axis',(1.,0.,0.));
#6775=DIRECTION('center_axis',(0.,0.,-1.));
#6776=DIRECTION('ref_axis',(1.,0.,0.));
#6777=DIRECTION('center_axis',(0.,0.,-1.));
#6778=DIRECTION('ref_axis',(1.,0.,0.));
#6779=DIRECTION('center_axis',(0.,0.,1.));
#6780=DIRECTION('ref_axis',(1.,0.,0.));
#6781=DIRECTION('center_axis',(0.,0.,1.));
#6782=DIRECTION('ref_axis',(1.,0.,0.));
#6783=DIRECTION('center_axis',(0.,0.,1.));
#6784=DIRECTION('ref_axis',(1.,0.,0.));
#6785=DIRECTION('center_axis',(0.,0.,1.));
#6786=DIRECTION('ref_axis',(1.,0.,0.));
#6787=DIRECTION('center_axis',(0.,0.,1.));
#6788=DIRECTION('ref_axis',(-0.707106781186547,0.707106781186547,0.));
#6789=DIRECTION('center_axis',(0.,0.,-1.));
#6790=DIRECTION('ref_axis',(-0.707106781186547,0.707106781186547,0.));
#6791=DIRECTION('',(0.,0.,-1.));
#6792=DIRECTION('',(0.,0.,1.));
#6793=DIRECTION('center_axis',(0.,0.,1.));
#6794=DIRECTION('ref_axis',(1.,0.,0.));
#6795=DIRECTION('',(1.60032147693716E-16,-1.,0.));
#6796=DIRECTION('center_axis',(0.,0.,-1.));
#6797=DIRECTION('ref_axis',(-0.707106781186547,-0.707106781186547,0.));
#6798=DIRECTION('',(1.,1.46806350363657E-16,0.));
#6799=DIRECTION('center_axis',(0.,0.,-1.));
#6800=DIRECTION('ref_axis',(0.707106781186547,-0.707106781186547,0.));
#6801=DIRECTION('',(0.,1.,0.));
#6802=DIRECTION('center_axis',(0.,0.,-1.));
#6803=DIRECTION('ref_axis',(0.707106781186547,0.707106781186547,0.));
#6804=DIRECTION('',(-1.,-1.46806350363657E-16,0.));
#6805=DIRECTION('',(0.,-1.,0.));
#6806=DIRECTION('',(1.,0.,0.));
#6807=DIRECTION('',(0.,-1.,0.));
#6808=DIRECTION('',(-1.,0.,0.));
#6809=DIRECTION('',(0.,1.,0.));
#6810=DIRECTION('',(1.,0.,0.));
#6811=DIRECTION('',(0.,1.,0.));
#6812=DIRECTION('',(-1.,-1.46806350363657E-16,0.));
#6813=DIRECTION('center_axis',(0.,0.,-1.));
#6814=DIRECTION('ref_axis',(1.,0.,0.));
#6815=DIRECTION('center_axis',(0.,0.,-1.));
#6816=DIRECTION('ref_axis',(1.,0.,0.));
#6817=DIRECTION('center_axis',(0.,0.,-1.));
#6818=DIRECTION('ref_axis',(1.,0.,0.));
#6819=DIRECTION('center_axis',(0.,0.,-1.));
#6820=DIRECTION('ref_axis',(1.,0.,0.));
#6821=DIRECTION('center_axis',(-1.,-1.60032147693716E-16,0.));
#6822=DIRECTION('ref_axis',(1.60032147693716E-16,-1.,0.));
#6823=DIRECTION('',(0.,0.,-1.));
#6824=DIRECTION('center_axis',(0.,0.,1.));
#6825=DIRECTION('ref_axis',(-0.707106781186547,-0.707106781186547,0.));
#6826=DIRECTION('',(0.,0.,1.));
#6827=DIRECTION('center_axis',(0.,0.,1.));
#6828=DIRECTION('ref_axis',(0.707106781186547,-0.707106781186547,0.));
#6829=DIRECTION('',(0.,0.,-1.));
#6830=DIRECTION('',(0.,0.,1.));
#6831=DIRECTION('center_axis',(1.,0.,0.));
#6832=DIRECTION('ref_axis',(0.,1.,0.));
#6833=DIRECTION('',(0.,0.,-1.));
#6834=DIRECTION('center_axis',(0.,0.,1.));
#6835=DIRECTION('ref_axis',(0.707106781186547,0.707106781186547,0.));
#6836=DIRECTION('',(0.,0.,1.));
#6837=DIRECTION('center_axis',(1.,0.,0.));
#6838=DIRECTION('ref_axis',(0.,-1.,0.));
#6839=DIRECTION('',(0.,0.,1.));
#6840=DIRECTION('',(0.,-1.,0.));
#6841=DIRECTION('',(0.,0.,-1.));
#6842=DIRECTION('center_axis',(-1.,0.,0.));
#6843=DIRECTION('ref_axis',(0.,1.,0.));
#6844=DIRECTION('',(0.,0.,1.));
#6845=DIRECTION('',(0.,1.,0.));
#6846=DIRECTION('',(0.,0.,-1.));
#6847=DIRECTION('center_axis',(0.,0.,-1.));
#6848=DIRECTION('ref_axis',(-1.,0.,0.));
#6849=DIRECTION('',(-1.,0.,0.));
#6850=DIRECTION('',(1.,1.46806350363657E-16,0.));
#6851=DIRECTION('center_axis',(0.,-1.,0.));
#6852=DIRECTION('ref_axis',(1.,0.,0.));
#6853=DIRECTION('',(0.,0.,1.));
#6854=DIRECTION('',(-1.,0.,0.));
#6855=DIRECTION('',(0.,0.,1.));
#6856=DIRECTION('center_axis',(1.,0.,0.));
#6857=DIRECTION('ref_axis',(0.,1.,0.));
#6858=DIRECTION('',(0.,-1.,0.));
#6859=DIRECTION('',(0.,0.,1.));
#6860=DIRECTION('center_axis',(0.,0.,1.));
#6861=DIRECTION('ref_axis',(1.,0.,0.));
#6862=DIRECTION('',(0.,0.,-1.));
#6863=DIRECTION('center_axis',(0.,0.,1.));
#6864=DIRECTION('ref_axis',(1.,0.,0.));
#6865=DIRECTION('',(0.,0.,-1.));
#6866=DIRECTION('center_axis',(0.,0.,1.));
#6867=DIRECTION('ref_axis',(1.,0.,0.));
#6868=DIRECTION('',(0.,0.,-1.));
#6869=DIRECTION('center_axis',(0.,1.,0.));
#6870=DIRECTION('ref_axis',(-1.,0.,0.));
#6871=DIRECTION('',(1.,0.,0.));
#6872=DIRECTION('',(0.,0.,1.));
#6873=DIRECTION('center_axis',(-1.,0.,0.));
#6874=DIRECTION('ref_axis',(0.,-1.,0.));
#6875=DIRECTION('',(0.,1.,0.));
#6876=DIRECTION('center_axis',(0.,0.,1.));
#6877=DIRECTION('ref_axis',(1.,0.,0.));
#6878=DIRECTION('',(0.,0.,-1.));
#6879=DIRECTION('center_axis',(1.46806350363657E-16,-1.,0.));
#6880=DIRECTION('ref_axis',(1.,1.46806350363657E-16,0.));
#6881=DIRECTION('center_axis',(-1.46806350363657E-16,1.,0.));
#6882=DIRECTION('ref_axis',(-1.,-1.46806350363657E-16,0.));
#6883=DIRECTION('center_axis',(0.,0.,1.));
#6884=DIRECTION('ref_axis',(1.,0.,0.));
#6885=DIRECTION('center_axis',(0.,0.,1.));
#6886=DIRECTION('ref_axis',(1.,0.,0.));
#6887=DIRECTION('center_axis',(0.,0.,1.));
#6888=DIRECTION('ref_axis',(0.707106781186547,-0.707106781186547,0.));
#6889=DIRECTION('center_axis',(0.,0.,-1.));
#6890=DIRECTION('ref_axis',(0.707106781186547,-0.707106781186547,0.));
#6891=DIRECTION('',(0.,0.,-1.));
#6892=DIRECTION('center_axis',(0.,0.,1.));
#6893=DIRECTION('ref_axis',(0.707106781186547,-0.707106781186547,0.));
#6894=DIRECTION('',(0.,0.,1.));
#6895=DIRECTION('center_axis',(0.,0.,1.));
#6896=DIRECTION('ref_axis',(1.,0.,0.));
#6897=DIRECTION('',(0.,1.,0.));
#6898=DIRECTION('center_axis',(0.,0.,-1.));
#6899=DIRECTION('ref_axis',(0.707106781186547,0.707106781186547,0.));
#6900=DIRECTION('',(-1.,0.,0.));
#6901=DIRECTION('center_axis',(0.,0.,-1.));
#6902=DIRECTION('ref_axis',(-0.707106781186547,0.707106781186547,0.));
#6903=DIRECTION('',(0.,-1.,0.));
#6904=DIRECTION('center_axis',(0.,0.,-1.));
#6905=DIRECTION('ref_axis',(-0.707106781186547,-0.707106781186547,0.));
#6906=DIRECTION('',(1.,0.,0.));
#6907=DIRECTION('',(0.,1.,0.));
#6908=DIRECTION('',(1.,0.,0.));
#6909=DIRECTION('',(0.,-1.,0.));
#6910=DIRECTION('',(-1.,0.,0.));
#6911=DIRECTION('',(0.,-1.,0.));
#6912=DIRECTION('',(-1.,0.,0.));
#6913=DIRECTION('',(0.,1.,0.));
#6914=DIRECTION('',(1.,0.,0.));
#6915=DIRECTION('',(0.,-1.,0.));
#6916=DIRECTION('',(-1.,0.,0.));
#6917=DIRECTION('',(0.,1.,0.));
#6918=DIRECTION('',(1.,0.,0.));
#6919=DIRECTION('',(0.522541609314372,-0.852613785095659,0.));
#6920=DIRECTION('',(0.,1.,0.));
#6921=DIRECTION('',(1.,0.,0.));
#6922=DIRECTION('',(0.,-1.,0.));
#6923=DIRECTION('',(-1.,0.,0.));
#6924=DIRECTION('',(-0.525833739133245,0.850587372813134,0.));
#6925=DIRECTION('',(-0.254841441270981,-0.966982853938439,0.));
#6926=DIRECTION('',(-1.,0.,0.));
#6927=DIRECTION('',(-0.301646948735681,0.95341969683789,0.));
#6928=DIRECTION('',(1.,0.,0.));
#6929=DIRECTION('',(0.274903316863911,-0.961471874979825,0.));
#6930=DIRECTION('',(0.254288223929589,0.967128481211641,0.));
#6931=DIRECTION('',(1.,0.,0.));
#6932=DIRECTION('',(0.246465095718157,-0.969151668518731,0.));
#6933=DIRECTION('',(0.280000092562969,0.959999973002463,0.));
#6934=DIRECTION('',(1.,0.,0.));
#6935=DIRECTION('',(-0.305719201652302,-0.9521217200238,0.));
#6936=DIRECTION('',(-1.,0.,0.));
#6937=DIRECTION('',(-0.258807107951835,0.965929024759898,0.));
#6938=DIRECTION('',(-0.984116014586795,0.177526532760045,0.));
#6939=DIRECTION('',(-0.00914685385529904,-0.999958166657261,0.));
#6940=DIRECTION('',(-1.,0.,0.));
#6941=DIRECTION('',(0.,1.,0.));
#6942=DIRECTION('',(-9.19748459994903E-17,-1.,0.));
#6943=DIRECTION('',(-1.,0.,0.));
#6944=DIRECTION('',(5.55111512312578E-17,1.,0.));
#6945=DIRECTION('',(1.,0.,0.));
#6946=DIRECTION('',(-1.,0.,0.));
#6947=DIRECTION('',(1.,0.,0.));
#6948=DIRECTION('',(0.,-1.,0.));
#6949=DIRECTION('',(-1.,0.,0.));
#6950=DIRECTION('',(0.,1.,0.));
#6951=DIRECTION('',(0.,1.,0.));
#6952=DIRECTION('',(0.986202879318204,-0.165541175616474,0.));
#6953=DIRECTION('',(-1.,0.,0.));
#6954=DIRECTION('center_axis',(1.,0.,0.));
#6955=DIRECTION('ref_axis',(0.,1.,0.));
#6956=DIRECTION('',(0.,-1.,0.));
#6957=DIRECTION('',(0.,0.,-1.));
#6958=DIRECTION('center_axis',(0.,0.,1.));
#6959=DIRECTION('ref_axis',(0.707106781186547,0.707106781186547,0.));
#6960=DIRECTION('center_axis',(0.,0.,1.));
#6961=DIRECTION('ref_axis',(0.707106781186547,0.707106781186547,0.));
#6962=DIRECTION('',(0.,0.,1.));
#6963=DIRECTION('center_axis',(0.,0.,1.));
#6964=DIRECTION('ref_axis',(-0.707106781186547,0.707106781186547,0.));
#6965=DIRECTION('',(0.,0.,-1.));
#6966=DIRECTION('center_axis',(0.,0.,1.));
#6967=DIRECTION('ref_axis',(-0.707106781186547,0.707106781186547,0.));
#6968=DIRECTION('',(0.,0.,1.));
#6969=DIRECTION('center_axis',(-1.,0.,0.));
#6970=DIRECTION('ref_axis',(0.,-1.,0.));
#6971=DIRECTION('',(0.,1.,0.));
#6972=DIRECTION('',(0.,0.,-1.));
#6973=DIRECTION('center_axis',(0.,0.,1.));
#6974=DIRECTION('ref_axis',(-0.707106781186547,-0.707106781186547,0.));
#6975=DIRECTION('center_axis',(0.,0.,1.));
#6976=DIRECTION('ref_axis',(-0.707106781186547,-0.707106781186547,0.));
#6977=DIRECTION('',(0.,0.,1.));
#6978=DIRECTION('',(0.,0.,-1.));
#6979=DIRECTION('',(0.,0.,-1.));
#6980=DIRECTION('',(0.,0.,-1.));
#6981=DIRECTION('',(0.,0.,-1.));
#6982=DIRECTION('',(0.,0.,-1.));
#6983=DIRECTION('center_axis',(0.,1.,0.));
#6984=DIRECTION('ref_axis',(1.,0.,0.));
#6985=DIRECTION('',(1.,0.,0.));
#6986=DIRECTION('',(1.,0.,0.));
#6987=DIRECTION('',(0.,0.,-1.));
#6988=DIRECTION('',(0.,0.,-1.));
#6989=DIRECTION('',(0.,0.,-1.));
#6990=DIRECTION('',(0.,0.,-1.));
#6991=DIRECTION('center_axis',(0.,-1.,0.));
#6992=DIRECTION('ref_axis',(-1.,0.,0.));
#6993=DIRECTION('',(0.,0.,-1.));
#6994=DIRECTION('',(-1.,0.,0.));
#6995=DIRECTION('',(0.,0.,-1.));
#6996=DIRECTION('',(0.,0.,-1.));
#6997=DIRECTION('',(0.,0.,-1.));
#6998=DIRECTION('',(0.,0.,-1.));
#6999=DIRECTION('',(0.,0.,-1.));
#7000=DIRECTION('',(0.,0.,-1.));
#7001=DIRECTION('',(0.,0.,-1.));
#7002=DIRECTION('',(0.,0.,-1.));
#7003=DIRECTION('center_axis',(0.165541175616474,0.986202879318204,0.));
#7004=DIRECTION('ref_axis',(0.986202879318204,-0.165541175616474,0.));
#7005=DIRECTION('',(0.,0.,-1.));
#7006=DIRECTION('',(0.986202879318204,-0.165541175616474,0.));
#7007=DIRECTION('center_axis',(0.,0.,1.));
#7008=DIRECTION('ref_axis',(-1.,0.,0.));
#7009=DIRECTION('',(0.,0.,-1.));
#7010=DIRECTION('',(0.,0.,-1.));
#7011=DIRECTION('',(0.,0.,-1.));
#7012=DIRECTION('',(0.,0.,-1.));
#7013=DIRECTION('',(0.,0.,-1.));
#7014=DIRECTION('',(0.,0.,-1.));
#7015=DIRECTION('',(0.,0.,-1.));
#7016=DIRECTION('',(0.,0.,-1.));
#7017=DIRECTION('center_axis',(0.,1.,0.));
#7018=DIRECTION('ref_axis',(1.,0.,0.));
#7019=DIRECTION('',(0.,0.,-1.));
#7020=DIRECTION('',(1.,0.,0.));
#7021=DIRECTION('',(0.,0.,-1.));
#7022=DIRECTION('center_axis',(-1.,0.,0.));
#7023=DIRECTION('ref_axis',(0.,1.,0.));
#7024=DIRECTION('',(0.,0.,-1.));
#7025=DIRECTION('',(0.,1.,0.));
#7026=DIRECTION('',(0.,0.,-1.));
#7027=DIRECTION('',(0.,0.,-1.));
#7028=DIRECTION('',(0.,0.,-1.));
#7029=DIRECTION('',(0.,0.,-1.));
#7030=DIRECTION('',(0.,0.,-1.));
#7031=DIRECTION('',(0.,0.,-1.));
#7032=DIRECTION('',(0.,0.,-1.));
#7033=DIRECTION('center_axis',(-1.,0.,0.));
#7034=DIRECTION('ref_axis',(0.,1.,0.));
#7035=DIRECTION('',(0.,0.,-1.));
#7036=DIRECTION('',(0.,1.,0.));
#7037=DIRECTION('center_axis',(0.,-1.,0.));
#7038=DIRECTION('ref_axis',(-1.,0.,0.));
#7039=DIRECTION('',(0.,0.,-1.));
#7040=DIRECTION('',(-1.,0.,0.));
#7041=DIRECTION('center_axis',(1.,0.,0.));
#7042=DIRECTION('ref_axis',(0.,-1.,0.));
#7043=DIRECTION('',(0.,-1.,0.));
#7044=DIRECTION('center_axis',(0.,0.,1.));
#7045=DIRECTION('ref_axis',(-1.,0.,0.));
#7046=DIRECTION('',(0.,0.,-1.));
#7047=DIRECTION('',(0.,0.,-1.));
#7048=DIRECTION('',(0.,0.,-1.));
#7049=DIRECTION('',(0.,0.,-1.));
#7050=DIRECTION('',(0.,0.,-1.));
#7051=DIRECTION('',(0.,0.,-1.));
#7052=DIRECTION('',(0.,0.,-1.));
#7053=DIRECTION('center_axis',(0.,1.,0.));
#7054=DIRECTION('ref_axis',(1.,0.,0.));
#7055=DIRECTION('',(1.,0.,0.));
#7056=DIRECTION('',(0.,0.,-1.));
#7057=DIRECTION('',(1.,0.,0.));
#7058=DIRECTION('center_axis',(1.,-7.33587952342393E-17,0.));
#7059=DIRECTION('ref_axis',(-7.33587952342393E-17,-1.,0.));
#7060=DIRECTION('',(-7.33587952342393E-17,-1.,0.));
#7061=DIRECTION('',(0.,0.,-1.));
#7062=DIRECTION('',(-7.33587952342393E-17,-1.,0.));
#7063=DIRECTION('center_axis',(0.,-1.,0.));
#7064=DIRECTION('ref_axis',(-1.,0.,0.));
#7065=DIRECTION('',(-1.,0.,0.));
#7066=DIRECTION('',(-1.,0.,0.));
#7067=DIRECTION('center_axis',(1.,-9.19748459994903E-17,0.));
#7068=DIRECTION('ref_axis',(-9.19748459994903E-17,-1.,0.));
#7069=DIRECTION('',(0.,0.,-1.));
#7070=DIRECTION('',(-9.19748459994903E-17,-1.,0.));
#7071=DIRECTION('',(0.,0.,-1.));
#7072=DIRECTION('center_axis',(0.,-1.,0.));
#7073=DIRECTION('ref_axis',(-1.,0.,0.));
#7074=DIRECTION('',(0.,0.,-1.));
#7075=DIRECTION('',(-1.,0.,0.));
#7076=DIRECTION('',(0.,0.,-1.));
#7077=DIRECTION('',(0.,0.,-1.));
#7078=DIRECTION('',(0.,0.,-1.));
#7079=DIRECTION('',(0.,0.,-1.));
#7080=DIRECTION('',(0.,0.,-1.));
#7081=DIRECTION('',(0.,0.,-1.));
#7082=DIRECTION('',(0.,0.,-1.));
#7083=DIRECTION('center_axis',(0.,1.,0.));
#7084=DIRECTION('ref_axis',(1.,0.,0.));
#7085=DIRECTION('',(0.,0.,-1.));
#7086=DIRECTION('',(1.,0.,0.));
#7087=DIRECTION('center_axis',(-1.,5.55111512312578E-17,0.));
#7088=DIRECTION('ref_axis',(5.55111512312578E-17,1.,0.));
#7089=DIRECTION('',(0.,0.,-1.));
#7090=DIRECTION('',(5.55111512312578E-17,1.,0.));
#7091=DIRECTION('center_axis',(0.,-1.,0.));
#7092=DIRECTION('ref_axis',(-1.,0.,0.));
#7093=DIRECTION('',(-1.,0.,0.));
#7094=DIRECTION('center_axis',(0.,0.,1.));
#7095=DIRECTION('ref_axis',(-1.,0.,0.));
#7096=DIRECTION('',(0.,0.,-1.));
#7097=DIRECTION('',(0.,0.,-1.));
#7098=DIRECTION('',(0.,0.,-1.));
#7099=DIRECTION('',(0.,0.,-1.));
#7100=DIRECTION('',(0.,0.,-1.));
#7101=DIRECTION('',(0.,0.,-1.));
#7102=DIRECTION('',(0.,0.,-1.));
#7103=DIRECTION('',(0.,0.,-1.));
#7104=DIRECTION('',(0.,0.,-1.));
#7105=DIRECTION('center_axis',(-1.,0.,0.));
#7106=DIRECTION('ref_axis',(0.,1.,0.));
#7107=DIRECTION('',(0.,1.,0.));
#7108=DIRECTION('',(0.,1.,0.));
#7109=DIRECTION('',(0.,0.,-1.));
#7110=DIRECTION('',(0.,0.,-1.));
#7111=DIRECTION('',(0.,0.,-1.));
#7112=DIRECTION('',(0.,0.,-1.));
#7113=DIRECTION('center_axis',(-1.,0.,0.));
#7114=DIRECTION('ref_axis',(0.,1.,0.));
#7115=DIRECTION('',(0.,0.,-1.));
#7116=DIRECTION('',(0.,1.,0.));
#7117=DIRECTION('',(0.,0.,-1.));
#7118=DIRECTION('',(0.,0.,-1.));
#7119=DIRECTION('',(0.,0.,-1.));
#7120=DIRECTION('',(0.,0.,-1.));
#7121=DIRECTION('',(0.,0.,-1.));
#7122=DIRECTION('',(0.,0.,-1.));
#7123=DIRECTION('',(0.,0.,-1.));
#7124=DIRECTION('',(0.,0.,-1.));
#7125=DIRECTION('',(0.,0.,-1.));
#7126=DIRECTION('',(0.,0.,-1.));
#7127=DIRECTION('center_axis',(0.,-1.,0.));
#7128=DIRECTION('ref_axis',(-1.,0.,0.));
#7129=DIRECTION('',(0.,0.,-1.));
#7130=DIRECTION('',(-1.,0.,0.));
#7131=DIRECTION('',(0.,0.,-1.));
#7132=DIRECTION('',(0.,0.,-1.));
#7133=DIRECTION('center_axis',(0.999958166657261,-0.00914685385529904,0.));
#7134=DIRECTION('ref_axis',(-0.00914685385529904,-0.999958166657261,0.));
#7135=DIRECTION('',(0.,0.,-1.));
#7136=DIRECTION('',(-0.00914685385529903,-0.999958166657261,0.));
#7137=DIRECTION('',(0.,0.,-1.));
#7138=DIRECTION('',(0.,0.,-1.));
#7139=DIRECTION('',(0.,0.,-1.));
#7140=DIRECTION('',(0.,0.,-1.));
#7141=DIRECTION('',(0.,0.,-1.));
#7142=DIRECTION('center_axis',(-0.177526532760045,-0.984116014586795,0.));
#7143=DIRECTION('ref_axis',(-0.984116014586795,0.177526532760045,0.));
#7144=DIRECTION('',(0.,0.,-1.));
#7145=DIRECTION('',(-0.984116014586795,0.177526532760045,0.));
#7146=DIRECTION('center_axis',(0.,0.,1.));
#7147=DIRECTION('ref_axis',(-1.,0.,0.));
#7148=DIRECTION('center_axis',(0.966982853938439,-0.254841441270981,0.));
#7149=DIRECTION('ref_axis',(-0.254841441270981,-0.966982853938439,0.));
#7150=DIRECTION('',(0.,0.,-1.));
#7151=DIRECTION('',(-0.254841441270981,-0.966982853938439,0.));
#7152=DIRECTION('',(0.,0.,-1.));
#7153=DIRECTION('center_axis',(-0.965929024759898,-0.258807107951835,0.));
#7154=DIRECTION('ref_axis',(-0.258807107951835,0.965929024759898,0.));
#7155=DIRECTION('',(0.,0.,-1.));
#7156=DIRECTION('',(-0.258807107951835,0.965929024759898,0.));
#7157=DIRECTION('center_axis',(0.,-1.,0.));
#7158=DIRECTION('ref_axis',(-1.,0.,0.));
#7159=DIRECTION('',(0.,0.,-1.));
#7160=DIRECTION('',(-1.,0.,0.));
#7161=DIRECTION('center_axis',(0.9521217200238,-0.305719201652302,0.));
#7162=DIRECTION('ref_axis',(-0.305719201652302,-0.9521217200238,0.));
#7163=DIRECTION('',(0.,0.,-1.));
#7164=DIRECTION('',(-0.305719201652302,-0.9521217200238,0.));
#7165=DIRECTION('center_axis',(0.,1.,0.));
#7166=DIRECTION('ref_axis',(1.,0.,0.));
#7167=DIRECTION('',(0.,0.,-1.));
#7168=DIRECTION('',(1.,0.,0.));
#7169=DIRECTION('center_axis',(-0.959999973002463,0.280000092562969,0.));
#7170=DIRECTION('ref_axis',(0.280000092562969,0.959999973002463,0.));
#7171=DIRECTION('',(0.,0.,-1.));
#7172=DIRECTION('',(0.280000092562969,0.959999973002463,0.));
#7173=DIRECTION('center_axis',(0.969151668518731,0.246465095718157,0.));
#7174=DIRECTION('ref_axis',(0.246465095718157,-0.969151668518731,0.));
#7175=DIRECTION('',(0.,0.,-1.));
#7176=DIRECTION('',(0.246465095718157,-0.969151668518731,0.));
#7177=DIRECTION('center_axis',(0.,1.,0.));
#7178=DIRECTION('ref_axis',(1.,0.,0.));
#7179=DIRECTION('',(0.,0.,-1.));
#7180=DIRECTION('',(1.,0.,0.));
#7181=DIRECTION('center_axis',(-0.967128481211641,0.254288223929589,0.));
#7182=DIRECTION('ref_axis',(0.254288223929589,0.967128481211641,0.));
#7183=DIRECTION('',(0.,0.,-1.));
#7184=DIRECTION('',(0.254288223929589,0.967128481211641,0.));
#7185=DIRECTION('center_axis',(0.961471874979825,0.274903316863911,0.));
#7186=DIRECTION('ref_axis',(0.274903316863911,-0.961471874979825,0.));
#7187=DIRECTION('',(0.,0.,-1.));
#7188=DIRECTION('',(0.274903316863911,-0.961471874979825,0.));
#7189=DIRECTION('center_axis',(0.,1.,0.));
#7190=DIRECTION('ref_axis',(1.,0.,0.));
#7191=DIRECTION('',(0.,0.,-1.));
#7192=DIRECTION('',(1.,0.,0.));
#7193=DIRECTION('center_axis',(-0.95341969683789,-0.301646948735681,0.));
#7194=DIRECTION('ref_axis',(-0.301646948735681,0.95341969683789,0.));
#7195=DIRECTION('',(0.,0.,-1.));
#7196=DIRECTION('',(-0.301646948735681,0.95341969683789,0.));
#7197=DIRECTION('center_axis',(0.,-1.,0.));
#7198=DIRECTION('ref_axis',(-1.,0.,0.));
#7199=DIRECTION('',(-1.,0.,0.));
#7200=DIRECTION('center_axis',(0.,0.,-1.));
#7201=DIRECTION('ref_axis',(-1.,0.,0.));
#7202=DIRECTION('',(0.,0.,-1.));
#7203=DIRECTION('',(0.,0.,-1.));
#7204=DIRECTION('',(0.,0.,-1.));
#7205=DIRECTION('',(0.,0.,-1.));
#7206=DIRECTION('',(0.,0.,-1.));
#7207=DIRECTION('',(0.,0.,-1.));
#7208=DIRECTION('',(0.,0.,-1.));
#7209=DIRECTION('',(0.,0.,-1.));
#7210=DIRECTION('',(0.,0.,-1.));
#7211=DIRECTION('',(0.,0.,-1.));
#7212=DIRECTION('',(0.,0.,-1.));
#7213=DIRECTION('',(0.,0.,-1.));
#7214=DIRECTION('',(0.,0.,-1.));
#7215=DIRECTION('',(0.,0.,-1.));
#7216=DIRECTION('',(0.,0.,-1.));
#7217=DIRECTION('',(0.,0.,-1.));
#7218=DIRECTION('',(0.,0.,-1.));
#7219=DIRECTION('',(0.,0.,-1.));
#7220=DIRECTION('center_axis',(0.,0.,1.));
#7221=DIRECTION('ref_axis',(-1.,0.,0.));
#7222=DIRECTION('center_axis',(1.,0.,0.));
#7223=DIRECTION('ref_axis',(0.,-1.,0.));
#7224=DIRECTION('',(0.,0.,-1.));
#7225=DIRECTION('',(0.,-1.,0.));
#7226=DIRECTION('',(0.,0.,-1.));
#7227=DIRECTION('center_axis',(-0.850587372813134,-0.525833739133245,0.));
#7228=DIRECTION('ref_axis',(-0.525833739133245,0.850587372813134,0.));
#7229=DIRECTION('',(0.,0.,-1.));
#7230=DIRECTION('',(-0.525833739133245,0.850587372813134,0.));
#7231=DIRECTION('center_axis',(0.,-1.,0.));
#7232=DIRECTION('ref_axis',(-1.,0.,0.));
#7233=DIRECTION('',(0.,0.,-1.));
#7234=DIRECTION('',(-1.,0.,0.));
#7235=DIRECTION('center_axis',(1.,0.,0.));
#7236=DIRECTION('ref_axis',(0.,-1.,0.));
#7237=DIRECTION('',(0.,0.,-1.));
#7238=DIRECTION('',(0.,-1.,0.));
#7239=DIRECTION('center_axis',(0.,1.,0.));
#7240=DIRECTION('ref_axis',(1.,0.,0.));
#7241=DIRECTION('',(0.,0.,-1.));
#7242=DIRECTION('',(1.,0.,0.));
#7243=DIRECTION('center_axis',(-1.,0.,0.));
#7244=DIRECTION('ref_axis',(0.,1.,0.));
#7245=DIRECTION('',(0.,0.,-1.));
#7246=DIRECTION('',(0.,1.,0.));
#7247=DIRECTION('center_axis',(0.852613785095659,0.522541609314372,0.));
#7248=DIRECTION('ref_axis',(0.522541609314372,-0.852613785095659,0.));
#7249=DIRECTION('',(0.,0.,-1.));
#7250=DIRECTION('',(0.522541609314372,-0.852613785095659,0.));
#7251=DIRECTION('center_axis',(0.,1.,0.));
#7252=DIRECTION('ref_axis',(1.,0.,0.));
#7253=DIRECTION('',(0.,0.,-1.));
#7254=DIRECTION('',(1.,0.,0.));
#7255=DIRECTION('center_axis',(-1.,0.,0.));
#7256=DIRECTION('ref_axis',(0.,1.,0.));
#7257=DIRECTION('',(0.,0.,-1.));
#7258=DIRECTION('',(0.,1.,0.));
#7259=DIRECTION('center_axis',(0.,-1.,0.));
#7260=DIRECTION('ref_axis',(-1.,0.,0.));
#7261=DIRECTION('',(-1.,0.,0.));
#7262=DIRECTION('center_axis',(0.,0.,-1.));
#7263=DIRECTION('ref_axis',(-1.,0.,0.));
#7264=DIRECTION('center_axis',(0.,0.,1.));
#7265=DIRECTION('ref_axis',(1.,0.,0.));
#7266=DIRECTION('center_axis',(0.,0.,1.));
#7267=DIRECTION('ref_axis',(1.,0.,0.));
#7268=DIRECTION('center_axis',(0.,0.,1.));
#7269=DIRECTION('ref_axis',(1.,0.,0.));
#7270=DIRECTION('center_axis',(0.,0.,1.));
#7271=DIRECTION('ref_axis',(1.,0.,0.));
#7272=DIRECTION('center_axis',(0.,1.,0.));
#7273=DIRECTION('ref_axis',(-1.,0.,0.));
#7274=DIRECTION('',(-1.,0.,0.));
#7275=DIRECTION('',(0.,0.,1.));
#7276=DIRECTION('',(0.,0.,1.));
#7277=DIRECTION('center_axis',(-1.,0.,0.));
#7278=DIRECTION('ref_axis',(0.,-1.,0.));
#7279=DIRECTION('',(0.,-1.,0.));
#7280=DIRECTION('',(0.,0.,1.));
#7281=DIRECTION('center_axis',(0.,-1.,0.));
#7282=DIRECTION('ref_axis',(1.,0.,0.));
#7283=DIRECTION('',(1.,0.,0.));
#7284=DIRECTION('',(0.,0.,1.));
#7285=DIRECTION('center_axis',(1.,0.,0.));
#7286=DIRECTION('ref_axis',(0.,1.,0.));
#7287=DIRECTION('',(0.,1.,0.));
#7288=DIRECTION('center_axis',(0.,-1.,0.));
#7289=DIRECTION('ref_axis',(1.,0.,0.));
#7290=DIRECTION('',(1.,0.,0.));
#7291=DIRECTION('',(0.,0.,1.));
#7292=DIRECTION('',(0.,0.,1.));
#7293=DIRECTION('center_axis',(1.,0.,0.));
#7294=DIRECTION('ref_axis',(0.,1.,0.));
#7295=DIRECTION('',(0.,1.,0.));
#7296=DIRECTION('',(0.,0.,1.));
#7297=DIRECTION('center_axis',(0.,1.,0.));
#7298=DIRECTION('ref_axis',(-1.,0.,0.));
#7299=DIRECTION('',(-1.,0.,0.));
#7300=DIRECTION('',(0.,0.,1.));
#7301=DIRECTION('center_axis',(-1.,0.,0.));
#7302=DIRECTION('ref_axis',(0.,-1.,0.));
#7303=DIRECTION('',(0.,-1.,0.));
#7304=DIRECTION('center_axis',(0.,-1.,0.));
#7305=DIRECTION('ref_axis',(1.,0.,0.));
#7306=DIRECTION('',(-1.,0.,0.));
#7307=DIRECTION('center_axis',(0.,1.,0.));
#7308=DIRECTION('ref_axis',(-1.,0.,0.));
#7309=DIRECTION('',(1.,0.,0.));
#7310=DIRECTION('center_axis',(0.,0.,1.));
#7311=DIRECTION('ref_axis',(1.,0.,0.));
#7312=DIRECTION('center_axis',(0.,0.,1.));
#7313=DIRECTION('ref_axis',(1.,0.,0.));
#7314=CARTESIAN_POINT('',(0.,0.,0.));
#7315=CARTESIAN_POINT('Ctrl Pts',(27.9387077168551,1.93153500324094,0.));
#7316=CARTESIAN_POINT('Ctrl Pts',(27.9387077168551,1.93153500324094,1.));
#7317=CARTESIAN_POINT('Ctrl Pts',(28.117016098762,1.67078891337715,0.));
#7318=CARTESIAN_POINT('Ctrl Pts',(28.117016098762,1.67078891337715,1.));
#7319=CARTESIAN_POINT('Ctrl Pts',(28.4995303981893,1.11142593320764,0.));
#7320=CARTESIAN_POINT('Ctrl Pts',(28.4995303981893,1.11142593320764,1.));
#7321=CARTESIAN_POINT('Ctrl Pts',(28.5274741068154,0.432024949297152,0.));
#7322=CARTESIAN_POINT('Ctrl Pts',(28.5274741068154,0.432024949297152,1.));
#7323=CARTESIAN_POINT('Ctrl Pts',(28.5423919037905,0.0693255639632873,0.));
#7324=CARTESIAN_POINT('Ctrl Pts',(28.5423919037905,0.0693255639632873,1.));
#7325=CARTESIAN_POINT('',(27.9387077168551,1.93153500324094,0.));
#7326=CARTESIAN_POINT('',(28.5423919037905,0.0693255639632873,0.));
#7327=CARTESIAN_POINT('Ctrl Pts',(27.9387077168551,1.93153500324094,0.));
#7328=CARTESIAN_POINT('Ctrl Pts',(28.117016098762,1.67078891337715,0.));
#7329=CARTESIAN_POINT('Ctrl Pts',(28.4995303981893,1.11142593320764,0.));
#7330=CARTESIAN_POINT('Ctrl Pts',(28.5274741068154,0.432024949297152,0.));
#7331=CARTESIAN_POINT('Ctrl Pts',(28.5423919037905,0.0693255639632873,0.));
#7332=CARTESIAN_POINT('',(27.9387077168551,1.93153500324094,1.));
#7333=CARTESIAN_POINT('',(27.9387077168551,1.93153500324094,0.));
#7334=CARTESIAN_POINT('',(28.5423919037905,0.0693255639632873,1.));
#7335=CARTESIAN_POINT('Ctrl Pts',(27.9387077168551,1.93153500324094,1.));
#7336=CARTESIAN_POINT('Ctrl Pts',(28.117016098762,1.67078891337715,1.));
#7337=CARTESIAN_POINT('Ctrl Pts',(28.4995303981893,1.11142593320764,1.));
#7338=CARTESIAN_POINT('Ctrl Pts',(28.5274741068154,0.432024949297152,1.));
#7339=CARTESIAN_POINT('Ctrl Pts',(28.5423919037905,0.0693255639632873,1.));
#7340=CARTESIAN_POINT('',(28.5423919037905,0.0693255639632873,0.));
#7341=CARTESIAN_POINT('Ctrl Pts',(26.3834556416598,2.6170742488464,0.));
#7342=CARTESIAN_POINT('Ctrl Pts',(26.3834556416598,2.6170742488464,1.));
#7343=CARTESIAN_POINT('Ctrl Pts',(26.6829203561916,2.58925692267003,0.));
#7344=CARTESIAN_POINT('Ctrl Pts',(26.6829203561916,2.58925692267003,1.));
#7345=CARTESIAN_POINT('Ctrl Pts',(27.2779978552179,2.53398007672673,0.));
#7346=CARTESIAN_POINT('Ctrl Pts',(27.2779978552179,2.53398007672673,1.));
#7347=CARTESIAN_POINT('Ctrl Pts',(27.7194235441689,2.13148157161946,0.));
#7348=CARTESIAN_POINT('Ctrl Pts',(27.7194235441689,2.13148157161946,1.));
#7349=CARTESIAN_POINT('Ctrl Pts',(27.9387077168551,1.93153500324094,0.));
#7350=CARTESIAN_POINT('Ctrl Pts',(27.9387077168551,1.93153500324094,1.));
#7351=CARTESIAN_POINT('',(26.3834556416598,2.6170742488464,0.));
#7352=CARTESIAN_POINT('Ctrl Pts',(26.3834556416598,2.6170742488464,0.));
#7353=CARTESIAN_POINT('Ctrl Pts',(26.6829203561916,2.58925692267003,0.));
#7354=CARTESIAN_POINT('Ctrl Pts',(27.2779978552179,2.53398007672673,0.));
#7355=CARTESIAN_POINT('Ctrl Pts',(27.7194235441689,2.13148157161946,0.));
#7356=CARTESIAN_POINT('Ctrl Pts',(27.9387077168551,1.93153500324094,0.));
#7357=CARTESIAN_POINT('',(26.3834556416598,2.6170742488464,1.));
#7358=CARTESIAN_POINT('',(26.3834556416598,2.6170742488464,0.));
#7359=CARTESIAN_POINT('Ctrl Pts',(26.3834556416598,2.6170742488464,1.));
#7360=CARTESIAN_POINT('Ctrl Pts',(26.6829203561916,2.58925692267003,1.));
#7361=CARTESIAN_POINT('Ctrl Pts',(27.2779978552179,2.53398007672673,1.));
#7362=CARTESIAN_POINT('Ctrl Pts',(27.7194235441689,2.13148157161946,1.));
#7363=CARTESIAN_POINT('Ctrl Pts',(27.9387077168551,1.93153500324094,1.));
#7364=CARTESIAN_POINT('Ctrl Pts',(24.8895963505831,1.96734666591489,0.));
#7365=CARTESIAN_POINT('Ctrl Pts',(24.8895963505831,1.96734666591489,1.));
#7366=CARTESIAN_POINT('Ctrl Pts',(25.1046604297637,2.15684931646143,0.));
#7367=CARTESIAN_POINT('Ctrl Pts',(25.1046604297637,2.15684931646143,1.));
#7368=CARTESIAN_POINT('Ctrl Pts',(25.5328817904996,2.53417445225021,0.));
#7369=CARTESIAN_POINT('Ctrl Pts',(25.5328817904996,2.53417445225021,1.));
#7370=CARTESIAN_POINT('Ctrl Pts',(26.1007739339751,2.58952313610463,0.));
#7371=CARTESIAN_POINT('Ctrl Pts',(26.1007739339751,2.58952313610463,1.));
#7372=CARTESIAN_POINT('Ctrl Pts',(26.3834556416598,2.6170742488464,0.));
#7373=CARTESIAN_POINT('Ctrl Pts',(26.3834556416598,2.6170742488464,1.));
#7374=CARTESIAN_POINT('',(24.8895963505831,1.96734666591489,0.));
#7375=CARTESIAN_POINT('Ctrl Pts',(24.8895963505831,1.96734666591489,0.));
#7376=CARTESIAN_POINT('Ctrl Pts',(25.1046604297637,2.15684931646143,0.));
#7377=CARTESIAN_POINT('Ctrl Pts',(25.5328817904996,2.53417445225021,0.));
#7378=CARTESIAN_POINT('Ctrl Pts',(26.1007739339751,2.58952313610463,0.));
#7379=CARTESIAN_POINT('Ctrl Pts',(26.3834556416598,2.6170742488464,0.));
#7380=CARTESIAN_POINT('',(24.8895963505831,1.96734666591489,1.));
#7381=CARTESIAN_POINT('',(24.8895963505831,1.96734666591489,0.));
#7382=CARTESIAN_POINT('Ctrl Pts',(24.8895963505831,1.96734666591489,1.));
#7383=CARTESIAN_POINT('Ctrl Pts',(25.1046604297637,2.15684931646143,1.));
#7384=CARTESIAN_POINT('Ctrl Pts',(25.5328817904996,2.53417445225021,1.));
#7385=CARTESIAN_POINT('Ctrl Pts',(26.1007739339751,2.58952313610463,1.));
#7386=CARTESIAN_POINT('Ctrl Pts',(26.3834556416598,2.6170742488464,1.));
#7387=CARTESIAN_POINT('Ctrl Pts',(24.2449840382662,0.069325563963285,0.));
#7388=CARTESIAN_POINT('Ctrl Pts',(24.2449840382662,0.069325563963285,1.));
#7389=CARTESIAN_POINT('Ctrl Pts',(24.2687289700312,0.448134323105409,0.));
#7390=CARTESIAN_POINT('Ctrl Pts',(24.2687289700312,0.448134323105409,1.));
#7391=CARTESIAN_POINT('Ctrl Pts',(24.3122413597637,1.14229821984971,0.));
#7392=CARTESIAN_POINT('Ctrl Pts',(24.3122413597637,1.14229821984971,1.));
#7393=CARTESIAN_POINT('Ctrl Pts',(24.7092412939862,1.70961673969732,0.));
#7394=CARTESIAN_POINT('Ctrl Pts',(24.7092412939862,1.70961673969732,1.));
#7395=CARTESIAN_POINT('Ctrl Pts',(24.8895963505831,1.96734666591489,0.));
#7396=CARTESIAN_POINT('Ctrl Pts',(24.8895963505831,1.96734666591489,1.));
#7397=CARTESIAN_POINT('',(24.2449840382662,0.069325563963285,0.));
#7398=CARTESIAN_POINT('Ctrl Pts',(24.2449840382662,0.069325563963285,0.));
#7399=CARTESIAN_POINT('Ctrl Pts',(24.2687289700312,0.448134323105409,0.));
#7400=CARTESIAN_POINT('Ctrl Pts',(24.3122413597637,1.14229821984971,0.));
#7401=CARTESIAN_POINT('Ctrl Pts',(24.7092412939862,1.70961673969732,0.));
#7402=CARTESIAN_POINT('Ctrl Pts',(24.8895963505831,1.96734666591489,0.));
#7403=CARTESIAN_POINT('',(24.2449840382662,0.069325563963285,1.));
#7404=CARTESIAN_POINT('',(24.2449840382662,0.069325563963285,0.));
#7405=CARTESIAN_POINT('Ctrl Pts',(24.2449840382662,0.069325563963285,1.));
#7406=CARTESIAN_POINT('Ctrl Pts',(24.2687289700312,0.448134323105409,1.));
#7407=CARTESIAN_POINT('Ctrl Pts',(24.3122413597637,1.14229821984971,1.));
#7408=CARTESIAN_POINT('Ctrl Pts',(24.7092412939862,1.70961673969732,1.));
#7409=CARTESIAN_POINT('Ctrl Pts',(24.8895963505831,1.96734666591489,1.));
#7410=CARTESIAN_POINT('Origin',(28.5423919037905,0.0693255639632873,0.));
#7411=CARTESIAN_POINT('',(14.2711959518952,0.0693255639632803,0.));
#7412=CARTESIAN_POINT('',(28.5423919037905,0.0693255639632873,1.));
#7413=CARTESIAN_POINT('Ctrl Pts',(26.240208990964,-4.39179361099399,0.));
#7414=CARTESIAN_POINT('Ctrl Pts',(26.240208990964,-4.39179361099399,1.));
#7415=CARTESIAN_POINT('Ctrl Pts',(26.027131889527,-4.37884011837728,0.));
#7416=CARTESIAN_POINT('Ctrl Pts',(26.027131889527,-4.37884011837728,1.));
#7417=CARTESIAN_POINT('Ctrl Pts',(25.6161348411228,-4.35385457466522,0.));
#7418=CARTESIAN_POINT('Ctrl Pts',(25.6161348411228,-4.35385457466522,1.));
#7419=CARTESIAN_POINT('Ctrl Pts',(25.2707770159714,-4.1308393725961,0.));
#7420=CARTESIAN_POINT('Ctrl Pts',(25.2707770159714,-4.1308393725961,1.));
#7421=CARTESIAN_POINT('Ctrl Pts',(25.1044663266268,-4.02344405883945,0.));
#7422=CARTESIAN_POINT('Ctrl Pts',(25.1044663266268,-4.02344405883945,1.));
#7423=CARTESIAN_POINT('',(26.240208990964,-4.39179361099399,0.));
#7424=CARTESIAN_POINT('',(25.1044663266268,-4.02344405883945,0.));
#7425=CARTESIAN_POINT('Ctrl Pts',(26.240208990964,-4.39179361099399,0.));
#7426=CARTESIAN_POINT('Ctrl Pts',(26.027131889527,-4.37884011837728,0.));
#7427=CARTESIAN_POINT('Ctrl Pts',(25.6161348411228,-4.35385457466522,0.));
#7428=CARTESIAN_POINT('Ctrl Pts',(25.2707770159714,-4.1308393725961,0.));
#7429=CARTESIAN_POINT('Ctrl Pts',(25.1044663266268,-4.02344405883945,0.));
#7430=CARTESIAN_POINT('',(26.240208990964,-4.39179361099399,1.));
#7431=CARTESIAN_POINT('',(26.240208990964,-4.39179361099399,0.));
#7432=CARTESIAN_POINT('',(25.1044663266268,-4.02344405883945,1.));
#7433=CARTESIAN_POINT('Ctrl Pts',(26.240208990964,-4.39179361099399,1.));
#7434=CARTESIAN_POINT('Ctrl Pts',(26.027131889527,-4.37884011837728,1.));
#7435=CARTESIAN_POINT('Ctrl Pts',(25.6161348411228,-4.35385457466522,1.));
#7436=CARTESIAN_POINT('Ctrl Pts',(25.2707770159714,-4.1308393725961,1.));
#7437=CARTESIAN_POINT('Ctrl Pts',(25.1044663266268,-4.02344405883945,1.));
#7438=CARTESIAN_POINT('',(25.1044663266268,-4.02344405883945,0.));
#7439=CARTESIAN_POINT('Ctrl Pts',(27.8977807835665,-3.68067443603671,0.));
#7440=CARTESIAN_POINT('Ctrl Pts',(27.8977807835665,-3.68067443603671,1.));
#7441=CARTESIAN_POINT('Ctrl Pts',(27.661556152186,-3.88808275101349,0.));
#7442=CARTESIAN_POINT('Ctrl Pts',(27.661556152186,-3.88808275101349,1.));
#7443=CARTESIAN_POINT('Ctrl Pts',(27.1865248676865,-4.3051664298134,0.));
#7444=CARTESIAN_POINT('Ctrl Pts',(27.1865248676865,-4.3051664298134,1.));
#7445=CARTESIAN_POINT('Ctrl Pts',(26.5567885889431,-4.36281343760073,0.));
#7446=CARTESIAN_POINT('Ctrl Pts',(26.5567885889431,-4.36281343760073,1.));
#7447=CARTESIAN_POINT('Ctrl Pts',(26.240208990964,-4.39179361099399,0.));
#7448=CARTESIAN_POINT('Ctrl Pts',(26.240208990964,-4.39179361099399,1.));
#7449=CARTESIAN_POINT('',(27.8977807835665,-3.68067443603671,0.));
#7450=CARTESIAN_POINT('Ctrl Pts',(27.8977807835665,-3.68067443603671,0.));
#7451=CARTESIAN_POINT('Ctrl Pts',(27.661556152186,-3.88808275101349,0.));
#7452=CARTESIAN_POINT('Ctrl Pts',(27.1865248676865,-4.3051664298134,0.));
#7453=CARTESIAN_POINT('Ctrl Pts',(26.5567885889431,-4.36281343760073,0.));
#7454=CARTESIAN_POINT('Ctrl Pts',(26.240208990964,-4.39179361099399,0.));
#7455=CARTESIAN_POINT('',(27.8977807835665,-3.68067443603671,1.));
#7456=CARTESIAN_POINT('',(27.8977807835665,-3.68067443603671,0.));
#7457=CARTESIAN_POINT('Ctrl Pts',(27.8977807835665,-3.68067443603671,1.));
#7458=CARTESIAN_POINT('Ctrl Pts',(27.661556152186,-3.88808275101349,1.));
#7459=CARTESIAN_POINT('Ctrl Pts',(27.1865248676865,-4.3051664298134,1.));
#7460=CARTESIAN_POINT('Ctrl Pts',(26.5567885889431,-4.36281343760073,1.));
#7461=CARTESIAN_POINT('Ctrl Pts',(26.240208990964,-4.39179361099399,1.));
#7462=CARTESIAN_POINT('Ctrl Pts',(28.5935517624941,-1.69056594604648,0.));
#7463=CARTESIAN_POINT('Ctrl Pts',(28.5935517624941,-1.69056594604648,1.));
#7464=CARTESIAN_POINT('Ctrl Pts',(28.5662084834134,-2.0826397154448,0.));
#7465=CARTESIAN_POINT('Ctrl Pts',(28.5662084834134,-2.0826397154448,1.));
#7466=CARTESIAN_POINT('Ctrl Pts',(28.5153307709602,-2.81217242588082,0.));
#7467=CARTESIAN_POINT('Ctrl Pts',(28.5153307709602,-2.81217242588082,1.));
#7468=CARTESIAN_POINT('Ctrl Pts',(28.0930941812823,-3.40599209130467,0.));
#7469=CARTESIAN_POINT('Ctrl Pts',(28.0930941812823,-3.40599209130467,1.));
#7470=CARTESIAN_POINT('Ctrl Pts',(27.8977807835665,-3.68067443603671,0.));
#7471=CARTESIAN_POINT('Ctrl Pts',(27.8977807835665,-3.68067443603671,1.));
#7472=CARTESIAN_POINT('',(28.5935517624941,-1.69056594604648,0.));
#7473=CARTESIAN_POINT('Ctrl Pts',(28.5935517624941,-1.69056594604648,0.));
#7474=CARTESIAN_POINT('Ctrl Pts',(28.5662084834134,-2.0826397154448,0.));
#7475=CARTESIAN_POINT('Ctrl Pts',(28.5153307709602,-2.81217242588082,0.));
#7476=CARTESIAN_POINT('Ctrl Pts',(28.0930941812823,-3.40599209130467,0.));
#7477=CARTESIAN_POINT('Ctrl Pts',(27.8977807835665,-3.68067443603671,0.));
#7478=CARTESIAN_POINT('',(28.5935517624941,-1.69056594604648,1.));
#7479=CARTESIAN_POINT('',(28.5935517624941,-1.69056594604648,0.));
#7480=CARTESIAN_POINT('Ctrl Pts',(28.5935517624941,-1.69056594604648,1.));
#7481=CARTESIAN_POINT('Ctrl Pts',(28.5662084834134,-2.0826397154448,1.));
#7482=CARTESIAN_POINT('Ctrl Pts',(28.5153307709602,-2.81217242588082,1.));
#7483=CARTESIAN_POINT('Ctrl Pts',(28.0930941812823,-3.40599209130467,1.));
#7484=CARTESIAN_POINT('Ctrl Pts',(27.8977807835665,-3.68067443603671,1.));
#7485=CARTESIAN_POINT('Origin',(21.3902767972079,-1.69056594604648,0.));
#7486=CARTESIAN_POINT('',(21.3902767972079,-1.69056594604648,0.));
#7487=CARTESIAN_POINT('',(10.6951383986039,-1.69056594604649,0.));
#7488=CARTESIAN_POINT('',(21.3902767972079,-1.69056594604648,1.));
#7489=CARTESIAN_POINT('',(21.3902767972079,-1.69056594604648,0.));
#7490=CARTESIAN_POINT('',(21.3902767972079,-1.69056594604648,1.));
#7491=CARTESIAN_POINT('Ctrl Pts',(22.7306588963595,3.21564137702786,0.));
#7492=CARTESIAN_POINT('Ctrl Pts',(22.7306588963595,3.21564137702786,1.));
#7493=CARTESIAN_POINT('Ctrl Pts',(22.3268863012454,2.55727832177807,0.));
#7494=CARTESIAN_POINT('Ctrl Pts',(22.3268863012454,2.55727832177807,1.));
#7495=CARTESIAN_POINT('Ctrl Pts',(21.4096478875865,1.06169419418687,0.));
#7496=CARTESIAN_POINT('Ctrl Pts',(21.4096478875865,1.06169419418687,1.));
#7497=CARTESIAN_POINT('Ctrl Pts',(21.3972288929335,-0.702806579754236,0.));
#7498=CARTESIAN_POINT('Ctrl Pts',(21.3972288929335,-0.702806579754236,1.));
#7499=CARTESIAN_POINT('Ctrl Pts',(21.3902767972079,-1.69056594604648,0.));
#7500=CARTESIAN_POINT('Ctrl Pts',(21.3902767972079,-1.69056594604648,1.));
#7501=CARTESIAN_POINT('',(22.7306588963595,3.21564137702786,0.));
#7502=CARTESIAN_POINT('Ctrl Pts',(22.7306588963595,3.21564137702786,0.));
#7503=CARTESIAN_POINT('Ctrl Pts',(22.3268863012454,2.55727832177807,0.));
#7504=CARTESIAN_POINT('Ctrl Pts',(21.4096478875865,1.06169419418687,0.));
#7505=CARTESIAN_POINT('Ctrl Pts',(21.3972288929335,-0.702806579754236,0.));
#7506=CARTESIAN_POINT('Ctrl Pts',(21.3902767972079,-1.69056594604648,0.));
#7507=CARTESIAN_POINT('',(22.7306588963595,3.21564137702786,1.));
#7508=CARTESIAN_POINT('',(22.7306588963595,3.21564137702786,0.));
#7509=CARTESIAN_POINT('Ctrl Pts',(22.7306588963595,3.21564137702786,1.));
#7510=CARTESIAN_POINT('Ctrl Pts',(22.3268863012454,2.55727832177807,1.));
#7511=CARTESIAN_POINT('Ctrl Pts',(21.4096478875865,1.06169419418687,1.));
#7512=CARTESIAN_POINT('Ctrl Pts',(21.3972288929335,-0.702806579754236,1.));
#7513=CARTESIAN_POINT('Ctrl Pts',(21.3902767972079,-1.69056594604648,1.));
#7514=CARTESIAN_POINT('Ctrl Pts',(26.5573986844149,4.81693804031216,0.));
#7515=CARTESIAN_POINT('Ctrl Pts',(26.5573986844149,4.81693804031216,1.));
#7516=CARTESIAN_POINT('Ctrl Pts',(25.8012387908583,4.76076860323303,0.));
#7517=CARTESIAN_POINT('Ctrl Pts',(25.8012387908583,4.76076860323303,1.));
#7518=CARTESIAN_POINT('Ctrl Pts',(24.343384056446,4.65247552861632,0.));
#7519=CARTESIAN_POINT('Ctrl Pts',(24.343384056446,4.65247552861632,1.));
#7520=CARTESIAN_POINT('Ctrl Pts',(23.2546760050709,3.68250683956759,0.));
#7521=CARTESIAN_POINT('Ctrl Pts',(23.2546760050709,3.68250683956759,1.));
#7522=CARTESIAN_POINT('Ctrl Pts',(22.7306588963595,3.21564137702786,0.));
#7523=CARTESIAN_POINT('Ctrl Pts',(22.7306588963595,3.21564137702786,1.));
#7524=CARTESIAN_POINT('',(26.5573986844149,4.81693804031216,0.));
#7525=CARTESIAN_POINT('Ctrl Pts',(26.5573986844149,4.81693804031216,0.));
#7526=CARTESIAN_POINT('Ctrl Pts',(25.8012387908583,4.76076860323303,0.));
#7527=CARTESIAN_POINT('Ctrl Pts',(24.343384056446,4.65247552861632,0.));
#7528=CARTESIAN_POINT('Ctrl Pts',(23.2546760050709,3.68250683956759,0.));
#7529=CARTESIAN_POINT('Ctrl Pts',(22.7306588963595,3.21564137702786,0.));
#7530=CARTESIAN_POINT('',(26.5573986844149,4.81693804031216,1.));
#7531=CARTESIAN_POINT('',(26.5573986844149,4.81693804031216,0.));
#7532=CARTESIAN_POINT('Ctrl Pts',(26.5573986844149,4.81693804031216,1.));
#7533=CARTESIAN_POINT('Ctrl Pts',(25.8012387908583,4.76076860323303,1.));
#7534=CARTESIAN_POINT('Ctrl Pts',(24.343384056446,4.65247552861632,1.));
#7535=CARTESIAN_POINT('Ctrl Pts',(23.2546760050709,3.68250683956759,1.));
#7536=CARTESIAN_POINT('Ctrl Pts',(22.7306588963595,3.21564137702786,1.));
#7537=CARTESIAN_POINT('Ctrl Pts',(30.1283403710451,3.28726529842221,0.));
#7538=CARTESIAN_POINT('Ctrl Pts',(30.1283403710451,3.28726529842221,1.));
#7539=CARTESIAN_POINT('Ctrl Pts',(29.6228954098862,3.73340640754259,0.));
#7540=CARTESIAN_POINT('Ctrl Pts',(29.6228954098862,3.73340640754259,1.));
#7541=CARTESIAN_POINT('Ctrl Pts',(28.6014336410569,4.63502007765361,0.));
#7542=CARTESIAN_POINT('Ctrl Pts',(28.6014336410569,4.63502007765361,1.));
#7543=CARTESIAN_POINT('Ctrl Pts',(27.2434286618175,4.75588175778321,0.));
#7544=CARTESIAN_POINT('Ctrl Pts',(27.2434286618175,4.75588175778321,1.));
#7545=CARTESIAN_POINT('Ctrl Pts',(26.5573986844149,4.81693804031216,0.));
#7546=CARTESIAN_POINT('Ctrl Pts',(26.5573986844149,4.81693804031216,1.));
#7547=CARTESIAN_POINT('',(30.1283403710451,3.28726529842221,0.));
#7548=CARTESIAN_POINT('Ctrl Pts',(30.1283403710451,3.28726529842221,0.));
#7549=CARTESIAN_POINT('Ctrl Pts',(29.6228954098862,3.73340640754259,0.));
#7550=CARTESIAN_POINT('Ctrl Pts',(28.6014336410569,4.63502007765361,0.));
#7551=CARTESIAN_POINT('Ctrl Pts',(27.2434286618175,4.75588175778321,0.));
#7552=CARTESIAN_POINT('Ctrl Pts',(26.5573986844149,4.81693804031216,0.));
#7553=CARTESIAN_POINT('',(30.1283403710451,3.28726529842221,1.));
#7554=CARTESIAN_POINT('',(30.1283403710451,3.28726529842221,0.));
#7555=CARTESIAN_POINT('Ctrl Pts',(30.1283403710451,3.28726529842221,1.));
#7556=CARTESIAN_POINT('Ctrl Pts',(29.6228954098862,3.73340640754259,1.));
#7557=CARTESIAN_POINT('Ctrl Pts',(28.6014336410569,4.63502007765361,1.));
#7558=CARTESIAN_POINT('Ctrl Pts',(27.2434286618175,4.75588175778321,1.));
#7559=CARTESIAN_POINT('Ctrl Pts',(26.5573986844149,4.81693804031216,1.));
#7560=CARTESIAN_POINT('Ctrl Pts',(31.5403457955446,-0.943636300508146,0.));
#7561=CARTESIAN_POINT('Ctrl Pts',(31.5403457955446,-0.943636300508146,1.));
#7562=CARTESIAN_POINT('Ctrl Pts',(31.5003739851051,-0.113725745261426,0.));
#7563=CARTESIAN_POINT('Ctrl Pts',(31.5003739851051,-0.113725745261426,1.));
#7564=CARTESIAN_POINT('Ctrl Pts',(31.425786790875,1.43488311426358,0.));
#7565=CARTESIAN_POINT('Ctrl Pts',(31.425786790875,1.43488311426358,1.));
#7566=CARTESIAN_POINT('Ctrl Pts',(30.5396091028298,2.70009124636439,0.));
#7567=CARTESIAN_POINT('Ctrl Pts',(30.5396091028298,2.70009124636439,1.));
#7568=CARTESIAN_POINT('Ctrl Pts',(30.1283403710451,3.28726529842221,0.));
#7569=CARTESIAN_POINT('Ctrl Pts',(30.1283403710451,3.28726529842221,1.));
#7570=CARTESIAN_POINT('',(31.5403457955446,-0.943636300508146,0.));
#7571=CARTESIAN_POINT('Ctrl Pts',(31.5403457955446,-0.943636300508146,0.));
#7572=CARTESIAN_POINT('Ctrl Pts',(31.5003739851051,-0.113725745261426,0.));
#7573=CARTESIAN_POINT('Ctrl Pts',(31.425786790875,1.43488311426358,0.));
#7574=CARTESIAN_POINT('Ctrl Pts',(30.5396091028298,2.70009124636439,0.));
#7575=CARTESIAN_POINT('Ctrl Pts',(30.1283403710451,3.28726529842221,0.));
#7576=CARTESIAN_POINT('',(31.5403457955446,-0.943636300508146,1.));
#7577=CARTESIAN_POINT('',(31.5403457955446,-0.943636300508146,0.));
#7578=CARTESIAN_POINT('Ctrl Pts',(31.5403457955446,-0.943636300508146,1.));
#7579=CARTESIAN_POINT('Ctrl Pts',(31.5003739851051,-0.113725745261426,1.));
#7580=CARTESIAN_POINT('Ctrl Pts',(31.425786790875,1.43488311426358,1.));
#7581=CARTESIAN_POINT('Ctrl Pts',(30.5396091028298,2.70009124636439,1.));
#7582=CARTESIAN_POINT('Ctrl Pts',(30.1283403710451,3.28726529842221,1.));
#7583=CARTESIAN_POINT('Ctrl Pts',(30.4659935311403,-4.68851983780063,0.));
#7584=CARTESIAN_POINT('Ctrl Pts',(30.4659935311403,-4.68851983780063,1.));
#7585=CARTESIAN_POINT('Ctrl Pts',(30.7790761641254,-4.14237730860909,0.));
#7586=CARTESIAN_POINT('Ctrl Pts',(30.7790761641254,-4.14237730860909,1.));
#7587=CARTESIAN_POINT('Ctrl Pts',(31.4427077563453,-2.98473584900226,0.));
#7588=CARTESIAN_POINT('Ctrl Pts',(31.4427077563453,-2.98473584900226,1.));
#7589=CARTESIAN_POINT('Ctrl Pts',(31.5065974526347,-1.6491372306857,0.));
#7590=CARTESIAN_POINT('Ctrl Pts',(31.5065974526347,-1.6491372306857,1.));
#7591=CARTESIAN_POINT('Ctrl Pts',(31.5403457955446,-0.943636300508146,0.));
#7592=CARTESIAN_POINT('Ctrl Pts',(31.5403457955446,-0.943636300508146,1.));
#7593=CARTESIAN_POINT('',(30.4659935311403,-4.68851983780063,0.));
#7594=CARTESIAN_POINT('Ctrl Pts',(30.4659935311403,-4.68851983780063,0.));
#7595=CARTESIAN_POINT('Ctrl Pts',(30.7790761641254,-4.14237730860909,0.));
#7596=CARTESIAN_POINT('Ctrl Pts',(31.4427077563453,-2.98473584900226,0.));
#7597=CARTESIAN_POINT('Ctrl Pts',(31.5065974526347,-1.6491372306857,0.));
#7598=CARTESIAN_POINT('Ctrl Pts',(31.5403457955446,-0.943636300508146,0.));
#7599=CARTESIAN_POINT('',(30.4659935311403,-4.68851983780063,1.));
#7600=CARTESIAN_POINT('',(30.4659935311403,-4.68851983780063,0.));
#7601=CARTESIAN_POINT('Ctrl Pts',(30.4659935311403,-4.68851983780063,1.));
#7602=CARTESIAN_POINT('Ctrl Pts',(30.7790761641254,-4.14237730860909,1.));
#7603=CARTESIAN_POINT('Ctrl Pts',(31.4427077563453,-2.98473584900226,1.));
#7604=CARTESIAN_POINT('Ctrl Pts',(31.5065974526347,-1.6491372306857,1.));
#7605=CARTESIAN_POINT('Ctrl Pts',(31.5403457955446,-0.943636300508146,1.));
#7606=CARTESIAN_POINT('Ctrl Pts',(26.2709053830233,-6.54049813980258,0.));
#7607=CARTESIAN_POINT('Ctrl Pts',(26.2709053830233,-6.54049813980258,1.));
#7608=CARTESIAN_POINT('Ctrl Pts',(27.1379700767607,-6.48420504343644,0.));
#7609=CARTESIAN_POINT('Ctrl Pts',(27.1379700767607,-6.48420504343644,1.));
#7610=CARTESIAN_POINT('Ctrl Pts',(28.7715300702468,-6.37814819347199,0.));
#7611=CARTESIAN_POINT('Ctrl Pts',(28.7715300702468,-6.37814819347199,1.));
#7612=CARTESIAN_POINT('Ctrl Pts',(29.9248400493719,-5.2281291528838,0.));
#7613=CARTESIAN_POINT('Ctrl Pts',(29.9248400493719,-5.2281291528838,1.));
#7614=CARTESIAN_POINT('Ctrl Pts',(30.4659935311403,-4.68851983780063,0.));
#7615=CARTESIAN_POINT('Ctrl Pts',(30.4659935311403,-4.68851983780063,1.));
#7616=CARTESIAN_POINT('',(26.2709053830233,-6.54049813980258,0.));
#7617=CARTESIAN_POINT('Ctrl Pts',(26.2709053830233,-6.54049813980258,0.));
#7618=CARTESIAN_POINT('Ctrl Pts',(27.1379700767607,-6.48420504343644,0.));
#7619=CARTESIAN_POINT('Ctrl Pts',(28.7715300702468,-6.37814819347199,0.));
#7620=CARTESIAN_POINT('Ctrl Pts',(29.9248400493719,-5.2281291528838,0.));
#7621=CARTESIAN_POINT('Ctrl Pts',(30.4659935311403,-4.68851983780063,0.));
#7622=CARTESIAN_POINT('',(26.2709053830233,-6.54049813980258,1.));
#7623=CARTESIAN_POINT('',(26.2709053830233,-6.54049813980258,0.));
#7624=CARTESIAN_POINT('Ctrl Pts',(26.2709053830233,-6.54049813980258,1.));
#7625=CARTESIAN_POINT('Ctrl Pts',(27.1379700767607,-6.48420504343644,1.));
#7626=CARTESIAN_POINT('Ctrl Pts',(28.7715300702468,-6.37814819347199,1.));
#7627=CARTESIAN_POINT('Ctrl Pts',(29.9248400493719,-5.2281291528838,1.));
#7628=CARTESIAN_POINT('Ctrl Pts',(30.4659935311403,-4.68851983780063,1.));
#7629=CARTESIAN_POINT('Ctrl Pts',(23.2882984952059,-5.71682751411594,0.));
#7630=CARTESIAN_POINT('Ctrl Pts',(23.2882984952059,-5.71682751411594,1.));
#7631=CARTESIAN_POINT('Ctrl Pts',(23.7257773231896,-5.95685781929511,0.));
#7632=CARTESIAN_POINT('Ctrl Pts',(23.7257773231896,-5.95685781929511,1.));
#7633=CARTESIAN_POINT('Ctrl Pts',(24.6530903411611,-6.46564410211064,0.));
#7634=CARTESIAN_POINT('Ctrl Pts',(24.6530903411611,-6.46564410211064,1.));
#7635=CARTESIAN_POINT('Ctrl Pts',(25.7117107445765,-6.51462498653084,0.));
#7636=CARTESIAN_POINT('Ctrl Pts',(25.7117107445765,-6.51462498653084,1.));
#7637=CARTESIAN_POINT('Ctrl Pts',(26.2709053830233,-6.54049813980258,0.));
#7638=CARTESIAN_POINT('Ctrl Pts',(26.2709053830233,-6.54049813980258,1.));
#7639=CARTESIAN_POINT('',(23.2882984952059,-5.71682751411594,0.));
#7640=CARTESIAN_POINT('Ctrl Pts',(23.2882984952059,-5.71682751411594,0.));
#7641=CARTESIAN_POINT('Ctrl Pts',(23.7257773231896,-5.95685781929511,0.));
#7642=CARTESIAN_POINT('Ctrl Pts',(24.6530903411611,-6.46564410211064,0.));
#7643=CARTESIAN_POINT('Ctrl Pts',(25.7117107445765,-6.51462498653084,0.));
#7644=CARTESIAN_POINT('Ctrl Pts',(26.2709053830233,-6.54049813980258,0.));
#7645=CARTESIAN_POINT('',(23.2882984952059,-5.71682751411594,1.));
#7646=CARTESIAN_POINT('',(23.2882984952059,-5.71682751411594,0.));
#7647=CARTESIAN_POINT('Ctrl Pts',(23.2882984952059,-5.71682751411594,1.));
#7648=CARTESIAN_POINT('Ctrl Pts',(23.7257773231896,-5.95685781929511,1.));
#7649=CARTESIAN_POINT('Ctrl Pts',(24.6530903411611,-6.46564410211064,1.));
#7650=CARTESIAN_POINT('Ctrl Pts',(25.7117107445765,-6.51462498653084,1.));
#7651=CARTESIAN_POINT('Ctrl Pts',(26.2709053830233,-6.54049813980258,1.));
#7652=CARTESIAN_POINT('Ctrl Pts',(21.5437563733187,-3.31744134658969,0.));
#7653=CARTESIAN_POINT('Ctrl Pts',(21.5437563733187,-3.31744134658969,1.));
#7654=CARTESIAN_POINT('Ctrl Pts',(21.7464795976909,-3.80559956661119,0.));
#7655=CARTESIAN_POINT('Ctrl Pts',(21.7464795976909,-3.80559956661119,1.));
#7656=CARTESIAN_POINT('Ctrl Pts',(22.1370317176446,-4.74605041180962,0.));
#7657=CARTESIAN_POINT('Ctrl Pts',(22.1370317176446,-4.74605041180962,1.));
#7658=CARTESIAN_POINT('Ctrl Pts',(22.9144252843971,-5.40156821949117,0.));
#7659=CARTESIAN_POINT('Ctrl Pts',(22.9144252843971,-5.40156821949117,1.));
#7660=CARTESIAN_POINT('Ctrl Pts',(23.2882984952059,-5.71682751411594,0.));
#7661=CARTESIAN_POINT('Ctrl Pts',(23.2882984952059,-5.71682751411594,1.));
#7662=CARTESIAN_POINT('',(21.5437563733187,-3.31744134658969,0.));
#7663=CARTESIAN_POINT('Ctrl Pts',(21.5437563733187,-3.31744134658969,0.));
#7664=CARTESIAN_POINT('Ctrl Pts',(21.7464795976909,-3.80559956661119,0.));
#7665=CARTESIAN_POINT('Ctrl Pts',(22.1370317176446,-4.74605041180962,0.));
#7666=CARTESIAN_POINT('Ctrl Pts',(22.9144252843971,-5.40156821949117,0.));
#7667=CARTESIAN_POINT('Ctrl Pts',(23.2882984952059,-5.71682751411594,0.));
#7668=CARTESIAN_POINT('',(21.5437563733187,-3.31744134658969,1.));
#7669=CARTESIAN_POINT('',(21.5437563733187,-3.31744134658969,0.));
#7670=CARTESIAN_POINT('Ctrl Pts',(21.5437563733187,-3.31744134658969,1.));
#7671=CARTESIAN_POINT('Ctrl Pts',(21.7464795976909,-3.80559956661119,1.));
#7672=CARTESIAN_POINT('Ctrl Pts',(22.1370317176446,-4.74605041180962,1.));
#7673=CARTESIAN_POINT('Ctrl Pts',(22.9144252843971,-5.40156821949117,1.));
#7674=CARTESIAN_POINT('Ctrl Pts',(23.2882984952059,-5.71682751411594,1.));
#7675=CARTESIAN_POINT('Origin',(24.4086941556063,-2.83654153579868,0.));
#7676=CARTESIAN_POINT('',(24.4086941556063,-2.83654153579868,0.));
#7677=CARTESIAN_POINT('',(12.77033572661,-4.79012126134279,0.));
#7678=CARTESIAN_POINT('',(24.4086941556063,-2.83654153579868,1.));
#7679=CARTESIAN_POINT('',(24.4086941556063,-2.83654153579868,0.));
#7680=CARTESIAN_POINT('',(24.4086941556063,-2.83654153579868,1.));
#7681=CARTESIAN_POINT('Ctrl Pts',(25.1044663266268,-4.02344405883945,0.));
#7682=CARTESIAN_POINT('Ctrl Pts',(25.1044663266268,-4.02344405883945,1.));
#7683=CARTESIAN_POINT('Ctrl Pts',(24.957385257493,-3.87064290274398,0.));
#7684=CARTESIAN_POINT('Ctrl Pts',(24.957385257493,-3.87064290274398,1.));
#7685=CARTESIAN_POINT('Ctrl Pts',(24.6314562165429,-3.53203825052348,0.));
#7686=CARTESIAN_POINT('Ctrl Pts',(24.6314562165429,-3.53203825052348,1.));
#7687=CARTESIAN_POINT('Ctrl Pts',(24.4876211704832,-3.08296356708679,0.));
#7688=CARTESIAN_POINT('Ctrl Pts',(24.4876211704832,-3.08296356708679,1.));
#7689=CARTESIAN_POINT('Ctrl Pts',(24.4086941556063,-2.83654153579868,0.));
#7690=CARTESIAN_POINT('Ctrl Pts',(24.4086941556063,-2.83654153579868,1.));
#7691=CARTESIAN_POINT('Ctrl Pts',(25.1044663266268,-4.02344405883945,0.));
#7692=CARTESIAN_POINT('Ctrl Pts',(24.957385257493,-3.87064290274398,0.));
#7693=CARTESIAN_POINT('Ctrl Pts',(24.6314562165429,-3.53203825052348,0.));
#7694=CARTESIAN_POINT('Ctrl Pts',(24.4876211704832,-3.08296356708679,0.));
#7695=CARTESIAN_POINT('Ctrl Pts',(24.4086941556063,-2.83654153579868,0.));
#7696=CARTESIAN_POINT('Ctrl Pts',(25.1044663266268,-4.02344405883945,1.));
#7697=CARTESIAN_POINT('Ctrl Pts',(24.957385257493,-3.87064290274398,1.));
#7698=CARTESIAN_POINT('Ctrl Pts',(24.6314562165429,-3.53203825052348,1.));
#7699=CARTESIAN_POINT('Ctrl Pts',(24.4876211704832,-3.08296356708679,1.));
#7700=CARTESIAN_POINT('Ctrl Pts',(24.4086941556063,-2.83654153579868,1.));
#7701=CARTESIAN_POINT('Origin',(0.066947586926478,1.08978252265539,1.));
#7702=CARTESIAN_POINT('Ctrl Pts',(-40.379847638217,2.61707424884637,0.));
#7703=CARTESIAN_POINT('Ctrl Pts',(-40.379847638217,2.61707424884637,1.));
#7704=CARTESIAN_POINT('Ctrl Pts',(-40.0512844849442,2.5815694334628,0.));
#7705=CARTESIAN_POINT('Ctrl Pts',(-40.0512844849442,2.5815694334628,1.));
#7706=CARTESIAN_POINT('Ctrl Pts',(-39.3861071765599,2.50968980455042,0.));
#7707=CARTESIAN_POINT('Ctrl Pts',(-39.3861071765599,2.50968980455042,1.));
#7708=CARTESIAN_POINT('Ctrl Pts',(-38.9079644818018,2.04087866173679,0.));
#7709=CARTESIAN_POINT('Ctrl Pts',(-38.9079644818018,2.04087866173679,1.));
#7710=CARTESIAN_POINT('Ctrl Pts',(-38.6659995242033,1.80363595252832,0.));
#7711=CARTESIAN_POINT('Ctrl Pts',(-38.6659995242033,1.80363595252832,1.));
#7712=CARTESIAN_POINT('',(-40.379847638217,2.61707424884637,0.));
#7713=CARTESIAN_POINT('',(-38.6659995242033,1.80363595252832,0.));
#7714=CARTESIAN_POINT('Ctrl Pts',(-40.379847638217,2.61707424884637,0.));
#7715=CARTESIAN_POINT('Ctrl Pts',(-40.0512844849442,2.5815694334628,0.));
#7716=CARTESIAN_POINT('Ctrl Pts',(-39.3861071765599,2.50968980455042,0.));
#7717=CARTESIAN_POINT('Ctrl Pts',(-38.9079644818018,2.04087866173679,0.));
#7718=CARTESIAN_POINT('Ctrl Pts',(-38.6659995242033,1.80363595252832,0.));
#7719=CARTESIAN_POINT('',(-40.379847638217,2.61707424884637,1.));
#7720=CARTESIAN_POINT('',(-40.379847638217,2.61707424884637,0.));
#7721=CARTESIAN_POINT('',(-38.6659995242033,1.80363595252832,1.));
#7722=CARTESIAN_POINT('Ctrl Pts',(-40.379847638217,2.61707424884637,1.));
#7723=CARTESIAN_POINT('Ctrl Pts',(-40.0512844849442,2.5815694334628,1.));
#7724=CARTESIAN_POINT('Ctrl Pts',(-39.3861071765599,2.50968980455042,1.));
#7725=CARTESIAN_POINT('Ctrl Pts',(-38.9079644818018,2.04087866173679,1.));
#7726=CARTESIAN_POINT('Ctrl Pts',(-38.6659995242033,1.80363595252832,1.));
#7727=CARTESIAN_POINT('',(-38.6659995242033,1.80363595252832,0.));
#7728=CARTESIAN_POINT('Ctrl Pts',(-42.1090403719816,1.79340421920617,0.));
#7729=CARTESIAN_POINT('Ctrl Pts',(-42.1090403719816,1.79340421920617,1.));
#7730=CARTESIAN_POINT('Ctrl Pts',(-41.8687073753588,2.03364073735159,0.));
#7731=CARTESIAN_POINT('Ctrl Pts',(-41.8687073753588,2.03364073735159,1.));
#7732=CARTESIAN_POINT('Ctrl Pts',(-41.3895120388925,2.51264370723864,0.));
#7733=CARTESIAN_POINT('Ctrl Pts',(-41.3895120388925,2.51264370723864,1.));
#7734=CARTESIAN_POINT('Ctrl Pts',(-40.7157131392188,2.5823353631795,0.));
#7735=CARTESIAN_POINT('Ctrl Pts',(-40.7157131392188,2.5823353631795,1.));
#7736=CARTESIAN_POINT('Ctrl Pts',(-40.379847638217,2.61707424884637,0.));
#7737=CARTESIAN_POINT('Ctrl Pts',(-40.379847638217,2.61707424884637,1.));
#7738=CARTESIAN_POINT('',(-42.1090403719816,1.79340421920617,0.));
#7739=CARTESIAN_POINT('Ctrl Pts',(-42.1090403719816,1.79340421920617,0.));
#7740=CARTESIAN_POINT('Ctrl Pts',(-41.8687073753588,2.03364073735159,0.));
#7741=CARTESIAN_POINT('Ctrl Pts',(-41.3895120388925,2.51264370723864,0.));
#7742=CARTESIAN_POINT('Ctrl Pts',(-40.7157131392188,2.5823353631795,0.));
#7743=CARTESIAN_POINT('Ctrl Pts',(-40.379847638217,2.61707424884637,0.));
#7744=CARTESIAN_POINT('',(-42.1090403719816,1.79340421920617,1.));
#7745=CARTESIAN_POINT('',(-42.1090403719816,1.79340421920617,0.));
#7746=CARTESIAN_POINT('Ctrl Pts',(-42.1090403719816,1.79340421920617,1.));
#7747=CARTESIAN_POINT('Ctrl Pts',(-41.8687073753588,2.03364073735159,1.));
#7748=CARTESIAN_POINT('Ctrl Pts',(-41.3895120388925,2.51264370723864,1.));
#7749=CARTESIAN_POINT('Ctrl Pts',(-40.7157131392188,2.5823353631795,1.));
#7750=CARTESIAN_POINT('Ctrl Pts',(-40.379847638217,2.61707424884637,1.));
#7751=CARTESIAN_POINT('Ctrl Pts',(-42.7843562289152,-0.902708175126712,
0.));
#7752=CARTESIAN_POINT('Ctrl Pts',(-42.7843562289152,-0.902708175126712,
1.));
#7753=CARTESIAN_POINT('Ctrl Pts',(-42.7774637103774,-0.352267025336259,
0.));
#7754=CARTESIAN_POINT('Ctrl Pts',(-42.7774637103774,-0.352267025336259,
1.));
#7755=CARTESIAN_POINT('Ctrl Pts',(-42.7654704691638,0.605521255840198,0.));
#7756=CARTESIAN_POINT('Ctrl Pts',(-42.7654704691638,0.605521255840198,1.));
#7757=CARTESIAN_POINT('Ctrl Pts',(-42.3049146527174,1.43894801427837,0.));
#7758=CARTESIAN_POINT('Ctrl Pts',(-42.3049146527174,1.43894801427837,1.));
#7759=CARTESIAN_POINT('Ctrl Pts',(-42.1090403719816,1.79340421920617,0.));
#7760=CARTESIAN_POINT('Ctrl Pts',(-42.1090403719816,1.79340421920617,1.));
#7761=CARTESIAN_POINT('',(-42.7843562289152,-0.902708175126712,0.));
#7762=CARTESIAN_POINT('Ctrl Pts',(-42.7843562289152,-0.902708175126712,
0.));
#7763=CARTESIAN_POINT('Ctrl Pts',(-42.7774637103774,-0.352267025336259,
0.));
#7764=CARTESIAN_POINT('Ctrl Pts',(-42.7654704691638,0.605521255840198,0.));
#7765=CARTESIAN_POINT('Ctrl Pts',(-42.3049146527174,1.43894801427837,0.));
#7766=CARTESIAN_POINT('Ctrl Pts',(-42.1090403719816,1.79340421920617,0.));
#7767=CARTESIAN_POINT('',(-42.7843562289152,-0.902708175126712,1.));
#7768=CARTESIAN_POINT('',(-42.7843562289152,-0.902708175126712,0.));
#7769=CARTESIAN_POINT('Ctrl Pts',(-42.7843562289152,-0.902708175126712,
1.));
#7770=CARTESIAN_POINT('Ctrl Pts',(-42.7774637103774,-0.352267025336259,
1.));
#7771=CARTESIAN_POINT('Ctrl Pts',(-42.7654704691638,0.605521255840198,1.));
#7772=CARTESIAN_POINT('Ctrl Pts',(-42.3049146527174,1.43894801427837,1.));
#7773=CARTESIAN_POINT('Ctrl Pts',(-42.1090403719816,1.79340421920617,1.));
#7774=CARTESIAN_POINT('Ctrl Pts',(-42.0885840578947,-3.42487752670447,0.));
#7775=CARTESIAN_POINT('Ctrl Pts',(-42.0885840578947,-3.42487752670447,1.));
#7776=CARTESIAN_POINT('Ctrl Pts',(-42.2908301815712,-3.0824239168112,0.));
#7777=CARTESIAN_POINT('Ctrl Pts',(-42.2908301815712,-3.0824239168112,1.));
#7778=CARTESIAN_POINT('Ctrl Pts',(-42.7478199898299,-2.30862510832087,0.));
#7779=CARTESIAN_POINT('Ctrl Pts',(-42.7478199898299,-2.30862510832087,1.));
#7780=CARTESIAN_POINT('Ctrl Pts',(-42.7712791765368,-1.4059140286954,0.));
#7781=CARTESIAN_POINT('Ctrl Pts',(-42.7712791765368,-1.4059140286954,1.));
#7782=CARTESIAN_POINT('Ctrl Pts',(-42.7843562289152,-0.902708175126712,
0.));
#7783=CARTESIAN_POINT('Ctrl Pts',(-42.7843562289152,-0.902708175126712,
1.));
#7784=CARTESIAN_POINT('',(-42.0885840578947,-3.42487752670447,0.));
#7785=CARTESIAN_POINT('Ctrl Pts',(-42.0885840578947,-3.42487752670447,0.));
#7786=CARTESIAN_POINT('Ctrl Pts',(-42.2908301815712,-3.0824239168112,0.));
#7787=CARTESIAN_POINT('Ctrl Pts',(-42.7478199898299,-2.30862510832087,0.));
#7788=CARTESIAN_POINT('Ctrl Pts',(-42.7712791765368,-1.4059140286954,0.));
#7789=CARTESIAN_POINT('Ctrl Pts',(-42.7843562289152,-0.902708175126712,
0.));
#7790=CARTESIAN_POINT('',(-42.0885840578947,-3.42487752670447,1.));
#7791=CARTESIAN_POINT('',(-42.0885840578947,-3.42487752670447,0.));
#7792=CARTESIAN_POINT('Ctrl Pts',(-42.0885840578947,-3.42487752670447,1.));
#7793=CARTESIAN_POINT('Ctrl Pts',(-42.2908301815712,-3.0824239168112,1.));
#7794=CARTESIAN_POINT('Ctrl Pts',(-42.7478199898299,-2.30862510832087,1.));
#7795=CARTESIAN_POINT('Ctrl Pts',(-42.7712791765368,-1.4059140286954,1.));
#7796=CARTESIAN_POINT('Ctrl Pts',(-42.7843562289152,-0.902708175126712,
1.));
#7797=CARTESIAN_POINT('Ctrl Pts',(-40.400313489047,-4.26901042694251,0.));
#7798=CARTESIAN_POINT('Ctrl Pts',(-40.400313489047,-4.26901042694251,1.));
#7799=CARTESIAN_POINT('Ctrl Pts',(-40.7218461866804,-4.23004106436875,0.));
#7800=CARTESIAN_POINT('Ctrl Pts',(-40.7218461866804,-4.23004106436875,1.));
#7801=CARTESIAN_POINT('Ctrl Pts',(-41.3835336022585,-4.14984537354802,0.));
#7802=CARTESIAN_POINT('Ctrl Pts',(-41.3835336022585,-4.14984537354802,1.));
#7803=CARTESIAN_POINT('Ctrl Pts',(-41.8491987986319,-3.67102532305931,0.));
#7804=CARTESIAN_POINT('Ctrl Pts',(-41.8491987986319,-3.67102532305931,1.));
#7805=CARTESIAN_POINT('Ctrl Pts',(-42.0885840578947,-3.42487752670447,0.));
#7806=CARTESIAN_POINT('Ctrl Pts',(-42.0885840578947,-3.42487752670447,1.));
#7807=CARTESIAN_POINT('',(-40.400313489047,-4.26901042694251,0.));
#7808=CARTESIAN_POINT('Ctrl Pts',(-40.400313489047,-4.26901042694251,0.));
#7809=CARTESIAN_POINT('Ctrl Pts',(-40.7218461866804,-4.23004106436875,0.));
#7810=CARTESIAN_POINT('Ctrl Pts',(-41.3835336022585,-4.14984537354802,0.));
#7811=CARTESIAN_POINT('Ctrl Pts',(-41.8491987986319,-3.67102532305931,0.));
#7812=CARTESIAN_POINT('Ctrl Pts',(-42.0885840578947,-3.42487752670447,0.));
#7813=CARTESIAN_POINT('',(-40.400313489047,-4.26901042694251,1.));
#7814=CARTESIAN_POINT('',(-40.400313489047,-4.26901042694251,0.));
#7815=CARTESIAN_POINT('Ctrl Pts',(-40.400313489047,-4.26901042694251,1.));
#7816=CARTESIAN_POINT('Ctrl Pts',(-40.7218461866804,-4.23004106436875,1.));
#7817=CARTESIAN_POINT('Ctrl Pts',(-41.3835336022585,-4.14984537354802,1.));
#7818=CARTESIAN_POINT('Ctrl Pts',(-41.8491987986319,-3.67102532305931,1.));
#7819=CARTESIAN_POINT('Ctrl Pts',(-42.0885840578947,-3.42487752670447,1.));
#7820=CARTESIAN_POINT('Ctrl Pts',(-38.4562483950529,-3.1434983038346,0.));
#7821=CARTESIAN_POINT('Ctrl Pts',(-38.4562483950529,-3.1434983038346,1.));
#7822=CARTESIAN_POINT('Ctrl Pts',(-38.7073905129461,-3.47174271077785,0.));
#7823=CARTESIAN_POINT('Ctrl Pts',(-38.7073905129461,-3.47174271077785,1.));
#7824=CARTESIAN_POINT('Ctrl Pts',(-39.2009320458783,-4.11680475428619,0.));
#7825=CARTESIAN_POINT('Ctrl Pts',(-39.2009320458783,-4.11680475428619,1.));
#7826=CARTESIAN_POINT('Ctrl Pts',(-40.0052690754508,-4.21887791818726,0.));
#7827=CARTESIAN_POINT('Ctrl Pts',(-40.0052690754508,-4.21887791818726,1.));
#7828=CARTESIAN_POINT('Ctrl Pts',(-40.400313489047,-4.26901042694251,0.));
#7829=CARTESIAN_POINT('Ctrl Pts',(-40.400313489047,-4.26901042694251,1.));
#7830=CARTESIAN_POINT('',(-38.4562483950529,-3.1434983038346,0.));
#7831=CARTESIAN_POINT('Ctrl Pts',(-38.4562483950529,-3.1434983038346,0.));
#7832=CARTESIAN_POINT('Ctrl Pts',(-38.7073905129461,-3.47174271077785,0.));
#7833=CARTESIAN_POINT('Ctrl Pts',(-39.2009320458783,-4.11680475428619,0.));
#7834=CARTESIAN_POINT('Ctrl Pts',(-40.0052690754508,-4.21887791818726,0.));
#7835=CARTESIAN_POINT('Ctrl Pts',(-40.400313489047,-4.26901042694251,0.));
#7836=CARTESIAN_POINT('',(-38.4562483950529,-3.14349830383459,1.));
#7837=CARTESIAN_POINT('',(-38.4562483950529,-3.1434983038346,0.));
#7838=CARTESIAN_POINT('Ctrl Pts',(-38.4562483950529,-3.1434983038346,1.));
#7839=CARTESIAN_POINT('Ctrl Pts',(-38.7073905129461,-3.47174271077785,1.));
#7840=CARTESIAN_POINT('Ctrl Pts',(-39.2009320458783,-4.11680475428619,1.));
#7841=CARTESIAN_POINT('Ctrl Pts',(-40.0052690754508,-4.21887791818726,1.));
#7842=CARTESIAN_POINT('Ctrl Pts',(-40.400313489047,-4.26901042694251,1.));
#7843=CARTESIAN_POINT('Ctrl Pts',(-37.9753485842619,-0.626446607057252,
0.));
#7844=CARTESIAN_POINT('Ctrl Pts',(-37.9753485842619,-0.626446607057252,
1.));
#7845=CARTESIAN_POINT('Ctrl Pts',(-37.9783782542631,-1.13401128017553,0.));
#7846=CARTESIAN_POINT('Ctrl Pts',(-37.9783782542631,-1.13401128017553,1.));
#7847=CARTESIAN_POINT('Ctrl Pts',(-37.9835839400648,-2.00612679479656,0.));
#7848=CARTESIAN_POINT('Ctrl Pts',(-37.9835839400648,-2.00612679479656,1.));
#7849=CARTESIAN_POINT('Ctrl Pts',(-38.3169139464677,-2.80821810585081,0.));
#7850=CARTESIAN_POINT('Ctrl Pts',(-38.3169139464677,-2.80821810585081,1.));
#7851=CARTESIAN_POINT('Ctrl Pts',(-38.4562483950529,-3.1434983038346,0.));
#7852=CARTESIAN_POINT('Ctrl Pts',(-38.4562483950529,-3.1434983038346,1.));
#7853=CARTESIAN_POINT('',(-37.9753485842619,-0.626446607057252,0.));
#7854=CARTESIAN_POINT('Ctrl Pts',(-37.9753485842619,-0.626446607057252,
0.));
#7855=CARTESIAN_POINT('Ctrl Pts',(-37.9783782542631,-1.13401128017553,0.));
#7856=CARTESIAN_POINT('Ctrl Pts',(-37.9835839400648,-2.00612679479656,0.));
#7857=CARTESIAN_POINT('Ctrl Pts',(-38.3169139464677,-2.80821810585081,0.));
#7858=CARTESIAN_POINT('Ctrl Pts',(-38.4562483950529,-3.1434983038346,0.));
#7859=CARTESIAN_POINT('',(-37.9753485842619,-0.626446607057252,1.));
#7860=CARTESIAN_POINT('',(-37.9753485842619,-0.626446607057252,0.));
#7861=CARTESIAN_POINT('Ctrl Pts',(-37.9753485842619,-0.626446607057252,
1.));
#7862=CARTESIAN_POINT('Ctrl Pts',(-37.9783782542631,-1.13401128017553,1.));
#7863=CARTESIAN_POINT('Ctrl Pts',(-37.9835839400648,-2.00612679479656,1.));
#7864=CARTESIAN_POINT('Ctrl Pts',(-38.3169139464677,-2.80821810585081,1.));
#7865=CARTESIAN_POINT('Ctrl Pts',(-38.4562483950529,-3.1434983038346,1.));
#7866=CARTESIAN_POINT('Ctrl Pts',(-38.6659995242033,1.80363595252832,0.));
#7867=CARTESIAN_POINT('Ctrl Pts',(-38.6659995242033,1.80363595252832,1.));
#7868=CARTESIAN_POINT('Ctrl Pts',(-38.4652096606622,1.47415723686596,0.));
#7869=CARTESIAN_POINT('Ctrl Pts',(-38.4652096606622,1.47415723686596,1.));
#7870=CARTESIAN_POINT('Ctrl Pts',(-38.0129456020607,0.732031222433326,0.));
#7871=CARTESIAN_POINT('Ctrl Pts',(-38.0129456020607,0.732031222433326,1.));
#7872=CARTESIAN_POINT('Ctrl Pts',(-37.9887835222355,-0.141007430060875,
0.));
#7873=CARTESIAN_POINT('Ctrl Pts',(-37.9887835222355,-0.141007430060875,
1.));
#7874=CARTESIAN_POINT('Ctrl Pts',(-37.9753485842619,-0.626446607057252,
0.));
#7875=CARTESIAN_POINT('Ctrl Pts',(-37.9753485842619,-0.626446607057252,
1.));
#7876=CARTESIAN_POINT('Ctrl Pts',(-38.6659995242033,1.80363595252832,0.));
#7877=CARTESIAN_POINT('Ctrl Pts',(-38.4652096606622,1.47415723686596,0.));
#7878=CARTESIAN_POINT('Ctrl Pts',(-38.0129456020607,0.732031222433326,0.));
#7879=CARTESIAN_POINT('Ctrl Pts',(-37.9887835222355,-0.141007430060875,
0.));
#7880=CARTESIAN_POINT('Ctrl Pts',(-37.9753485842619,-0.626446607057252,
0.));
#7881=CARTESIAN_POINT('Ctrl Pts',(-38.6659995242033,1.80363595252832,1.));
#7882=CARTESIAN_POINT('Ctrl Pts',(-38.4652096606622,1.47415723686596,1.));
#7883=CARTESIAN_POINT('Ctrl Pts',(-38.0129456020607,0.732031222433326,1.));
#7884=CARTESIAN_POINT('Ctrl Pts',(-37.9887835222355,-0.141007430060875,
1.));
#7885=CARTESIAN_POINT('Ctrl Pts',(-37.9753485842619,-0.626446607057252,
1.));
#7886=CARTESIAN_POINT('Origin',(-42.7741233035002,8.70506942039331,0.));
#7887=CARTESIAN_POINT('',(-42.7741233035002,8.70506942039331,0.));
#7888=CARTESIAN_POINT('',(-45.6492892428312,8.70506942039331,0.));
#7889=CARTESIAN_POINT('',(-21.3870616517501,8.70506942039332,0.));
#7890=CARTESIAN_POINT('',(-42.7741233035002,8.70506942039331,1.));
#7891=CARTESIAN_POINT('',(-42.7741233035002,8.70506942039331,0.));
#7892=CARTESIAN_POINT('',(-45.6492892428312,8.70506942039331,1.));
#7893=CARTESIAN_POINT('',(-42.7741233035002,8.70506942039331,1.));
#7894=CARTESIAN_POINT('',(-45.6492892428312,8.70506942039331,0.));
#7895=CARTESIAN_POINT('Origin',(-42.7741233035002,3.30261289840539,0.));
#7896=CARTESIAN_POINT('',(-42.7741233035002,3.30261289840539,0.));
#7897=CARTESIAN_POINT('',(-42.7741233035002,1.6513064492027,0.));
#7898=CARTESIAN_POINT('',(-42.7741233035002,3.30261289840539,1.));
#7899=CARTESIAN_POINT('',(-42.7741233035002,3.30261289840539,0.));
#7900=CARTESIAN_POINT('',(-42.7741233035002,3.30261289840539,1.));
#7901=CARTESIAN_POINT('Ctrl Pts',(-39.6226874514494,4.81693804031213,0.));
#7902=CARTESIAN_POINT('Ctrl Pts',(-39.6226874514494,4.81693804031213,1.));
#7903=CARTESIAN_POINT('Ctrl Pts',(-40.2153506758617,4.7468282540455,0.));
#7904=CARTESIAN_POINT('Ctrl Pts',(-40.2153506758617,4.7468282540455,1.));
#7905=CARTESIAN_POINT('Ctrl Pts',(-41.4360949668843,4.60241888662662,0.));
#7906=CARTESIAN_POINT('Ctrl Pts',(-41.4360949668843,4.60241888662662,1.));
#7907=CARTESIAN_POINT('Ctrl Pts',(-42.3195696803865,3.74418166426963,0.));
#7908=CARTESIAN_POINT('Ctrl Pts',(-42.3195696803865,3.74418166426963,1.));
#7909=CARTESIAN_POINT('Ctrl Pts',(-42.7741233035002,3.30261289840539,0.));
#7910=CARTESIAN_POINT('Ctrl Pts',(-42.7741233035002,3.30261289840539,1.));
#7911=CARTESIAN_POINT('',(-39.6226874514494,4.81693804031213,0.));
#7912=CARTESIAN_POINT('Ctrl Pts',(-39.6226874514494,4.81693804031213,0.));
#7913=CARTESIAN_POINT('Ctrl Pts',(-40.2153506758617,4.7468282540455,0.));
#7914=CARTESIAN_POINT('Ctrl Pts',(-41.4360949668843,4.60241888662662,0.));
#7915=CARTESIAN_POINT('Ctrl Pts',(-42.3195696803865,3.74418166426963,0.));
#7916=CARTESIAN_POINT('Ctrl Pts',(-42.7741233035002,3.30261289840539,0.));
#7917=CARTESIAN_POINT('',(-39.6226874514494,4.81693804031213,1.));
#7918=CARTESIAN_POINT('',(-39.6226874514494,4.81693804031213,0.));
#7919=CARTESIAN_POINT('Ctrl Pts',(-39.6226874514494,4.81693804031213,1.));
#7920=CARTESIAN_POINT('Ctrl Pts',(-40.2153506758617,4.7468282540455,1.));
#7921=CARTESIAN_POINT('Ctrl Pts',(-41.4360949668843,4.60241888662662,1.));
#7922=CARTESIAN_POINT('Ctrl Pts',(-42.3195696803865,3.74418166426963,1.));
#7923=CARTESIAN_POINT('Ctrl Pts',(-42.7741233035002,3.30261289840539,1.));
#7924=CARTESIAN_POINT('Ctrl Pts',(-36.3382426424894,3.37935268646081,0.));
#7925=CARTESIAN_POINT('Ctrl Pts',(-36.3382426424894,3.37935268646081,1.));
#7926=CARTESIAN_POINT('Ctrl Pts',(-36.8021962825024,3.79864281691487,0.));
#7927=CARTESIAN_POINT('Ctrl Pts',(-36.8021962825024,3.79864281691487,1.));
#7928=CARTESIAN_POINT('Ctrl Pts',(-37.7365120965595,4.64301468034144,0.));
#7929=CARTESIAN_POINT('Ctrl Pts',(-37.7365120965595,4.64301468034144,1.));
#7930=CARTESIAN_POINT('Ctrl Pts',(-38.9910939132366,4.7586990913104,0.));
#7931=CARTESIAN_POINT('Ctrl Pts',(-38.9910939132366,4.7586990913104,1.));
#7932=CARTESIAN_POINT('Ctrl Pts',(-39.6226874514494,4.81693804031213,0.));
#7933=CARTESIAN_POINT('Ctrl Pts',(-39.6226874514494,4.81693804031213,1.));
#7934=CARTESIAN_POINT('',(-36.3382426424894,3.37935268646081,0.));
#7935=CARTESIAN_POINT('Ctrl Pts',(-36.3382426424894,3.37935268646081,0.));
#7936=CARTESIAN_POINT('Ctrl Pts',(-36.8021962825024,3.79864281691487,0.));
#7937=CARTESIAN_POINT('Ctrl Pts',(-37.7365120965595,4.64301468034144,0.));
#7938=CARTESIAN_POINT('Ctrl Pts',(-38.9910939132366,4.7586990913104,0.));
#7939=CARTESIAN_POINT('Ctrl Pts',(-39.6226874514494,4.81693804031213,0.));
#7940=CARTESIAN_POINT('',(-36.3382426424894,3.37935268646081,1.));
#7941=CARTESIAN_POINT('',(-36.3382426424894,3.37935268646081,0.));
#7942=CARTESIAN_POINT('Ctrl Pts',(-36.3382426424894,3.37935268646081,1.));
#7943=CARTESIAN_POINT('Ctrl Pts',(-36.8021962825024,3.79864281691487,1.));
#7944=CARTESIAN_POINT('Ctrl Pts',(-37.7365120965595,4.64301468034144,1.));
#7945=CARTESIAN_POINT('Ctrl Pts',(-38.9910939132366,4.7586990913104,1.));
#7946=CARTESIAN_POINT('Ctrl Pts',(-39.6226874514494,4.81693804031213,1.));
#7947=CARTESIAN_POINT('Ctrl Pts',(-35.0387850924406,-0.820853116456666,
0.));
#7948=CARTESIAN_POINT('Ctrl Pts',(-35.0387850924406,-0.820853116456666,
1.));
#7949=CARTESIAN_POINT('Ctrl Pts',(-35.0685642523352,0.0154619778903142,
0.));
#7950=CARTESIAN_POINT('Ctrl Pts',(-35.0685642523352,0.0154619778903142,
1.));
#7951=CARTESIAN_POINT('Ctrl Pts',(-35.1228610237073,1.54032734123627,0.));
#7952=CARTESIAN_POINT('Ctrl Pts',(-35.1228610237073,1.54032734123627,1.));
#7953=CARTESIAN_POINT('Ctrl Pts',(-35.9601612156124,2.80726790597664,0.));
#7954=CARTESIAN_POINT('Ctrl Pts',(-35.9601612156124,2.80726790597664,1.));
#7955=CARTESIAN_POINT('Ctrl Pts',(-36.3382426424894,3.37935268646081,0.));
#7956=CARTESIAN_POINT('Ctrl Pts',(-36.3382426424894,3.37935268646081,1.));
#7957=CARTESIAN_POINT('',(-35.0387850924406,-0.820853116456666,0.));
#7958=CARTESIAN_POINT('Ctrl Pts',(-35.0387850924406,-0.820853116456666,
0.));
#7959=CARTESIAN_POINT('Ctrl Pts',(-35.0685642523352,0.0154619778903142,
0.));
#7960=CARTESIAN_POINT('Ctrl Pts',(-35.1228610237073,1.54032734123627,0.));
#7961=CARTESIAN_POINT('Ctrl Pts',(-35.9601612156124,2.80726790597664,0.));
#7962=CARTESIAN_POINT('Ctrl Pts',(-36.3382426424894,3.37935268646081,0.));
#7963=CARTESIAN_POINT('',(-35.0387850924406,-0.820853116456666,1.));
#7964=CARTESIAN_POINT('',(-35.0387850924406,-0.820853116456666,0.));
#7965=CARTESIAN_POINT('Ctrl Pts',(-35.0387850924406,-0.820853116456666,
1.));
#7966=CARTESIAN_POINT('Ctrl Pts',(-35.0685642523352,0.0154619778903142,
1.));
#7967=CARTESIAN_POINT('Ctrl Pts',(-35.1228610237073,1.54032734123627,1.));
#7968=CARTESIAN_POINT('Ctrl Pts',(-35.9601612156124,2.80726790597664,1.));
#7969=CARTESIAN_POINT('Ctrl Pts',(-36.3382426424894,3.37935268646081,1.));
#7970=CARTESIAN_POINT('Ctrl Pts',(-36.3740531130705,-5.03128946060339,0.));
#7971=CARTESIAN_POINT('Ctrl Pts',(-36.3740531130705,-5.03128946060339,1.));
#7972=CARTESIAN_POINT('Ctrl Pts',(-35.9852608998453,-4.4472263807908,0.));
#7973=CARTESIAN_POINT('Ctrl Pts',(-35.9852608998453,-4.4472263807908,1.));
#7974=CARTESIAN_POINT('Ctrl Pts',(-35.139904241922,-3.17728939035824,0.));
#7975=CARTESIAN_POINT('Ctrl Pts',(-35.139904241922,-3.17728939035824,1.));
#7976=CARTESIAN_POINT('Ctrl Pts',(-35.0742460802365,-1.64722041067608,0.));
#7977=CARTESIAN_POINT('Ctrl Pts',(-35.0742460802365,-1.64722041067608,1.));
#7978=CARTESIAN_POINT('Ctrl Pts',(-35.0387850924406,-0.820853116456666,
0.));
#7979=CARTESIAN_POINT('Ctrl Pts',(-35.0387850924406,-0.820853116456666,
1.));
#7980=CARTESIAN_POINT('',(-36.3740531130705,-5.03128946060339,0.));
#7981=CARTESIAN_POINT('Ctrl Pts',(-36.3740531130705,-5.03128946060339,0.));
#7982=CARTESIAN_POINT('Ctrl Pts',(-35.9852608998453,-4.4472263807908,0.));
#7983=CARTESIAN_POINT('Ctrl Pts',(-35.139904241922,-3.17728939035824,0.));
#7984=CARTESIAN_POINT('Ctrl Pts',(-35.0742460802365,-1.64722041067608,0.));
#7985=CARTESIAN_POINT('Ctrl Pts',(-35.0387850924406,-0.820853116456666,
0.));
#7986=CARTESIAN_POINT('',(-36.3740531130705,-5.03128946060339,1.));
#7987=CARTESIAN_POINT('',(-36.3740531130705,-5.03128946060339,0.));
#7988=CARTESIAN_POINT('Ctrl Pts',(-36.3740531130705,-5.03128946060339,1.));
#7989=CARTESIAN_POINT('Ctrl Pts',(-35.9852608998453,-4.4472263807908,1.));
#7990=CARTESIAN_POINT('Ctrl Pts',(-35.139904241922,-3.17728939035824,1.));
#7991=CARTESIAN_POINT('Ctrl Pts',(-35.0742460802365,-1.64722041067608,1.));
#7992=CARTESIAN_POINT('Ctrl Pts',(-35.0387850924406,-0.820853116456666,
1.));
#7993=CARTESIAN_POINT('Ctrl Pts',(-39.5817557497892,-6.54049813980262,0.));
#7994=CARTESIAN_POINT('Ctrl Pts',(-39.5817557497892,-6.54049813980262,1.));
#7995=CARTESIAN_POINT('Ctrl Pts',(-38.9755281452391,-6.47249463860463,0.));
#7996=CARTESIAN_POINT('Ctrl Pts',(-38.9755281452391,-6.47249463860463,1.));
#7997=CARTESIAN_POINT('Ctrl Pts',(-37.7370623018787,-6.33356989675768,0.));
#7998=CARTESIAN_POINT('Ctrl Pts',(-37.7370623018787,-6.33356989675768,1.));
#7999=CARTESIAN_POINT('Ctrl Pts',(-36.8347066911684,-5.47141865967794,0.));
#8000=CARTESIAN_POINT('Ctrl Pts',(-36.8347066911684,-5.47141865967794,1.));
#8001=CARTESIAN_POINT('Ctrl Pts',(-36.3740531130705,-5.03128946060339,0.));
#8002=CARTESIAN_POINT('Ctrl Pts',(-36.3740531130705,-5.03128946060339,1.));
#8003=CARTESIAN_POINT('',(-39.5817557497892,-6.54049813980262,0.));
#8004=CARTESIAN_POINT('Ctrl Pts',(-39.5817557497892,-6.54049813980262,0.));
#8005=CARTESIAN_POINT('Ctrl Pts',(-38.9755281452391,-6.47249463860463,0.));
#8006=CARTESIAN_POINT('Ctrl Pts',(-37.7370623018787,-6.33356989675768,0.));
#8007=CARTESIAN_POINT('Ctrl Pts',(-36.8347066911684,-5.47141865967794,0.));
#8008=CARTESIAN_POINT('Ctrl Pts',(-36.3740531130705,-5.03128946060339,0.));
#8009=CARTESIAN_POINT('',(-39.5817557497892,-6.54049813980262,1.));
#8010=CARTESIAN_POINT('',(-39.5817557497892,-6.54049813980262,0.));
#8011=CARTESIAN_POINT('Ctrl Pts',(-39.5817557497892,-6.54049813980262,1.));
#8012=CARTESIAN_POINT('Ctrl Pts',(-38.9755281452391,-6.47249463860463,1.));
#8013=CARTESIAN_POINT('Ctrl Pts',(-37.7370623018787,-6.33356989675768,1.));
#8014=CARTESIAN_POINT('Ctrl Pts',(-36.8347066911684,-5.47141865967794,1.));
#8015=CARTESIAN_POINT('Ctrl Pts',(-36.3740531130705,-5.03128946060339,1.));
#8016=CARTESIAN_POINT('Ctrl Pts',(-41.4081565066252,-6.08517706627051,0.));
#8017=CARTESIAN_POINT('Ctrl Pts',(-41.4081565066252,-6.08517706627051,1.));
#8018=CARTESIAN_POINT('Ctrl Pts',(-41.1096984648322,-6.21795466129575,0.));
#8019=CARTESIAN_POINT('Ctrl Pts',(-41.1096984648322,-6.21795466129575,1.));
#8020=CARTESIAN_POINT('Ctrl Pts',(-40.5273154807923,-6.47704438640386,0.));
#8021=CARTESIAN_POINT('Ctrl Pts',(-40.5273154807923,-6.47704438640386,1.));
#8022=CARTESIAN_POINT('Ctrl Pts',(-39.8916547866903,-6.51970172005114,0.));
#8023=CARTESIAN_POINT('Ctrl Pts',(-39.8916547866903,-6.51970172005114,1.));
#8024=CARTESIAN_POINT('Ctrl Pts',(-39.5817557497892,-6.54049813980262,0.));
#8025=CARTESIAN_POINT('Ctrl Pts',(-39.5817557497892,-6.54049813980262,1.));
#8026=CARTESIAN_POINT('',(-41.4081565066252,-6.08517706627051,0.));
#8027=CARTESIAN_POINT('Ctrl Pts',(-41.4081565066252,-6.08517706627051,0.));
#8028=CARTESIAN_POINT('Ctrl Pts',(-41.1096984648322,-6.21795466129575,0.));
#8029=CARTESIAN_POINT('Ctrl Pts',(-40.5273154807923,-6.47704438640386,0.));
#8030=CARTESIAN_POINT('Ctrl Pts',(-39.8916547866903,-6.51970172005114,0.));
#8031=CARTESIAN_POINT('Ctrl Pts',(-39.5817557497892,-6.54049813980262,0.));
#8032=CARTESIAN_POINT('',(-41.4081565066252,-6.08517706627051,1.));
#8033=CARTESIAN_POINT('',(-41.4081565066252,-6.08517706627051,0.));
#8034=CARTESIAN_POINT('Ctrl Pts',(-41.4081565066252,-6.08517706627051,1.));
#8035=CARTESIAN_POINT('Ctrl Pts',(-41.1096984648322,-6.21795466129575,1.));
#8036=CARTESIAN_POINT('Ctrl Pts',(-40.5273154807923,-6.47704438640386,1.));
#8037=CARTESIAN_POINT('Ctrl Pts',(-39.8916547866903,-6.51970172005114,1.));
#8038=CARTESIAN_POINT('Ctrl Pts',(-39.5817557497892,-6.54049813980262,1.));
#8039=CARTESIAN_POINT('Ctrl Pts',(-42.9787627383146,-4.69875157112281,0.));
#8040=CARTESIAN_POINT('Ctrl Pts',(-42.9787627383146,-4.69875157112281,1.));
#8041=CARTESIAN_POINT('Ctrl Pts',(-42.7521176682316,-4.98669647036206,0.));
#8042=CARTESIAN_POINT('Ctrl Pts',(-42.7521176682316,-4.98669647036206,1.));
#8043=CARTESIAN_POINT('Ctrl Pts',(-42.3127326080619,-5.54492033480136,0.));
#8044=CARTESIAN_POINT('Ctrl Pts',(-42.3127326080619,-5.54492033480136,1.));
#8045=CARTESIAN_POINT('Ctrl Pts',(-41.7032525327274,-5.90893140349178,0.));
#8046=CARTESIAN_POINT('Ctrl Pts',(-41.7032525327274,-5.90893140349178,1.));
#8047=CARTESIAN_POINT('Ctrl Pts',(-41.4081565066252,-6.08517706627051,0.));
#8048=CARTESIAN_POINT('Ctrl Pts',(-41.4081565066252,-6.08517706627051,1.));
#8049=CARTESIAN_POINT('',(-42.9787627383146,-4.69875157112281,0.));
#8050=CARTESIAN_POINT('Ctrl Pts',(-42.9787627383146,-4.69875157112281,0.));
#8051=CARTESIAN_POINT('Ctrl Pts',(-42.7521176682316,-4.98669647036206,0.));
#8052=CARTESIAN_POINT('Ctrl Pts',(-42.3127326080619,-5.54492033480136,0.));
#8053=CARTESIAN_POINT('Ctrl Pts',(-41.7032525327274,-5.90893140349178,0.));
#8054=CARTESIAN_POINT('Ctrl Pts',(-41.4081565066252,-6.08517706627051,0.));
#8055=CARTESIAN_POINT('',(-42.9787627383146,-4.69875157112281,1.));
#8056=CARTESIAN_POINT('',(-42.9787627383146,-4.69875157112281,0.));
#8057=CARTESIAN_POINT('Ctrl Pts',(-42.9787627383146,-4.69875157112281,1.));
#8058=CARTESIAN_POINT('Ctrl Pts',(-42.7521176682316,-4.98669647036206,1.));
#8059=CARTESIAN_POINT('Ctrl Pts',(-42.3127326080619,-5.54492033480136,1.));
#8060=CARTESIAN_POINT('Ctrl Pts',(-41.7032525327274,-5.90893140349178,1.));
#8061=CARTESIAN_POINT('Ctrl Pts',(-41.4081565066252,-6.08517706627051,1.));
#8062=CARTESIAN_POINT('Origin',(-42.9787627383146,-6.29493177169959,0.));
#8063=CARTESIAN_POINT('',(-42.9787627383146,-6.29493177169959,0.));
#8064=CARTESIAN_POINT('',(-42.9787627383146,-3.14746588584979,0.));
#8065=CARTESIAN_POINT('',(-42.9787627383146,-6.29493177169959,1.));
#8066=CARTESIAN_POINT('',(-42.9787627383146,-6.29493177169959,0.));
#8067=CARTESIAN_POINT('',(-42.9787627383146,-6.29493177169959,1.));
#8068=CARTESIAN_POINT('Origin',(-45.6492892428312,-6.29493177169959,0.));
#8069=CARTESIAN_POINT('',(-45.6492892428312,-6.29493177169959,0.));
#8070=CARTESIAN_POINT('',(-22.8246446214156,-6.29493177169958,0.));
#8071=CARTESIAN_POINT('',(-45.6492892428312,-6.29493177169959,1.));
#8072=CARTESIAN_POINT('',(-45.6492892428312,-6.29493177169959,0.));
#8073=CARTESIAN_POINT('',(-45.6492892428312,-6.29493177169959,1.));
#8074=CARTESIAN_POINT('Origin',(-45.6492892428312,8.70506942039331,0.));
#8075=CARTESIAN_POINT('',(-45.6492892428312,4.35253471019664,0.));
#8076=CARTESIAN_POINT('',(-45.6492892428312,8.70506942039331,1.));
#8077=CARTESIAN_POINT('Origin',(0.066947586926478,1.08978252265539,1.));
#8078=CARTESIAN_POINT('Ctrl Pts',(-16.7441073580656,6.06523215537867,0.));
#8079=CARTESIAN_POINT('Ctrl Pts',(-16.7441073580656,6.06523215537867,1.));
#8080=CARTESIAN_POINT('Ctrl Pts',(-16.4723229790327,6.09465156261266,0.));
#8081=CARTESIAN_POINT('Ctrl Pts',(-16.4723229790327,6.09465156261266,1.));
#8082=CARTESIAN_POINT('Ctrl Pts',(-15.748348096386,6.17301850914411,0.));
#8083=CARTESIAN_POINT('Ctrl Pts',(-15.748348096386,6.17301850914411,1.));
#8084=CARTESIAN_POINT('Ctrl Pts',(-15.0197698135972,6.1696535849063,0.));
#8085=CARTESIAN_POINT('Ctrl Pts',(-15.0197698135972,6.1696535849063,1.));
#8086=CARTESIAN_POINT('Ctrl Pts',(-14.5647040530119,6.1675518727859,0.));
#8087=CARTESIAN_POINT('Ctrl Pts',(-14.5647040530119,6.1675518727859,1.));
#8088=CARTESIAN_POINT('',(-16.7441073580656,6.06523215537867,0.));
#8089=CARTESIAN_POINT('',(-14.5647040530119,6.1675518727859,0.));
#8090=CARTESIAN_POINT('Ctrl Pts',(-16.7441073580656,6.06523215537867,0.));
#8091=CARTESIAN_POINT('Ctrl Pts',(-16.4723229790327,6.09465156261266,0.));
#8092=CARTESIAN_POINT('Ctrl Pts',(-15.748348096386,6.17301850914411,0.));
#8093=CARTESIAN_POINT('Ctrl Pts',(-15.0197698135972,6.1696535849063,0.));
#8094=CARTESIAN_POINT('Ctrl Pts',(-14.5647040530119,6.1675518727859,0.));
#8095=CARTESIAN_POINT('',(-16.7441073580656,6.06523215537867,1.));
#8096=CARTESIAN_POINT('',(-16.7441073580656,6.06523215537867,0.));
#8097=CARTESIAN_POINT('',(-14.5647040530119,6.1675518727859,1.));
#8098=CARTESIAN_POINT('Ctrl Pts',(-16.7441073580656,6.06523215537867,1.));
#8099=CARTESIAN_POINT('Ctrl Pts',(-16.4723229790327,6.09465156261266,1.));
#8100=CARTESIAN_POINT('Ctrl Pts',(-15.748348096386,6.17301850914411,1.));
#8101=CARTESIAN_POINT('Ctrl Pts',(-15.0197698135972,6.1696535849063,1.));
#8102=CARTESIAN_POINT('Ctrl Pts',(-14.5647040530119,6.1675518727859,1.));
#8103=CARTESIAN_POINT('',(-14.5647040530119,6.1675518727859,0.));
#8104=CARTESIAN_POINT('Ctrl Pts',(-17.9617015047941,5.40015756851038,0.));
#8105=CARTESIAN_POINT('Ctrl Pts',(-17.9617015047941,5.40015756851038,1.));
#8106=CARTESIAN_POINT('Ctrl Pts',(-17.7893458737445,5.5611313128188,0.));
#8107=CARTESIAN_POINT('Ctrl Pts',(-17.7893458737445,5.5611313128188,1.));
#8108=CARTESIAN_POINT('Ctrl Pts',(-17.4405796095757,5.88686602244113,0.));
#8109=CARTESIAN_POINT('Ctrl Pts',(-17.4405796095757,5.88686602244113,1.));
#8110=CARTESIAN_POINT('Ctrl Pts',(-16.9780573118304,6.00531771016788,0.));
#8111=CARTESIAN_POINT('Ctrl Pts',(-16.9780573118304,6.00531771016788,1.));
#8112=CARTESIAN_POINT('Ctrl Pts',(-16.7441073580656,6.06523215537867,0.));
#8113=CARTESIAN_POINT('Ctrl Pts',(-16.7441073580656,6.06523215537867,1.));
#8114=CARTESIAN_POINT('',(-17.9617015047941,5.40015756851038,0.));
#8115=CARTESIAN_POINT('Ctrl Pts',(-17.9617015047941,5.40015756851038,0.));
#8116=CARTESIAN_POINT('Ctrl Pts',(-17.7893458737445,5.5611313128188,0.));
#8117=CARTESIAN_POINT('Ctrl Pts',(-17.4405796095757,5.88686602244113,0.));
#8118=CARTESIAN_POINT('Ctrl Pts',(-16.9780573118304,6.00531771016788,0.));
#8119=CARTESIAN_POINT('Ctrl Pts',(-16.7441073580656,6.06523215537867,0.));
#8120=CARTESIAN_POINT('',(-17.9617015047941,5.40015756851038,1.));
#8121=CARTESIAN_POINT('',(-17.9617015047941,5.40015756851038,0.));
#8122=CARTESIAN_POINT('Ctrl Pts',(-17.9617015047941,5.40015756851038,1.));
#8123=CARTESIAN_POINT('Ctrl Pts',(-17.7893458737445,5.5611313128188,1.));
#8124=CARTESIAN_POINT('Ctrl Pts',(-17.4405796095757,5.88686602244113,1.));
#8125=CARTESIAN_POINT('Ctrl Pts',(-16.9780573118304,6.00531771016788,1.));
#8126=CARTESIAN_POINT('Ctrl Pts',(-16.7441073580656,6.06523215537867,1.));
#8127=CARTESIAN_POINT('Ctrl Pts',(-18.4426013155851,4.04954373603663,0.));
#8128=CARTESIAN_POINT('Ctrl Pts',(-18.4426013155851,4.04954373603663,1.));
#8129=CARTESIAN_POINT('Ctrl Pts',(-18.4256581286694,4.30694004533046,0.));
#8130=CARTESIAN_POINT('Ctrl Pts',(-18.4256581286694,4.30694004533046,1.));
#8131=CARTESIAN_POINT('Ctrl Pts',(-18.3929659669493,4.80359051678484,0.));
#8132=CARTESIAN_POINT('Ctrl Pts',(-18.3929659669493,4.80359051678484,1.));
#8133=CARTESIAN_POINT('Ctrl Pts',(-18.101912359366,5.20620424410739,0.));
#8134=CARTESIAN_POINT('Ctrl Pts',(-18.101912359366,5.20620424410739,1.));
#8135=CARTESIAN_POINT('Ctrl Pts',(-17.9617015047941,5.40015756851038,0.));
#8136=CARTESIAN_POINT('Ctrl Pts',(-17.9617015047941,5.40015756851038,1.));
#8137=CARTESIAN_POINT('',(-18.4426013155851,4.04954373603663,0.));
#8138=CARTESIAN_POINT('Ctrl Pts',(-18.4426013155851,4.04954373603663,0.));
#8139=CARTESIAN_POINT('Ctrl Pts',(-18.4256581286694,4.30694004533046,0.));
#8140=CARTESIAN_POINT('Ctrl Pts',(-18.3929659669493,4.80359051678484,0.));
#8141=CARTESIAN_POINT('Ctrl Pts',(-18.101912359366,5.20620424410739,0.));
#8142=CARTESIAN_POINT('Ctrl Pts',(-17.9617015047941,5.40015756851038,0.));
#8143=CARTESIAN_POINT('',(-18.4426013155851,4.04954373603663,1.));
#8144=CARTESIAN_POINT('',(-18.4426013155851,4.04954373603663,0.));
#8145=CARTESIAN_POINT('Ctrl Pts',(-18.4426013155851,4.04954373603663,1.));
#8146=CARTESIAN_POINT('Ctrl Pts',(-18.4256581286694,4.30694004533046,1.));
#8147=CARTESIAN_POINT('Ctrl Pts',(-18.3929659669493,4.80359051678484,1.));
#8148=CARTESIAN_POINT('Ctrl Pts',(-18.101912359366,5.20620424410739,1.));
#8149=CARTESIAN_POINT('Ctrl Pts',(-17.9617015047941,5.40015756851038,1.));
#8150=CARTESIAN_POINT('Ctrl Pts',(-18.0998316927824,2.8831040835937,0.));
#8151=CARTESIAN_POINT('Ctrl Pts',(-18.0998316927824,2.8831040835937,1.));
#8152=CARTESIAN_POINT('Ctrl Pts',(-18.1997897329237,3.05961786619677,0.));
#8153=CARTESIAN_POINT('Ctrl Pts',(-18.1997897329237,3.05961786619677,1.));
#8154=CARTESIAN_POINT('Ctrl Pts',(-18.4046795038478,3.421428366196,0.));
#8155=CARTESIAN_POINT('Ctrl Pts',(-18.4046795038478,3.421428366196,1.));
#8156=CARTESIAN_POINT('Ctrl Pts',(-18.4297577869143,3.83681081554688,0.));
#8157=CARTESIAN_POINT('Ctrl Pts',(-18.4297577869143,3.83681081554688,1.));
#8158=CARTESIAN_POINT('Ctrl Pts',(-18.4426013155851,4.04954373603663,0.));
#8159=CARTESIAN_POINT('Ctrl Pts',(-18.4426013155851,4.04954373603663,1.));
#8160=CARTESIAN_POINT('',(-18.0998316927824,2.8831040835937,0.));
#8161=CARTESIAN_POINT('Ctrl Pts',(-18.0998316927824,2.8831040835937,0.));
#8162=CARTESIAN_POINT('Ctrl Pts',(-18.1997897329237,3.05961786619677,0.));
#8163=CARTESIAN_POINT('Ctrl Pts',(-18.4046795038478,3.421428366196,0.));
#8164=CARTESIAN_POINT('Ctrl Pts',(-18.4297577869143,3.83681081554688,0.));
#8165=CARTESIAN_POINT('Ctrl Pts',(-18.4426013155851,4.04954373603663,0.));
#8166=CARTESIAN_POINT('',(-18.0998316927824,2.8831040835937,1.));
#8167=CARTESIAN_POINT('',(-18.0998316927824,2.8831040835937,0.));
#8168=CARTESIAN_POINT('Ctrl Pts',(-18.0998316927824,2.8831040835937,1.));
#8169=CARTESIAN_POINT('Ctrl Pts',(-18.1997897329237,3.05961786619677,1.));
#8170=CARTESIAN_POINT('Ctrl Pts',(-18.4046795038478,3.421428366196,1.));
#8171=CARTESIAN_POINT('Ctrl Pts',(-18.4297577869143,3.83681081554688,1.));
#8172=CARTESIAN_POINT('Ctrl Pts',(-18.4426013155851,4.04954373603663,1.));
#8173=CARTESIAN_POINT('Ctrl Pts',(-17.1533862276945,2.14640557533106,0.));
#8174=CARTESIAN_POINT('Ctrl Pts',(-17.1533862276945,2.14640557533106,1.));
#8175=CARTESIAN_POINT('Ctrl Pts',(-17.3427108549891,2.23444528785439,0.));
#8176=CARTESIAN_POINT('Ctrl Pts',(-17.3427108549891,2.23444528785439,1.));
#8177=CARTESIAN_POINT('Ctrl Pts',(-17.7149219256285,2.40753082947328,0.));
#8178=CARTESIAN_POINT('Ctrl Pts',(-17.7149219256285,2.40753082947328,1.));
#8179=CARTESIAN_POINT('Ctrl Pts',(-17.9730165358955,2.7264182782985,0.));
#8180=CARTESIAN_POINT('Ctrl Pts',(-17.9730165358955,2.7264182782985,1.));
#8181=CARTESIAN_POINT('Ctrl Pts',(-18.0998316927824,2.8831040835937,0.));
#8182=CARTESIAN_POINT('Ctrl Pts',(-18.0998316927824,2.8831040835937,1.));
#8183=CARTESIAN_POINT('',(-17.1533862276945,2.14640557533106,0.));
#8184=CARTESIAN_POINT('Ctrl Pts',(-17.1533862276945,2.14640557533106,0.));
#8185=CARTESIAN_POINT('Ctrl Pts',(-17.3427108549891,2.23444528785439,0.));
#8186=CARTESIAN_POINT('Ctrl Pts',(-17.7149219256285,2.40753082947328,0.));
#8187=CARTESIAN_POINT('Ctrl Pts',(-17.9730165358955,2.7264182782985,0.));
#8188=CARTESIAN_POINT('Ctrl Pts',(-18.0998316927824,2.8831040835937,0.));
#8189=CARTESIAN_POINT('',(-17.1533862276945,2.14640557533106,1.));
#8190=CARTESIAN_POINT('',(-17.1533862276945,2.14640557533106,0.));
#8191=CARTESIAN_POINT('Ctrl Pts',(-17.1533862276945,2.14640557533106,1.));
#8192=CARTESIAN_POINT('Ctrl Pts',(-17.3427108549891,2.23444528785439,1.));
#8193=CARTESIAN_POINT('Ctrl Pts',(-17.7149219256285,2.40753082947328,1.));
#8194=CARTESIAN_POINT('Ctrl Pts',(-17.9730165358955,2.7264182782985,1.));
#8195=CARTESIAN_POINT('Ctrl Pts',(-18.0998316927824,2.8831040835937,1.));
#8196=CARTESIAN_POINT('Ctrl Pts',(-14.7591105624113,1.91107153659663,0.));
#8197=CARTESIAN_POINT('Ctrl Pts',(-14.7591105624113,1.91107153659663,1.));
#8198=CARTESIAN_POINT('Ctrl Pts',(-15.2598292820596,1.90705758380929,0.));
#8199=CARTESIAN_POINT('Ctrl Pts',(-15.2598292820596,1.90705758380929,1.));
#8200=CARTESIAN_POINT('Ctrl Pts',(-16.0678566160049,1.90058012762068,0.));
#8201=CARTESIAN_POINT('Ctrl Pts',(-16.0678566160049,1.90058012762068,1.));
#8202=CARTESIAN_POINT('Ctrl Pts',(-16.854290155993,2.07867326757763,0.));
#8203=CARTESIAN_POINT('Ctrl Pts',(-16.854290155993,2.07867326757763,1.));
#8204=CARTESIAN_POINT('Ctrl Pts',(-17.1533862276945,2.14640557533106,0.));
#8205=CARTESIAN_POINT('Ctrl Pts',(-17.1533862276945,2.14640557533106,1.));
#8206=CARTESIAN_POINT('',(-14.7591105624113,1.91107153659663,0.));
#8207=CARTESIAN_POINT('Ctrl Pts',(-14.7591105624113,1.91107153659663,0.));
#8208=CARTESIAN_POINT('Ctrl Pts',(-15.2598292820596,1.90705758380929,0.));
#8209=CARTESIAN_POINT('Ctrl Pts',(-16.0678566160049,1.90058012762068,0.));
#8210=CARTESIAN_POINT('Ctrl Pts',(-16.854290155993,2.07867326757763,0.));
#8211=CARTESIAN_POINT('Ctrl Pts',(-17.1533862276945,2.14640557533106,0.));
#8212=CARTESIAN_POINT('',(-14.7591105624113,1.91107153659663,1.));
#8213=CARTESIAN_POINT('',(-14.7591105624113,1.91107153659663,0.));
#8214=CARTESIAN_POINT('Ctrl Pts',(-14.7591105624113,1.91107153659663,1.));
#8215=CARTESIAN_POINT('Ctrl Pts',(-15.2598292820596,1.90705758380929,1.));
#8216=CARTESIAN_POINT('Ctrl Pts',(-16.0678566160049,1.90058012762068,1.));
#8217=CARTESIAN_POINT('Ctrl Pts',(-16.854290155993,2.07867326757763,1.));
#8218=CARTESIAN_POINT('Ctrl Pts',(-17.1533862276945,2.14640557533106,1.));
#8219=CARTESIAN_POINT('Origin',(-13.1015387698088,1.91107153659663,0.));
#8220=CARTESIAN_POINT('',(-13.1015387698088,1.91107153659663,0.));
#8221=CARTESIAN_POINT('',(-6.55076938490438,1.91107153659663,0.));
#8222=CARTESIAN_POINT('',(-13.1015387698088,1.91107153659663,1.));
#8223=CARTESIAN_POINT('',(-13.1015387698088,1.91107153659663,0.));
#8224=CARTESIAN_POINT('',(-13.1015387698088,1.91107153659663,1.));
#8225=CARTESIAN_POINT('Origin',(-13.1015387698088,6.1675518727859,0.));
#8226=CARTESIAN_POINT('',(-13.1015387698088,6.1675518727859,0.));
#8227=CARTESIAN_POINT('',(-13.1015387698088,3.08377593639295,0.));
#8228=CARTESIAN_POINT('',(-13.1015387698088,6.1675518727859,1.));
#8229=CARTESIAN_POINT('',(-13.1015387698088,6.1675518727859,0.));
#8230=CARTESIAN_POINT('',(-13.1015387698088,6.1675518727859,1.));
#8231=CARTESIAN_POINT('Origin',(-14.5647040530119,6.1675518727859,0.));
#8232=CARTESIAN_POINT('',(-7.28235202650594,6.1675518727859,0.));
#8233=CARTESIAN_POINT('',(-14.5647040530119,6.1675518727859,1.));
#8234=CARTESIAN_POINT('Origin',(-13.1015387698087,-0.636677148286489,0.));
#8235=CARTESIAN_POINT('',(-13.1015387698087,-0.636677148286488,0.));
#8236=CARTESIAN_POINT('',(-13.1015387698087,-6.29493177169957,0.));
#8237=CARTESIAN_POINT('',(-13.1015387698087,-0.318338574143247,0.));
#8238=CARTESIAN_POINT('',(-13.1015387698087,-0.636677148286487,1.));
#8239=CARTESIAN_POINT('',(-13.1015387698087,-0.636677148286488,0.));
#8240=CARTESIAN_POINT('',(-13.1015387698087,-6.29493177169957,1.));
#8241=CARTESIAN_POINT('',(-13.1015387698087,-0.636677148286489,1.));
#8242=CARTESIAN_POINT('',(-13.1015387698087,-6.29493177169957,0.));
#8243=CARTESIAN_POINT('Origin',(-15.076302640048,-0.636677148286489,0.));
#8244=CARTESIAN_POINT('',(-15.076302640048,-0.636677148286489,0.));
#8245=CARTESIAN_POINT('',(-7.538151320024,-0.636677148286485,0.));
#8246=CARTESIAN_POINT('',(-15.076302640048,-0.636677148286489,1.));
#8247=CARTESIAN_POINT('',(-15.076302640048,-0.636677148286489,0.));
#8248=CARTESIAN_POINT('',(-15.076302640048,-0.636677148286489,1.));
#8249=CARTESIAN_POINT('Ctrl Pts',(-18.2175055666837,-0.42180717224279,0.));
#8250=CARTESIAN_POINT('Ctrl Pts',(-18.2175055666837,-0.42180717224279,1.));
#8251=CARTESIAN_POINT('Ctrl Pts',(-17.7756229599689,-0.484120985678611,
0.));
#8252=CARTESIAN_POINT('Ctrl Pts',(-17.7756229599689,-0.484120985678611,
1.));
#8253=CARTESIAN_POINT('Ctrl Pts',(-16.7342238226806,-0.630977980199543,
0.));
#8254=CARTESIAN_POINT('Ctrl Pts',(-16.7342238226806,-0.630977980199543,
1.));
#8255=CARTESIAN_POINT('Ctrl Pts',(-15.6820322182605,-0.634594929470764,
0.));
#8256=CARTESIAN_POINT('Ctrl Pts',(-15.6820322182605,-0.634594929470764,
1.));
#8257=CARTESIAN_POINT('Ctrl Pts',(-15.076302640048,-0.636677148286489,0.));
#8258=CARTESIAN_POINT('Ctrl Pts',(-15.076302640048,-0.636677148286489,1.));
#8259=CARTESIAN_POINT('',(-18.2175055666837,-0.42180717224279,0.));
#8260=CARTESIAN_POINT('Ctrl Pts',(-18.2175055666837,-0.42180717224279,0.));
#8261=CARTESIAN_POINT('Ctrl Pts',(-17.7756229599689,-0.484120985678611,
0.));
#8262=CARTESIAN_POINT('Ctrl Pts',(-16.7342238226806,-0.630977980199543,
0.));
#8263=CARTESIAN_POINT('Ctrl Pts',(-15.6820322182605,-0.634594929470764,
0.));
#8264=CARTESIAN_POINT('Ctrl Pts',(-15.076302640048,-0.636677148286489,0.));
#8265=CARTESIAN_POINT('',(-18.2175055666837,-0.42180717224279,1.));
#8266=CARTESIAN_POINT('',(-18.2175055666837,-0.42180717224279,0.));
#8267=CARTESIAN_POINT('Ctrl Pts',(-18.2175055666837,-0.42180717224279,1.));
#8268=CARTESIAN_POINT('Ctrl Pts',(-17.7756229599689,-0.484120985678611,
1.));
#8269=CARTESIAN_POINT('Ctrl Pts',(-16.7342238226806,-0.630977980199543,
1.));
#8270=CARTESIAN_POINT('Ctrl Pts',(-15.6820322182605,-0.634594929470764,
1.));
#8271=CARTESIAN_POINT('Ctrl Pts',(-15.076302640048,-0.636677148286489,1.));
#8272=CARTESIAN_POINT('Ctrl Pts',(-19.78810226163,0.289312002714486,0.));
#8273=CARTESIAN_POINT('Ctrl Pts',(-19.78810226163,0.289312002714486,1.));
#8274=CARTESIAN_POINT('Ctrl Pts',(-19.5347279248203,0.126562574547959,0.));
#8275=CARTESIAN_POINT('Ctrl Pts',(-19.5347279248203,0.126562574547959,1.));
#8276=CARTESIAN_POINT('Ctrl Pts',(-19.0457462736303,-0.18752402600166,0.));
#8277=CARTESIAN_POINT('Ctrl Pts',(-19.0457462736303,-0.18752402600166,1.));
#8278=CARTESIAN_POINT('Ctrl Pts',(-18.4868162764742,-0.345627675295879,
0.));
#8279=CARTESIAN_POINT('Ctrl Pts',(-18.4868162764742,-0.345627675295879,
1.));
#8280=CARTESIAN_POINT('Ctrl Pts',(-18.2175055666837,-0.42180717224279,0.));
#8281=CARTESIAN_POINT('Ctrl Pts',(-18.2175055666837,-0.42180717224279,1.));
#8282=CARTESIAN_POINT('',(-19.78810226163,0.289312002714486,0.));
#8283=CARTESIAN_POINT('Ctrl Pts',(-19.78810226163,0.289312002714486,0.));
#8284=CARTESIAN_POINT('Ctrl Pts',(-19.5347279248203,0.126562574547959,0.));
#8285=CARTESIAN_POINT('Ctrl Pts',(-19.0457462736303,-0.18752402600166,0.));
#8286=CARTESIAN_POINT('Ctrl Pts',(-18.4868162764742,-0.345627675295879,
0.));
#8287=CARTESIAN_POINT('Ctrl Pts',(-18.2175055666837,-0.42180717224279,0.));
#8288=CARTESIAN_POINT('',(-19.78810226163,0.289312002714486,1.));
#8289=CARTESIAN_POINT('',(-19.78810226163,0.289312002714486,0.));
#8290=CARTESIAN_POINT('Ctrl Pts',(-19.78810226163,0.289312002714486,1.));
#8291=CARTESIAN_POINT('Ctrl Pts',(-19.5347279248203,0.126562574547959,1.));
#8292=CARTESIAN_POINT('Ctrl Pts',(-19.0457462736303,-0.18752402600166,1.));
#8293=CARTESIAN_POINT('Ctrl Pts',(-18.4868162764742,-0.345627675295879,
1.));
#8294=CARTESIAN_POINT('Ctrl Pts',(-18.2175055666837,-0.42180717224279,1.));
#8295=CARTESIAN_POINT('Ctrl Pts',(-21.0619727297697,1.76782428985438,0.));
#8296=CARTESIAN_POINT('Ctrl Pts',(-21.0619727297697,1.76782428985438,1.));
#8297=CARTESIAN_POINT('Ctrl Pts',(-20.8880161199826,1.4740406315436,0.));
#8298=CARTESIAN_POINT('Ctrl Pts',(-20.8880161199826,1.4740406315436,1.));
#8299=CARTESIAN_POINT('Ctrl Pts',(-20.5510952357694,0.905037533319282,0.));
#8300=CARTESIAN_POINT('Ctrl Pts',(-20.5510952357694,0.905037533319282,1.));
#8301=CARTESIAN_POINT('Ctrl Pts',(-20.0368405853708,0.49004063529436,0.));
#8302=CARTESIAN_POINT('Ctrl Pts',(-20.0368405853708,0.49004063529436,1.));
#8303=CARTESIAN_POINT('Ctrl Pts',(-19.78810226163,0.289312002714486,0.));
#8304=CARTESIAN_POINT('Ctrl Pts',(-19.78810226163,0.289312002714486,1.));
#8305=CARTESIAN_POINT('',(-21.0619727297697,1.76782428985438,0.));
#8306=CARTESIAN_POINT('Ctrl Pts',(-21.0619727297697,1.76782428985438,0.));
#8307=CARTESIAN_POINT('Ctrl Pts',(-20.8880161199826,1.4740406315436,0.));
#8308=CARTESIAN_POINT('Ctrl Pts',(-20.5510952357694,0.905037533319282,0.));
#8309=CARTESIAN_POINT('Ctrl Pts',(-20.0368405853708,0.49004063529436,0.));
#8310=CARTESIAN_POINT('Ctrl Pts',(-19.78810226163,0.289312002714486,0.));
#8311=CARTESIAN_POINT('',(-21.0619727297697,1.76782428985438,1.));
#8312=CARTESIAN_POINT('',(-21.0619727297697,1.76782428985438,0.));
#8313=CARTESIAN_POINT('Ctrl Pts',(-21.0619727297697,1.76782428985438,1.));
#8314=CARTESIAN_POINT('Ctrl Pts',(-20.8880161199826,1.4740406315436,1.));
#8315=CARTESIAN_POINT('Ctrl Pts',(-20.5510952357694,0.905037533319282,1.));
#8316=CARTESIAN_POINT('Ctrl Pts',(-20.0368405853708,0.49004063529436,1.));
#8317=CARTESIAN_POINT('Ctrl Pts',(-19.78810226163,0.289312002714486,1.));
#8318=CARTESIAN_POINT('Ctrl Pts',(-21.5633383913908,4.0904718614181,0.));
#8319=CARTESIAN_POINT('Ctrl Pts',(-21.5633383913908,4.0904718614181,1.));
#8320=CARTESIAN_POINT('Ctrl Pts',(-21.5486723427642,3.66061113866596,0.));
#8321=CARTESIAN_POINT('Ctrl Pts',(-21.5486723427642,3.66061113866596,1.));
#8322=CARTESIAN_POINT('Ctrl Pts',(-21.5211877712373,2.85504052575611,0.));
#8323=CARTESIAN_POINT('Ctrl Pts',(-21.5211877712373,2.85504052575611,1.));
#8324=CARTESIAN_POINT('Ctrl Pts',(-21.2080274833532,2.11361675109248,0.));
#8325=CARTESIAN_POINT('Ctrl Pts',(-21.2080274833532,2.11361675109248,1.));
#8326=CARTESIAN_POINT('Ctrl Pts',(-21.0619727297697,1.76782428985438,0.));
#8327=CARTESIAN_POINT('Ctrl Pts',(-21.0619727297697,1.76782428985438,1.));
#8328=CARTESIAN_POINT('',(-21.5633383913908,4.0904718614181,0.));
#8329=CARTESIAN_POINT('Ctrl Pts',(-21.5633383913908,4.0904718614181,0.));
#8330=CARTESIAN_POINT('Ctrl Pts',(-21.5486723427642,3.66061113866596,0.));
#8331=CARTESIAN_POINT('Ctrl Pts',(-21.5211877712373,2.85504052575611,0.));
#8332=CARTESIAN_POINT('Ctrl Pts',(-21.2080274833532,2.11361675109248,0.));
#8333=CARTESIAN_POINT('Ctrl Pts',(-21.0619727297697,1.76782428985438,0.));
#8334=CARTESIAN_POINT('',(-21.5633383913908,4.0904718614181,1.));
#8335=CARTESIAN_POINT('',(-21.5633383913908,4.0904718614181,0.));
#8336=CARTESIAN_POINT('Ctrl Pts',(-21.5633383913908,4.0904718614181,1.));
#8337=CARTESIAN_POINT('Ctrl Pts',(-21.5486723427642,3.66061113866596,1.));
#8338=CARTESIAN_POINT('Ctrl Pts',(-21.5211877712373,2.85504052575611,1.));
#8339=CARTESIAN_POINT('Ctrl Pts',(-21.2080274833532,2.11361675109248,1.));
#8340=CARTESIAN_POINT('Ctrl Pts',(-21.0619727297697,1.76782428985438,1.));
#8341=CARTESIAN_POINT('Ctrl Pts',(-20.6936255618009,7.01168596511683,0.));
#8342=CARTESIAN_POINT('Ctrl Pts',(-20.6936255618009,7.01168596511683,1.));
#8343=CARTESIAN_POINT('Ctrl Pts',(-20.9470350162442,6.59093146908596,0.));
#8344=CARTESIAN_POINT('Ctrl Pts',(-20.9470350162442,6.59093146908596,1.));
#8345=CARTESIAN_POINT('Ctrl Pts',(-21.4869631562811,5.69444876699714,0.));
#8346=CARTESIAN_POINT('Ctrl Pts',(-21.4869631562811,5.69444876699714,1.));
#8347=CARTESIAN_POINT('Ctrl Pts',(-21.5368600611499,4.64655041415315,0.));
#8348=CARTESIAN_POINT('Ctrl Pts',(-21.5368600611499,4.64655041415315,1.));
#8349=CARTESIAN_POINT('Ctrl Pts',(-21.5633383913908,4.0904718614181,0.));
#8350=CARTESIAN_POINT('Ctrl Pts',(-21.5633383913908,4.0904718614181,1.));
#8351=CARTESIAN_POINT('',(-20.6936255618009,7.01168596511683,0.));
#8352=CARTESIAN_POINT('Ctrl Pts',(-20.6936255618009,7.01168596511683,0.));
#8353=CARTESIAN_POINT('Ctrl Pts',(-20.9470350162442,6.59093146908596,0.));
#8354=CARTESIAN_POINT('Ctrl Pts',(-21.4869631562811,5.69444876699714,0.));
#8355=CARTESIAN_POINT('Ctrl Pts',(-21.5368600611499,4.64655041415315,0.));
#8356=CARTESIAN_POINT('Ctrl Pts',(-21.5633383913908,4.0904718614181,0.));
#8357=CARTESIAN_POINT('',(-20.6936255618009,7.01168596511683,1.));
#8358=CARTESIAN_POINT('',(-20.6936255618009,7.01168596511683,0.));
#8359=CARTESIAN_POINT('Ctrl Pts',(-20.6936255618009,7.01168596511683,1.));
#8360=CARTESIAN_POINT('Ctrl Pts',(-20.9470350162442,6.59093146908596,1.));
#8361=CARTESIAN_POINT('Ctrl Pts',(-21.4869631562811,5.69444876699714,1.));
#8362=CARTESIAN_POINT('Ctrl Pts',(-21.5368600611499,4.64655041415315,1.));
#8363=CARTESIAN_POINT('Ctrl Pts',(-21.5633383913908,4.0904718614181,1.));
#8364=CARTESIAN_POINT('Ctrl Pts',(-18.5346881075773,8.47996651893458,0.));
#8365=CARTESIAN_POINT('Ctrl Pts',(-18.5346881075773,8.47996651893458,1.));
#8366=CARTESIAN_POINT('Ctrl Pts',(-18.949514198064,8.33100573822715,0.));
#8367=CARTESIAN_POINT('Ctrl Pts',(-18.949514198064,8.33100573822715,1.));
#8368=CARTESIAN_POINT('Ctrl Pts',(-19.7947433780792,8.0274905991865,0.));
#8369=CARTESIAN_POINT('Ctrl Pts',(-19.7947433780792,8.0274905991865,1.));
#8370=CARTESIAN_POINT('Ctrl Pts',(-20.3903393575923,7.35442224053053,0.));
#8371=CARTESIAN_POINT('Ctrl Pts',(-20.3903393575923,7.35442224053053,1.));
#8372=CARTESIAN_POINT('Ctrl Pts',(-20.6936255618009,7.01168596511683,0.));
#8373=CARTESIAN_POINT('Ctrl Pts',(-20.6936255618009,7.01168596511683,1.));
#8374=CARTESIAN_POINT('',(-18.5346881075773,8.47996651893458,0.));
#8375=CARTESIAN_POINT('Ctrl Pts',(-18.5346881075773,8.47996651893458,0.));
#8376=CARTESIAN_POINT('Ctrl Pts',(-18.949514198064,8.33100573822715,0.));
#8377=CARTESIAN_POINT('Ctrl Pts',(-19.7947433780792,8.0274905991865,0.));
#8378=CARTESIAN_POINT('Ctrl Pts',(-20.3903393575923,7.35442224053053,0.));
#8379=CARTESIAN_POINT('Ctrl Pts',(-20.6936255618009,7.01168596511683,0.));
#8380=CARTESIAN_POINT('',(-18.5346881075773,8.47996651893458,1.));
#8381=CARTESIAN_POINT('',(-18.5346881075773,8.47996651893458,0.));
#8382=CARTESIAN_POINT('Ctrl Pts',(-18.5346881075773,8.47996651893458,1.));
#8383=CARTESIAN_POINT('Ctrl Pts',(-18.949514198064,8.33100573822715,1.));
#8384=CARTESIAN_POINT('Ctrl Pts',(-19.7947433780792,8.0274905991865,1.));
#8385=CARTESIAN_POINT('Ctrl Pts',(-20.3903393575923,7.35442224053053,1.));
#8386=CARTESIAN_POINT('Ctrl Pts',(-20.6936255618009,7.01168596511683,1.));
#8387=CARTESIAN_POINT('Ctrl Pts',(-14.9330512209806,8.70506942039332,0.));
#8388=CARTESIAN_POINT('Ctrl Pts',(-14.9330512209806,8.70506942039332,1.));
#8389=CARTESIAN_POINT('Ctrl Pts',(-15.6954944424324,8.71087418947659,0.));
#8390=CARTESIAN_POINT('Ctrl Pts',(-15.6954944424324,8.71087418947659,1.));
#8391=CARTESIAN_POINT('Ctrl Pts',(-16.9024481273645,8.7200631851134,0.));
#8392=CARTESIAN_POINT('Ctrl Pts',(-16.9024481273645,8.7200631851134,1.));
#8393=CARTESIAN_POINT('Ctrl Pts',(-18.0953520488364,8.54459128264247,0.));
#8394=CARTESIAN_POINT('Ctrl Pts',(-18.0953520488364,8.54459128264247,1.));
#8395=CARTESIAN_POINT('Ctrl Pts',(-18.5346881075773,8.47996651893458,0.));
#8396=CARTESIAN_POINT('Ctrl Pts',(-18.5346881075773,8.47996651893458,1.));
#8397=CARTESIAN_POINT('',(-14.9330512209806,8.70506942039332,0.));
#8398=CARTESIAN_POINT('Ctrl Pts',(-14.9330512209806,8.70506942039332,0.));
#8399=CARTESIAN_POINT('Ctrl Pts',(-15.6954944424324,8.71087418947659,0.));
#8400=CARTESIAN_POINT('Ctrl Pts',(-16.9024481273645,8.7200631851134,0.));
#8401=CARTESIAN_POINT('Ctrl Pts',(-18.0953520488364,8.54459128264247,0.));
#8402=CARTESIAN_POINT('Ctrl Pts',(-18.5346881075773,8.47996651893458,0.));
#8403=CARTESIAN_POINT('',(-14.9330512209806,8.70506942039332,1.));
#8404=CARTESIAN_POINT('',(-14.9330512209806,8.70506942039332,0.));
#8405=CARTESIAN_POINT('Ctrl Pts',(-14.9330512209806,8.70506942039332,1.));
#8406=CARTESIAN_POINT('Ctrl Pts',(-15.6954944424324,8.71087418947659,1.));
#8407=CARTESIAN_POINT('Ctrl Pts',(-16.9024481273645,8.7200631851134,1.));
#8408=CARTESIAN_POINT('Ctrl Pts',(-18.0953520488364,8.54459128264247,1.));
#8409=CARTESIAN_POINT('Ctrl Pts',(-18.5346881075773,8.47996651893458,1.));
#8410=CARTESIAN_POINT('Origin',(-10.0728884859953,8.70506942039332,0.));
#8411=CARTESIAN_POINT('',(-10.0728884859953,8.70506942039332,0.));
#8412=CARTESIAN_POINT('',(-5.03644424299764,8.70506942039333,0.));
#8413=CARTESIAN_POINT('',(-10.0728884859953,8.70506942039332,1.));
#8414=CARTESIAN_POINT('',(-10.0728884859953,8.70506942039332,0.));
#8415=CARTESIAN_POINT('',(-10.0728884859953,8.70506942039332,1.));
#8416=CARTESIAN_POINT('Origin',(-10.0728884859953,-6.29493177169957,0.));
#8417=CARTESIAN_POINT('',(-10.0728884859953,-6.29493177169957,0.));
#8418=CARTESIAN_POINT('',(-10.0728884859953,-3.14746588584979,0.));
#8419=CARTESIAN_POINT('',(-10.0728884859953,-6.29493177169957,1.));
#8420=CARTESIAN_POINT('',(-10.0728884859953,-6.29493177169957,0.));
#8421=CARTESIAN_POINT('',(-10.0728884859953,-6.29493177169957,1.));
#8422=CARTESIAN_POINT('Origin',(-13.1015387698087,-6.29493177169957,0.));
#8423=CARTESIAN_POINT('',(-6.55076938490437,-6.29493177169957,0.));
#8424=CARTESIAN_POINT('',(-13.1015387698087,-6.29493177169957,1.));
#8425=CARTESIAN_POINT('Origin',(0.066947586926478,1.08978252265539,1.));
#8426=CARTESIAN_POINT('Ctrl Pts',(-29.9125949068937,-3.0514115118424,0.));
#8427=CARTESIAN_POINT('Ctrl Pts',(-29.9125949068937,-3.0514115118424,1.));
#8428=CARTESIAN_POINT('Ctrl Pts',(-29.9450123819508,-2.87361135749999,0.));
#8429=CARTESIAN_POINT('Ctrl Pts',(-29.9450123819508,-2.87361135749999,1.));
#8430=CARTESIAN_POINT('Ctrl Pts',(-30.0293952784333,-2.41079640994414,0.));
#8431=CARTESIAN_POINT('Ctrl Pts',(-30.0293952784333,-2.41079640994414,1.));
#8432=CARTESIAN_POINT('Ctrl Pts',(-30.0267605529291,-1.93973253888639,0.));
#8433=CARTESIAN_POINT('Ctrl Pts',(-30.0267605529291,-1.93973253888639,1.));
#8434=CARTESIAN_POINT('Ctrl Pts',(-30.0251380129728,-1.64963782066504,0.));
#8435=CARTESIAN_POINT('Ctrl Pts',(-30.0251380129728,-1.64963782066504,1.));
#8436=CARTESIAN_POINT('',(-29.9125949068937,-3.0514115118424,0.));
#8437=CARTESIAN_POINT('',(-30.0251380129728,-1.64963782066504,0.));
#8438=CARTESIAN_POINT('Ctrl Pts',(-29.9125949068937,-3.0514115118424,0.));
#8439=CARTESIAN_POINT('Ctrl Pts',(-29.9450123819508,-2.87361135749999,0.));
#8440=CARTESIAN_POINT('Ctrl Pts',(-30.0293952784333,-2.41079640994414,0.));
#8441=CARTESIAN_POINT('Ctrl Pts',(-30.0267605529291,-1.93973253888639,0.));
#8442=CARTESIAN_POINT('Ctrl Pts',(-30.0251380129728,-1.64963782066504,0.));
#8443=CARTESIAN_POINT('',(-29.9125949068937,-3.0514115118424,1.));
#8444=CARTESIAN_POINT('',(-29.9125949068937,-3.0514115118424,0.));
#8445=CARTESIAN_POINT('',(-30.0251380129728,-1.64963782066504,1.));
#8446=CARTESIAN_POINT('Ctrl Pts',(-29.9125949068937,-3.0514115118424,1.));
#8447=CARTESIAN_POINT('Ctrl Pts',(-29.9450123819508,-2.87361135749999,1.));
#8448=CARTESIAN_POINT('Ctrl Pts',(-30.0293952784333,-2.41079640994414,1.));
#8449=CARTESIAN_POINT('Ctrl Pts',(-30.0267605529291,-1.93973253888639,1.));
#8450=CARTESIAN_POINT('Ctrl Pts',(-30.0251380129728,-1.64963782066504,1.));
#8451=CARTESIAN_POINT('',(-30.0251380129728,-1.64963782066504,0.));
#8452=CARTESIAN_POINT('Ctrl Pts',(-29.2270556612882,-4.00298059219519,0.));
#8453=CARTESIAN_POINT('Ctrl Pts',(-29.2270556612882,-4.00298059219519,1.));
#8454=CARTESIAN_POINT('Ctrl Pts',(-29.3852341462465,-3.86892389118175,0.));
#8455=CARTESIAN_POINT('Ctrl Pts',(-29.3852341462465,-3.86892389118175,1.));
#8456=CARTESIAN_POINT('Ctrl Pts',(-29.6928904605508,-3.60818431871416,0.));
#8457=CARTESIAN_POINT('Ctrl Pts',(-29.6928904605508,-3.60818431871416,1.));
#8458=CARTESIAN_POINT('Ctrl Pts',(-29.8407539731258,-3.23347008647767,0.));
#8459=CARTESIAN_POINT('Ctrl Pts',(-29.8407539731258,-3.23347008647767,1.));
#8460=CARTESIAN_POINT('Ctrl Pts',(-29.9125949068937,-3.0514115118424,0.));
#8461=CARTESIAN_POINT('Ctrl Pts',(-29.9125949068937,-3.0514115118424,1.));
#8462=CARTESIAN_POINT('',(-29.2270556612882,-4.00298059219519,0.));
#8463=CARTESIAN_POINT('Ctrl Pts',(-29.2270556612882,-4.00298059219519,0.));
#8464=CARTESIAN_POINT('Ctrl Pts',(-29.3852341462465,-3.86892389118175,0.));
#8465=CARTESIAN_POINT('Ctrl Pts',(-29.6928904605508,-3.60818431871416,0.));
#8466=CARTESIAN_POINT('Ctrl Pts',(-29.8407539731258,-3.23347008647767,0.));
#8467=CARTESIAN_POINT('Ctrl Pts',(-29.9125949068937,-3.0514115118424,0.));
#8468=CARTESIAN_POINT('',(-29.2270556612882,-4.00298059219519,1.));
#8469=CARTESIAN_POINT('',(-29.2270556612882,-4.00298059219519,0.));
#8470=CARTESIAN_POINT('Ctrl Pts',(-29.2270556612882,-4.00298059219519,1.));
#8471=CARTESIAN_POINT('Ctrl Pts',(-29.3852341462465,-3.86892389118175,1.));
#8472=CARTESIAN_POINT('Ctrl Pts',(-29.6928904605508,-3.60818431871416,1.));
#8473=CARTESIAN_POINT('Ctrl Pts',(-29.8407539731258,-3.23347008647767,1.));
#8474=CARTESIAN_POINT('Ctrl Pts',(-29.9125949068937,-3.0514115118424,1.));
#8475=CARTESIAN_POINT('Ctrl Pts',(-27.743424527255,-4.51457679504553,0.));
#8476=CARTESIAN_POINT('Ctrl Pts',(-27.743424527255,-4.51457679504553,1.));
#8477=CARTESIAN_POINT('Ctrl Pts',(-28.0030468711485,-4.49075467506899,0.));
#8478=CARTESIAN_POINT('Ctrl Pts',(-28.0030468711485,-4.49075467506899,1.));
#8479=CARTESIAN_POINT('Ctrl Pts',(-28.5387699893282,-4.44159842678893,0.));
#8480=CARTESIAN_POINT('Ctrl Pts',(-28.5387699893282,-4.44159842678893,1.));
#8481=CARTESIAN_POINT('Ctrl Pts',(-28.9929701549095,-4.15215423055562,0.));
#8482=CARTESIAN_POINT('Ctrl Pts',(-28.9929701549095,-4.15215423055562,1.));
#8483=CARTESIAN_POINT('Ctrl Pts',(-29.2270556612882,-4.00298059219519,0.));
#8484=CARTESIAN_POINT('Ctrl Pts',(-29.2270556612882,-4.00298059219519,1.));
#8485=CARTESIAN_POINT('',(-27.743424527255,-4.51457679504553,0.));
#8486=CARTESIAN_POINT('Ctrl Pts',(-27.743424527255,-4.51457679504553,0.));
#8487=CARTESIAN_POINT('Ctrl Pts',(-28.0030468711485,-4.49075467506899,0.));
#8488=CARTESIAN_POINT('Ctrl Pts',(-28.5387699893282,-4.44159842678893,0.));
#8489=CARTESIAN_POINT('Ctrl Pts',(-28.9929701549095,-4.15215423055562,0.));
#8490=CARTESIAN_POINT('Ctrl Pts',(-29.2270556612882,-4.00298059219519,0.));
#8491=CARTESIAN_POINT('',(-27.743424527255,-4.51457679504553,1.));
#8492=CARTESIAN_POINT('',(-27.743424527255,-4.51457679504553,0.));
#8493=CARTESIAN_POINT('Ctrl Pts',(-27.743424527255,-4.51457679504553,1.));
#8494=CARTESIAN_POINT('Ctrl Pts',(-28.0030468711485,-4.49075467506899,1.));
#8495=CARTESIAN_POINT('Ctrl Pts',(-28.5387699893282,-4.44159842678893,1.));
#8496=CARTESIAN_POINT('Ctrl Pts',(-28.9929701549095,-4.15215423055562,1.));
#8497=CARTESIAN_POINT('Ctrl Pts',(-29.2270556612882,-4.00298059219519,1.));
#8498=CARTESIAN_POINT('Ctrl Pts',(-26.5974513216886,-4.07460391754309,0.));
#8499=CARTESIAN_POINT('Ctrl Pts',(-26.5974513216886,-4.07460391754309,1.));
#8500=CARTESIAN_POINT('Ctrl Pts',(-26.760835258374,-4.20290139463496,0.));
#8501=CARTESIAN_POINT('Ctrl Pts',(-26.760835258374,-4.20290139463496,1.));
#8502=CARTESIAN_POINT('Ctrl Pts',(-27.0970133102907,-4.46688570539153,0.));
#8503=CARTESIAN_POINT('Ctrl Pts',(-27.0970133102907,-4.46688570539153,1.));
#8504=CARTESIAN_POINT('Ctrl Pts',(-27.5239703772632,-4.4983858514673,0.));
#8505=CARTESIAN_POINT('Ctrl Pts',(-27.5239703772632,-4.4983858514673,1.));
#8506=CARTESIAN_POINT('Ctrl Pts',(-27.743424527255,-4.51457679504553,0.));
#8507=CARTESIAN_POINT('Ctrl Pts',(-27.743424527255,-4.51457679504553,1.));
#8508=CARTESIAN_POINT('',(-26.5974513216886,-4.07460391754309,0.));
#8509=CARTESIAN_POINT('Ctrl Pts',(-26.5974513216886,-4.07460391754309,0.));
#8510=CARTESIAN_POINT('Ctrl Pts',(-26.760835258374,-4.20290139463496,0.));
#8511=CARTESIAN_POINT('Ctrl Pts',(-27.0970133102907,-4.46688570539153,0.));
#8512=CARTESIAN_POINT('Ctrl Pts',(-27.5239703772632,-4.4983858514673,0.));
#8513=CARTESIAN_POINT('Ctrl Pts',(-27.743424527255,-4.51457679504553,0.));
#8514=CARTESIAN_POINT('',(-26.5974513216886,-4.07460391754309,1.));
#8515=CARTESIAN_POINT('',(-26.5974513216886,-4.07460391754309,0.));
#8516=CARTESIAN_POINT('Ctrl Pts',(-26.5974513216886,-4.07460391754309,1.));
#8517=CARTESIAN_POINT('Ctrl Pts',(-26.760835258374,-4.20290139463496,1.));
#8518=CARTESIAN_POINT('Ctrl Pts',(-27.0970133102907,-4.46688570539153,1.));
#8519=CARTESIAN_POINT('Ctrl Pts',(-27.5239703772632,-4.4983858514673,1.));
#8520=CARTESIAN_POINT('Ctrl Pts',(-27.743424527255,-4.51457679504553,1.));
#8521=CARTESIAN_POINT('Ctrl Pts',(-26.1472407503996,-3.03094804519812,0.));
#8522=CARTESIAN_POINT('Ctrl Pts',(-26.1472407503996,-3.03094804519812,1.));
#8523=CARTESIAN_POINT('Ctrl Pts',(-26.1668693541252,-3.22619728821159,0.));
#8524=CARTESIAN_POINT('Ctrl Pts',(-26.1668693541252,-3.22619728821159,1.));
#8525=CARTESIAN_POINT('Ctrl Pts',(-26.2065952752592,-3.621358153338,0.));
#8526=CARTESIAN_POINT('Ctrl Pts',(-26.2065952752592,-3.621358153338,1.));
#8527=CARTESIAN_POINT('Ctrl Pts',(-26.4661451902006,-3.92233827280053,0.));
#8528=CARTESIAN_POINT('Ctrl Pts',(-26.4661451902006,-3.92233827280053,1.));
#8529=CARTESIAN_POINT('Ctrl Pts',(-26.5974513216886,-4.07460391754309,0.));
#8530=CARTESIAN_POINT('Ctrl Pts',(-26.5974513216886,-4.07460391754309,1.));
#8531=CARTESIAN_POINT('',(-26.1472407503996,-3.03094804519812,0.));
#8532=CARTESIAN_POINT('Ctrl Pts',(-26.1472407503996,-3.03094804519812,0.));
#8533=CARTESIAN_POINT('Ctrl Pts',(-26.1668693541252,-3.22619728821159,0.));
#8534=CARTESIAN_POINT('Ctrl Pts',(-26.2065952752592,-3.621358153338,0.));
#8535=CARTESIAN_POINT('Ctrl Pts',(-26.4661451902006,-3.92233827280053,0.));
#8536=CARTESIAN_POINT('Ctrl Pts',(-26.5974513216886,-4.07460391754309,0.));
#8537=CARTESIAN_POINT('',(-26.1472407503996,-3.03094804519812,1.));
#8538=CARTESIAN_POINT('',(-26.1472407503996,-3.03094804519812,0.));
#8539=CARTESIAN_POINT('Ctrl Pts',(-26.1472407503996,-3.03094804519812,1.));
#8540=CARTESIAN_POINT('Ctrl Pts',(-26.1668693541252,-3.22619728821159,1.));
#8541=CARTESIAN_POINT('Ctrl Pts',(-26.2065952752592,-3.621358153338,1.));
#8542=CARTESIAN_POINT('Ctrl Pts',(-26.4661451902006,-3.92233827280053,1.));
#8543=CARTESIAN_POINT('Ctrl Pts',(-26.5974513216886,-4.07460391754309,1.));
#8544=CARTESIAN_POINT('Ctrl Pts',(-26.7099944277677,-2.01798737281958,0.));
#8545=CARTESIAN_POINT('Ctrl Pts',(-26.7099944277677,-2.01798737281958,1.));
#8546=CARTESIAN_POINT('Ctrl Pts',(-26.5459172563703,-2.15618553219537,0.));
#8547=CARTESIAN_POINT('Ctrl Pts',(-26.5459172563703,-2.15618553219537,1.));
#8548=CARTESIAN_POINT('Ctrl Pts',(-26.2287322260359,-2.42334266929409,0.));
#8549=CARTESIAN_POINT('Ctrl Pts',(-26.2287322260359,-2.42334266929409,1.));
#8550=CARTESIAN_POINT('Ctrl Pts',(-26.1737709949364,-2.83313693576921,0.));
#8551=CARTESIAN_POINT('Ctrl Pts',(-26.1737709949364,-2.83313693576921,1.));
#8552=CARTESIAN_POINT('Ctrl Pts',(-26.1472407503996,-3.03094804519812,0.));
#8553=CARTESIAN_POINT('Ctrl Pts',(-26.1472407503996,-3.03094804519812,1.));
#8554=CARTESIAN_POINT('',(-26.7099944277677,-2.01798737281958,0.));
#8555=CARTESIAN_POINT('Ctrl Pts',(-26.7099944277677,-2.01798737281958,0.));
#8556=CARTESIAN_POINT('Ctrl Pts',(-26.5459172563703,-2.15618553219537,0.));
#8557=CARTESIAN_POINT('Ctrl Pts',(-26.2287322260359,-2.42334266929409,0.));
#8558=CARTESIAN_POINT('Ctrl Pts',(-26.1737709949364,-2.83313693576921,0.));
#8559=CARTESIAN_POINT('Ctrl Pts',(-26.1472407503996,-3.03094804519812,0.));
#8560=CARTESIAN_POINT('',(-26.7099944277677,-2.01798737281958,1.));
#8561=CARTESIAN_POINT('',(-26.7099944277677,-2.01798737281958,0.));
#8562=CARTESIAN_POINT('Ctrl Pts',(-26.7099944277677,-2.01798737281958,1.));
#8563=CARTESIAN_POINT('Ctrl Pts',(-26.5459172563703,-2.15618553219537,1.));
#8564=CARTESIAN_POINT('Ctrl Pts',(-26.2287322260359,-2.42334266929409,1.));
#8565=CARTESIAN_POINT('Ctrl Pts',(-26.1737709949364,-2.83313693576921,1.));
#8566=CARTESIAN_POINT('Ctrl Pts',(-26.1472407503996,-3.03094804519812,1.));
#8567=CARTESIAN_POINT('Ctrl Pts',(-28.2754794283781,-1.51662290329138,0.));
#8568=CARTESIAN_POINT('Ctrl Pts',(-28.2754794283781,-1.51662290329138,1.));
#8569=CARTESIAN_POINT('Ctrl Pts',(-27.9401709060763,-1.58540849665623,0.));
#8570=CARTESIAN_POINT('Ctrl Pts',(-27.9401709060763,-1.58540849665623,1.));
#8571=CARTESIAN_POINT('Ctrl Pts',(-27.3991909095018,-1.69638578350668,0.));
#8572=CARTESIAN_POINT('Ctrl Pts',(-27.3991909095018,-1.69638578350668,1.));
#8573=CARTESIAN_POINT('Ctrl Pts',(-26.8998394384538,-1.92939949000543,0.));
#8574=CARTESIAN_POINT('Ctrl Pts',(-26.8998394384538,-1.92939949000543,1.));
#8575=CARTESIAN_POINT('Ctrl Pts',(-26.7099944277677,-2.01798737281958,0.));
#8576=CARTESIAN_POINT('Ctrl Pts',(-26.7099944277677,-2.01798737281958,1.));
#8577=CARTESIAN_POINT('',(-28.2754794283781,-1.51662290329138,0.));
#8578=CARTESIAN_POINT('Ctrl Pts',(-28.2754794283781,-1.51662290329138,0.));
#8579=CARTESIAN_POINT('Ctrl Pts',(-27.9401709060763,-1.58540849665623,0.));
#8580=CARTESIAN_POINT('Ctrl Pts',(-27.3991909095018,-1.69638578350668,0.));
#8581=CARTESIAN_POINT('Ctrl Pts',(-26.8998394384538,-1.92939949000543,0.));
#8582=CARTESIAN_POINT('Ctrl Pts',(-26.7099944277677,-2.01798737281958,0.));
#8583=CARTESIAN_POINT('',(-28.2754794283781,-1.51662290329138,1.));
#8584=CARTESIAN_POINT('',(-28.2754794283781,-1.51662290329138,0.));
#8585=CARTESIAN_POINT('Ctrl Pts',(-28.2754794283781,-1.51662290329138,1.));
#8586=CARTESIAN_POINT('Ctrl Pts',(-27.9401709060763,-1.58540849665623,1.));
#8587=CARTESIAN_POINT('Ctrl Pts',(-27.3991909095018,-1.69638578350668,1.));
#8588=CARTESIAN_POINT('Ctrl Pts',(-26.8998394384538,-1.92939949000543,1.));
#8589=CARTESIAN_POINT('Ctrl Pts',(-26.7099944277677,-2.01798737281958,1.));
#8590=CARTESIAN_POINT('Ctrl Pts',(-30.0251380129728,-1.07665002578894,0.));
#8591=CARTESIAN_POINT('Ctrl Pts',(-30.0251380129728,-1.07665002578894,1.));
#8592=CARTESIAN_POINT('Ctrl Pts',(-29.7878803671811,-1.14648186879877,0.));
#8593=CARTESIAN_POINT('Ctrl Pts',(-29.7878803671811,-1.14648186879877,1.));
#8594=CARTESIAN_POINT('Ctrl Pts',(-29.2106173724624,-1.31638719972316,0.));
#8595=CARTESIAN_POINT('Ctrl Pts',(-29.2106173724624,-1.31638719972316,1.));
#8596=CARTESIAN_POINT('Ctrl Pts',(-28.6221085311655,-1.44240120935527,0.));
#8597=CARTESIAN_POINT('Ctrl Pts',(-28.6221085311655,-1.44240120935527,1.));
#8598=CARTESIAN_POINT('Ctrl Pts',(-28.2754794283781,-1.51662290329138,0.));
#8599=CARTESIAN_POINT('Ctrl Pts',(-28.2754794283781,-1.51662290329138,1.));
#8600=CARTESIAN_POINT('',(-30.0251380129728,-1.07665002578894,0.));
#8601=CARTESIAN_POINT('Ctrl Pts',(-30.0251380129728,-1.07665002578894,0.));
#8602=CARTESIAN_POINT('Ctrl Pts',(-29.7878803671811,-1.14648186879877,0.));
#8603=CARTESIAN_POINT('Ctrl Pts',(-29.2106173724624,-1.31638719972316,0.));
#8604=CARTESIAN_POINT('Ctrl Pts',(-28.6221085311655,-1.44240120935527,0.));
#8605=CARTESIAN_POINT('Ctrl Pts',(-28.2754794283781,-1.51662290329138,0.));
#8606=CARTESIAN_POINT('',(-30.0251380129728,-1.07665002578894,1.));
#8607=CARTESIAN_POINT('',(-30.0251380129728,-1.07665002578894,0.));
#8608=CARTESIAN_POINT('Ctrl Pts',(-30.0251380129728,-1.07665002578894,1.));
#8609=CARTESIAN_POINT('Ctrl Pts',(-29.7878803671811,-1.14648186879877,1.));
#8610=CARTESIAN_POINT('Ctrl Pts',(-29.2106173724624,-1.31638719972316,1.));
#8611=CARTESIAN_POINT('Ctrl Pts',(-28.6221085311655,-1.44240120935527,1.));
#8612=CARTESIAN_POINT('Ctrl Pts',(-28.2754794283781,-1.51662290329138,1.));
#8613=CARTESIAN_POINT('Origin',(-30.0251380129728,-1.64963782066504,0.));
#8614=CARTESIAN_POINT('',(-30.0251380129728,-0.824818910332518,0.));
#8615=CARTESIAN_POINT('',(-30.0251380129728,-1.64963782066504,1.));
#8616=CARTESIAN_POINT('Ctrl Pts',(-28.0708399935636,2.61707424884638,0.));
#8617=CARTESIAN_POINT('Ctrl Pts',(-28.0708399935636,2.61707424884638,1.));
#8618=CARTESIAN_POINT('Ctrl Pts',(-27.8382192162383,2.61039202038246,0.));
#8619=CARTESIAN_POINT('Ctrl Pts',(-27.8382192162383,2.61039202038246,1.));
#8620=CARTESIAN_POINT('Ctrl Pts',(-27.4154143188209,2.59824659230552,0.));
#8621=CARTESIAN_POINT('Ctrl Pts',(-27.4154143188209,2.59824659230552,1.));
#8622=CARTESIAN_POINT('Ctrl Pts',(-27.0417787158553,2.40303935929722,0.));
#8623=CARTESIAN_POINT('Ctrl Pts',(-27.0417787158553,2.40303935929722,1.));
#8624=CARTESIAN_POINT('Ctrl Pts',(-26.8737116976652,2.31523215537867,0.));
#8625=CARTESIAN_POINT('Ctrl Pts',(-26.8737116976652,2.31523215537867,1.));
#8626=CARTESIAN_POINT('',(-28.0708399935636,2.61707424884638,0.));
#8627=CARTESIAN_POINT('',(-26.8737116976652,2.31523215537867,0.));
#8628=CARTESIAN_POINT('Ctrl Pts',(-28.0708399935636,2.61707424884638,0.));
#8629=CARTESIAN_POINT('Ctrl Pts',(-27.8382192162383,2.61039202038246,0.));
#8630=CARTESIAN_POINT('Ctrl Pts',(-27.4154143188209,2.59824659230552,0.));
#8631=CARTESIAN_POINT('Ctrl Pts',(-27.0417787158553,2.40303935929722,0.));
#8632=CARTESIAN_POINT('Ctrl Pts',(-26.8737116976652,2.31523215537867,0.));
#8633=CARTESIAN_POINT('',(-28.0708399935636,2.61707424884638,1.));
#8634=CARTESIAN_POINT('',(-28.0708399935636,2.61707424884638,0.));
#8635=CARTESIAN_POINT('',(-26.8737116976652,2.31523215537867,1.));
#8636=CARTESIAN_POINT('Ctrl Pts',(-28.0708399935636,2.61707424884638,1.));
#8637=CARTESIAN_POINT('Ctrl Pts',(-27.8382192162383,2.61039202038246,1.));
#8638=CARTESIAN_POINT('Ctrl Pts',(-27.4154143188209,2.59824659230552,1.));
#8639=CARTESIAN_POINT('Ctrl Pts',(-27.0417787158553,2.40303935929722,1.));
#8640=CARTESIAN_POINT('Ctrl Pts',(-26.8737116976652,2.31523215537867,1.));
#8641=CARTESIAN_POINT('',(-26.8737116976652,2.31523215537867,0.));
#8642=CARTESIAN_POINT('Ctrl Pts',(-29.6158686800871,2.2640728927215,0.));
#8643=CARTESIAN_POINT('Ctrl Pts',(-29.6158686800871,2.2640728927215,1.));
#8644=CARTESIAN_POINT('Ctrl Pts',(-29.4225221583185,2.36610860403278,0.));
#8645=CARTESIAN_POINT('Ctrl Pts',(-29.4225221583185,2.36610860403278,1.));
#8646=CARTESIAN_POINT('Ctrl Pts',(-28.9430497105011,2.61914295820533,0.));
#8647=CARTESIAN_POINT('Ctrl Pts',(-28.9430497105011,2.61914295820533,1.));
#8648=CARTESIAN_POINT('Ctrl Pts',(-28.3968096161312,2.61784738447631,0.));
#8649=CARTESIAN_POINT('Ctrl Pts',(-28.3968096161312,2.61784738447631,1.));
#8650=CARTESIAN_POINT('Ctrl Pts',(-28.0708399935636,2.61707424884638,0.));
#8651=CARTESIAN_POINT('Ctrl Pts',(-28.0708399935636,2.61707424884638,1.));
#8652=CARTESIAN_POINT('',(-29.6158686800871,2.2640728927215,0.));
#8653=CARTESIAN_POINT('Ctrl Pts',(-29.6158686800871,2.2640728927215,0.));
#8654=CARTESIAN_POINT('Ctrl Pts',(-29.4225221583185,2.36610860403278,0.));
#8655=CARTESIAN_POINT('Ctrl Pts',(-28.9430497105011,2.61914295820533,0.));
#8656=CARTESIAN_POINT('Ctrl Pts',(-28.3968096161312,2.61784738447631,0.));
#8657=CARTESIAN_POINT('Ctrl Pts',(-28.0708399935636,2.61707424884638,0.));
#8658=CARTESIAN_POINT('',(-29.6158686800871,2.2640728927215,1.));
#8659=CARTESIAN_POINT('',(-29.6158686800871,2.2640728927215,0.));
#8660=CARTESIAN_POINT('Ctrl Pts',(-29.6158686800871,2.2640728927215,1.));
#8661=CARTESIAN_POINT('Ctrl Pts',(-29.4225221583185,2.36610860403278,1.));
#8662=CARTESIAN_POINT('Ctrl Pts',(-28.9430497105011,2.61914295820533,1.));
#8663=CARTESIAN_POINT('Ctrl Pts',(-28.3968096161312,2.61784738447631,1.));
#8664=CARTESIAN_POINT('Ctrl Pts',(-28.0708399935636,2.61707424884638,1.));
#8665=CARTESIAN_POINT('Ctrl Pts',(-30.0251380129728,1.08228564029535,0.));
#8666=CARTESIAN_POINT('Ctrl Pts',(-30.0251380129728,1.08228564029535,1.));
#8667=CARTESIAN_POINT('Ctrl Pts',(-30.0179896584102,1.32904259636341,0.));
#8668=CARTESIAN_POINT('Ctrl Pts',(-30.0179896584102,1.32904259636341,1.));
#8669=CARTESIAN_POINT('Ctrl Pts',(-30.0052297994415,1.76950535340628,0.));
#8670=CARTESIAN_POINT('Ctrl Pts',(-30.0052297994415,1.76950535340628,1.));
#8671=CARTESIAN_POINT('Ctrl Pts',(-29.7347984291884,2.1130080060632,0.));
#8672=CARTESIAN_POINT('Ctrl Pts',(-29.7347984291884,2.1130080060632,1.));
#8673=CARTESIAN_POINT('Ctrl Pts',(-29.6158686800871,2.2640728927215,0.));
#8674=CARTESIAN_POINT('Ctrl Pts',(-29.6158686800871,2.2640728927215,1.));
#8675=CARTESIAN_POINT('',(-30.0251380129728,1.08228564029535,0.));
#8676=CARTESIAN_POINT('Ctrl Pts',(-30.0251380129728,1.08228564029535,0.));
#8677=CARTESIAN_POINT('Ctrl Pts',(-30.0179896584102,1.32904259636341,0.));
#8678=CARTESIAN_POINT('Ctrl Pts',(-30.0052297994415,1.76950535340628,0.));
#8679=CARTESIAN_POINT('Ctrl Pts',(-29.7347984291884,2.1130080060632,0.));
#8680=CARTESIAN_POINT('Ctrl Pts',(-29.6158686800871,2.2640728927215,0.));
#8681=CARTESIAN_POINT('',(-30.0251380129728,1.08228564029535,1.));
#8682=CARTESIAN_POINT('',(-30.0251380129728,1.08228564029535,0.));
#8683=CARTESIAN_POINT('Ctrl Pts',(-30.0251380129728,1.08228564029535,1.));
#8684=CARTESIAN_POINT('Ctrl Pts',(-30.0179896584102,1.32904259636341,1.));
#8685=CARTESIAN_POINT('Ctrl Pts',(-30.0052297994415,1.76950535340628,1.));
#8686=CARTESIAN_POINT('Ctrl Pts',(-29.7347984291884,2.1130080060632,1.));
#8687=CARTESIAN_POINT('Ctrl Pts',(-29.6158686800871,2.2640728927215,1.));
#8688=CARTESIAN_POINT('Origin',(-30.0251380129728,0.795791742857302,0.));
#8689=CARTESIAN_POINT('',(-30.0251380129728,0.795791742857302,0.));
#8690=CARTESIAN_POINT('',(-30.0251380129728,0.397895871428651,0.));
#8691=CARTESIAN_POINT('',(-30.0251380129728,0.795791742857302,1.));
#8692=CARTESIAN_POINT('',(-30.0251380129728,0.795791742857302,0.));
#8693=CARTESIAN_POINT('',(-30.0251380129728,0.795791742857302,1.));
#8694=CARTESIAN_POINT('Ctrl Pts',(-27.2318259402189,0.0897890306075477,
0.));
#8695=CARTESIAN_POINT('Ctrl Pts',(-27.2318259402189,0.0897890306075477,
1.));
#8696=CARTESIAN_POINT('Ctrl Pts',(-27.8046706729407,0.196054229836966,0.));
#8697=CARTESIAN_POINT('Ctrl Pts',(-27.8046706729407,0.196054229836966,1.));
#8698=CARTESIAN_POINT('Ctrl Pts',(-28.7514792150432,0.371691348608383,0.));
#8699=CARTESIAN_POINT('Ctrl Pts',(-28.7514792150432,0.371691348608383,1.));
#8700=CARTESIAN_POINT('Ctrl Pts',(-29.6645139467663,0.675711852621044,0.));
#8701=CARTESIAN_POINT('Ctrl Pts',(-29.6645139467663,0.675711852621044,1.));
#8702=CARTESIAN_POINT('Ctrl Pts',(-30.0251380129728,0.795791742857302,0.));
#8703=CARTESIAN_POINT('Ctrl Pts',(-30.0251380129728,0.795791742857302,1.));
#8704=CARTESIAN_POINT('',(-27.2318259402189,0.0897890306075477,0.));
#8705=CARTESIAN_POINT('Ctrl Pts',(-27.2318259402189,0.0897890306075477,
0.));
#8706=CARTESIAN_POINT('Ctrl Pts',(-27.8046706729407,0.196054229836966,0.));
#8707=CARTESIAN_POINT('Ctrl Pts',(-28.7514792150432,0.371691348608383,0.));
#8708=CARTESIAN_POINT('Ctrl Pts',(-29.6645139467663,0.675711852621044,0.));
#8709=CARTESIAN_POINT('Ctrl Pts',(-30.0251380129728,0.795791742857302,0.));
#8710=CARTESIAN_POINT('',(-27.2318259402189,0.0897890306075477,1.));
#8711=CARTESIAN_POINT('',(-27.2318259402189,0.0897890306075477,0.));
#8712=CARTESIAN_POINT('Ctrl Pts',(-27.2318259402189,0.0897890306075477,
1.));
#8713=CARTESIAN_POINT('Ctrl Pts',(-27.8046706729407,0.196054229836966,1.));
#8714=CARTESIAN_POINT('Ctrl Pts',(-28.7514792150432,0.371691348608383,1.));
#8715=CARTESIAN_POINT('Ctrl Pts',(-29.6645139467663,0.675711852621044,1.));
#8716=CARTESIAN_POINT('Ctrl Pts',(-30.0251380129728,0.795791742857302,1.));
#8717=CARTESIAN_POINT('Ctrl Pts',(-24.944991223422,-0.580402018968256,0.));
#8718=CARTESIAN_POINT('Ctrl Pts',(-24.944991223422,-0.580402018968256,1.));
#8719=CARTESIAN_POINT('Ctrl Pts',(-25.2650528063039,-0.451773655184073,
0.));
#8720=CARTESIAN_POINT('Ctrl Pts',(-25.2650528063039,-0.451773655184073,
1.));
#8721=CARTESIAN_POINT('Ctrl Pts',(-26.0049791851199,-0.154407384071857,
0.));
#8722=CARTESIAN_POINT('Ctrl Pts',(-26.0049791851199,-0.154407384071857,
1.));
#8723=CARTESIAN_POINT('Ctrl Pts',(-26.787685845272,0.00138563519517685,
0.));
#8724=CARTESIAN_POINT('Ctrl Pts',(-26.787685845272,0.00138563519517685,
1.));
#8725=CARTESIAN_POINT('Ctrl Pts',(-27.2318259402189,0.0897890306075477,
0.));
#8726=CARTESIAN_POINT('Ctrl Pts',(-27.2318259402189,0.0897890306075477,
1.));
#8727=CARTESIAN_POINT('',(-24.944991223422,-0.580402018968256,0.));
#8728=CARTESIAN_POINT('Ctrl Pts',(-24.944991223422,-0.580402018968256,0.));
#8729=CARTESIAN_POINT('Ctrl Pts',(-25.2650528063039,-0.451773655184073,
0.));
#8730=CARTESIAN_POINT('Ctrl Pts',(-26.0049791851199,-0.154407384071857,
0.));
#8731=CARTESIAN_POINT('Ctrl Pts',(-26.787685845272,0.00138563519517687,
0.));
#8732=CARTESIAN_POINT('Ctrl Pts',(-27.2318259402189,0.0897890306075477,
0.));
#8733=CARTESIAN_POINT('',(-24.944991223422,-0.580402018968256,1.));
#8734=CARTESIAN_POINT('',(-24.944991223422,-0.580402018968256,0.));
#8735=CARTESIAN_POINT('Ctrl Pts',(-24.944991223422,-0.580402018968256,1.));
#8736=CARTESIAN_POINT('Ctrl Pts',(-25.2650528063039,-0.451773655184073,
1.));
#8737=CARTESIAN_POINT('Ctrl Pts',(-26.0049791851199,-0.154407384071857,
1.));
#8738=CARTESIAN_POINT('Ctrl Pts',(-26.787685845272,0.00138563519517687,
1.));
#8739=CARTESIAN_POINT('Ctrl Pts',(-27.2318259402189,0.0897890306075477,
1.));
#8740=CARTESIAN_POINT('Ctrl Pts',(-23.7120429201994,-1.68544948333898,0.));
#8741=CARTESIAN_POINT('Ctrl Pts',(-23.7120429201994,-1.68544948333898,1.));
#8742=CARTESIAN_POINT('Ctrl Pts',(-23.8748450955868,-1.45837824876907,0.));
#8743=CARTESIAN_POINT('Ctrl Pts',(-23.8748450955868,-1.45837824876907,1.));
#8744=CARTESIAN_POINT('Ctrl Pts',(-24.2041013768178,-0.999142184563455,
0.));
#8745=CARTESIAN_POINT('Ctrl Pts',(-24.2041013768178,-0.999142184563455,
1.));
#8746=CARTESIAN_POINT('Ctrl Pts',(-24.696208546761,-0.721010369453479,0.));
#8747=CARTESIAN_POINT('Ctrl Pts',(-24.696208546761,-0.721010369453479,1.));
#8748=CARTESIAN_POINT('Ctrl Pts',(-24.944991223422,-0.580402018968256,0.));
#8749=CARTESIAN_POINT('Ctrl Pts',(-24.944991223422,-0.580402018968256,1.));
#8750=CARTESIAN_POINT('',(-23.7120429201994,-1.68544948333898,0.));
#8751=CARTESIAN_POINT('Ctrl Pts',(-23.7120429201994,-1.68544948333898,0.));
#8752=CARTESIAN_POINT('Ctrl Pts',(-23.8748450955868,-1.45837824876907,0.));
#8753=CARTESIAN_POINT('Ctrl Pts',(-24.2041013768178,-0.999142184563455,
0.));
#8754=CARTESIAN_POINT('Ctrl Pts',(-24.696208546761,-0.721010369453479,0.));
#8755=CARTESIAN_POINT('Ctrl Pts',(-24.944991223422,-0.580402018968256,0.));
#8756=CARTESIAN_POINT('',(-23.7120429201994,-1.68544948333898,1.));
#8757=CARTESIAN_POINT('',(-23.7120429201994,-1.68544948333898,0.));
#8758=CARTESIAN_POINT('Ctrl Pts',(-23.7120429201994,-1.68544948333898,1.));
#8759=CARTESIAN_POINT('Ctrl Pts',(-23.8748450955868,-1.45837824876907,1.));
#8760=CARTESIAN_POINT('Ctrl Pts',(-24.2041013768178,-0.999142184563455,
1.));
#8761=CARTESIAN_POINT('Ctrl Pts',(-24.696208546761,-0.721010369453479,1.));
#8762=CARTESIAN_POINT('Ctrl Pts',(-24.944991223422,-0.580402018968256,1.));
#8763=CARTESIAN_POINT('Ctrl Pts',(-23.2720748110685,-3.32767427200475,0.));
#8764=CARTESIAN_POINT('Ctrl Pts',(-23.2720748110685,-3.32767427200475,1.));
#8765=CARTESIAN_POINT('Ctrl Pts',(-23.2886782067511,-3.03190057405448,0.));
#8766=CARTESIAN_POINT('Ctrl Pts',(-23.2886782067511,-3.03190057405448,1.));
#8767=CARTESIAN_POINT('Ctrl Pts',(-23.3211464602116,-2.45350952829601,0.));
#8768=CARTESIAN_POINT('Ctrl Pts',(-23.3211464602116,-2.45350952829601,1.));
#8769=CARTESIAN_POINT('Ctrl Pts',(-23.5837350876454,-1.93755747030531,0.));
#8770=CARTESIAN_POINT('Ctrl Pts',(-23.5837350876454,-1.93755747030531,1.));
#8771=CARTESIAN_POINT('Ctrl Pts',(-23.7120429201994,-1.68544948333898,0.));
#8772=CARTESIAN_POINT('Ctrl Pts',(-23.7120429201994,-1.68544948333898,1.));
#8773=CARTESIAN_POINT('',(-23.2720748110685,-3.32767427200475,0.));
#8774=CARTESIAN_POINT('Ctrl Pts',(-23.2720748110685,-3.32767427200475,0.));
#8775=CARTESIAN_POINT('Ctrl Pts',(-23.2886782067511,-3.03190057405448,0.));
#8776=CARTESIAN_POINT('Ctrl Pts',(-23.3211464602116,-2.45350952829601,0.));
#8777=CARTESIAN_POINT('Ctrl Pts',(-23.5837350876454,-1.93755747030531,0.));
#8778=CARTESIAN_POINT('Ctrl Pts',(-23.7120429201994,-1.68544948333898,0.));
#8779=CARTESIAN_POINT('',(-23.2720748110685,-3.32767427200475,1.));
#8780=CARTESIAN_POINT('',(-23.2720748110685,-3.32767427200475,0.));
#8781=CARTESIAN_POINT('Ctrl Pts',(-23.2720748110685,-3.32767427200475,1.));
#8782=CARTESIAN_POINT('Ctrl Pts',(-23.2886782067511,-3.03190057405448,1.));
#8783=CARTESIAN_POINT('Ctrl Pts',(-23.3211464602116,-2.45350952829601,1.));
#8784=CARTESIAN_POINT('Ctrl Pts',(-23.5837350876454,-1.93755747030531,1.));
#8785=CARTESIAN_POINT('Ctrl Pts',(-23.7120429201994,-1.68544948333898,1.));
#8786=CARTESIAN_POINT('Ctrl Pts',(-24.2389861269865,-5.62985718483129,0.));
#8787=CARTESIAN_POINT('Ctrl Pts',(-24.2389861269865,-5.62985718483129,1.));
#8788=CARTESIAN_POINT('Ctrl Pts',(-23.9569841731614,-5.30328534840789,0.));
#8789=CARTESIAN_POINT('Ctrl Pts',(-23.9569841731614,-5.30328534840789,1.));
#8790=CARTESIAN_POINT('Ctrl Pts',(-23.3854386028656,-4.64140806720666,0.));
#8791=CARTESIAN_POINT('Ctrl Pts',(-23.3854386028656,-4.64140806720666,1.));
#8792=CARTESIAN_POINT('Ctrl Pts',(-23.3101936990516,-3.76942088778908,0.));
#8793=CARTESIAN_POINT('Ctrl Pts',(-23.3101936990516,-3.76942088778908,1.));
#8794=CARTESIAN_POINT('Ctrl Pts',(-23.2720748110685,-3.32767427200475,0.));
#8795=CARTESIAN_POINT('Ctrl Pts',(-23.2720748110685,-3.32767427200475,1.));
#8796=CARTESIAN_POINT('',(-24.2389861269865,-5.62985718483129,0.));
#8797=CARTESIAN_POINT('Ctrl Pts',(-24.2389861269865,-5.62985718483129,0.));
#8798=CARTESIAN_POINT('Ctrl Pts',(-23.9569841731614,-5.30328534840789,0.));
#8799=CARTESIAN_POINT('Ctrl Pts',(-23.3854386028656,-4.64140806720666,0.));
#8800=CARTESIAN_POINT('Ctrl Pts',(-23.3101936990516,-3.76942088778908,0.));
#8801=CARTESIAN_POINT('Ctrl Pts',(-23.2720748110685,-3.32767427200475,0.));
#8802=CARTESIAN_POINT('',(-24.2389861269865,-5.62985718483129,1.));
#8803=CARTESIAN_POINT('',(-24.2389861269865,-5.62985718483129,0.));
#8804=CARTESIAN_POINT('Ctrl Pts',(-24.2389861269865,-5.62985718483129,1.));
#8805=CARTESIAN_POINT('Ctrl Pts',(-23.9569841731614,-5.30328534840789,1.));
#8806=CARTESIAN_POINT('Ctrl Pts',(-23.3854386028656,-4.64140806720666,1.));
#8807=CARTESIAN_POINT('Ctrl Pts',(-23.3101936990516,-3.76942088778908,1.));
#8808=CARTESIAN_POINT('Ctrl Pts',(-23.2720748110685,-3.32767427200475,1.));
#8809=CARTESIAN_POINT('Ctrl Pts',(-26.8839446230802,-6.54049813980261,0.));
#8810=CARTESIAN_POINT('Ctrl Pts',(-26.8839446230802,-6.54049813980261,1.));
#8811=CARTESIAN_POINT('Ctrl Pts',(-26.3663682773668,-6.5133959741372,0.));
#8812=CARTESIAN_POINT('Ctrl Pts',(-26.3663682773668,-6.5133959741372,1.));
#8813=CARTESIAN_POINT('Ctrl Pts',(-25.3941318124533,-6.46248616352422,0.));
#8814=CARTESIAN_POINT('Ctrl Pts',(-25.3941318124533,-6.46248616352422,1.));
#8815=CARTESIAN_POINT('Ctrl Pts',(-24.6070567222175,-5.89516245987133,0.));
#8816=CARTESIAN_POINT('Ctrl Pts',(-24.6070567222175,-5.89516245987133,1.));
#8817=CARTESIAN_POINT('Ctrl Pts',(-24.2389861269865,-5.62985718483129,0.));
#8818=CARTESIAN_POINT('Ctrl Pts',(-24.2389861269865,-5.62985718483129,1.));
#8819=CARTESIAN_POINT('',(-26.8839446230802,-6.54049813980261,0.));
#8820=CARTESIAN_POINT('Ctrl Pts',(-26.8839446230802,-6.54049813980261,0.));
#8821=CARTESIAN_POINT('Ctrl Pts',(-26.3663682773668,-6.5133959741372,0.));
#8822=CARTESIAN_POINT('Ctrl Pts',(-25.3941318124533,-6.46248616352422,0.));
#8823=CARTESIAN_POINT('Ctrl Pts',(-24.6070567222175,-5.89516245987133,0.));
#8824=CARTESIAN_POINT('Ctrl Pts',(-24.2389861269865,-5.62985718483129,0.));
#8825=CARTESIAN_POINT('',(-26.8839446230802,-6.54049813980261,1.));
#8826=CARTESIAN_POINT('',(-26.8839446230802,-6.54049813980261,0.));
#8827=CARTESIAN_POINT('Ctrl Pts',(-26.8839446230802,-6.54049813980261,1.));
#8828=CARTESIAN_POINT('Ctrl Pts',(-26.3663682773668,-6.5133959741372,1.));
#8829=CARTESIAN_POINT('Ctrl Pts',(-25.3941318124533,-6.46248616352422,1.));
#8830=CARTESIAN_POINT('Ctrl Pts',(-24.6070567222175,-5.89516245987133,1.));
#8831=CARTESIAN_POINT('Ctrl Pts',(-24.2389861269865,-5.62985718483129,1.));
#8832=CARTESIAN_POINT('Ctrl Pts',(-28.674525372592,-6.18238032097021,0.));
#8833=CARTESIAN_POINT('Ctrl Pts',(-28.674525372592,-6.18238032097021,1.));
#8834=CARTESIAN_POINT('Ctrl Pts',(-28.3884771417939,-6.28682830026703,0.));
#8835=CARTESIAN_POINT('Ctrl Pts',(-28.3884771417939,-6.28682830026703,1.));
#8836=CARTESIAN_POINT('Ctrl Pts',(-27.8100874568182,-6.49802217366836,0.));
#8837=CARTESIAN_POINT('Ctrl Pts',(-27.8100874568182,-6.49802217366836,1.));
#8838=CARTESIAN_POINT('Ctrl Pts',(-27.1948901384254,-6.52623715251397,0.));
#8839=CARTESIAN_POINT('Ctrl Pts',(-27.1948901384254,-6.52623715251397,1.));
#8840=CARTESIAN_POINT('Ctrl Pts',(-26.8839446230802,-6.54049813980261,0.));
#8841=CARTESIAN_POINT('Ctrl Pts',(-26.8839446230802,-6.54049813980261,1.));
#8842=CARTESIAN_POINT('',(-28.674525372592,-6.18238032097021,0.));
#8843=CARTESIAN_POINT('Ctrl Pts',(-28.674525372592,-6.18238032097021,0.));
#8844=CARTESIAN_POINT('Ctrl Pts',(-28.3884771417939,-6.28682830026703,0.));
#8845=CARTESIAN_POINT('Ctrl Pts',(-27.8100874568182,-6.49802217366836,0.));
#8846=CARTESIAN_POINT('Ctrl Pts',(-27.1948901384254,-6.52623715251397,0.));
#8847=CARTESIAN_POINT('Ctrl Pts',(-26.8839446230802,-6.54049813980261,0.));
#8848=CARTESIAN_POINT('',(-28.674525372592,-6.18238032097021,1.));
#8849=CARTESIAN_POINT('',(-28.674525372592,-6.18238032097021,0.));
#8850=CARTESIAN_POINT('Ctrl Pts',(-28.674525372592,-6.18238032097021,1.));
#8851=CARTESIAN_POINT('Ctrl Pts',(-28.3884771417939,-6.28682830026703,1.));
#8852=CARTESIAN_POINT('Ctrl Pts',(-27.8100874568182,-6.49802217366836,1.));
#8853=CARTESIAN_POINT('Ctrl Pts',(-27.1948901384254,-6.52623715251397,1.));
#8854=CARTESIAN_POINT('Ctrl Pts',(-26.8839446230802,-6.54049813980261,1.));
#8855=CARTESIAN_POINT('Ctrl Pts',(-30.2502432986173,-5.10802924865881,0.));
#8856=CARTESIAN_POINT('Ctrl Pts',(-30.2502432986173,-5.10802924865881,1.));
#8857=CARTESIAN_POINT('Ctrl Pts',(-30.0049359902591,-5.32989157667672,0.));
#8858=CARTESIAN_POINT('Ctrl Pts',(-30.0049359902591,-5.32989157667672,1.));
#8859=CARTESIAN_POINT('Ctrl Pts',(-29.5288232668977,-5.76050034210997,0.));
#8860=CARTESIAN_POINT('Ctrl Pts',(-29.5288232668977,-5.76050034210997,1.));
#8861=CARTESIAN_POINT('Ctrl Pts',(-28.9534495779995,-6.04463851139149,0.));
#8862=CARTESIAN_POINT('Ctrl Pts',(-28.9534495779995,-6.04463851139149,1.));
#8863=CARTESIAN_POINT('Ctrl Pts',(-28.674525372592,-6.18238032097021,0.));
#8864=CARTESIAN_POINT('Ctrl Pts',(-28.674525372592,-6.18238032097021,1.));
#8865=CARTESIAN_POINT('',(-30.2502432986173,-5.10802924865881,0.));
#8866=CARTESIAN_POINT('Ctrl Pts',(-30.2502432986173,-5.10802924865881,0.));
#8867=CARTESIAN_POINT('Ctrl Pts',(-30.0049359902591,-5.32989157667672,0.));
#8868=CARTESIAN_POINT('Ctrl Pts',(-29.5288232668977,-5.76050034210997,0.));
#8869=CARTESIAN_POINT('Ctrl Pts',(-28.9534495779995,-6.04463851139149,0.));
#8870=CARTESIAN_POINT('Ctrl Pts',(-28.674525372592,-6.18238032097021,0.));
#8871=CARTESIAN_POINT('',(-30.2502432986173,-5.10802924865881,1.));
#8872=CARTESIAN_POINT('',(-30.2502432986173,-5.10802924865881,0.));
#8873=CARTESIAN_POINT('Ctrl Pts',(-30.2502432986173,-5.10802924865881,1.));
#8874=CARTESIAN_POINT('Ctrl Pts',(-30.0049359902591,-5.32989157667672,1.));
#8875=CARTESIAN_POINT('Ctrl Pts',(-29.5288232668977,-5.76050034210997,1.));
#8876=CARTESIAN_POINT('Ctrl Pts',(-28.9534495779995,-6.04463851139149,1.));
#8877=CARTESIAN_POINT('Ctrl Pts',(-28.674525372592,-6.18238032097021,1.));
#8878=CARTESIAN_POINT('Ctrl Pts',(-30.3525630160246,-5.44568240875403,0.));
#8879=CARTESIAN_POINT('Ctrl Pts',(-30.3525630160246,-5.44568240875403,1.));
#8880=CARTESIAN_POINT('Ctrl Pts',(-30.3328539539431,-5.37467990158903,0.));
#8881=CARTESIAN_POINT('Ctrl Pts',(-30.3328539539431,-5.37467990158903,1.));
#8882=CARTESIAN_POINT('Ctrl Pts',(-30.301386302743,-5.26131671258654,0.));
#8883=CARTESIAN_POINT('Ctrl Pts',(-30.301386302743,-5.26131671258654,1.));
#8884=CARTESIAN_POINT('Ctrl Pts',(-30.2641554401169,-5.14972716853515,0.));
#8885=CARTESIAN_POINT('Ctrl Pts',(-30.2641554401169,-5.14972716853515,1.));
#8886=CARTESIAN_POINT('Ctrl Pts',(-30.2502432986173,-5.10802924865881,0.));
#8887=CARTESIAN_POINT('Ctrl Pts',(-30.2502432986173,-5.10802924865881,1.));
#8888=CARTESIAN_POINT('',(-30.3525630160246,-5.44568240875403,0.));
#8889=CARTESIAN_POINT('Ctrl Pts',(-30.3525630160246,-5.44568240875403,0.));
#8890=CARTESIAN_POINT('Ctrl Pts',(-30.3328539539431,-5.37467990158903,0.));
#8891=CARTESIAN_POINT('Ctrl Pts',(-30.301386302743,-5.26131671258654,0.));
#8892=CARTESIAN_POINT('Ctrl Pts',(-30.2641554401169,-5.14972716853515,0.));
#8893=CARTESIAN_POINT('Ctrl Pts',(-30.2502432986173,-5.10802924865881,0.));
#8894=CARTESIAN_POINT('',(-30.3525630160246,-5.44568240875403,1.));
#8895=CARTESIAN_POINT('',(-30.3525630160246,-5.44568240875403,0.));
#8896=CARTESIAN_POINT('Ctrl Pts',(-30.3525630160246,-5.44568240875403,1.));
#8897=CARTESIAN_POINT('Ctrl Pts',(-30.3328539539431,-5.37467990158903,1.));
#8898=CARTESIAN_POINT('Ctrl Pts',(-30.301386302743,-5.26131671258654,1.));
#8899=CARTESIAN_POINT('Ctrl Pts',(-30.2641554401169,-5.14972716853515,1.));
#8900=CARTESIAN_POINT('Ctrl Pts',(-30.2502432986173,-5.10802924865881,1.));
#8901=CARTESIAN_POINT('Ctrl Pts',(-30.6288233920011,-6.29493177169958,0.));
#8902=CARTESIAN_POINT('Ctrl Pts',(-30.6288233920011,-6.29493177169958,1.));
#8903=CARTESIAN_POINT('Ctrl Pts',(-30.585978822347,-6.17676193850909,0.));
#8904=CARTESIAN_POINT('Ctrl Pts',(-30.585978822347,-6.17676193850909,1.));
#8905=CARTESIAN_POINT('Ctrl Pts',(-30.4844661850424,-5.89677939897461,0.));
#8906=CARTESIAN_POINT('Ctrl Pts',(-30.4844661850424,-5.89677939897461,1.));
#8907=CARTESIAN_POINT('Ctrl Pts',(-30.4008741034644,-5.61090198839455,0.));
#8908=CARTESIAN_POINT('Ctrl Pts',(-30.4008741034644,-5.61090198839455,1.));
#8909=CARTESIAN_POINT('Ctrl Pts',(-30.3525630160246,-5.44568240875403,0.));
#8910=CARTESIAN_POINT('Ctrl Pts',(-30.3525630160246,-5.44568240875403,1.));
#8911=CARTESIAN_POINT('',(-30.6288233920011,-6.29493177169958,0.));
#8912=CARTESIAN_POINT('Ctrl Pts',(-30.6288233920011,-6.29493177169958,0.));
#8913=CARTESIAN_POINT('Ctrl Pts',(-30.585978822347,-6.17676193850909,0.));
#8914=CARTESIAN_POINT('Ctrl Pts',(-30.4844661850424,-5.89677939897461,0.));
#8915=CARTESIAN_POINT('Ctrl Pts',(-30.4008741034644,-5.61090198839455,0.));
#8916=CARTESIAN_POINT('Ctrl Pts',(-30.3525630160246,-5.44568240875403,0.));
#8917=CARTESIAN_POINT('',(-30.6288233920011,-6.29493177169958,1.));
#8918=CARTESIAN_POINT('',(-30.6288233920011,-6.29493177169958,0.));
#8919=CARTESIAN_POINT('Ctrl Pts',(-30.6288233920011,-6.29493177169958,1.));
#8920=CARTESIAN_POINT('Ctrl Pts',(-30.585978822347,-6.17676193850909,1.));
#8921=CARTESIAN_POINT('Ctrl Pts',(-30.4844661850424,-5.89677939897461,1.));
#8922=CARTESIAN_POINT('Ctrl Pts',(-30.4008741034644,-5.61090198839455,1.));
#8923=CARTESIAN_POINT('Ctrl Pts',(-30.3525630160246,-5.44568240875403,1.));
#8924=CARTESIAN_POINT('Origin',(-33.4733000918302,-6.29493177169958,0.));
#8925=CARTESIAN_POINT('',(-33.4733000918302,-6.29493177169958,0.));
#8926=CARTESIAN_POINT('',(-16.7366500459151,-6.29493177169958,0.));
#8927=CARTESIAN_POINT('',(-33.4733000918302,-6.29493177169958,1.));
#8928=CARTESIAN_POINT('',(-33.4733000918302,-6.29493177169958,0.));
#8929=CARTESIAN_POINT('',(-33.4733000918302,-6.29493177169958,1.));
#8930=CARTESIAN_POINT('Ctrl Pts',(-32.9565898104582,-4.83688295120398,0.));
#8931=CARTESIAN_POINT('Ctrl Pts',(-32.9565898104582,-4.83688295120398,1.));
#8932=CARTESIAN_POINT('Ctrl Pts',(-33.0158353400108,-5.07418650186282,0.));
#8933=CARTESIAN_POINT('Ctrl Pts',(-33.0158353400108,-5.07418650186282,1.));
#8934=CARTESIAN_POINT('Ctrl Pts',(-33.1412699263958,-5.57660538391781,0.));
#8935=CARTESIAN_POINT('Ctrl Pts',(-33.1412699263958,-5.57660538391781,1.));
#8936=CARTESIAN_POINT('Ctrl Pts',(-33.3586129732628,-6.04681340119585,0.));
#8937=CARTESIAN_POINT('Ctrl Pts',(-33.3586129732628,-6.04681340119585,1.));
#8938=CARTESIAN_POINT('Ctrl Pts',(-33.4733000918302,-6.29493177169958,0.));
#8939=CARTESIAN_POINT('Ctrl Pts',(-33.4733000918302,-6.29493177169958,1.));
#8940=CARTESIAN_POINT('',(-32.9565898104582,-4.83688295120398,0.));
#8941=CARTESIAN_POINT('Ctrl Pts',(-32.9565898104582,-4.83688295120398,0.));
#8942=CARTESIAN_POINT('Ctrl Pts',(-33.0158353400108,-5.07418650186282,0.));
#8943=CARTESIAN_POINT('Ctrl Pts',(-33.1412699263958,-5.57660538391781,0.));
#8944=CARTESIAN_POINT('Ctrl Pts',(-33.3586129732628,-6.04681340119585,0.));
#8945=CARTESIAN_POINT('Ctrl Pts',(-33.4733000918302,-6.29493177169958,0.));
#8946=CARTESIAN_POINT('',(-32.9565898104582,-4.83688295120398,1.));
#8947=CARTESIAN_POINT('',(-32.9565898104582,-4.83688295120398,0.));
#8948=CARTESIAN_POINT('Ctrl Pts',(-32.9565898104582,-4.83688295120398,1.));
#8949=CARTESIAN_POINT('Ctrl Pts',(-33.0158353400108,-5.07418650186282,1.));
#8950=CARTESIAN_POINT('Ctrl Pts',(-33.1412699263958,-5.57660538391781,1.));
#8951=CARTESIAN_POINT('Ctrl Pts',(-33.3586129732628,-6.04681340119585,1.));
#8952=CARTESIAN_POINT('Ctrl Pts',(-33.4733000918302,-6.29493177169958,1.));
#8953=CARTESIAN_POINT('Ctrl Pts',(-32.8184596224699,-2.72399008506933,0.));
#8954=CARTESIAN_POINT('Ctrl Pts',(-32.8184596224699,-2.72399008506933,1.));
#8955=CARTESIAN_POINT('Ctrl Pts',(-32.8189149580884,-3.13962052407673,0.));
#8956=CARTESIAN_POINT('Ctrl Pts',(-32.8189149580884,-3.13962052407673,1.));
#8957=CARTESIAN_POINT('Ctrl Pts',(-32.8196901757731,-3.84723937387933,0.));
#8958=CARTESIAN_POINT('Ctrl Pts',(-32.8196901757731,-3.84723937387933,1.));
#8959=CARTESIAN_POINT('Ctrl Pts',(-32.9166009985059,-4.54780496349119,0.));
#8960=CARTESIAN_POINT('Ctrl Pts',(-32.9166009985059,-4.54780496349119,1.));
#8961=CARTESIAN_POINT('Ctrl Pts',(-32.9565898104582,-4.83688295120398,0.));
#8962=CARTESIAN_POINT('Ctrl Pts',(-32.9565898104582,-4.83688295120398,1.));
#8963=CARTESIAN_POINT('',(-32.8184596224699,-2.72399008506933,0.));
#8964=CARTESIAN_POINT('Ctrl Pts',(-32.8184596224699,-2.72399008506933,0.));
#8965=CARTESIAN_POINT('Ctrl Pts',(-32.8189149580884,-3.13962052407673,0.));
#8966=CARTESIAN_POINT('Ctrl Pts',(-32.8196901757731,-3.84723937387933,0.));
#8967=CARTESIAN_POINT('Ctrl Pts',(-32.9166009985059,-4.54780496349119,0.));
#8968=CARTESIAN_POINT('Ctrl Pts',(-32.9565898104582,-4.83688295120398,0.));
#8969=CARTESIAN_POINT('',(-32.8184596224699,-2.72399008506933,1.));
#8970=CARTESIAN_POINT('',(-32.8184596224699,-2.72399008506933,0.));
#8971=CARTESIAN_POINT('Ctrl Pts',(-32.8184596224699,-2.72399008506933,1.));
#8972=CARTESIAN_POINT('Ctrl Pts',(-32.8189149580884,-3.13962052407673,1.));
#8973=CARTESIAN_POINT('Ctrl Pts',(-32.8196901757731,-3.84723937387933,1.));
#8974=CARTESIAN_POINT('Ctrl Pts',(-32.9166009985059,-4.54780496349119,1.));
#8975=CARTESIAN_POINT('Ctrl Pts',(-32.9565898104582,-4.83688295120398,1.));
#8976=CARTESIAN_POINT('Origin',(-32.8491488619718,0.632081625517213,0.));
#8977=CARTESIAN_POINT('',(-32.8491488619718,0.632081625517213,0.));
#8978=CARTESIAN_POINT('',(-32.8448857952434,0.165887028331197,0.));
#8979=CARTESIAN_POINT('',(-32.8491488619718,0.632081625517213,1.));
#8980=CARTESIAN_POINT('',(-32.8491488619718,0.632081625517213,0.));
#8981=CARTESIAN_POINT('',(-32.8491488619718,0.632081625517213,1.));
#8982=CARTESIAN_POINT('Ctrl Pts',(-32.4654570742521,3.20540964370569,0.));
#8983=CARTESIAN_POINT('Ctrl Pts',(-32.4654570742521,3.20540964370569,1.));
#8984=CARTESIAN_POINT('Ctrl Pts',(-32.576209557817,2.87671573174509,0.));
#8985=CARTESIAN_POINT('Ctrl Pts',(-32.576209557817,2.87671573174509,1.));
#8986=CARTESIAN_POINT('Ctrl Pts',(-32.8563619733013,2.04527258548961,0.));
#8987=CARTESIAN_POINT('Ctrl Pts',(-32.8563619733013,2.04527258548961,1.));
#8988=CARTESIAN_POINT('Ctrl Pts',(-32.8518669004276,1.16459903709582,0.));
#8989=CARTESIAN_POINT('Ctrl Pts',(-32.8518669004276,1.16459903709582,1.));
#8990=CARTESIAN_POINT('Ctrl Pts',(-32.8491488619718,0.632081625517213,0.));
#8991=CARTESIAN_POINT('Ctrl Pts',(-32.8491488619718,0.632081625517213,1.));
#8992=CARTESIAN_POINT('',(-32.4654570742521,3.20540964370569,0.));
#8993=CARTESIAN_POINT('Ctrl Pts',(-32.4654570742521,3.20540964370569,0.));
#8994=CARTESIAN_POINT('Ctrl Pts',(-32.576209557817,2.87671573174509,0.));
#8995=CARTESIAN_POINT('Ctrl Pts',(-32.8563619733013,2.04527258548961,0.));
#8996=CARTESIAN_POINT('Ctrl Pts',(-32.8518669004276,1.16459903709582,0.));
#8997=CARTESIAN_POINT('Ctrl Pts',(-32.8491488619718,0.632081625517213,0.));
#8998=CARTESIAN_POINT('',(-32.4654570742521,3.20540964370569,1.));
#8999=CARTESIAN_POINT('',(-32.4654570742521,3.20540964370569,0.));
#9000=CARTESIAN_POINT('Ctrl Pts',(-32.4654570742521,3.20540964370569,1.));
#9001=CARTESIAN_POINT('Ctrl Pts',(-32.576209557817,2.87671573174509,1.));
#9002=CARTESIAN_POINT('Ctrl Pts',(-32.8563619733013,2.04527258548961,1.));
#9003=CARTESIAN_POINT('Ctrl Pts',(-32.8518669004276,1.16459903709582,1.));
#9004=CARTESIAN_POINT('Ctrl Pts',(-32.8491488619718,0.632081625517213,1.));
#9005=CARTESIAN_POINT('Ctrl Pts',(-31.1404219790373,4.36161696678003,0.));
#9006=CARTESIAN_POINT('Ctrl Pts',(-31.1404219790373,4.36161696678003,1.));
#9007=CARTESIAN_POINT('Ctrl Pts',(-31.4254068358406,4.20918026943819,0.));
#9008=CARTESIAN_POINT('Ctrl Pts',(-31.4254068358406,4.20918026943819,1.));
#9009=CARTESIAN_POINT('Ctrl Pts',(-31.9572033738597,3.92472547832135,0.));
#9010=CARTESIAN_POINT('Ctrl Pts',(-31.9572033738597,3.92472547832135,1.));
#9011=CARTESIAN_POINT('Ctrl Pts',(-32.3043453017598,3.43342618152373,0.));
#9012=CARTESIAN_POINT('Ctrl Pts',(-32.3043453017598,3.43342618152373,1.));
#9013=CARTESIAN_POINT('Ctrl Pts',(-32.4654570742521,3.20540964370569,0.));
#9014=CARTESIAN_POINT('Ctrl Pts',(-32.4654570742521,3.20540964370569,1.));
#9015=CARTESIAN_POINT('',(-31.1404219790373,4.36161696678003,0.));
#9016=CARTESIAN_POINT('Ctrl Pts',(-31.1404219790373,4.36161696678003,0.));
#9017=CARTESIAN_POINT('Ctrl Pts',(-31.4254068358406,4.20918026943819,0.));
#9018=CARTESIAN_POINT('Ctrl Pts',(-31.9572033738597,3.92472547832135,0.));
#9019=CARTESIAN_POINT('Ctrl Pts',(-32.3043453017598,3.43342618152373,0.));
#9020=CARTESIAN_POINT('Ctrl Pts',(-32.4654570742521,3.20540964370569,0.));
#9021=CARTESIAN_POINT('',(-31.1404219790373,4.36161696678003,1.));
#9022=CARTESIAN_POINT('',(-31.1404219790373,4.36161696678003,0.));
#9023=CARTESIAN_POINT('Ctrl Pts',(-31.1404219790373,4.36161696678003,1.));
#9024=CARTESIAN_POINT('Ctrl Pts',(-31.4254068358406,4.20918026943819,1.));
#9025=CARTESIAN_POINT('Ctrl Pts',(-31.9572033738597,3.92472547832135,1.));
#9026=CARTESIAN_POINT('Ctrl Pts',(-32.3043453017598,3.43342618152373,1.));
#9027=CARTESIAN_POINT('Ctrl Pts',(-32.4654570742521,3.20540964370569,1.));
#9028=CARTESIAN_POINT('Ctrl Pts',(-28.2754794283781,4.81693804031214,0.));
#9029=CARTESIAN_POINT('Ctrl Pts',(-28.2754794283781,4.81693804031214,1.));
#9030=CARTESIAN_POINT('Ctrl Pts',(-28.8407558865563,4.81274547285863,0.));
#9031=CARTESIAN_POINT('Ctrl Pts',(-28.8407558865563,4.81274547285863,1.));
#9032=CARTESIAN_POINT('Ctrl Pts',(-29.8211281000779,4.80547420483522,0.));
#9033=CARTESIAN_POINT('Ctrl Pts',(-29.8211281000779,4.80547420483522,1.));
#9034=CARTESIAN_POINT('Ctrl Pts',(-30.7479849604707,4.49364669415888,0.));
#9035=CARTESIAN_POINT('Ctrl Pts',(-30.7479849604707,4.49364669415888,1.));
#9036=CARTESIAN_POINT('Ctrl Pts',(-31.1404219790373,4.36161696678003,0.));
#9037=CARTESIAN_POINT('Ctrl Pts',(-31.1404219790373,4.36161696678003,1.));
#9038=CARTESIAN_POINT('',(-28.2754794283781,4.81693804031214,0.));
#9039=CARTESIAN_POINT('Ctrl Pts',(-28.2754794283781,4.81693804031214,0.));
#9040=CARTESIAN_POINT('Ctrl Pts',(-28.8407558865563,4.81274547285863,0.));
#9041=CARTESIAN_POINT('Ctrl Pts',(-29.8211281000779,4.80547420483522,0.));
#9042=CARTESIAN_POINT('Ctrl Pts',(-30.7479849604707,4.49364669415888,0.));
#9043=CARTESIAN_POINT('Ctrl Pts',(-31.1404219790373,4.36161696678003,0.));
#9044=CARTESIAN_POINT('',(-28.2754794283781,4.81693804031214,1.));
#9045=CARTESIAN_POINT('',(-28.2754794283781,4.81693804031214,0.));
#9046=CARTESIAN_POINT('Ctrl Pts',(-28.2754794283781,4.81693804031214,1.));
#9047=CARTESIAN_POINT('Ctrl Pts',(-28.8407558865563,4.81274547285863,1.));
#9048=CARTESIAN_POINT('Ctrl Pts',(-29.8211281000779,4.80547420483522,1.));
#9049=CARTESIAN_POINT('Ctrl Pts',(-30.7479849604707,4.49364669415888,1.));
#9050=CARTESIAN_POINT('Ctrl Pts',(-31.1404219790373,4.36161696678003,1.));
#9051=CARTESIAN_POINT('Ctrl Pts',(-25.0831214114103,4.05977546935877,0.));
#9052=CARTESIAN_POINT('Ctrl Pts',(-25.0831214114103,4.05977546935877,1.));
#9053=CARTESIAN_POINT('Ctrl Pts',(-25.5203195677041,4.27973424725538,0.));
#9054=CARTESIAN_POINT('Ctrl Pts',(-25.5203195677041,4.27973424725538,1.));
#9055=CARTESIAN_POINT('Ctrl Pts',(-26.5199709110842,4.78266886545356,0.));
#9056=CARTESIAN_POINT('Ctrl Pts',(-26.5199709110842,4.78266886545356,1.));
#9057=CARTESIAN_POINT('Ctrl Pts',(-27.6433889752416,4.8045990410697,0.));
#9058=CARTESIAN_POINT('Ctrl Pts',(-27.6433889752416,4.8045990410697,1.));
#9059=CARTESIAN_POINT('Ctrl Pts',(-28.2754794283781,4.81693804031214,0.));
#9060=CARTESIAN_POINT('Ctrl Pts',(-28.2754794283781,4.81693804031214,1.));
#9061=CARTESIAN_POINT('',(-25.0831214114103,4.05977546935877,0.));
#9062=CARTESIAN_POINT('Ctrl Pts',(-25.0831214114103,4.05977546935877,0.));
#9063=CARTESIAN_POINT('Ctrl Pts',(-25.5203195677041,4.27973424725538,0.));
#9064=CARTESIAN_POINT('Ctrl Pts',(-26.5199709110842,4.78266886545356,0.));
#9065=CARTESIAN_POINT('Ctrl Pts',(-27.6433889752416,4.8045990410697,0.));
#9066=CARTESIAN_POINT('Ctrl Pts',(-28.2754794283781,4.81693804031214,0.));
#9067=CARTESIAN_POINT('',(-25.0831214114103,4.05977546935877,1.));
#9068=CARTESIAN_POINT('',(-25.0831214114103,4.05977546935877,0.));
#9069=CARTESIAN_POINT('Ctrl Pts',(-25.0831214114103,4.05977546935877,1.));
#9070=CARTESIAN_POINT('Ctrl Pts',(-25.5203195677041,4.27973424725538,1.));
#9071=CARTESIAN_POINT('Ctrl Pts',(-26.5199709110842,4.78266886545356,1.));
#9072=CARTESIAN_POINT('Ctrl Pts',(-27.6433889752416,4.8045990410697,1.));
#9073=CARTESIAN_POINT('Ctrl Pts',(-28.2754794283781,4.81693804031214,1.));
#9074=CARTESIAN_POINT('Ctrl Pts',(-23.5688010378752,1.72689676051935,0.));
#9075=CARTESIAN_POINT('Ctrl Pts',(-23.5688010378752,1.72689676051935,1.));
#9076=CARTESIAN_POINT('Ctrl Pts',(-23.7300886894604,2.20931532639208,0.));
#9077=CARTESIAN_POINT('Ctrl Pts',(-23.7300886894604,2.20931532639208,1.));
#9078=CARTESIAN_POINT('Ctrl Pts',(-24.0345512147358,3.11997633088785,0.));
#9079=CARTESIAN_POINT('Ctrl Pts',(-24.0345512147358,3.11997633088785,1.));
#9080=CARTESIAN_POINT('Ctrl Pts',(-24.7477407979694,3.75918480545164,0.));
#9081=CARTESIAN_POINT('Ctrl Pts',(-24.7477407979694,3.75918480545164,1.));
#9082=CARTESIAN_POINT('Ctrl Pts',(-25.0831214114103,4.05977546935877,0.));
#9083=CARTESIAN_POINT('Ctrl Pts',(-25.0831214114103,4.05977546935877,1.));
#9084=CARTESIAN_POINT('',(-23.5688010378752,1.72689676051935,0.));
#9085=CARTESIAN_POINT('Ctrl Pts',(-23.5688010378752,1.72689676051935,0.));
#9086=CARTESIAN_POINT('Ctrl Pts',(-23.7300886894604,2.20931532639208,0.));
#9087=CARTESIAN_POINT('Ctrl Pts',(-24.0345512147358,3.11997633088785,0.));
#9088=CARTESIAN_POINT('Ctrl Pts',(-24.7477407979694,3.75918480545164,0.));
#9089=CARTESIAN_POINT('Ctrl Pts',(-25.0831214114103,4.05977546935877,0.));
#9090=CARTESIAN_POINT('',(-23.5688010378752,1.72689676051935,1.));
#9091=CARTESIAN_POINT('',(-23.5688010378752,1.72689676051935,0.));
#9092=CARTESIAN_POINT('Ctrl Pts',(-23.5688010378752,1.72689676051935,1.));
#9093=CARTESIAN_POINT('Ctrl Pts',(-23.7300886894604,2.20931532639208,1.));
#9094=CARTESIAN_POINT('Ctrl Pts',(-24.0345512147358,3.11997633088785,1.));
#9095=CARTESIAN_POINT('Ctrl Pts',(-24.7477407979694,3.75918480545164,1.));
#9096=CARTESIAN_POINT('Ctrl Pts',(-25.0831214114103,4.05977546935877,1.));
#9097=CARTESIAN_POINT('Origin',(-26.1779395266447,1.25622808700403,0.));
#9098=CARTESIAN_POINT('',(-26.1779395266447,1.25622808700403,0.));
#9099=CARTESIAN_POINT('',(-13.6112156193052,3.52316918551588,0.));
#9100=CARTESIAN_POINT('',(-26.1779395266447,1.25622808700403,1.));
#9101=CARTESIAN_POINT('',(-26.1779395266447,1.25622808700403,0.));
#9102=CARTESIAN_POINT('',(-26.1779395266447,1.25622808700403,1.));
#9103=CARTESIAN_POINT('Ctrl Pts',(-26.8737116976652,2.31523215537867,0.));
#9104=CARTESIAN_POINT('Ctrl Pts',(-26.8737116976652,2.31523215537867,1.));
#9105=CARTESIAN_POINT('Ctrl Pts',(-26.7334734086513,2.18392837243199,0.));
#9106=CARTESIAN_POINT('Ctrl Pts',(-26.7334734086513,2.18392837243199,1.));
#9107=CARTESIAN_POINT('Ctrl Pts',(-26.4176058288896,1.88818454651569,0.));
#9108=CARTESIAN_POINT('Ctrl Pts',(-26.4176058288896,1.88818454651569,1.));
#9109=CARTESIAN_POINT('Ctrl Pts',(-26.2635808098451,1.48204857829723,0.));
#9110=CARTESIAN_POINT('Ctrl Pts',(-26.2635808098451,1.48204857829723,1.));
#9111=CARTESIAN_POINT('Ctrl Pts',(-26.1779395266447,1.25622808700403,0.));
#9112=CARTESIAN_POINT('Ctrl Pts',(-26.1779395266447,1.25622808700403,1.));
#9113=CARTESIAN_POINT('Ctrl Pts',(-26.8737116976652,2.31523215537867,0.));
#9114=CARTESIAN_POINT('Ctrl Pts',(-26.7334734086513,2.18392837243199,0.));
#9115=CARTESIAN_POINT('Ctrl Pts',(-26.4176058288896,1.88818454651569,0.));
#9116=CARTESIAN_POINT('Ctrl Pts',(-26.2635808098451,1.48204857829723,0.));
#9117=CARTESIAN_POINT('Ctrl Pts',(-26.1779395266447,1.25622808700403,0.));
#9118=CARTESIAN_POINT('Ctrl Pts',(-26.8737116976652,2.31523215537867,1.));
#9119=CARTESIAN_POINT('Ctrl Pts',(-26.7334734086513,2.18392837243199,1.));
#9120=CARTESIAN_POINT('Ctrl Pts',(-26.4176058288896,1.88818454651569,1.));
#9121=CARTESIAN_POINT('Ctrl Pts',(-26.2635808098451,1.48204857829723,1.));
#9122=CARTESIAN_POINT('Ctrl Pts',(-26.1779395266447,1.25622808700403,1.));
#9123=CARTESIAN_POINT('Origin',(0.066947586926478,1.08978252265539,1.));
#9124=CARTESIAN_POINT('Origin',(-0.413953415957433,0.693472621496538,0.));
#9125=CARTESIAN_POINT('',(-0.413953415957432,0.693472621496539,0.));
#9126=CARTESIAN_POINT('',(1.42779196062948,-6.29493177169957,0.));
#9127=CARTESIAN_POINT('',(-0.315066128766484,0.318250095613432,0.));
#9128=CARTESIAN_POINT('',(-0.413953415957432,0.693472621496539,1.));
#9129=CARTESIAN_POINT('',(-0.413953415957432,0.693472621496539,0.));
#9130=CARTESIAN_POINT('',(1.42779196062948,-6.29493177169957,1.));
#9131=CARTESIAN_POINT('',(-0.413953415957433,0.693472621496538,1.));
#9132=CARTESIAN_POINT('',(1.42779196062948,-6.29493177169957,0.));
#9133=CARTESIAN_POINT('Origin',(-2.28639280041788,-6.29493177169957,0.));
#9134=CARTESIAN_POINT('',(-2.28639280041788,-6.29493177169957,0.));
#9135=CARTESIAN_POINT('',(-1.42298980240531,-3.07249939045139,0.));
#9136=CARTESIAN_POINT('',(-2.28639280041788,-6.29493177169957,1.));
#9137=CARTESIAN_POINT('',(-2.28639280041788,-6.29493177169957,0.));
#9138=CARTESIAN_POINT('',(-2.28639280041788,-6.29493177169957,1.));
#9139=CARTESIAN_POINT('Origin',(-5.04901563366983,-6.29493177169957,0.));
#9140=CARTESIAN_POINT('',(-5.04901563366983,-6.29493177169957,0.));
#9141=CARTESIAN_POINT('',(-2.52450781683491,-6.29493177169957,0.));
#9142=CARTESIAN_POINT('',(-5.04901563366983,-6.29493177169957,1.));
#9143=CARTESIAN_POINT('',(-5.04901563366983,-6.29493177169957,0.));
#9144=CARTESIAN_POINT('',(-5.04901563366983,-6.29493177169957,1.));
#9145=CARTESIAN_POINT('Origin',(-8.53809987744425,4.57137167220912,0.));
#9146=CARTESIAN_POINT('',(-8.53809987744425,4.57137167220912,0.));
#9147=CARTESIAN_POINT('',(-7.47377645033275,1.2566734553087,0.));
#9148=CARTESIAN_POINT('',(-8.53809987744425,4.57137167220912,1.));
#9149=CARTESIAN_POINT('',(-8.53809987744425,4.57137167220912,0.));
#9150=CARTESIAN_POINT('',(-8.53809987744425,4.57137167220912,1.));
#9151=CARTESIAN_POINT('Origin',(-5.70385610303019,4.57137167220912,0.));
#9152=CARTESIAN_POINT('',(-5.70385610303019,4.57137167220912,0.));
#9153=CARTESIAN_POINT('',(-2.8519280515151,4.57137167220912,0.));
#9154=CARTESIAN_POINT('',(-5.70385610303019,4.57137167220912,1.));
#9155=CARTESIAN_POINT('',(-5.70385610303019,4.57137167220912,0.));
#9156=CARTESIAN_POINT('',(-5.70385610303019,4.57137167220912,1.));
#9157=CARTESIAN_POINT('Origin',(-3.62677728375528,-2.55004823440709,0.));
#9158=CARTESIAN_POINT('',(-3.62677728375528,-2.55004823440709,0.));
#9159=CARTESIAN_POINT('',(-3.82733407116707,-1.86242430553765,0.));
#9160=CARTESIAN_POINT('',(-3.62677728375528,-2.55004823440709,1.));
#9161=CARTESIAN_POINT('',(-3.62677728375528,-2.55004823440709,0.));
#9162=CARTESIAN_POINT('',(-3.62677728375528,-2.55004823440709,1.));
#9163=CARTESIAN_POINT('Origin',(-1.81572591504191,4.57137167220912,0.));
#9164=CARTESIAN_POINT('',(-1.81572591504191,4.57137167220912,0.));
#9165=CARTESIAN_POINT('',(-2.3065417968342,2.64138445513632,0.));
#9166=CARTESIAN_POINT('',(-1.81572591504191,4.57137167220912,1.));
#9167=CARTESIAN_POINT('',(-1.81572591504191,4.57137167220912,0.));
#9168=CARTESIAN_POINT('',(-1.81572591504191,4.57137167220912,1.));
#9169=CARTESIAN_POINT('Origin',(0.957125075253502,4.57137167220912,0.));
#9170=CARTESIAN_POINT('',(0.957125075253502,4.57137167220912,0.));
#9171=CARTESIAN_POINT('',(0.47856253762675,4.57137167220912,0.));
#9172=CARTESIAN_POINT('',(0.957125075253502,4.57137167220912,1.));
#9173=CARTESIAN_POINT('',(0.957125075253502,4.57137167220912,0.));
#9174=CARTESIAN_POINT('',(0.957125075253504,4.57137167220912,1.));
#9175=CARTESIAN_POINT('Origin',(2.82956922808554,-2.55004823440709,0.));
#9176=CARTESIAN_POINT('',(2.82956922808554,-2.55004823440709,0.));
#9177=CARTESIAN_POINT('',(2.42451961291416,-1.00953318711669,0.));
#9178=CARTESIAN_POINT('',(2.82956922808554,-2.55004823440709,1.));
#9179=CARTESIAN_POINT('',(2.82956922808554,-2.55004823440709,0.));
#9180=CARTESIAN_POINT('',(2.82956922808554,-2.55004823440709,1.));
#9181=CARTESIAN_POINT('Origin',(4.86572111407186,4.57137167220913,0.));
#9182=CARTESIAN_POINT('',(4.86572111407186,4.57137167220913,0.));
#9183=CARTESIAN_POINT('',(4.07773126959653,1.81538543990516,0.));
#9184=CARTESIAN_POINT('',(4.86572111407186,4.57137167220913,1.));
#9185=CARTESIAN_POINT('',(4.86572111407186,4.57137167220913,0.));
#9186=CARTESIAN_POINT('',(4.86572111407186,4.57137167220913,1.));
#9187=CARTESIAN_POINT('Origin',(7.65903557101156,4.57137167220913,0.));
#9188=CARTESIAN_POINT('',(7.65903557101156,4.57137167220913,0.));
#9189=CARTESIAN_POINT('',(3.82951778550578,4.57137167220913,0.));
#9190=CARTESIAN_POINT('',(7.65903557101156,4.57137167220913,1.));
#9191=CARTESIAN_POINT('',(7.65903557101156,4.57137167220913,0.));
#9192=CARTESIAN_POINT('',(7.65903557101156,4.57137167220913,1.));
#9193=CARTESIAN_POINT('Origin',(4.22110880175497,-6.29493177169957,0.));
#9194=CARTESIAN_POINT('',(4.22110880175497,-6.29493177169957,0.));
#9195=CARTESIAN_POINT('',(4.93426662167172,-4.04084383012091,0.));
#9196=CARTESIAN_POINT('',(4.22110880175497,-6.29493177169957,1.));
#9197=CARTESIAN_POINT('',(4.22110880175497,-6.29493177169957,0.));
#9198=CARTESIAN_POINT('',(4.22110880175497,-6.29493177169957,1.));
#9199=CARTESIAN_POINT('Origin',(1.42779196062949,-6.29493177169957,0.));
#9200=CARTESIAN_POINT('',(0.713895980314744,-6.29493177169957,0.));
#9201=CARTESIAN_POINT('',(1.42779196062949,-6.29493177169957,1.));
#9202=CARTESIAN_POINT('Origin',(0.066947586926478,1.08978252265539,1.));
#9203=CARTESIAN_POINT('Ctrl Pts',(14.1051443890658,2.47382700210415,0.));
#9204=CARTESIAN_POINT('Ctrl Pts',(14.1051443890658,2.47382700210415,1.));
#9205=CARTESIAN_POINT('Ctrl Pts',(14.4662377828069,2.4370648746915,0.));
#9206=CARTESIAN_POINT('Ctrl Pts',(14.4662377828069,2.4370648746915,1.));
#9207=CARTESIAN_POINT('Ctrl Pts',(15.1932966041045,2.36304460877603,0.));
#9208=CARTESIAN_POINT('Ctrl Pts',(15.1932966041045,2.36304460877603,1.));
#9209=CARTESIAN_POINT('Ctrl Pts',(15.728602918629,1.86502415735621,0.));
#9210=CARTESIAN_POINT('Ctrl Pts',(15.728602918629,1.86502415735621,1.));
#9211=CARTESIAN_POINT('Ctrl Pts',(15.9980496243563,1.61434530979,0.));
#9212=CARTESIAN_POINT('Ctrl Pts',(15.9980496243563,1.61434530979,1.));
#9213=CARTESIAN_POINT('',(14.1051443890658,2.47382700210415,0.));
#9214=CARTESIAN_POINT('',(15.9980496243563,1.61434530979,0.));
#9215=CARTESIAN_POINT('Ctrl Pts',(14.1051443890658,2.47382700210415,0.));
#9216=CARTESIAN_POINT('Ctrl Pts',(14.4662377828069,2.4370648746915,0.));
#9217=CARTESIAN_POINT('Ctrl Pts',(15.1932966041045,2.36304460877603,0.));
#9218=CARTESIAN_POINT('Ctrl Pts',(15.728602918629,1.86502415735621,0.));
#9219=CARTESIAN_POINT('Ctrl Pts',(15.9980496243563,1.61434530979,0.));
#9220=CARTESIAN_POINT('',(14.1051443890658,2.47382700210415,1.));
#9221=CARTESIAN_POINT('',(14.1051443890658,2.47382700210415,0.));
#9222=CARTESIAN_POINT('',(15.9980496243563,1.61434530979,1.));
#9223=CARTESIAN_POINT('Ctrl Pts',(14.1051443890658,2.47382700210415,1.));
#9224=CARTESIAN_POINT('Ctrl Pts',(14.4662377828069,2.4370648746915,1.));
#9225=CARTESIAN_POINT('Ctrl Pts',(15.1932966041045,2.36304460877603,1.));
#9226=CARTESIAN_POINT('Ctrl Pts',(15.728602918629,1.86502415735621,1.));
#9227=CARTESIAN_POINT('Ctrl Pts',(15.9980496243563,1.61434530979,1.));
#9228=CARTESIAN_POINT('',(15.9980496243563,1.61434530979,0.));
#9229=CARTESIAN_POINT('Ctrl Pts',(12.217353232297,1.61434530979,0.));
#9230=CARTESIAN_POINT('Ctrl Pts',(12.217353232297,1.61434530979,1.));
#9231=CARTESIAN_POINT('Ctrl Pts',(12.4854690369084,1.86502491921639,0.));
#9232=CARTESIAN_POINT('Ctrl Pts',(12.4854690369084,1.86502491921639,1.));
#9233=CARTESIAN_POINT('Ctrl Pts',(13.0185753754345,2.36346211100429,0.));
#9234=CARTESIAN_POINT('Ctrl Pts',(13.0185753754345,2.36346211100429,1.));
#9235=CARTESIAN_POINT('Ctrl Pts',(13.7443730178201,2.4371827645086,0.));
#9236=CARTESIAN_POINT('Ctrl Pts',(13.7443730178201,2.4371827645086,1.));
#9237=CARTESIAN_POINT('Ctrl Pts',(14.1051443890658,2.47382700210415,0.));
#9238=CARTESIAN_POINT('Ctrl Pts',(14.1051443890658,2.47382700210415,1.));
#9239=CARTESIAN_POINT('',(12.217353232297,1.61434530979,0.));
#9240=CARTESIAN_POINT('Ctrl Pts',(12.217353232297,1.61434530979,0.));
#9241=CARTESIAN_POINT('Ctrl Pts',(12.4854690369084,1.86502491921639,0.));
#9242=CARTESIAN_POINT('Ctrl Pts',(13.0185753754345,2.36346211100429,0.));
#9243=CARTESIAN_POINT('Ctrl Pts',(13.7443730178201,2.4371827645086,0.));
#9244=CARTESIAN_POINT('Ctrl Pts',(14.1051443890658,2.47382700210415,0.));
#9245=CARTESIAN_POINT('',(12.217353232297,1.61434530979,1.));
#9246=CARTESIAN_POINT('',(12.217353232297,1.61434530979,0.));
#9247=CARTESIAN_POINT('Ctrl Pts',(12.217353232297,1.61434530979,1.));
#9248=CARTESIAN_POINT('Ctrl Pts',(12.4854690369084,1.86502491921639,1.));
#9249=CARTESIAN_POINT('Ctrl Pts',(13.0185753754345,2.36346211100429,1.));
#9250=CARTESIAN_POINT('Ctrl Pts',(13.7443730178201,2.4371827645086,1.));
#9251=CARTESIAN_POINT('Ctrl Pts',(14.1051443890658,2.47382700210415,1.));
#9252=CARTESIAN_POINT('Ctrl Pts',(11.4550765828219,-0.841316583100928,0.));
#9253=CARTESIAN_POINT('Ctrl Pts',(11.4550765828219,-0.841316583100928,1.));
#9254=CARTESIAN_POINT('Ctrl Pts',(11.4737396356455,-0.355899018555239,0.));
#9255=CARTESIAN_POINT('Ctrl Pts',(11.4737396356455,-0.355899018555239,1.));
#9256=CARTESIAN_POINT('Ctrl Pts',(11.5079899168653,0.534935308060509,0.));
#9257=CARTESIAN_POINT('Ctrl Pts',(11.5079899168653,0.534935308060509,1.));
#9258=CARTESIAN_POINT('Ctrl Pts',(11.9954920659043,1.2767479787892,0.));
#9259=CARTESIAN_POINT('Ctrl Pts',(11.9954920659043,1.2767479787892,1.));
#9260=CARTESIAN_POINT('Ctrl Pts',(12.217353232297,1.61434530979,0.));
#9261=CARTESIAN_POINT('Ctrl Pts',(12.217353232297,1.61434530979,1.));
#9262=CARTESIAN_POINT('',(11.4550765828219,-0.841316583100928,0.));
#9263=CARTESIAN_POINT('Ctrl Pts',(11.4550765828219,-0.841316583100928,0.));
#9264=CARTESIAN_POINT('Ctrl Pts',(11.4737396356455,-0.355899018555239,0.));
#9265=CARTESIAN_POINT('Ctrl Pts',(11.5079899168653,0.534935308060509,0.));
#9266=CARTESIAN_POINT('Ctrl Pts',(11.9954920659043,1.2767479787892,0.));
#9267=CARTESIAN_POINT('Ctrl Pts',(12.217353232297,1.61434530979,0.));
#9268=CARTESIAN_POINT('',(11.4550765828219,-0.841316583100928,1.));
#9269=CARTESIAN_POINT('',(11.4550765828219,-0.841316583100928,0.));
#9270=CARTESIAN_POINT('Ctrl Pts',(11.4550765828219,-0.841316583100928,1.));
#9271=CARTESIAN_POINT('Ctrl Pts',(11.4737396356455,-0.355899018555239,1.));
#9272=CARTESIAN_POINT('Ctrl Pts',(11.5079899168653,0.534935308060509,1.));
#9273=CARTESIAN_POINT('Ctrl Pts',(11.9954920659043,1.2767479787892,1.));
#9274=CARTESIAN_POINT('Ctrl Pts',(12.217353232297,1.61434530979,1.));
#9275=CARTESIAN_POINT('Ctrl Pts',(12.217353232297,-3.33790481323399,0.));
#9276=CARTESIAN_POINT('Ctrl Pts',(12.217353232297,-3.33790481323399,1.));
#9277=CARTESIAN_POINT('Ctrl Pts',(11.9955631310303,-2.99675481835326,0.));
#9278=CARTESIAN_POINT('Ctrl Pts',(11.9955631310303,-2.99675481835326,1.));
#9279=CARTESIAN_POINT('Ctrl Pts',(11.5045778376455,-2.24153792919516,0.));
#9280=CARTESIAN_POINT('Ctrl Pts',(11.5045778376455,-2.24153792919516,1.));
#9281=CARTESIAN_POINT('Ctrl Pts',(11.4726059722977,-1.33716311094266,0.));
#9282=CARTESIAN_POINT('Ctrl Pts',(11.4726059722977,-1.33716311094266,1.));
#9283=CARTESIAN_POINT('Ctrl Pts',(11.4550765828219,-0.841316583100928,0.));
#9284=CARTESIAN_POINT('Ctrl Pts',(11.4550765828219,-0.841316583100928,1.));
#9285=CARTESIAN_POINT('',(12.217353232297,-3.33790481323399,0.));
#9286=CARTESIAN_POINT('Ctrl Pts',(12.217353232297,-3.33790481323399,0.));
#9287=CARTESIAN_POINT('Ctrl Pts',(11.9955631310303,-2.99675481835326,0.));
#9288=CARTESIAN_POINT('Ctrl Pts',(11.5045778376455,-2.24153792919516,0.));
#9289=CARTESIAN_POINT('Ctrl Pts',(11.4726059722977,-1.33716311094266,0.));
#9290=CARTESIAN_POINT('Ctrl Pts',(11.4550765828219,-0.841316583100928,0.));
#9291=CARTESIAN_POINT('',(12.217353232297,-3.33790481323399,1.));
#9292=CARTESIAN_POINT('',(12.217353232297,-3.33790481323399,0.));
#9293=CARTESIAN_POINT('Ctrl Pts',(12.217353232297,-3.33790481323399,1.));
#9294=CARTESIAN_POINT('Ctrl Pts',(11.9955631310303,-2.99675481835326,1.));
#9295=CARTESIAN_POINT('Ctrl Pts',(11.5045778376455,-2.24153792919516,1.));
#9296=CARTESIAN_POINT('Ctrl Pts',(11.4726059722977,-1.33716311094266,1.));
#9297=CARTESIAN_POINT('Ctrl Pts',(11.4550765828219,-0.841316583100928,1.));
#9298=CARTESIAN_POINT('Ctrl Pts',(14.1051443890658,-4.19738710159458,0.));
#9299=CARTESIAN_POINT('Ctrl Pts',(14.1051443890658,-4.19738710159458,1.));
#9300=CARTESIAN_POINT('Ctrl Pts',(13.7443734395065,-4.16074301397638,0.));
#9301=CARTESIAN_POINT('Ctrl Pts',(13.7443734395065,-4.16074301397638,1.));
#9302=CARTESIAN_POINT('Ctrl Pts',(13.0185756304012,-4.08702255909374,0.));
#9303=CARTESIAN_POINT('Ctrl Pts',(13.0185756304012,-4.08702255909374,1.));
#9304=CARTESIAN_POINT('Ctrl Pts',(12.4854693688156,-3.58858496932131,0.));
#9305=CARTESIAN_POINT('Ctrl Pts',(12.4854693688156,-3.58858496932131,1.));
#9306=CARTESIAN_POINT('Ctrl Pts',(12.217353232297,-3.33790481323399,0.));
#9307=CARTESIAN_POINT('Ctrl Pts',(12.217353232297,-3.33790481323399,1.));
#9308=CARTESIAN_POINT('',(14.1051443890658,-4.19738710159458,0.));
#9309=CARTESIAN_POINT('Ctrl Pts',(14.1051443890658,-4.19738710159458,0.));
#9310=CARTESIAN_POINT('Ctrl Pts',(13.7443734395065,-4.16074301397638,0.));
#9311=CARTESIAN_POINT('Ctrl Pts',(13.0185756304012,-4.08702255909374,0.));
#9312=CARTESIAN_POINT('Ctrl Pts',(12.4854693688156,-3.58858496932131,0.));
#9313=CARTESIAN_POINT('Ctrl Pts',(12.217353232297,-3.33790481323399,0.));
#9314=CARTESIAN_POINT('',(14.1051443890658,-4.19738710159458,1.));
#9315=CARTESIAN_POINT('',(14.1051443890658,-4.19738710159458,0.));
#9316=CARTESIAN_POINT('Ctrl Pts',(14.1051443890658,-4.19738710159458,1.));
#9317=CARTESIAN_POINT('Ctrl Pts',(13.7443734395065,-4.16074301397638,1.));
#9318=CARTESIAN_POINT('Ctrl Pts',(13.0185756304012,-4.08702255909374,1.));
#9319=CARTESIAN_POINT('Ctrl Pts',(12.4854693688156,-3.58858496932131,1.));
#9320=CARTESIAN_POINT('Ctrl Pts',(12.217353232297,-3.33790481323399,1.));
#9321=CARTESIAN_POINT('Ctrl Pts',(15.9980496243563,-3.33790481323398,0.));
#9322=CARTESIAN_POINT('Ctrl Pts',(15.9980496243563,-3.33790481323398,1.));
#9323=CARTESIAN_POINT('Ctrl Pts',(15.7286029938675,-3.58858420846991,0.));
#9324=CARTESIAN_POINT('Ctrl Pts',(15.7286029938675,-3.58858420846991,1.));
#9325=CARTESIAN_POINT('Ctrl Pts',(15.1932970369085,-4.08660555434169,0.));
#9326=CARTESIAN_POINT('Ctrl Pts',(15.1932970369085,-4.08660555434169,1.));
#9327=CARTESIAN_POINT('Ctrl Pts',(14.4662378313751,-4.16062526462142,0.));
#9328=CARTESIAN_POINT('Ctrl Pts',(14.4662378313751,-4.16062526462142,1.));
#9329=CARTESIAN_POINT('Ctrl Pts',(14.1051443890658,-4.19738710159458,0.));
#9330=CARTESIAN_POINT('Ctrl Pts',(14.1051443890658,-4.19738710159458,1.));
#9331=CARTESIAN_POINT('',(15.9980496243563,-3.33790481323398,0.));
#9332=CARTESIAN_POINT('Ctrl Pts',(15.9980496243563,-3.33790481323398,0.));
#9333=CARTESIAN_POINT('Ctrl Pts',(15.7286029938675,-3.58858420846991,0.));
#9334=CARTESIAN_POINT('Ctrl Pts',(15.1932970369085,-4.08660555434169,0.));
#9335=CARTESIAN_POINT('Ctrl Pts',(14.4662378313751,-4.16062526462142,0.));
#9336=CARTESIAN_POINT('Ctrl Pts',(14.1051443890658,-4.19738710159458,0.));
#9337=CARTESIAN_POINT('',(15.9980496243563,-3.33790481323398,1.));
#9338=CARTESIAN_POINT('',(15.9980496243563,-3.33790481323398,0.));
#9339=CARTESIAN_POINT('Ctrl Pts',(15.9980496243563,-3.33790481323398,1.));
#9340=CARTESIAN_POINT('Ctrl Pts',(15.7286029938675,-3.58858420846991,1.));
#9341=CARTESIAN_POINT('Ctrl Pts',(15.1932970369085,-4.08660555434169,1.));
#9342=CARTESIAN_POINT('Ctrl Pts',(14.4662378313751,-4.16062526462142,1.));
#9343=CARTESIAN_POINT('Ctrl Pts',(14.1051443890658,-4.19738710159458,1.));
#9344=CARTESIAN_POINT('Ctrl Pts',(16.7654451207247,-0.861780049745213,0.));
#9345=CARTESIAN_POINT('Ctrl Pts',(16.7654451207247,-0.861780049745213,1.));
#9346=CARTESIAN_POINT('Ctrl Pts',(16.7471096420488,-1.35256673909473,0.));
#9347=CARTESIAN_POINT('Ctrl Pts',(16.7471096420488,-1.35256673909473,1.));
#9348=CARTESIAN_POINT('Ctrl Pts',(16.7135434596031,-2.25103445012877,0.));
#9349=CARTESIAN_POINT('Ctrl Pts',(16.7135434596031,-2.25103445012877,1.));
#9350=CARTESIAN_POINT('Ctrl Pts',(16.2213727807898,-2.99866594328758,0.));
#9351=CARTESIAN_POINT('Ctrl Pts',(16.2213727807898,-2.99866594328758,1.));
#9352=CARTESIAN_POINT('Ctrl Pts',(15.9980496243563,-3.33790481323398,0.));
#9353=CARTESIAN_POINT('Ctrl Pts',(15.9980496243563,-3.33790481323398,1.));
#9354=CARTESIAN_POINT('',(16.7654451207247,-0.861780049745213,0.));
#9355=CARTESIAN_POINT('Ctrl Pts',(16.7654451207247,-0.861780049745213,0.));
#9356=CARTESIAN_POINT('Ctrl Pts',(16.7471096420488,-1.35256673909473,0.));
#9357=CARTESIAN_POINT('Ctrl Pts',(16.7135434596031,-2.25103445012877,0.));
#9358=CARTESIAN_POINT('Ctrl Pts',(16.2213727807898,-2.99866594328758,0.));
#9359=CARTESIAN_POINT('Ctrl Pts',(15.9980496243563,-3.33790481323398,0.));
#9360=CARTESIAN_POINT('',(16.7654451207247,-0.861780049745213,1.));
#9361=CARTESIAN_POINT('',(16.7654451207247,-0.861780049745213,0.));
#9362=CARTESIAN_POINT('Ctrl Pts',(16.7654451207247,-0.861780049745213,1.));
#9363=CARTESIAN_POINT('Ctrl Pts',(16.7471096420488,-1.35256673909473,1.));
#9364=CARTESIAN_POINT('Ctrl Pts',(16.7135434596031,-2.25103445012877,1.));
#9365=CARTESIAN_POINT('Ctrl Pts',(16.2213727807898,-2.99866594328758,1.));
#9366=CARTESIAN_POINT('Ctrl Pts',(15.9980496243563,-3.33790481323398,1.));
#9367=CARTESIAN_POINT('Ctrl Pts',(15.9980496243563,1.61434530979,0.));
#9368=CARTESIAN_POINT('Ctrl Pts',(15.9980496243563,1.61434530979,1.));
#9369=CARTESIAN_POINT('Ctrl Pts',(16.2213727830353,1.27510623771976,0.));
#9370=CARTESIAN_POINT('Ctrl Pts',(16.2213727830353,1.27510623771976,1.));
#9371=CARTESIAN_POINT('Ctrl Pts',(16.7135433493686,0.527474477490171,0.));
#9372=CARTESIAN_POINT('Ctrl Pts',(16.7135433493686,0.527474477490171,1.));
#9373=CARTESIAN_POINT('Ctrl Pts',(16.7471096054561,-0.370993378489344,0.));
#9374=CARTESIAN_POINT('Ctrl Pts',(16.7471096054561,-0.370993378489344,1.));
#9375=CARTESIAN_POINT('Ctrl Pts',(16.7654451207247,-0.861780049745213,0.));
#9376=CARTESIAN_POINT('Ctrl Pts',(16.7654451207247,-0.861780049745213,1.));
#9377=CARTESIAN_POINT('Ctrl Pts',(15.9980496243563,1.61434530979,0.));
#9378=CARTESIAN_POINT('Ctrl Pts',(16.2213727830353,1.27510623771976,0.));
#9379=CARTESIAN_POINT('Ctrl Pts',(16.7135433493686,0.527474477490171,0.));
#9380=CARTESIAN_POINT('Ctrl Pts',(16.7471096054561,-0.370993378489344,0.));
#9381=CARTESIAN_POINT('Ctrl Pts',(16.7654451207247,-0.861780049745213,0.));
#9382=CARTESIAN_POINT('Ctrl Pts',(15.9980496243563,1.61434530979,1.));
#9383=CARTESIAN_POINT('Ctrl Pts',(16.2213727830353,1.27510623771976,1.));
#9384=CARTESIAN_POINT('Ctrl Pts',(16.7135433493686,0.527474477490171,1.));
#9385=CARTESIAN_POINT('Ctrl Pts',(16.7471096054561,-0.370993378489344,1.));
#9386=CARTESIAN_POINT('Ctrl Pts',(16.7654451207247,-0.861780049745213,1.));
#9387=CARTESIAN_POINT('Ctrl Pts',(16.9445046261873,-5.86519062751926,0.));
#9388=CARTESIAN_POINT('Ctrl Pts',(16.9445046261873,-5.86519062751926,1.));
#9389=CARTESIAN_POINT('Ctrl Pts',(17.3686748255598,-5.61509753288055,0.));
#9390=CARTESIAN_POINT('Ctrl Pts',(17.3686748255598,-5.61509753288055,1.));
#9391=CARTESIAN_POINT('Ctrl Pts',(18.212296491952,-5.11769353428648,0.));
#9392=CARTESIAN_POINT('Ctrl Pts',(18.212296491952,-5.11769353428648,1.));
#9393=CARTESIAN_POINT('Ctrl Pts',(18.7425784887396,-4.29457240393143,0.));
#9394=CARTESIAN_POINT('Ctrl Pts',(18.7425784887396,-4.29457240393143,1.));
#9395=CARTESIAN_POINT('Ctrl Pts',(19.0062364415255,-3.88531387085117,0.));
#9396=CARTESIAN_POINT('Ctrl Pts',(19.0062364415255,-3.88531387085117,1.));
#9397=CARTESIAN_POINT('',(16.9445046261873,-5.86519062751926,0.));
#9398=CARTESIAN_POINT('',(19.0062364415255,-3.88531387085117,0.));
#9399=CARTESIAN_POINT('Ctrl Pts',(16.9445046261873,-5.86519062751926,0.));
#9400=CARTESIAN_POINT('Ctrl Pts',(17.3686748255598,-5.61509753288055,0.));
#9401=CARTESIAN_POINT('Ctrl Pts',(18.212296491952,-5.11769353428648,0.));
#9402=CARTESIAN_POINT('Ctrl Pts',(18.7425784887396,-4.29457240393143,0.));
#9403=CARTESIAN_POINT('Ctrl Pts',(19.0062364415255,-3.88531387085117,0.));
#9404=CARTESIAN_POINT('',(16.9445046261873,-5.86519062751926,1.));
#9405=CARTESIAN_POINT('',(16.9445046261873,-5.86519062751926,0.));
#9406=CARTESIAN_POINT('',(19.0062364415255,-3.88531387085117,1.));
#9407=CARTESIAN_POINT('Ctrl Pts',(16.9445046261873,-5.86519062751926,1.));
#9408=CARTESIAN_POINT('Ctrl Pts',(17.3686748255598,-5.61509753288055,1.));
#9409=CARTESIAN_POINT('Ctrl Pts',(18.212296491952,-5.11769353428648,1.));
#9410=CARTESIAN_POINT('Ctrl Pts',(18.7425784887396,-4.29457240393143,1.));
#9411=CARTESIAN_POINT('Ctrl Pts',(19.0062364415255,-3.88531387085117,1.));
#9412=CARTESIAN_POINT('',(19.0062364415255,-3.88531387085117,0.));
#9413=CARTESIAN_POINT('Ctrl Pts',(14.0949138478365,-6.54049813980259,0.));
#9414=CARTESIAN_POINT('Ctrl Pts',(14.0949138478365,-6.54049813980259,1.));
#9415=CARTESIAN_POINT('Ctrl Pts',(14.587916690168,-6.51195851466716,0.));
#9416=CARTESIAN_POINT('Ctrl Pts',(14.587916690168,-6.51195851466716,1.));
#9417=CARTESIAN_POINT('Ctrl Pts',(15.5774755118601,-6.45467357552364,0.));
#9418=CARTESIAN_POINT('Ctrl Pts',(15.5774755118601,-6.45467357552364,1.));
#9419=CARTESIAN_POINT('Ctrl Pts',(16.4877387826614,-6.06215473981754,0.));
#9420=CARTESIAN_POINT('Ctrl Pts',(16.4877387826614,-6.06215473981754,1.));
#9421=CARTESIAN_POINT('Ctrl Pts',(16.9445046261873,-5.86519062751926,0.));
#9422=CARTESIAN_POINT('Ctrl Pts',(16.9445046261873,-5.86519062751926,1.));
#9423=CARTESIAN_POINT('',(14.0949138478365,-6.54049813980259,0.));
#9424=CARTESIAN_POINT('Ctrl Pts',(14.0949138478365,-6.54049813980259,0.));
#9425=CARTESIAN_POINT('Ctrl Pts',(14.587916690168,-6.51195851466716,0.));
#9426=CARTESIAN_POINT('Ctrl Pts',(15.5774755118601,-6.45467357552364,0.));
#9427=CARTESIAN_POINT('Ctrl Pts',(16.4877387826614,-6.06215473981754,0.));
#9428=CARTESIAN_POINT('Ctrl Pts',(16.9445046261873,-5.86519062751926,0.));
#9429=CARTESIAN_POINT('',(14.0949138478365,-6.54049813980259,1.));
#9430=CARTESIAN_POINT('',(14.0949138478365,-6.54049813980259,0.));
#9431=CARTESIAN_POINT('Ctrl Pts',(14.0949138478365,-6.54049813980259,1.));
#9432=CARTESIAN_POINT('Ctrl Pts',(14.587916690168,-6.51195851466716,1.));
#9433=CARTESIAN_POINT('Ctrl Pts',(15.5774755118601,-6.45467357552364,1.));
#9434=CARTESIAN_POINT('Ctrl Pts',(16.4877387826614,-6.06215473981754,1.));
#9435=CARTESIAN_POINT('Ctrl Pts',(16.9445046261873,-5.86519062751926,1.));
#9436=CARTESIAN_POINT('Ctrl Pts',(10.0891145543184,-4.918738009874,0.));
#9437=CARTESIAN_POINT('Ctrl Pts',(10.0891145543184,-4.918738009874,1.));
#9438=CARTESIAN_POINT('Ctrl Pts',(10.6604838426141,-5.39171208802402,0.));
#9439=CARTESIAN_POINT('Ctrl Pts',(10.6604838426141,-5.39171208802402,1.));
#9440=CARTESIAN_POINT('Ctrl Pts',(11.8231796989526,-6.35418069122975,0.));
#9441=CARTESIAN_POINT('Ctrl Pts',(11.8231796989526,-6.35418069122975,1.));
#9442=CARTESIAN_POINT('Ctrl Pts',(13.3290531957191,-6.47768568318879,0.));
#9443=CARTESIAN_POINT('Ctrl Pts',(13.3290531957191,-6.47768568318879,1.));
#9444=CARTESIAN_POINT('Ctrl Pts',(14.0949138478365,-6.54049813980259,0.));
#9445=CARTESIAN_POINT('Ctrl Pts',(14.0949138478365,-6.54049813980259,1.));
#9446=CARTESIAN_POINT('',(10.0891145543184,-4.918738009874,0.));
#9447=CARTESIAN_POINT('Ctrl Pts',(10.0891145543184,-4.918738009874,0.));
#9448=CARTESIAN_POINT('Ctrl Pts',(10.6604838426141,-5.39171208802402,0.));
#9449=CARTESIAN_POINT('Ctrl Pts',(11.8231796989526,-6.35418069122975,0.));
#9450=CARTESIAN_POINT('Ctrl Pts',(13.3290531957191,-6.47768568318879,0.));
#9451=CARTESIAN_POINT('Ctrl Pts',(14.0949138478365,-6.54049813980259,0.));
#9452=CARTESIAN_POINT('',(10.0891145543184,-4.918738009874,1.));
#9453=CARTESIAN_POINT('',(10.0891145543184,-4.918738009874,0.));
#9454=CARTESIAN_POINT('Ctrl Pts',(10.0891145543184,-4.918738009874,1.));
#9455=CARTESIAN_POINT('Ctrl Pts',(10.6604838426141,-5.39171208802402,1.));
#9456=CARTESIAN_POINT('Ctrl Pts',(11.8231796989526,-6.35418069122975,1.));
#9457=CARTESIAN_POINT('Ctrl Pts',(13.3290531957191,-6.47768568318879,1.));
#9458=CARTESIAN_POINT('Ctrl Pts',(14.0949138478365,-6.54049813980259,1.));
#9459=CARTESIAN_POINT('Ctrl Pts',(8.49804962435629,-0.831083657685892,0.));
#9460=CARTESIAN_POINT('Ctrl Pts',(8.49804962435629,-0.831083657685892,1.));
#9461=CARTESIAN_POINT('Ctrl Pts',(8.55804942963931,-1.61134972936998,0.));
#9462=CARTESIAN_POINT('Ctrl Pts',(8.55804942963931,-1.61134972936998,1.));
#9463=CARTESIAN_POINT('Ctrl Pts',(8.67535925124244,-3.13690257475801,0.));
#9464=CARTESIAN_POINT('Ctrl Pts',(8.67535925124244,-3.13690257475801,1.));
#9465=CARTESIAN_POINT('Ctrl Pts',(9.62512180037061,-4.33394180870505,0.));
#9466=CARTESIAN_POINT('Ctrl Pts',(9.62512180037061,-4.33394180870505,1.));
#9467=CARTESIAN_POINT('Ctrl Pts',(10.0891145543184,-4.918738009874,0.));
#9468=CARTESIAN_POINT('Ctrl Pts',(10.0891145543184,-4.918738009874,1.));
#9469=CARTESIAN_POINT('',(8.49804962435629,-0.831083657685892,0.));
#9470=CARTESIAN_POINT('Ctrl Pts',(8.49804962435629,-0.831083657685892,0.));
#9471=CARTESIAN_POINT('Ctrl Pts',(8.55804942963931,-1.61134972936998,0.));
#9472=CARTESIAN_POINT('Ctrl Pts',(8.67535925124244,-3.13690257475801,0.));
#9473=CARTESIAN_POINT('Ctrl Pts',(9.62512180037061,-4.33394180870505,0.));
#9474=CARTESIAN_POINT('Ctrl Pts',(10.0891145543184,-4.918738009874,0.));
#9475=CARTESIAN_POINT('',(8.49804962435629,-0.831083657685892,1.));
#9476=CARTESIAN_POINT('',(8.49804962435629,-0.831083657685892,0.));
#9477=CARTESIAN_POINT('Ctrl Pts',(8.49804962435629,-0.831083657685892,1.));
#9478=CARTESIAN_POINT('Ctrl Pts',(8.55804942963931,-1.61134972936998,1.));
#9479=CARTESIAN_POINT('Ctrl Pts',(8.67535925124244,-3.13690257475801,1.));
#9480=CARTESIAN_POINT('Ctrl Pts',(9.62512180037061,-4.33394180870505,1.));
#9481=CARTESIAN_POINT('Ctrl Pts',(10.0891145543184,-4.918738009874,1.));
#9482=CARTESIAN_POINT('Ctrl Pts',(10.0737651661959,3.21564137702785,0.));
#9483=CARTESIAN_POINT('Ctrl Pts',(10.0737651661959,3.21564137702785,1.));
#9484=CARTESIAN_POINT('Ctrl Pts',(9.61425409046579,2.63743547713497,0.));
#9485=CARTESIAN_POINT('Ctrl Pts',(9.61425409046579,2.63743547713497,1.));
#9486=CARTESIAN_POINT('Ctrl Pts',(8.67287704839135,1.45289436702937,0.));
#9487=CARTESIAN_POINT('Ctrl Pts',(8.67287704839135,1.45289436702937,1.));
#9488=CARTESIAN_POINT('Ctrl Pts',(8.55724077100365,-0.0577994950527039,
0.));
#9489=CARTESIAN_POINT('Ctrl Pts',(8.55724077100365,-0.0577994950527039,
1.));
#9490=CARTESIAN_POINT('Ctrl Pts',(8.49804962435629,-0.831083657685892,0.));
#9491=CARTESIAN_POINT('Ctrl Pts',(8.49804962435629,-0.831083657685892,1.));
#9492=CARTESIAN_POINT('',(10.0737651661959,3.21564137702785,0.));
#9493=CARTESIAN_POINT('Ctrl Pts',(10.0737651661959,3.21564137702785,0.));
#9494=CARTESIAN_POINT('Ctrl Pts',(9.61425409046579,2.63743547713497,0.));
#9495=CARTESIAN_POINT('Ctrl Pts',(8.67287704839135,1.45289436702937,0.));
#9496=CARTESIAN_POINT('Ctrl Pts',(8.55724077100365,-0.0577994950527039,
0.));
#9497=CARTESIAN_POINT('Ctrl Pts',(8.49804962435629,-0.831083657685892,0.));
#9498=CARTESIAN_POINT('',(10.0737651661959,3.21564137702785,1.));
#9499=CARTESIAN_POINT('',(10.0737651661959,3.21564137702785,0.));
#9500=CARTESIAN_POINT('Ctrl Pts',(10.0737651661959,3.21564137702785,1.));
#9501=CARTESIAN_POINT('Ctrl Pts',(9.61425409046579,2.63743547713497,1.));
#9502=CARTESIAN_POINT('Ctrl Pts',(8.67287704839135,1.45289436702937,1.));
#9503=CARTESIAN_POINT('Ctrl Pts',(8.55724077100365,-0.0577994950527039,
1.));
#9504=CARTESIAN_POINT('Ctrl Pts',(8.49804962435629,-0.831083657685892,1.));
#9505=CARTESIAN_POINT('Ctrl Pts',(14.1153773144808,4.81693804031216,0.));
#9506=CARTESIAN_POINT('Ctrl Pts',(14.1153773144808,4.81693804031216,1.));
#9507=CARTESIAN_POINT('Ctrl Pts',(13.3378069317785,4.75749221779373,0.));
#9508=CARTESIAN_POINT('Ctrl Pts',(13.3378069317785,4.75749221779373,1.));
#9509=CARTESIAN_POINT('Ctrl Pts',(11.8223716181615,4.64163608348682,0.));
#9510=CARTESIAN_POINT('Ctrl Pts',(11.8223716181615,4.64163608348682,1.));
#9511=CARTESIAN_POINT('Ctrl Pts',(10.6463632396252,3.6825971181101,0.));
#9512=CARTESIAN_POINT('Ctrl Pts',(10.6463632396252,3.6825971181101,1.));
#9513=CARTESIAN_POINT('Ctrl Pts',(10.0737651661959,3.21564137702785,0.));
#9514=CARTESIAN_POINT('Ctrl Pts',(10.0737651661959,3.21564137702785,1.));
#9515=CARTESIAN_POINT('',(14.1153773144808,4.81693804031216,0.));
#9516=CARTESIAN_POINT('Ctrl Pts',(14.1153773144808,4.81693804031216,0.));
#9517=CARTESIAN_POINT('Ctrl Pts',(13.3378069317785,4.75749221779373,0.));
#9518=CARTESIAN_POINT('Ctrl Pts',(11.8223716181615,4.64163608348682,0.));
#9519=CARTESIAN_POINT('Ctrl Pts',(10.6463632396252,3.6825971181101,0.));
#9520=CARTESIAN_POINT('Ctrl Pts',(10.0737651661959,3.21564137702785,0.));
#9521=CARTESIAN_POINT('',(14.1153773144808,4.81693804031216,1.));
#9522=CARTESIAN_POINT('',(14.1153773144808,4.81693804031216,0.));
#9523=CARTESIAN_POINT('Ctrl Pts',(14.1153773144808,4.81693804031216,1.));
#9524=CARTESIAN_POINT('Ctrl Pts',(13.3378069317785,4.75749221779373,1.));
#9525=CARTESIAN_POINT('Ctrl Pts',(11.8223716181615,4.64163608348682,1.));
#9526=CARTESIAN_POINT('Ctrl Pts',(10.6463632396252,3.6825971181101,1.));
#9527=CARTESIAN_POINT('Ctrl Pts',(10.0737651661959,3.21564137702785,1.));
#9528=CARTESIAN_POINT('Ctrl Pts',(17.0058950261202,4.1109353280624,0.));
#9529=CARTESIAN_POINT('Ctrl Pts',(17.0058950261202,4.1109353280624,1.));
#9530=CARTESIAN_POINT('Ctrl Pts',(16.5565566285642,4.31682788346281,0.));
#9531=CARTESIAN_POINT('Ctrl Pts',(16.5565566285642,4.31682788346281,1.));
#9532=CARTESIAN_POINT('Ctrl Pts',(15.6388032366313,4.73735413298926,0.));
#9533=CARTESIAN_POINT('Ctrl Pts',(15.6388032366313,4.73735413298926,1.));
#9534=CARTESIAN_POINT('Ctrl Pts',(14.6301744717421,4.79004499047109,0.));
#9535=CARTESIAN_POINT('Ctrl Pts',(14.6301744717421,4.79004499047109,1.));
#9536=CARTESIAN_POINT('Ctrl Pts',(14.1153773144808,4.81693804031216,0.));
#9537=CARTESIAN_POINT('Ctrl Pts',(14.1153773144808,4.81693804031216,1.));
#9538=CARTESIAN_POINT('',(17.0058950261202,4.1109353280624,0.));
#9539=CARTESIAN_POINT('Ctrl Pts',(17.0058950261202,4.1109353280624,0.));
#9540=CARTESIAN_POINT('Ctrl Pts',(16.5565566285642,4.31682788346281,0.));
#9541=CARTESIAN_POINT('Ctrl Pts',(15.6388032366313,4.73735413298926,0.));
#9542=CARTESIAN_POINT('Ctrl Pts',(14.6301744717421,4.79004499047109,0.));
#9543=CARTESIAN_POINT('Ctrl Pts',(14.1153773144808,4.81693804031216,0.));
#9544=CARTESIAN_POINT('',(17.0058950261202,4.1109353280624,1.));
#9545=CARTESIAN_POINT('',(17.0058950261202,4.1109353280624,0.));
#9546=CARTESIAN_POINT('Ctrl Pts',(17.0058950261202,4.1109353280624,1.));
#9547=CARTESIAN_POINT('Ctrl Pts',(16.5565566285642,4.31682788346281,1.));
#9548=CARTESIAN_POINT('Ctrl Pts',(15.6388032366313,4.73735413298926,1.));
#9549=CARTESIAN_POINT('Ctrl Pts',(14.6301744717421,4.79004499047109,1.));
#9550=CARTESIAN_POINT('Ctrl Pts',(14.1153773144808,4.81693804031216,1.));
#9551=CARTESIAN_POINT('Ctrl Pts',(19.0062364415255,2.06454992061459,0.));
#9552=CARTESIAN_POINT('Ctrl Pts',(19.0062364415255,2.06454992061459,1.));
#9553=CARTESIAN_POINT('Ctrl Pts',(18.7479706063992,2.48404409516114,0.));
#9554=CARTESIAN_POINT('Ctrl Pts',(18.7479706063992,2.48404409516114,1.));
#9555=CARTESIAN_POINT('Ctrl Pts',(18.235152607152,3.31700042940356,0.));
#9556=CARTESIAN_POINT('Ctrl Pts',(18.235152607152,3.31700042940356,1.));
#9557=CARTESIAN_POINT('Ctrl Pts',(17.4136645648006,3.84757110532835,0.));
#9558=CARTESIAN_POINT('Ctrl Pts',(17.4136645648006,3.84757110532835,1.));
#9559=CARTESIAN_POINT('Ctrl Pts',(17.0058950261202,4.1109353280624,0.));
#9560=CARTESIAN_POINT('Ctrl Pts',(17.0058950261202,4.1109353280624,1.));
#9561=CARTESIAN_POINT('',(19.0062364415255,2.06454992061459,0.));
#9562=CARTESIAN_POINT('Ctrl Pts',(19.0062364415255,2.06454992061459,0.));
#9563=CARTESIAN_POINT('Ctrl Pts',(18.7479706063992,2.48404409516114,0.));
#9564=CARTESIAN_POINT('Ctrl Pts',(18.235152607152,3.31700042940356,0.));
#9565=CARTESIAN_POINT('Ctrl Pts',(17.4136645648006,3.84757110532835,0.));
#9566=CARTESIAN_POINT('Ctrl Pts',(17.0058950261202,4.1109353280624,0.));
#9567=CARTESIAN_POINT('',(19.0062364415255,2.06454992061459,1.));
#9568=CARTESIAN_POINT('',(19.0062364415255,2.06454992061459,0.));
#9569=CARTESIAN_POINT('Ctrl Pts',(19.0062364415255,2.06454992061459,1.));
#9570=CARTESIAN_POINT('Ctrl Pts',(18.7479706063992,2.48404409516114,1.));
#9571=CARTESIAN_POINT('Ctrl Pts',(18.235152607152,3.31700042940356,1.));
#9572=CARTESIAN_POINT('Ctrl Pts',(17.4136645648006,3.84757110532835,1.));
#9573=CARTESIAN_POINT('Ctrl Pts',(17.0058950261202,4.1109353280624,1.));
#9574=CARTESIAN_POINT('Ctrl Pts',(19.7122391537752,-0.708300473634373,0.));
#9575=CARTESIAN_POINT('Ctrl Pts',(19.7122391537752,-0.708300473634373,1.));
#9576=CARTESIAN_POINT('Ctrl Pts',(19.6811386537356,-0.231476833978943,0.));
#9577=CARTESIAN_POINT('Ctrl Pts',(19.6811386537356,-0.231476833978943,1.));
#9578=CARTESIAN_POINT('Ctrl Pts',(19.6180146038461,0.736322371168227,0.));
#9579=CARTESIAN_POINT('Ctrl Pts',(19.6180146038461,0.736322371168227,1.));
#9580=CARTESIAN_POINT('Ctrl Pts',(19.2121408314604,1.61751225221187,0.));
#9581=CARTESIAN_POINT('Ctrl Pts',(19.2121408314604,1.61751225221187,1.));
#9582=CARTESIAN_POINT('Ctrl Pts',(19.0062364415255,2.06454992061459,0.));
#9583=CARTESIAN_POINT('Ctrl Pts',(19.0062364415255,2.06454992061459,1.));
#9584=CARTESIAN_POINT('',(19.7122391537752,-0.708300473634373,0.));
#9585=CARTESIAN_POINT('Ctrl Pts',(19.7122391537752,-0.708300473634373,0.));
#9586=CARTESIAN_POINT('Ctrl Pts',(19.6811386537356,-0.231476833978943,0.));
#9587=CARTESIAN_POINT('Ctrl Pts',(19.6180146038461,0.736322371168227,0.));
#9588=CARTESIAN_POINT('Ctrl Pts',(19.2121408314604,1.61751225221187,0.));
#9589=CARTESIAN_POINT('Ctrl Pts',(19.0062364415255,2.06454992061459,0.));
#9590=CARTESIAN_POINT('',(19.7122391537752,-0.708300473634373,1.));
#9591=CARTESIAN_POINT('',(19.7122391537752,-0.708300473634373,0.));
#9592=CARTESIAN_POINT('Ctrl Pts',(19.7122391537752,-0.708300473634373,1.));
#9593=CARTESIAN_POINT('Ctrl Pts',(19.6811386537356,-0.231476833978943,1.));
#9594=CARTESIAN_POINT('Ctrl Pts',(19.6180146038461,0.736322371168227,1.));
#9595=CARTESIAN_POINT('Ctrl Pts',(19.2121408314604,1.61751225221187,1.));
#9596=CARTESIAN_POINT('Ctrl Pts',(19.0062364415255,2.06454992061459,1.));
#9597=CARTESIAN_POINT('Ctrl Pts',(19.0062364415255,-3.88531387085117,0.));
#9598=CARTESIAN_POINT('Ctrl Pts',(19.0062364415255,-3.88531387085117,1.));
#9599=CARTESIAN_POINT('Ctrl Pts',(19.2119493213747,-3.40985964852561,0.));
#9600=CARTESIAN_POINT('Ctrl Pts',(19.2119493213747,-3.40985964852561,1.));
#9601=CARTESIAN_POINT('Ctrl Pts',(19.6499571059024,-2.39751345650434,0.));
#9602=CARTESIAN_POINT('Ctrl Pts',(19.6499571059024,-2.39751345650434,1.));
#9603=CARTESIAN_POINT('Ctrl Pts',(19.6906551699918,-1.29370103245065,0.));
#9604=CARTESIAN_POINT('Ctrl Pts',(19.6906551699918,-1.29370103245065,1.));
#9605=CARTESIAN_POINT('Ctrl Pts',(19.7122391537752,-0.708300473634373,0.));
#9606=CARTESIAN_POINT('Ctrl Pts',(19.7122391537752,-0.708300473634373,1.));
#9607=CARTESIAN_POINT('Ctrl Pts',(19.0062364415255,-3.88531387085117,0.));
#9608=CARTESIAN_POINT('Ctrl Pts',(19.2119493213747,-3.40985964852561,0.));
#9609=CARTESIAN_POINT('Ctrl Pts',(19.6499571059024,-2.39751345650434,0.));
#9610=CARTESIAN_POINT('Ctrl Pts',(19.6906551699918,-1.29370103245065,0.));
#9611=CARTESIAN_POINT('Ctrl Pts',(19.7122391537752,-0.708300473634373,0.));
#9612=CARTESIAN_POINT('Ctrl Pts',(19.0062364415255,-3.88531387085117,1.));
#9613=CARTESIAN_POINT('Ctrl Pts',(19.2119493213747,-3.40985964852561,1.));
#9614=CARTESIAN_POINT('Ctrl Pts',(19.6499571059024,-2.39751345650434,1.));
#9615=CARTESIAN_POINT('Ctrl Pts',(19.6906551699918,-1.29370103245065,1.));
#9616=CARTESIAN_POINT('Ctrl Pts',(19.7122391537752,-0.708300473634373,1.));
#9617=CARTESIAN_POINT('Origin',(0.066947586926478,1.08978252265539,1.));
#9618=CARTESIAN_POINT('Origin',(42.9694041089144,3.4867876744827,0.));
#9619=CARTESIAN_POINT('',(42.9694041089144,3.4867876744827,0.));
#9620=CARTESIAN_POINT('',(42.9694041089144,-6.29493177169955,0.));
#9621=CARTESIAN_POINT('',(42.9694041089144,1.74339383724135,0.));
#9622=CARTESIAN_POINT('',(42.9694041089144,3.4867876744827,1.));
#9623=CARTESIAN_POINT('',(42.9694041089144,3.4867876744827,0.));
#9624=CARTESIAN_POINT('',(42.9694041089144,-6.29493177169955,1.));
#9625=CARTESIAN_POINT('',(42.9694041089144,3.4867876744827,1.));
#9626=CARTESIAN_POINT('',(42.9694041089144,-6.29493177169955,0.));
#9627=CARTESIAN_POINT('Origin',(36.9223376587954,-6.29493177169955,0.));
#9628=CARTESIAN_POINT('',(36.9223376587954,-6.29493177169955,0.));
#9629=CARTESIAN_POINT('',(33.225562765518,-12.2748255201828,0.));
#9630=CARTESIAN_POINT('',(36.9223376587954,-6.29493177169955,1.));
#9631=CARTESIAN_POINT('',(36.9223376587954,-6.29493177169955,0.));
#9632=CARTESIAN_POINT('',(36.9223376587954,-6.29493177169955,1.));
#9633=CARTESIAN_POINT('Origin',(33.8834568337526,-6.29493177169955,0.));
#9634=CARTESIAN_POINT('',(33.8834568337526,-6.29493177169955,0.));
#9635=CARTESIAN_POINT('',(16.9417284168763,-6.29493177169956,0.));
#9636=CARTESIAN_POINT('',(33.8834568337526,-6.29493177169955,1.));
#9637=CARTESIAN_POINT('',(33.8834568337526,-6.29493177169955,0.));
#9638=CARTESIAN_POINT('',(33.8834568337526,-6.29493177169955,1.));
#9639=CARTESIAN_POINT('Origin',(33.8834568337526,8.70506942039334,0.));
#9640=CARTESIAN_POINT('',(33.8834568337526,8.70506942039334,0.));
#9641=CARTESIAN_POINT('',(33.8834568337526,4.35253471019668,0.));
#9642=CARTESIAN_POINT('',(33.8834568337526,8.70506942039334,1.));
#9643=CARTESIAN_POINT('',(33.8834568337526,8.70506942039334,0.));
#9644=CARTESIAN_POINT('',(33.8834568337526,8.70506942039334,1.));
#9645=CARTESIAN_POINT('Origin',(36.6972359494295,8.70506942039334,0.));
#9646=CARTESIAN_POINT('',(36.6972359494295,8.70506942039334,0.));
#9647=CARTESIAN_POINT('',(18.3486179747148,8.70506942039334,0.));
#9648=CARTESIAN_POINT('',(36.6972359494295,8.70506942039334,1.));
#9649=CARTESIAN_POINT('',(36.6972359494295,8.70506942039334,0.));
#9650=CARTESIAN_POINT('',(36.6972359494295,8.70506942039334,1.));
#9651=CARTESIAN_POINT('Origin',(36.6972359494295,-1.31198466056979,0.));
#9652=CARTESIAN_POINT('',(36.6972359494295,-1.31198466056979,0.));
#9653=CARTESIAN_POINT('',(36.6972359494295,-0.655992330284886,0.));
#9654=CARTESIAN_POINT('',(36.6972359494295,-1.31198466056979,1.));
#9655=CARTESIAN_POINT('',(36.6972359494295,-1.31198466056979,0.));
#9656=CARTESIAN_POINT('',(36.6972359494295,-1.31198466056979,1.));
#9657=CARTESIAN_POINT('Origin',(42.8363903836336,8.70506942039335,0.));
#9658=CARTESIAN_POINT('',(42.8363903836336,8.70506942039335,0.));
#9659=CARTESIAN_POINT('',(35.0489894852786,-4.00137358979563,0.));
#9660=CARTESIAN_POINT('',(42.8363903836336,8.70506942039335,1.));
#9661=CARTESIAN_POINT('',(42.8363903836336,8.70506942039335,0.));
#9662=CARTESIAN_POINT('',(42.8363903836336,8.70506942039335,1.));
#9663=CARTESIAN_POINT('Origin',(45.7831844166842,8.70506942039335,0.));
#9664=CARTESIAN_POINT('',(45.7831844166842,8.70506942039335,0.));
#9665=CARTESIAN_POINT('',(22.8915922083421,8.70506942039334,0.));
#9666=CARTESIAN_POINT('',(45.7831844166842,8.70506942039335,1.));
#9667=CARTESIAN_POINT('',(45.7831844166842,8.70506942039335,0.));
#9668=CARTESIAN_POINT('',(45.7831844166842,8.70506942039335,1.));
#9669=CARTESIAN_POINT('Origin',(45.7831844166842,-6.29493177169955,0.));
#9670=CARTESIAN_POINT('',(45.7831844166842,-6.29493177169955,0.));
#9671=CARTESIAN_POINT('',(45.7831844166842,-3.14746588584976,0.));
#9672=CARTESIAN_POINT('',(45.7831844166842,-6.29493177169955,1.));
#9673=CARTESIAN_POINT('',(45.7831844166842,-6.29493177169955,0.));
#9674=CARTESIAN_POINT('',(45.7831844166842,-6.29493177169955,1.));
#9675=CARTESIAN_POINT('Origin',(42.9694041089144,-6.29493177169955,0.));
#9676=CARTESIAN_POINT('',(21.4847020544572,-6.29493177169955,0.));
#9677=CARTESIAN_POINT('',(42.9694041089144,-6.29493177169955,1.));
#9678=CARTESIAN_POINT('Origin',(0.066947586926478,1.08978252265539,1.));
#9679=CARTESIAN_POINT('Origin',(0.,0.,0.));
#9680=CARTESIAN_POINT('',(-55.5,55.5,0.));
#9681=CARTESIAN_POINT('',(-60.5,50.5,0.));
#9682=CARTESIAN_POINT('Origin',(-55.5,50.5,0.));
#9683=CARTESIAN_POINT('',(55.5,55.5,0.));
#9684=CARTESIAN_POINT('',(-60.5,55.5,0.));
#9685=CARTESIAN_POINT('',(60.5,50.5,0.));
#9686=CARTESIAN_POINT('Origin',(55.5,50.5,0.));
#9687=CARTESIAN_POINT('',(60.5,-50.5,0.));
#9688=CARTESIAN_POINT('',(60.5,55.5,0.));
#9689=CARTESIAN_POINT('',(55.5,-55.5,0.));
#9690=CARTESIAN_POINT('Origin',(55.5,-50.5,0.));
#9691=CARTESIAN_POINT('',(-55.5,-55.5,0.));
#9692=CARTESIAN_POINT('',(60.5,-55.5,0.));
#9693=CARTESIAN_POINT('',(-60.5,-50.5,0.));
#9694=CARTESIAN_POINT('Origin',(-55.5,-50.5,0.));
#9695=CARTESIAN_POINT('',(-60.5,-55.5,0.));
#9696=CARTESIAN_POINT('',(-56.95,-50.5,0.));
#9697=CARTESIAN_POINT('Origin',(-55.5,-50.5,0.));
#9698=CARTESIAN_POINT('',(-56.95,50.5,0.));
#9699=CARTESIAN_POINT('Origin',(-55.5,50.5,0.));
#9700=CARTESIAN_POINT('',(54.05,50.5,0.));
#9701=CARTESIAN_POINT('Origin',(55.5,50.5,0.));
#9702=CARTESIAN_POINT('',(54.05,-50.5,0.));
#9703=CARTESIAN_POINT('Origin',(55.5,-50.5,0.));
#9704=CARTESIAN_POINT('Origin',(0.,0.,0.));
#9705=CARTESIAN_POINT('Origin',(0.,0.,0.));
#9706=CARTESIAN_POINT('Origin',(0.,0.,0.));
#9707=CARTESIAN_POINT('Origin',(0.,0.,0.));
#9708=CARTESIAN_POINT('Origin',(-55.5,50.5,0.));
#9709=CARTESIAN_POINT('',(-60.5,50.5,13.));
#9710=CARTESIAN_POINT('',(-55.5,55.5,13.));
#9711=CARTESIAN_POINT('Origin',(-55.5,50.5,13.));
#9712=CARTESIAN_POINT('',(-55.5,55.5,0.));
#9713=CARTESIAN_POINT('',(-60.5,50.5,0.));
#9714=CARTESIAN_POINT('Origin',(0.,8.88178419700125E-15,13.));
#9715=CARTESIAN_POINT('',(-60.5,-50.5,13.));
#9716=CARTESIAN_POINT('',(-60.5,-55.5,13.));
#9717=CARTESIAN_POINT('',(-55.5,-55.5,13.));
#9718=CARTESIAN_POINT('Origin',(-55.5,-50.5,13.));
#9719=CARTESIAN_POINT('',(55.5,-55.5,13.));
#9720=CARTESIAN_POINT('',(60.5,-55.5,13.));
#9721=CARTESIAN_POINT('',(60.5,-50.5,13.));
#9722=CARTESIAN_POINT('Origin',(55.5,-50.5,13.));
#9723=CARTESIAN_POINT('',(60.5,50.5,13.));
#9724=CARTESIAN_POINT('',(60.5,55.5,13.));
#9725=CARTESIAN_POINT('',(55.5,55.5,13.));
#9726=CARTESIAN_POINT('Origin',(55.5,50.5,13.));
#9727=CARTESIAN_POINT('',(9.396,55.5,13.));
#9728=CARTESIAN_POINT('',(-60.5,55.5,13.));
#9729=CARTESIAN_POINT('',(9.396,45.5,13.));
#9730=CARTESIAN_POINT('',(9.396,27.75,13.));
#9731=CARTESIAN_POINT('',(50.5,45.5,13.));
#9732=CARTESIAN_POINT('',(-50.5,45.5,13.));
#9733=CARTESIAN_POINT('',(50.5,-45.5,13.));
#9734=CARTESIAN_POINT('',(50.5,45.5,13.));
#9735=CARTESIAN_POINT('',(-50.5,-45.5,13.));
#9736=CARTESIAN_POINT('',(50.5,-45.5,13.));
#9737=CARTESIAN_POINT('',(-50.5,45.5,13.));
#9738=CARTESIAN_POINT('',(-50.5,-45.5,13.));
#9739=CARTESIAN_POINT('',(-9.404,45.5,13.));
#9740=CARTESIAN_POINT('',(-50.5,45.5,13.));
#9741=CARTESIAN_POINT('',(-9.404,55.5,13.));
#9742=CARTESIAN_POINT('',(-9.404,22.75,13.));
#9743=CARTESIAN_POINT('',(-60.5,55.5,13.));
#9744=CARTESIAN_POINT('',(54.05,-50.5,13.));
#9745=CARTESIAN_POINT('Origin',(55.5,-50.5,13.));
#9746=CARTESIAN_POINT('',(54.05,50.5,13.));
#9747=CARTESIAN_POINT('Origin',(55.5,50.5,13.));
#9748=CARTESIAN_POINT('',(-56.95,50.5,13.));
#9749=CARTESIAN_POINT('Origin',(-55.5,50.5,13.));
#9750=CARTESIAN_POINT('',(-56.95,-50.5,13.));
#9751=CARTESIAN_POINT('Origin',(-55.5,-50.5,13.));
#9752=CARTESIAN_POINT('Origin',(-60.5,55.5,0.));
#9753=CARTESIAN_POINT('',(-60.5,-50.5,0.));
#9754=CARTESIAN_POINT('Origin',(-55.5,-50.5,0.));
#9755=CARTESIAN_POINT('',(-55.5,-55.5,0.));
#9756=CARTESIAN_POINT('Origin',(55.5,-50.5,0.));
#9757=CARTESIAN_POINT('',(55.5,-55.5,0.));
#9758=CARTESIAN_POINT('',(60.5,-50.5,0.));
#9759=CARTESIAN_POINT('Origin',(60.5,-55.5,0.));
#9760=CARTESIAN_POINT('',(60.5,50.5,0.));
#9761=CARTESIAN_POINT('Origin',(55.5,50.5,0.));
#9762=CARTESIAN_POINT('',(55.5,55.5,0.));
#9763=CARTESIAN_POINT('Origin',(9.396,55.5,13.));
#9764=CARTESIAN_POINT('',(9.396,55.5,6.));
#9765=CARTESIAN_POINT('',(9.396,55.5,6.5));
#9766=CARTESIAN_POINT('',(9.396,45.5,6.));
#9767=CARTESIAN_POINT('',(9.396,45.5,6.));
#9768=CARTESIAN_POINT('',(9.396,45.5,6.5));
#9769=CARTESIAN_POINT('Origin',(-9.404,45.5,13.));
#9770=CARTESIAN_POINT('',(-9.404,45.5,6.));
#9771=CARTESIAN_POINT('',(-9.404,45.5,6.5));
#9772=CARTESIAN_POINT('',(-9.404,55.5,6.));
#9773=CARTESIAN_POINT('',(-9.404,45.5,6.));
#9774=CARTESIAN_POINT('',(-9.404,55.5,6.5));
#9775=CARTESIAN_POINT('Origin',(-0.00400000000000289,50.5,6.));
#9776=CARTESIAN_POINT('',(-25.252,45.5,6.));
#9777=CARTESIAN_POINT('',(30.248,55.5,6.));
#9778=CARTESIAN_POINT('Origin',(-50.5,45.5,0.));
#9779=CARTESIAN_POINT('',(-50.5,45.5,3.));
#9780=CARTESIAN_POINT('',(-50.5,45.5,0.));
#9781=CARTESIAN_POINT('',(50.5,45.5,3.));
#9782=CARTESIAN_POINT('',(-50.5,45.5,3.));
#9783=CARTESIAN_POINT('',(50.5,45.5,0.));
#9784=CARTESIAN_POINT('Origin',(-50.5,-45.5,0.));
#9785=CARTESIAN_POINT('',(-50.5,-45.5,3.));
#9786=CARTESIAN_POINT('',(-50.5,-45.5,3.));
#9787=CARTESIAN_POINT('',(-50.5,-45.5,0.));
#9788=CARTESIAN_POINT('Origin',(55.5,-50.5,0.));
#9789=CARTESIAN_POINT('',(54.05,-50.5,0.));
#9790=CARTESIAN_POINT('Origin',(55.5,50.5,0.));
#9791=CARTESIAN_POINT('',(54.05,50.5,0.));
#9792=CARTESIAN_POINT('Origin',(-55.5,50.5,0.));
#9793=CARTESIAN_POINT('',(-56.95,50.5,0.));
#9794=CARTESIAN_POINT('Origin',(50.5,-45.5,0.));
#9795=CARTESIAN_POINT('',(50.5,-45.5,3.));
#9796=CARTESIAN_POINT('',(50.5,-45.5,3.));
#9797=CARTESIAN_POINT('',(50.5,-45.5,0.));
#9798=CARTESIAN_POINT('Origin',(50.5,45.5,0.));
#9799=CARTESIAN_POINT('',(50.5,45.5,3.));
#9800=CARTESIAN_POINT('Origin',(-55.5,-50.5,0.));
#9801=CARTESIAN_POINT('',(-56.95,-50.5,0.));
#9802=CARTESIAN_POINT('Origin',(-60.5,-55.5,0.));
#9803=CARTESIAN_POINT('Origin',(60.5,55.5,0.));
#9804=CARTESIAN_POINT('Origin',(0.,0.,3.));
#9805=CARTESIAN_POINT('Origin',(0.,0.,0.));
#9806=CARTESIAN_POINT('Origin',(55.5,-50.5,13.));
#9807=CARTESIAN_POINT('',(60.5,-50.5,16.));
#9808=CARTESIAN_POINT('',(55.5,-55.5,16.));
#9809=CARTESIAN_POINT('Origin',(55.5,-50.5,16.));
#9810=CARTESIAN_POINT('',(55.5,-55.5,13.));
#9811=CARTESIAN_POINT('',(55.5,-55.5,13.));
#9812=CARTESIAN_POINT('',(60.5,-50.5,13.));
#9813=CARTESIAN_POINT('Origin',(55.5,-50.5,13.));
#9814=CARTESIAN_POINT('',(60.5,-50.5,13.));
#9815=CARTESIAN_POINT('Origin',(0.,0.,16.));
#9816=CARTESIAN_POINT('',(60.5,50.5,16.));
#9817=CARTESIAN_POINT('',(60.5,55.5,16.));
#9818=CARTESIAN_POINT('',(55.5,55.5,16.));
#9819=CARTESIAN_POINT('Origin',(55.5,50.5,16.));
#9820=CARTESIAN_POINT('',(-55.5,55.5,16.));
#9821=CARTESIAN_POINT('',(-60.5,55.5,16.));
#9822=CARTESIAN_POINT('',(-60.5,50.5,16.));
#9823=CARTESIAN_POINT('Origin',(-55.5,50.5,16.));
#9824=CARTESIAN_POINT('',(-60.5,-50.5,16.));
#9825=CARTESIAN_POINT('',(-60.5,-55.5,16.));
#9826=CARTESIAN_POINT('',(-55.5,-55.5,16.));
#9827=CARTESIAN_POINT('Origin',(-55.5,-50.5,16.));
#9828=CARTESIAN_POINT('',(60.5,-55.5,16.));
#9829=CARTESIAN_POINT('',(-45.585,-34.875,16.));
#9830=CARTESIAN_POINT('',(-45.585,18.195,16.));
#9831=CARTESIAN_POINT('',(-45.585,18.195,16.));
#9832=CARTESIAN_POINT('',(45.585,18.195,16.));
#9833=CARTESIAN_POINT('',(45.585,18.195,16.));
#9834=CARTESIAN_POINT('',(45.585,-34.875,16.));
#9835=CARTESIAN_POINT('',(45.585,-34.875,16.));
#9836=CARTESIAN_POINT('',(-45.585,-34.875,16.));
#9837=CARTESIAN_POINT('',(46.85,41.98,16.));
#9838=CARTESIAN_POINT('',(46.85,27.78,16.));
#9839=CARTESIAN_POINT('',(46.85,27.78,16.));
#9840=CARTESIAN_POINT('',(29.35,27.78,16.));
#9841=CARTESIAN_POINT('',(29.35,27.78,16.));
#9842=CARTESIAN_POINT('',(29.35,41.98,16.));
#9843=CARTESIAN_POINT('',(29.35,41.98,16.));
#9844=CARTESIAN_POINT('',(46.85,41.98,16.));
#9845=CARTESIAN_POINT('',(-37.8712816933687,36.3605453989664,16.));
#9846=CARTESIAN_POINT('',(-37.8712816933687,29.8393991015116,16.));
#9847=CARTESIAN_POINT('',(-37.8712816933687,18.1802726994832,16.));
#9848=CARTESIAN_POINT('',(-39.7471346358354,29.8393991015116,16.));
#9849=CARTESIAN_POINT('',(-18.9356408466843,29.8393991015116,16.));
#9850=CARTESIAN_POINT('',(-39.7471346358354,39.8393991015116,16.));
#9851=CARTESIAN_POINT('',(-39.7471346358354,14.9196995507558,16.));
#9852=CARTESIAN_POINT('',(-37.7826048831041,39.8393991015116,16.));
#9853=CARTESIAN_POINT('',(-19.8735673179177,39.8393991015116,16.));
#9854=CARTESIAN_POINT('',(-33.6898358563478,33.1613638422648,16.));
#9855=CARTESIAN_POINT('',(-23.7495921512392,16.9421984033511,16.));
#9856=CARTESIAN_POINT('',(-33.6898358563478,39.8393991015116,16.));
#9857=CARTESIAN_POINT('',(-33.6898358563478,16.5806819211324,16.));
#9858=CARTESIAN_POINT('',(-31.8139829138811,39.8393991015116,16.));
#9859=CARTESIAN_POINT('',(-16.8449179281739,39.8393991015116,16.));
#9860=CARTESIAN_POINT('',(-31.8139829138811,29.8393991015116,16.));
#9861=CARTESIAN_POINT('',(-31.8139829138811,19.9196995507558,16.));
#9862=CARTESIAN_POINT('',(-33.8399042586381,29.8393991015116,16.));
#9863=CARTESIAN_POINT('',(-15.9069914569405,29.8393991015116,16.));
#9864=CARTESIAN_POINT('',(-22.4884212277501,11.4772678607674,16.));
#9865=CARTESIAN_POINT('',(-20.5213489035661,30.1258924029032,16.));
#9866=CARTESIAN_POINT('',(-21.8958379725511,31.4458110354105,16.));
#9867=CARTESIAN_POINT('Ctrl Pts',(-20.5213489035661,30.1258924029032,16.));
#9868=CARTESIAN_POINT('Ctrl Pts',(-20.804129451457,30.2926215127191,16.));
#9869=CARTESIAN_POINT('Ctrl Pts',(-21.3665441502313,30.6242245977736,16.));
#9870=CARTESIAN_POINT('Ctrl Pts',(-21.7200659509726,31.1729722019399,16.));
#9871=CARTESIAN_POINT('Ctrl Pts',(-21.8958379725511,31.4458110354105,16.));
#9872=CARTESIAN_POINT('',(-22.36650605002,33.5638191721598,16.));
#9873=CARTESIAN_POINT('Ctrl Pts',(-21.8958379725511,31.4458110354105,16.));
#9874=CARTESIAN_POINT('Ctrl Pts',(-22.0329801145493,31.7627806323377,16.));
#9875=CARTESIAN_POINT('Ctrl Pts',(-22.3249855311161,32.4376777707454,16.));
#9876=CARTESIAN_POINT('Ctrl Pts',(-22.3521170278155,33.1735525267003,16.));
#9877=CARTESIAN_POINT('Ctrl Pts',(-22.36650605002,33.5638191721598,16.));
#9878=CARTESIAN_POINT('',(-21.8958379725511,35.4123868963877,16.));
#9879=CARTESIAN_POINT('Ctrl Pts',(-22.36650605002,33.5638191721598,16.));
#9880=CARTESIAN_POINT('Ctrl Pts',(-22.3457727072194,33.8817016061456,16.));
#9881=CARTESIAN_POINT('Ctrl Pts',(-22.3036906430954,34.5269014226695,16.));
#9882=CARTESIAN_POINT('Ctrl Pts',(-22.0331078004909,35.1143615372347,16.));
#9883=CARTESIAN_POINT('Ctrl Pts',(-21.8958379725511,35.4123868963877,16.));
#9884=CARTESIAN_POINT('',(-20.5622758368547,36.7766436360041,16.));
#9885=CARTESIAN_POINT('Ctrl Pts',(-21.8958379725511,35.4123868963877,16.));
#9886=CARTESIAN_POINT('Ctrl Pts',(-21.7236606504268,35.6920497964816,16.));
#9887=CARTESIAN_POINT('Ctrl Pts',(-21.3817817869366,36.2473542539147,16.));
#9888=CARTESIAN_POINT('Ctrl Pts',(-20.8341224939341,36.6010676696133,16.));
#9889=CARTESIAN_POINT('Ctrl Pts',(-20.5622758368547,36.7766436360041,16.));
#9890=CARTESIAN_POINT('',(-18.6352648238237,37.247311713473,16.));
#9891=CARTESIAN_POINT('Ctrl Pts',(-20.5622758368547,36.7766436360041,16.));
#9892=CARTESIAN_POINT('Ctrl Pts',(-20.2627170197963,36.913905076547,16.));
#9893=CARTESIAN_POINT('Ctrl Pts',(-19.6508815863304,37.1942554057324,16.));
#9894=CARTESIAN_POINT('Ctrl Pts',(-18.978462779316,37.22938288735,16.));
#9895=CARTESIAN_POINT('Ctrl Pts',(-18.6352648238237,37.247311713473,16.));
#9896=CARTESIAN_POINT('',(-15.9408583144243,36.1797812006632,16.));
#9897=CARTESIAN_POINT('Ctrl Pts',(-18.6352648238237,37.247311713473,16.));
#9898=CARTESIAN_POINT('Ctrl Pts',(-18.116884548019,37.2076811301221,16.));
#9899=CARTESIAN_POINT('Ctrl Pts',(-17.1065949115865,37.1304436858867,16.));
#9900=CARTESIAN_POINT('Ctrl Pts',(-16.3225898595076,36.4910846805578,16.));
#9901=CARTESIAN_POINT('Ctrl Pts',(-15.9408583144243,36.1797812006632,16.));
#9902=CARTESIAN_POINT('',(-14.8903812865312,33.4819641134897,16.));
#9903=CARTESIAN_POINT('Ctrl Pts',(-15.9408583144243,36.1797812006632,16.));
#9904=CARTESIAN_POINT('Ctrl Pts',(-15.6345174017868,35.7943106237709,16.));
#9905=CARTESIAN_POINT('Ctrl Pts',(-15.0069322864727,35.0046165722439,16.));
#9906=CARTESIAN_POINT('Ctrl Pts',(-14.9298418431745,33.9974870487442,16.));
#9907=CARTESIAN_POINT('Ctrl Pts',(-14.8903812865312,33.4819641134897,16.));
#9908=CARTESIAN_POINT('',(-15.9510912398393,30.756861212031,16.));
#9909=CARTESIAN_POINT('Ctrl Pts',(-14.8903812865312,33.4819641134897,16.));
#9910=CARTESIAN_POINT('Ctrl Pts',(-14.9303812484042,32.9617864447985,16.));
#9911=CARTESIAN_POINT('Ctrl Pts',(-15.008587930947,31.9447512303568,16.));
#9912=CARTESIAN_POINT('Ctrl Pts',(-15.6417629351987,31.1467251011032,16.));
#9913=CARTESIAN_POINT('Ctrl Pts',(-15.9510912398393,30.756861212031,16.));
#9914=CARTESIAN_POINT('',(-18.6216225127275,29.6756877920786,16.));
#9915=CARTESIAN_POINT('Ctrl Pts',(-15.9510912398393,30.756861212031,16.));
#9916=CARTESIAN_POINT('Ctrl Pts',(-16.3320035786788,30.4415453580535,16.));
#9917=CARTESIAN_POINT('Ctrl Pts',(-17.1071335296457,29.7998996629383,16.));
#9918=CARTESIAN_POINT('Ctrl Pts',(-18.1110487112789,29.7175628587171,16.));
#9919=CARTESIAN_POINT('Ctrl Pts',(-18.6216225127275,29.6756877920786,16.));
#9920=CARTESIAN_POINT('Ctrl Pts',(-18.6216225127275,29.6756877920786,16.));
#9921=CARTESIAN_POINT('Ctrl Pts',(-18.9502916205204,29.6947142837145,16.));
#9922=CARTESIAN_POINT('Ctrl Pts',(-19.6099972058659,29.7329043128476,16.));
#9923=CARTESIAN_POINT('Ctrl Pts',(-20.216839115281,29.9945833589815,16.));
#9924=CARTESIAN_POINT('Ctrl Pts',(-20.5213489035661,30.1258924029032,16.));
#9925=CARTESIAN_POINT('',(-8.94904513159346,34.4983353636423,16.));
#9926=CARTESIAN_POINT('',(-10.1768745879228,29.8393991015116,16.));
#9927=CARTESIAN_POINT('',(-12.9091169125252,19.4720449242683,16.));
#9928=CARTESIAN_POINT('',(-12.0390858153398,29.8393991015116,16.));
#9929=CARTESIAN_POINT('',(-5.0884372939614,29.8393991015116,16.));
#9930=CARTESIAN_POINT('',(-14.3310369948442,37.0836010000864,16.));
#9931=CARTESIAN_POINT('',(-7.20051426205318,14.5460588479515,16.));
#9932=CARTESIAN_POINT('',(-12.4688257674272,37.0836010000864,16.));
#9933=CARTESIAN_POINT('',(-7.16551849742209,37.0836010000864,16.));
#9934=CARTESIAN_POINT('',(-11.1113919714982,32.3359885237375,16.));
#9935=CARTESIAN_POINT('',(-7.09686294971114,18.2952094244829,16.));
#9936=CARTESIAN_POINT('',(-9.86309666433882,37.0836010000864,16.));
#9937=CARTESIAN_POINT('',(-14.7283316413002,18.5797660945844,16.));
#9938=CARTESIAN_POINT('',(-8.01452655592512,37.0836010000864,16.));
#9939=CARTESIAN_POINT('',(-4.93154833216941,37.0836010000864,16.));
#9940=CARTESIAN_POINT('',(-6.80716056624006,32.3359885237375,16.));
#9941=CARTESIAN_POINT('',(-3.3421725338463,18.710939819754,16.));
#9942=CARTESIAN_POINT('',(-5.42243976393293,37.0836010000864,16.));
#9943=CARTESIAN_POINT('',(-10.8862778676846,18.3504485068893,16.));
#9944=CARTESIAN_POINT('',(-3.53294391432356,37.0836010000864,16.));
#9945=CARTESIAN_POINT('',(-2.71121988196647,37.0836010000864,16.));
#9946=CARTESIAN_POINT('',(-5.85900325575422,29.8393991015116,16.));
#9947=CARTESIAN_POINT('',(-8.76502434546529,20.7889836110644,16.));
#9948=CARTESIAN_POINT('',(-7.70074863234114,29.8393991015116,16.));
#9949=CARTESIAN_POINT('',(-2.92950162787711,29.8393991015116,16.));
#9950=CARTESIAN_POINT('',(-3.71308104370208,14.9564853537268,16.));
#9951=CARTESIAN_POINT('',(9.48888282975603,35.7807364485422,16.));
#9952=CARTESIAN_POINT('',(8.6907909413283,35.5795081875483,16.));
#9953=CARTESIAN_POINT('Ctrl Pts',(9.48888282975603,35.7807364485422,16.));
#9954=CARTESIAN_POINT('Ctrl Pts',(9.33380128652483,35.7762815266281,16.));
#9955=CARTESIAN_POINT('Ctrl Pts',(9.05192938751362,35.7681843844813,16.));
#9956=CARTESIAN_POINT('Ctrl Pts',(8.80283669926371,35.6380463125057,16.));
#9957=CARTESIAN_POINT('Ctrl Pts',(8.6907909413283,35.5795081875483,16.));
#9958=CARTESIAN_POINT('',(8.22694759568621,34.8735054752985,16.));
#9959=CARTESIAN_POINT('Ctrl Pts',(8.6907909413283,35.5795081875483,16.));
#9960=CARTESIAN_POINT('Ctrl Pts',(8.5972995677511,35.4919722011267,16.));
#9961=CARTESIAN_POINT('Ctrl Pts',(8.38672286551541,35.294809204774,16.));
#9962=CARTESIAN_POINT('Ctrl Pts',(8.28404099747097,35.0240523222923,16.));
#9963=CARTESIAN_POINT('Ctrl Pts',(8.22694759568621,34.8735054752985,16.));
#9964=CARTESIAN_POINT('',(6.48751716813494,35.1872845909754,16.));
#9965=CARTESIAN_POINT('',(7.28943027749621,35.0426259818585,16.));
#9966=CARTESIAN_POINT('',(7.49706726273943,36.7425372622172,16.));
#9967=CARTESIAN_POINT('Ctrl Pts',(6.48751716813494,35.1872845909754,16.));
#9968=CARTESIAN_POINT('Ctrl Pts',(6.59504350350492,35.508896970627,16.));
#9969=CARTESIAN_POINT('Ctrl Pts',(6.79802071121654,36.116003895294,16.));
#9970=CARTESIAN_POINT('Ctrl Pts',(7.27348038331988,36.5421433970913,16.));
#9971=CARTESIAN_POINT('Ctrl Pts',(7.49706726273943,36.7425372622172,16.));
#9972=CARTESIAN_POINT('',(9.62531070908953,37.247311713473,16.));
#9973=CARTESIAN_POINT('Ctrl Pts',(7.49706726273943,36.7425372622172,16.));
#9974=CARTESIAN_POINT('Ctrl Pts',(7.78853272640332,36.8891761877074,16.));
#9975=CARTESIAN_POINT('Ctrl Pts',(8.45496853484078,37.224466103806,16.));
#9976=CARTESIAN_POINT('Ctrl Pts',(9.20391545688366,37.239085887164,16.));
#9977=CARTESIAN_POINT('Ctrl Pts',(9.62531070908953,37.247311713473,16.));
#9978=CARTESIAN_POINT('',(11.5352676411574,36.9437649271647,16.));
#9979=CARTESIAN_POINT('Ctrl Pts',(9.62531070908953,37.247311713473,16.));
#9980=CARTESIAN_POINT('Ctrl Pts',(10.0021606108875,37.2445166683216,16.));
#9981=CARTESIAN_POINT('Ctrl Pts',(10.6557404660606,37.2396691542411,16.));
#9982=CARTESIAN_POINT('Ctrl Pts',(11.2736434898045,37.031784597827,16.));
#9983=CARTESIAN_POINT('Ctrl Pts',(11.5352676411574,36.9437649271647,16.));
#9984=CARTESIAN_POINT('',(12.4186227818434,36.1729600451151,16.));
#9985=CARTESIAN_POINT('Ctrl Pts',(11.5352676411574,36.9437649271647,16.));
#9986=CARTESIAN_POINT('Ctrl Pts',(11.7252569379792,36.842140357031,16.));
#9987=CARTESIAN_POINT('Ctrl Pts',(12.0797871749769,36.6525034483367,16.));
#9988=CARTESIAN_POINT('Ctrl Pts',(12.3112149122282,36.3249710329932,16.));
#9989=CARTESIAN_POINT('Ctrl Pts',(12.4186227818434,36.1729600451151,16.));
#9990=CARTESIAN_POINT('',(12.6744220753615,34.4574072382609,16.));
#9991=CARTESIAN_POINT('Ctrl Pts',(12.4186227818434,36.1729600451151,16.));
#9992=CARTESIAN_POINT('Ctrl Pts',(12.4924589759176,35.9538306924271,16.));
#9993=CARTESIAN_POINT('Ctrl Pts',(12.6792301465766,35.3995355226872,16.));
#9994=CARTESIAN_POINT('Ctrl Pts',(12.6762338480431,34.8124190947745,16.));
#9995=CARTESIAN_POINT('Ctrl Pts',(12.6744220753615,34.4574072382609,16.));
#9996=CARTESIAN_POINT('',(12.6539562245314,32.2200264952341,16.));
#9997=CARTESIAN_POINT('',(12.5163100313396,17.1721819391872,16.));
#9998=CARTESIAN_POINT('',(12.7460477848952,30.8114316485087,16.));
#9999=CARTESIAN_POINT('Ctrl Pts',(12.6539562245314,32.2200264952341,16.));
#10000=CARTESIAN_POINT('Ctrl Pts',(12.6542618419061,31.9429396815689,16.));
#10001=CARTESIAN_POINT('Ctrl Pts',(12.6547821614576,31.4711939675747,16.));
#10002=CARTESIAN_POINT('Ctrl Pts',(12.7193888069794,31.0041503133371,16.));
#10003=CARTESIAN_POINT('Ctrl Pts',(12.7460477848952,30.8114316485087,16.));
#10004=CARTESIAN_POINT('',(13.0905197163527,29.8393991015116,16.));
#10005=CARTESIAN_POINT('Ctrl Pts',(12.7460477848952,30.8114316485087,16.));
#10006=CARTESIAN_POINT('Ctrl Pts',(12.7855449474142,30.6532296035569,16.));
#10007=CARTESIAN_POINT('Ctrl Pts',(12.8691683856985,30.3182840505411,16.));
#10008=CARTESIAN_POINT('Ctrl Pts',(13.0140623251943,30.0048116777975,16.));
#10009=CARTESIAN_POINT('Ctrl Pts',(13.0905197163527,29.8393991015116,16.));
#10010=CARTESIAN_POINT('',(11.194205095381,29.8393991015116,16.));
#10011=CARTESIAN_POINT('',(6.54525985817636,29.8393991015116,16.));
#10012=CARTESIAN_POINT('',(11.0100267430251,30.4055657408396,16.));
#10013=CARTESIAN_POINT('Ctrl Pts',(11.194205095381,29.8393991015116,16.));
#10014=CARTESIAN_POINT('Ctrl Pts',(11.1656422570203,29.9181789211478,16.));
#10015=CARTESIAN_POINT('Ctrl Pts',(11.0979673553713,30.1048346196636,16.));
#10016=CARTESIAN_POINT('Ctrl Pts',(11.0422360936487,30.2954192014084,16.));
#10017=CARTESIAN_POINT('Ctrl Pts',(11.0100267430251,30.4055657408396,16.));
#10018=CARTESIAN_POINT('',(10.9418151875441,30.6306674502054,16.));
#10019=CARTESIAN_POINT('Ctrl Pts',(11.0100267430251,30.4055657408396,16.));
#10020=CARTESIAN_POINT('Ctrl Pts',(10.9968861740622,30.4529004022941,16.));
#10021=CARTESIAN_POINT('Ctrl Pts',(10.975905924379,30.5284749850072,16.));
#10022=CARTESIAN_POINT('Ctrl Pts',(10.9510886482556,30.6028687606196,16.));
#10023=CARTESIAN_POINT('Ctrl Pts',(10.9418151875441,30.6306674502054,16.));
#10024=CARTESIAN_POINT('',(9.89133815965105,29.9144330046335,16.));
#10025=CARTESIAN_POINT('Ctrl Pts',(10.9418151875441,30.6306674502054,16.));
#10026=CARTESIAN_POINT('Ctrl Pts',(10.7782748887911,30.4827594576781,16.));
#10027=CARTESIAN_POINT('Ctrl Pts',(10.4608649657509,30.1956897575301,16.));
#10028=CARTESIAN_POINT('Ctrl Pts',(10.0772848576842,30.0062614557977,16.));
#10029=CARTESIAN_POINT('Ctrl Pts',(9.89133815965105,29.9144330046335,16.));
#10030=CARTESIAN_POINT('',(8.69761448106218,29.6756877920786,16.));
#10031=CARTESIAN_POINT('Ctrl Pts',(9.89133815965105,29.9144330046335,16.));
#10032=CARTESIAN_POINT('Ctrl Pts',(9.70063770036684,29.8448016082226,16.));
#10033=CARTESIAN_POINT('Ctrl Pts',(9.31504307900578,29.7040075480786,16.));
#10034=CARTESIAN_POINT('Ctrl Pts',(8.90491087105586,29.6851959088128,16.));
#10035=CARTESIAN_POINT('Ctrl Pts',(8.69761448106218,29.6756877920786,16.));
#10036=CARTESIAN_POINT('',(6.93431358537127,30.2827825567881,16.));
#10037=CARTESIAN_POINT('Ctrl Pts',(8.69761448106218,29.6756877920786,16.));
#10038=CARTESIAN_POINT('Ctrl Pts',(8.3525628100566,29.6937555694392,16.));
#10039=CARTESIAN_POINT('Ctrl Pts',(7.70440599468382,29.7276946980363,16.));
#10040=CARTESIAN_POINT('Ctrl Pts',(7.17969181006614,30.1059122595574,16.));
#10041=CARTESIAN_POINT('Ctrl Pts',(6.93431358537127,30.2827825567881,16.));
#10042=CARTESIAN_POINT('',(6.28970127305437,31.8175711653391,16.));
#10043=CARTESIAN_POINT('Ctrl Pts',(6.93431358537127,30.2827825567881,16.));
#10044=CARTESIAN_POINT('Ctrl Pts',(6.74631029897357,30.5004968739587,16.));
#10045=CARTESIAN_POINT('Ctrl Pts',(6.36527652829941,30.9417471775612,16.));
#10046=CARTESIAN_POINT('Ctrl Pts',(6.3151136341158,31.5230732462582,16.));
#10047=CARTESIAN_POINT('Ctrl Pts',(6.28970127305437,31.8175711653391,16.));
#10048=CARTESIAN_POINT('',(6.58301811417986,32.9123868963877,16.));
#10049=CARTESIAN_POINT('Ctrl Pts',(6.28970127305437,31.8175711653391,16.));
#10050=CARTESIAN_POINT('Ctrl Pts',(6.30077143899052,32.0147533766798,16.));
#10051=CARTESIAN_POINT('Ctrl Pts',(6.32241937618232,32.4003472468229,16.));
#10052=CARTESIAN_POINT('Ctrl Pts',(6.49747914629198,32.7443149268993,16.));
#10053=CARTESIAN_POINT('Ctrl Pts',(6.58301811417986,32.9123868963877,16.));
#10054=CARTESIAN_POINT('',(7.40498047074724,33.6490860006968,16.));
#10055=CARTESIAN_POINT('Ctrl Pts',(6.58301811417986,32.9123868963877,16.));
#10056=CARTESIAN_POINT('Ctrl Pts',(6.69155355989269,33.0637676700603,16.));
#10057=CARTESIAN_POINT('Ctrl Pts',(6.91105808262432,33.3699235462122,16.));
#10058=CARTESIAN_POINT('Ctrl Pts',(7.23912724806829,33.555346591752,16.));
#10059=CARTESIAN_POINT('Ctrl Pts',(7.40498047074724,33.6490860006968,16.));
#10060=CARTESIAN_POINT('',(8.92953853806902,34.0958800337473,16.));
#10061=CARTESIAN_POINT('Ctrl Pts',(7.40498047074724,33.6490860006968,16.));
#10062=CARTESIAN_POINT('Ctrl Pts',(7.61835623756088,33.7348378179833,16.));
#10063=CARTESIAN_POINT('Ctrl Pts',(8.11164161155151,33.9330801858597,16.));
#10064=CARTESIAN_POINT('Ctrl Pts',(8.63344607369857,34.0369437465486,16.));
#10065=CARTESIAN_POINT('Ctrl Pts',(8.92953853806902,34.0958800337473,16.));
#10066=CARTESIAN_POINT('',(10.791749765486,34.5665481112162,16.));
#10067=CARTESIAN_POINT('Ctrl Pts',(8.92953853806902,34.0958800337473,16.));
#10068=CARTESIAN_POINT('Ctrl Pts',(9.31143583542925,34.1667232908161,16.));
#10069=CARTESIAN_POINT('Ctrl Pts',(9.94264263433069,34.2838143145736,16.));
#10070=CARTESIAN_POINT('Ctrl Pts',(10.551333460283,34.4864948267121,16.));
#10071=CARTESIAN_POINT('Ctrl Pts',(10.791749765486,34.5665481112162,16.));
#10072=CARTESIAN_POINT('',(10.791749765486,34.7575440428415,16.));
#10073=CARTESIAN_POINT('',(10.791749765486,17.2832740556081,16.));
#10074=CARTESIAN_POINT('',(10.518894006819,35.5454018137613,16.));
#10075=CARTESIAN_POINT('Ctrl Pts',(10.791749765486,34.7575440428415,16.));
#10076=CARTESIAN_POINT('Ctrl Pts',(10.7869829130299,34.9220487765485,16.));
#10077=CARTESIAN_POINT('Ctrl Pts',(10.7784740217892,35.2156917832458,16.));
#10078=CARTESIAN_POINT('Ctrl Pts',(10.5981825572979,35.444692094637,16.));
#10079=CARTESIAN_POINT('Ctrl Pts',(10.518894006819,35.5454018137613,16.));
#10080=CARTESIAN_POINT('Ctrl Pts',(10.518894006819,35.5454018137613,16.));
#10081=CARTESIAN_POINT('Ctrl Pts',(10.3899968770317,35.6134257107297,16.));
#10082=CARTESIAN_POINT('Ctrl Pts',(10.070351225736,35.7821148265074,16.));
#10083=CARTESIAN_POINT('Ctrl Pts',(9.70619376853041,35.7812515867882,16.));
#10084=CARTESIAN_POINT('Ctrl Pts',(9.48888282975603,35.7807364485422,16.));
#10085=CARTESIAN_POINT('',(-0.490651319413891,33.6115684530893,16.));
#10086=CARTESIAN_POINT('',(-0.490651319413891,29.8393991015116,16.));
#10087=CARTESIAN_POINT('',(-0.490651319413892,16.8057842265447,16.));
#10088=CARTESIAN_POINT('',(-2.50975150862287,29.8393991015116,16.));
#10089=CARTESIAN_POINT('',(-0.245325659706945,29.8393991015116,16.));
#10090=CARTESIAN_POINT('',(-2.50975150862287,39.8393991015116,16.));
#10091=CARTESIAN_POINT('',(-2.50975150862288,14.9196995507558,16.));
#10092=CARTESIAN_POINT('',(0.730356981367359,39.8393991015116,16.));
#10093=CARTESIAN_POINT('',(-1.25487575431144,39.8393991015116,16.));
#10094=CARTESIAN_POINT('',(3.13144664964129,39.6893306992212,16.));
#10095=CARTESIAN_POINT('Ctrl Pts',(0.730356981367359,39.8393991015116,16.));
#10096=CARTESIAN_POINT('Ctrl Pts',(1.23865166257579,39.8432689699219,16.));
#10097=CARTESIAN_POINT('Ctrl Pts',(2.04328691498254,39.8493950079472,16.));
#10098=CARTESIAN_POINT('Ctrl Pts',(2.83855567927656,39.7324138874796,16.));
#10099=CARTESIAN_POINT('Ctrl Pts',(3.13144664964129,39.6893306992212,16.));
#10100=CARTESIAN_POINT('',(4.57074146470476,38.7104769966761,16.));
#10101=CARTESIAN_POINT('Ctrl Pts',(3.13144664964129,39.6893306992212,16.));
#10102=CARTESIAN_POINT('Ctrl Pts',(3.40799721752129,39.5900231940951,16.));
#10103=CARTESIAN_POINT('Ctrl Pts',(3.97148360444129,39.3876789078891,16.));
#10104=CARTESIAN_POINT('Ctrl Pts',(4.36854949024103,38.9389676025041,16.));
#10105=CARTESIAN_POINT('Ctrl Pts',(4.57074146470476,38.7104769966761,16.));
#10106=CARTESIAN_POINT('',(5.15054683885027,36.7630007288614,16.));
#10107=CARTESIAN_POINT('Ctrl Pts',(4.57074146470476,38.7104769966761,16.));
#10108=CARTESIAN_POINT('Ctrl Pts',(4.73968017055284,38.4299739857954,16.));
#10109=CARTESIAN_POINT('Ctrl Pts',(5.09963057866942,37.8323183287478,16.));
#10110=CARTESIAN_POINT('Ctrl Pts',(5.13289480553079,37.1337198240043,16.));
#10111=CARTESIAN_POINT('Ctrl Pts',(5.15054683885027,36.7630007288614,16.));
#10112=CARTESIAN_POINT('',(4.81630783280779,35.2145698092142,16.));
#10113=CARTESIAN_POINT('Ctrl Pts',(5.15054683885027,36.7630007288614,16.));
#10114=CARTESIAN_POINT('Ctrl Pts',(5.14076909523429,36.4764270523905,16.));
#10115=CARTESIAN_POINT('Ctrl Pts',(5.12244536644834,35.9393810291891,16.));
#10116=CARTESIAN_POINT('Ctrl Pts',(4.91367570307076,35.4450979773627,16.));
#10117=CARTESIAN_POINT('Ctrl Pts',(4.81630783280779,35.2145698092142,16.));
#10118=CARTESIAN_POINT('',(3.96705608567644,34.2288943550745,16.));
#10119=CARTESIAN_POINT('Ctrl Pts',(4.81630783280779,35.2145698092142,16.));
#10120=CARTESIAN_POINT('Ctrl Pts',(4.70033404032227,35.0187139428203,16.));
#10121=CARTESIAN_POINT('Ctrl Pts',(4.47571597553685,34.6393802611029,16.));
#10122=CARTESIAN_POINT('Ctrl Pts',(4.13288035512541,34.3627136847349,16.));
#10123=CARTESIAN_POINT('Ctrl Pts',(3.96705608567644,34.2288943550745,16.));
#10124=CARTESIAN_POINT('',(2.91998844346453,33.7548151037851,16.));
#10125=CARTESIAN_POINT('Ctrl Pts',(3.96705608567644,34.2288943550745,16.));
#10126=CARTESIAN_POINT('Ctrl Pts',(3.7981393126109,34.1203948129018,16.));
#10127=CARTESIAN_POINT('Ctrl Pts',(3.47215039712067,33.911003836256,16.));
#10128=CARTESIAN_POINT('Ctrl Pts',(3.09952943441198,33.8056014348914,16.));
#10129=CARTESIAN_POINT('Ctrl Pts',(2.91998844346453,33.7548151037851,16.));
#10130=CARTESIAN_POINT('',(0.825853159040699,33.6115684530893,16.));
#10131=CARTESIAN_POINT('Ctrl Pts',(2.91998844346453,33.7548151037851,16.));
#10132=CARTESIAN_POINT('Ctrl Pts',(2.62539951300826,33.713272375718,16.));
#10133=CARTESIAN_POINT('Ctrl Pts',(1.93113343954834,33.6153674522326,16.));
#10134=CARTESIAN_POINT('Ctrl Pts',(1.22967235009492,33.6129564347515,16.));
#10135=CARTESIAN_POINT('Ctrl Pts',(0.825853159040699,33.6115684530893,16.));
#10136=CARTESIAN_POINT('',(0.41292657952035,33.6115684530893,16.));
#10137=CARTESIAN_POINT('',(19.2910669346755,39.8393991015116,16.));
#10138=CARTESIAN_POINT('',(21.2078474064772,39.8393991015116,16.));
#10139=CARTESIAN_POINT('',(9.64553346733773,39.8393991015116,16.));
#10140=CARTESIAN_POINT('',(21.2078474064772,29.8393991015116,16.));
#10141=CARTESIAN_POINT('',(21.2078474064772,19.9196995507558,16.));
#10142=CARTESIAN_POINT('',(19.427494814009,29.8393991015116,16.));
#10143=CARTESIAN_POINT('',(10.6039237032386,29.8393991015116,16.));
#10144=CARTESIAN_POINT('',(19.427494814009,30.9035196325937,16.));
#10145=CARTESIAN_POINT('',(19.427494814009,14.9196995507558,16.));
#10146=CARTESIAN_POINT('',(18.380427171797,29.9792351744333,16.));
#10147=CARTESIAN_POINT('Ctrl Pts',(19.427494814009,30.9035196325937,16.));
#10148=CARTESIAN_POINT('Ctrl Pts',(19.2763985279492,30.7115567963792,16.));
#10149=CARTESIAN_POINT('Ctrl Pts',(18.9834757480503,30.3394080885084,16.));
#10150=CARTESIAN_POINT('Ctrl Pts',(18.5771572650972,30.096732924665,16.));
#10151=CARTESIAN_POINT('Ctrl Pts',(18.380427171797,29.9792351744333,16.));
#10152=CARTESIAN_POINT('',(17.1628282566969,29.6756877920786,16.));
#10153=CARTESIAN_POINT('Ctrl Pts',(18.380427171797,29.9792351744333,16.));
#10154=CARTESIAN_POINT('Ctrl Pts',(18.1814561975088,29.890716974939,16.));
#10155=CARTESIAN_POINT('Ctrl Pts',(17.7932015202798,29.7179902488599,16.));
#10156=CARTESIAN_POINT('Ctrl Pts',(17.3694281808972,29.6895520925961,16.));
#10157=CARTESIAN_POINT('Ctrl Pts',(17.1628282566969,29.6756877920786,16.));
#10158=CARTESIAN_POINT('',(15.0243566533034,30.6818273089091,16.));
#10159=CARTESIAN_POINT('Ctrl Pts',(17.1628282566969,29.6756877920786,16.));
#10160=CARTESIAN_POINT('Ctrl Pts',(16.7586760096642,29.721023595871,16.));
#10161=CARTESIAN_POINT('Ctrl Pts',(15.9330312237518,29.813640351787,16.));
#10162=CARTESIAN_POINT('Ctrl Pts',(15.3314596034757,30.3884078774599,16.));
#10163=CARTESIAN_POINT('Ctrl Pts',(15.0243566533034,30.6818273089091,16.));
#10164=CARTESIAN_POINT('',(14.1341779728835,33.4887852690378,16.));
#10165=CARTESIAN_POINT('Ctrl Pts',(15.0243566533034,30.6818273089091,16.));
#10166=CARTESIAN_POINT('Ctrl Pts',(14.7651626022213,31.0712029075265,16.));
#10167=CARTESIAN_POINT('Ctrl Pts',(14.2015930099063,31.9178282311173,16.));
#10168=CARTESIAN_POINT('Ctrl Pts',(14.1578194308373,32.9378738344451,16.));
#10169=CARTESIAN_POINT('Ctrl Pts',(14.1341779728835,33.4887852690378,16.));
#10170=CARTESIAN_POINT('',(15.0004814167922,36.2889220736185,16.));
#10171=CARTESIAN_POINT('Ctrl Pts',(14.1341779728835,33.4887852690378,16.));
#10172=CARTESIAN_POINT('Ctrl Pts',(14.154030058609,34.0463286934065,16.));
#10173=CARTESIAN_POINT('Ctrl Pts',(14.1902266504722,35.0629055940367,16.));
#10174=CARTESIAN_POINT('Ctrl Pts',(14.7484270345068,35.9075323684567,16.));
#10175=CARTESIAN_POINT('Ctrl Pts',(15.0004814167922,36.2889220736185,16.));
#10176=CARTESIAN_POINT('',(17.1901128788893,37.2473123095194,16.));
#10177=CARTESIAN_POINT('Ctrl Pts',(15.0004814167922,36.2889220736185,16.));
#10178=CARTESIAN_POINT('Ctrl Pts',(15.3097865582754,36.5684488328543,16.));
#10179=CARTESIAN_POINT('Ctrl Pts',(15.9326659949912,37.1313604918873,16.));
#10180=CARTESIAN_POINT('Ctrl Pts',(16.7690530796076,37.2084855012592,16.));
#10181=CARTESIAN_POINT('Ctrl Pts',(17.1901128788893,37.2473123095194,16.));
#10182=CARTESIAN_POINT('',(19.2910669346755,36.2377628109614,16.));
#10183=CARTESIAN_POINT('Ctrl Pts',(17.1901128788893,37.2473123095194,16.));
#10184=CARTESIAN_POINT('Ctrl Pts',(17.5852242942628,37.2005733125201,16.));
#10185=CARTESIAN_POINT('Ctrl Pts',(18.3990542513833,37.1043027558017,16.));
#10186=CARTESIAN_POINT('Ctrl Pts',(18.9880344371217,36.5321417683837,16.));
#10187=CARTESIAN_POINT('Ctrl Pts',(19.2910669346755,36.2377628109614,16.));
#10188=CARTESIAN_POINT('',(19.2910669346755,18.1188814054807,16.));
#10189=CARTESIAN_POINT('',(-26.7184855441148,31.1081578753153,16.));
#10190=CARTESIAN_POINT('',(-25.9613229731615,31.3537230513254,16.));
#10191=CARTESIAN_POINT('Ctrl Pts',(-26.7184855441148,31.1081578753153,16.));
#10192=CARTESIAN_POINT('Ctrl Pts',(-26.5764340766615,31.1167938035126,16.));
#10193=CARTESIAN_POINT('Ctrl Pts',(-26.3024361946902,31.1334513296707,16.));
#10194=CARTESIAN_POINT('Ctrl Pts',(-26.0721969697039,31.2821268640077,16.));
#10195=CARTESIAN_POINT('Ctrl Pts',(-25.9613229731615,31.3537230513254,16.));
#10196=CARTESIAN_POINT('',(-25.4974760512407,32.1449925921122,16.));
#10197=CARTESIAN_POINT('Ctrl Pts',(-25.9613229731615,31.3537230513254,16.));
#10198=CARTESIAN_POINT('Ctrl Pts',(-25.8632688996973,31.4555906034831,16.));
#10199=CARTESIAN_POINT('Ctrl Pts',(-25.6459828058382,31.6813272987306,16.));
#10200=CARTESIAN_POINT('Ctrl Pts',(-25.5500936062636,31.9807109461168,16.));
#10201=CARTESIAN_POINT('Ctrl Pts',(-25.4974760512407,32.1449925921122,16.));
#10202=CARTESIAN_POINT('',(-23.587516734987,31.8243923208872,16.));
#10203=CARTESIAN_POINT('',(-10.4741524373707,29.6232207489534,16.));
#10204=CARTESIAN_POINT('',(-24.7505452136094,30.2248015425364,16.));
#10205=CARTESIAN_POINT('Ctrl Pts',(-23.587516734987,31.8243923208872,16.));
#10206=CARTESIAN_POINT('Ctrl Pts',(-23.7226658418342,31.4989538625284,16.));
#10207=CARTESIAN_POINT('Ctrl Pts',(-23.983034602546,30.871987025177,16.));
#10208=CARTESIAN_POINT('Ctrl Pts',(-24.5012965084574,30.4349747195793,16.));
#10209=CARTESIAN_POINT('Ctrl Pts',(-24.7505452136094,30.2248015425364,16.));
#10210=CARTESIAN_POINT('',(-26.7389490107591,29.6756877920786,16.));
#10211=CARTESIAN_POINT('Ctrl Pts',(-24.7505452136094,30.2248015425364,16.));
#10212=CARTESIAN_POINT('Ctrl Pts',(-25.0421976133764,30.0647811469944,16.));
#10213=CARTESIAN_POINT('Ctrl Pts',(-25.6604059025161,29.7255899212938,16.));
#10214=CARTESIAN_POINT('Ctrl Pts',(-26.3661526961341,29.692936365382,16.));
#10215=CARTESIAN_POINT('Ctrl Pts',(-26.7389490107591,29.6756877920786,16.));
#10216=CARTESIAN_POINT('',(-29.5356752375657,30.9103407881418,16.));
#10217=CARTESIAN_POINT('Ctrl Pts',(-26.7389490107591,29.6756877920786,16.));
#10218=CARTESIAN_POINT('Ctrl Pts',(-27.3169923377133,29.7132168171157,16.));
#10219=CARTESIAN_POINT('Ctrl Pts',(-28.4060325357826,29.7839219268434,16.));
#10220=CARTESIAN_POINT('Ctrl Pts',(-29.1749061671445,30.5506013016174,16.));
#10221=CARTESIAN_POINT('Ctrl Pts',(-29.5356752375657,30.9103407881418,16.));
#10222=CARTESIAN_POINT('',(-30.2519096831376,33.4069302103678,16.));
#10223=CARTESIAN_POINT('Ctrl Pts',(-29.5356752375657,30.9103407881418,16.));
#10224=CARTESIAN_POINT('Ctrl Pts',(-29.7443968741495,31.2744356844944,16.));
#10225=CARTESIAN_POINT('Ctrl Pts',(-30.1868179060906,32.0461967841356,16.));
#10226=CARTESIAN_POINT('Ctrl Pts',(-30.229410867358,32.9365959827457,16.));
#10227=CARTESIAN_POINT('Ctrl Pts',(-30.2519096831376,33.4069302103678,16.));
#10228=CARTESIAN_POINT('',(-29.310572336107,36.2275298855463,16.));
#10229=CARTESIAN_POINT('Ctrl Pts',(-30.2519096831376,33.4069302103678,16.));
#10230=CARTESIAN_POINT('Ctrl Pts',(-30.2252618245367,33.9602038166601,16.));
#10231=CARTESIAN_POINT('Ctrl Pts',(-30.1755370626808,34.9926094116493,16.));
#10232=CARTESIAN_POINT('Ctrl Pts',(-29.5847516049978,35.8360808677205,16.));
#10233=CARTESIAN_POINT('Ctrl Pts',(-29.310572336107,36.2275298855463,16.));
#10234=CARTESIAN_POINT('',(-26.9299449423845,37.247311713473,16.));
#10235=CARTESIAN_POINT('Ctrl Pts',(-29.310572336107,36.2275298855463,16.));
#10236=CARTESIAN_POINT('Ctrl Pts',(-28.9736091723871,36.52495709377,16.));
#10237=CARTESIAN_POINT('Ctrl Pts',(-28.2926347392227,37.1260326602854,16.));
#10238=CARTESIAN_POINT('Ctrl Pts',(-27.3872982944129,37.2066073788292,16.));
#10239=CARTESIAN_POINT('Ctrl Pts',(-26.9299449423845,37.247311713473,16.));
#10240=CARTESIAN_POINT('',(-24.3787850836809,36.1797812006632,16.));
#10241=CARTESIAN_POINT('Ctrl Pts',(-26.9299449423845,37.247311713473,16.));
#10242=CARTESIAN_POINT('Ctrl Pts',(-26.4258386167708,37.2098652262807,16.));
#10243=CARTESIAN_POINT('Ctrl Pts',(-25.4539358006145,37.137669452278,16.));
#10244=CARTESIAN_POINT('Ctrl Pts',(-24.7281300683215,36.4910245001164,16.));
#10245=CARTESIAN_POINT('Ctrl Pts',(-24.3787850836809,36.1797812006632,16.));
#10246=CARTESIAN_POINT('',(-23.4851970175798,32.9089763186136,16.));
#10247=CARTESIAN_POINT('Ctrl Pts',(-24.3787850836809,36.1797812006632,16.));
#10248=CARTESIAN_POINT('Ctrl Pts',(-24.109603358029,35.7408726303704,16.));
#10249=CARTESIAN_POINT('Ctrl Pts',(-23.4981109424154,34.7438166035101,16.));
#10250=CARTESIAN_POINT('Ctrl Pts',(-23.4898317000365,33.56748271288,16.));
#10251=CARTESIAN_POINT('Ctrl Pts',(-23.4851970175798,32.9089763186136,16.));
#10252=CARTESIAN_POINT('',(-28.2873799304063,32.9089763186136,16.));
#10253=CARTESIAN_POINT('',(-11.7425985087899,32.9089763186136,16.));
#10254=CARTESIAN_POINT('',(-27.8235330084855,31.5822365305582,16.));
#10255=CARTESIAN_POINT('Ctrl Pts',(-28.2873799304063,32.9089763186136,16.));
#10256=CARTESIAN_POINT('Ctrl Pts',(-28.2691510032286,32.6475939956881,16.));
#10257=CARTESIAN_POINT('Ctrl Pts',(-28.2352323606739,32.1612387925008,16.));
#10258=CARTESIAN_POINT('Ctrl Pts',(-27.9537418266368,31.7653585098223,16.));
#10259=CARTESIAN_POINT('Ctrl Pts',(-27.8235330084855,31.5822365305582,16.));
#10260=CARTESIAN_POINT('Ctrl Pts',(-27.8235330084855,31.5822365305582,16.));
#10261=CARTESIAN_POINT('Ctrl Pts',(-27.666049929001,31.4439650477075,16.));
#10262=CARTESIAN_POINT('Ctrl Pts',(-27.3493621047614,31.1659104452593,16.));
#10263=CARTESIAN_POINT('Ctrl Pts',(-26.9295385177342,31.1274783769493,16.));
#10264=CARTESIAN_POINT('Ctrl Pts',(-26.7184855441148,31.1081578753153,16.));
#10265=CARTESIAN_POINT('Origin',(60.5,-55.5,13.));
#10266=CARTESIAN_POINT('',(60.5,50.5,13.));
#10267=CARTESIAN_POINT('',(60.5,55.5,13.));
#10268=CARTESIAN_POINT('',(60.5,50.5,13.));
#10269=CARTESIAN_POINT('Origin',(55.5,50.5,13.));
#10270=CARTESIAN_POINT('',(55.5,55.5,13.));
#10271=CARTESIAN_POINT('Origin',(55.5,50.5,13.));
#10272=CARTESIAN_POINT('',(55.5,55.5,13.));
#10273=CARTESIAN_POINT('Origin',(-55.5,50.5,13.));
#10274=CARTESIAN_POINT('',(-55.5,55.5,13.));
#10275=CARTESIAN_POINT('',(-55.5,55.5,13.));
#10276=CARTESIAN_POINT('',(-60.5,50.5,13.));
#10277=CARTESIAN_POINT('Origin',(-55.5,50.5,13.));
#10278=CARTESIAN_POINT('',(-60.5,50.5,13.));
#10279=CARTESIAN_POINT('Origin',(-60.5,55.5,13.));
#10280=CARTESIAN_POINT('',(-60.5,-50.5,13.));
#10281=CARTESIAN_POINT('',(-60.5,-55.5,13.));
#10282=CARTESIAN_POINT('',(-60.5,-50.5,13.));
#10283=CARTESIAN_POINT('Origin',(-55.5,-50.5,13.));
#10284=CARTESIAN_POINT('',(-55.5,-55.5,13.));
#10285=CARTESIAN_POINT('Origin',(-55.5,-50.5,13.));
#10286=CARTESIAN_POINT('',(-55.5,-55.5,13.));
#10287=CARTESIAN_POINT('Ctrl Pts',(-27.8508176306779,35.3237100861231,16.));
#10288=CARTESIAN_POINT('Ctrl Pts',(-27.8508176306779,35.3237100861231,15.));
#10289=CARTESIAN_POINT('Ctrl Pts',(-27.969690000891,35.1498793019047,16.));
#10290=CARTESIAN_POINT('Ctrl Pts',(-27.969690000891,35.1498793019047,15.));
#10291=CARTESIAN_POINT('Ctrl Pts',(-28.2246997897249,34.7769705132865,16.));
#10292=CARTESIAN_POINT('Ctrl Pts',(-28.2246997897249,34.7769705132865,15.));
#10293=CARTESIAN_POINT('Ctrl Pts',(-28.2433289455025,34.3240362653747,16.));
#10294=CARTESIAN_POINT('Ctrl Pts',(-28.2433289455025,34.3240362653747,15.));
#10295=CARTESIAN_POINT('Ctrl Pts',(-28.2532741526658,34.0822365305582,16.));
#10296=CARTESIAN_POINT('Ctrl Pts',(-28.2532741526658,34.0822365305582,15.));
#10297=CARTESIAN_POINT('',(-27.8508176306779,35.3237100861231,16.));
#10298=CARTESIAN_POINT('',(-28.2532741526658,34.0822365305582,16.));
#10299=CARTESIAN_POINT('Ctrl Pts',(-27.8508176306779,35.3237100861231,16.));
#10300=CARTESIAN_POINT('Ctrl Pts',(-27.969690000891,35.1498793019047,16.));
#10301=CARTESIAN_POINT('Ctrl Pts',(-28.2246997897249,34.7769705132865,16.));
#10302=CARTESIAN_POINT('Ctrl Pts',(-28.2433289455025,34.3240362653747,16.));
#10303=CARTESIAN_POINT('Ctrl Pts',(-28.2532741526658,34.0822365305582,16.));
#10304=CARTESIAN_POINT('',(-27.8508176306779,35.3237100861231,15.));
#10305=CARTESIAN_POINT('',(-27.8508176306779,35.3237100861231,16.));
#10306=CARTESIAN_POINT('',(-28.2532741526658,34.0822365305582,15.));
#10307=CARTESIAN_POINT('Ctrl Pts',(-27.8508176306779,35.3237100861231,15.));
#10308=CARTESIAN_POINT('Ctrl Pts',(-27.969690000891,35.1498793019047,15.));
#10309=CARTESIAN_POINT('Ctrl Pts',(-28.2246997897249,34.7769705132865,15.));
#10310=CARTESIAN_POINT('Ctrl Pts',(-28.2433289455025,34.3240362653747,15.));
#10311=CARTESIAN_POINT('Ctrl Pts',(-28.2532741526658,34.0822365305582,15.));
#10312=CARTESIAN_POINT('',(-28.2532741526658,34.0822365305582,16.));
#10313=CARTESIAN_POINT('Ctrl Pts',(-26.8139829138811,35.7807364485422,16.));
#10314=CARTESIAN_POINT('Ctrl Pts',(-26.8139829138811,35.7807364485422,15.));
#10315=CARTESIAN_POINT('Ctrl Pts',(-27.0136258979004,35.7621914367006,16.));
#10316=CARTESIAN_POINT('Ctrl Pts',(-27.0136258979004,35.7621914367006,15.));
#10317=CARTESIAN_POINT('Ctrl Pts',(-27.4103441421627,35.7253399311304,16.));
#10318=CARTESIAN_POINT('Ctrl Pts',(-27.4103441421627,35.7253399311304,15.));
#10319=CARTESIAN_POINT('Ctrl Pts',(-27.704628043354,35.4570077824192,16.));
#10320=CARTESIAN_POINT('Ctrl Pts',(-27.704628043354,35.4570077824192,15.));
#10321=CARTESIAN_POINT('Ctrl Pts',(-27.8508176306779,35.3237100861231,16.));
#10322=CARTESIAN_POINT('Ctrl Pts',(-27.8508176306779,35.3237100861231,15.));
#10323=CARTESIAN_POINT('',(-26.8139829138811,35.7807364485422,16.));
#10324=CARTESIAN_POINT('Ctrl Pts',(-26.8139829138811,35.7807364485422,16.));
#10325=CARTESIAN_POINT('Ctrl Pts',(-27.0136258979004,35.7621914367006,16.));
#10326=CARTESIAN_POINT('Ctrl Pts',(-27.4103441421627,35.7253399311304,16.));
#10327=CARTESIAN_POINT('Ctrl Pts',(-27.704628043354,35.4570077824192,16.));
#10328=CARTESIAN_POINT('Ctrl Pts',(-27.8508176306779,35.3237100861231,16.));
#10329=CARTESIAN_POINT('',(-26.8139829138811,35.7807364485422,15.));
#10330=CARTESIAN_POINT('',(-26.8139829138811,35.7807364485422,16.));
#10331=CARTESIAN_POINT('Ctrl Pts',(-26.8139829138811,35.7807364485422,15.));
#10332=CARTESIAN_POINT('Ctrl Pts',(-27.0136258979004,35.7621914367006,15.));
#10333=CARTESIAN_POINT('Ctrl Pts',(-27.4103441421627,35.7253399311304,15.));
#10334=CARTESIAN_POINT('Ctrl Pts',(-27.704628043354,35.4570077824192,15.));
#10335=CARTESIAN_POINT('Ctrl Pts',(-27.8508176306779,35.3237100861231,15.));
#10336=CARTESIAN_POINT('Ctrl Pts',(-25.8180763224657,35.3475847265879,16.));
#10337=CARTESIAN_POINT('Ctrl Pts',(-25.8180763224657,35.3475847265879,15.));
#10338=CARTESIAN_POINT('Ctrl Pts',(-25.9614525322647,35.473919926399,16.));
#10339=CARTESIAN_POINT('Ctrl Pts',(-25.9614525322647,35.473919926399,15.));
#10340=CARTESIAN_POINT('Ctrl Pts',(-26.246933584707,35.7254700674798,16.));
#10341=CARTESIAN_POINT('Ctrl Pts',(-26.246933584707,35.7254700674798,15.));
#10342=CARTESIAN_POINT('Ctrl Pts',(-26.6255284849128,35.7623690971525,16.));
#10343=CARTESIAN_POINT('Ctrl Pts',(-26.6255284849128,35.7623690971525,15.));
#10344=CARTESIAN_POINT('Ctrl Pts',(-26.8139829138811,35.7807364485422,16.));
#10345=CARTESIAN_POINT('Ctrl Pts',(-26.8139829138811,35.7807364485422,15.));
#10346=CARTESIAN_POINT('',(-25.8180763224657,35.3475847265879,16.));
#10347=CARTESIAN_POINT('Ctrl Pts',(-25.8180763224657,35.3475847265879,16.));
#10348=CARTESIAN_POINT('Ctrl Pts',(-25.9614525322647,35.473919926399,16.));
#10349=CARTESIAN_POINT('Ctrl Pts',(-26.246933584707,35.7254700674798,16.));
#10350=CARTESIAN_POINT('Ctrl Pts',(-26.6255284849128,35.7623690971525,16.));
#10351=CARTESIAN_POINT('Ctrl Pts',(-26.8139829138811,35.7807364485422,16.));
#10352=CARTESIAN_POINT('',(-25.8180763224657,35.3475847265879,15.));
#10353=CARTESIAN_POINT('',(-25.8180763224657,35.3475847265879,16.));
#10354=CARTESIAN_POINT('Ctrl Pts',(-25.8180763224657,35.3475847265879,15.));
#10355=CARTESIAN_POINT('Ctrl Pts',(-25.9614525322647,35.473919926399,15.));
#10356=CARTESIAN_POINT('Ctrl Pts',(-26.246933584707,35.7254700674798,15.));
#10357=CARTESIAN_POINT('Ctrl Pts',(-26.6255284849128,35.7623690971525,15.));
#10358=CARTESIAN_POINT('Ctrl Pts',(-26.8139829138811,35.7807364485422,15.));
#10359=CARTESIAN_POINT('Ctrl Pts',(-25.3883351782854,34.0822365305582,16.));
#10360=CARTESIAN_POINT('Ctrl Pts',(-25.3883351782854,34.0822365305582,15.));
#10361=CARTESIAN_POINT('Ctrl Pts',(-25.4041648965203,34.3347759166497,16.));
#10362=CARTESIAN_POINT('Ctrl Pts',(-25.4041648965203,34.3347759166497,15.));
#10363=CARTESIAN_POINT('Ctrl Pts',(-25.4331727190449,34.7975521697385,16.));
#10364=CARTESIAN_POINT('Ctrl Pts',(-25.4331727190449,34.7975521697385,15.));
#10365=CARTESIAN_POINT('Ctrl Pts',(-25.697839546593,35.1757647158818,16.));
#10366=CARTESIAN_POINT('Ctrl Pts',(-25.697839546593,35.1757647158818,15.));
#10367=CARTESIAN_POINT('Ctrl Pts',(-25.8180763224657,35.3475847265879,16.));
#10368=CARTESIAN_POINT('Ctrl Pts',(-25.8180763224657,35.3475847265879,15.));
#10369=CARTESIAN_POINT('',(-25.3883351782854,34.0822365305582,16.));
#10370=CARTESIAN_POINT('Ctrl Pts',(-25.3883351782854,34.0822365305582,16.));
#10371=CARTESIAN_POINT('Ctrl Pts',(-25.4041648965203,34.3347759166497,16.));
#10372=CARTESIAN_POINT('Ctrl Pts',(-25.4331727190449,34.7975521697385,16.));
#10373=CARTESIAN_POINT('Ctrl Pts',(-25.697839546593,35.1757647158818,16.));
#10374=CARTESIAN_POINT('Ctrl Pts',(-25.8180763224657,35.3475847265879,16.));
#10375=CARTESIAN_POINT('',(-25.3883351782854,34.0822365305582,15.));
#10376=CARTESIAN_POINT('',(-25.3883351782854,34.0822365305582,16.));
#10377=CARTESIAN_POINT('Ctrl Pts',(-25.3883351782854,34.0822365305582,15.));
#10378=CARTESIAN_POINT('Ctrl Pts',(-25.4041648965203,34.3347759166497,15.));
#10379=CARTESIAN_POINT('Ctrl Pts',(-25.4331727190449,34.7975521697385,15.));
#10380=CARTESIAN_POINT('Ctrl Pts',(-25.697839546593,35.1757647158818,15.));
#10381=CARTESIAN_POINT('Ctrl Pts',(-25.8180763224657,35.3475847265879,15.));
#10382=CARTESIAN_POINT('Origin',(-28.2532741526658,34.0822365305582,16.));
#10383=CARTESIAN_POINT('',(-14.1266370763329,34.0822365305582,16.));
#10384=CARTESIAN_POINT('',(-28.2532741526658,34.0822365305582,15.));
#10385=CARTESIAN_POINT('Ctrl Pts',(-26.7184855441148,31.1081578753153,16.));
#10386=CARTESIAN_POINT('Ctrl Pts',(-26.7184855441148,31.1081578753153,15.));
#10387=CARTESIAN_POINT('Ctrl Pts',(-26.5764340766615,31.1167938035126,16.));
#10388=CARTESIAN_POINT('Ctrl Pts',(-26.5764340766615,31.1167938035126,15.));
#10389=CARTESIAN_POINT('Ctrl Pts',(-26.3024361946902,31.1334513296707,16.));
#10390=CARTESIAN_POINT('Ctrl Pts',(-26.3024361946902,31.1334513296707,15.));
#10391=CARTESIAN_POINT('Ctrl Pts',(-26.0721969697039,31.2821268640077,16.));
#10392=CARTESIAN_POINT('Ctrl Pts',(-26.0721969697039,31.2821268640077,15.));
#10393=CARTESIAN_POINT('Ctrl Pts',(-25.9613229731615,31.3537230513254,16.));
#10394=CARTESIAN_POINT('Ctrl Pts',(-25.9613229731615,31.3537230513254,15.));
#10395=CARTESIAN_POINT('',(-26.7184855441148,31.1081578753153,15.));
#10396=CARTESIAN_POINT('',(-26.7184855441148,31.1081578753153,16.));
#10397=CARTESIAN_POINT('',(-25.9613229731615,31.3537230513254,15.));
#10398=CARTESIAN_POINT('Ctrl Pts',(-26.7184855441148,31.1081578753153,15.));
#10399=CARTESIAN_POINT('Ctrl Pts',(-26.5764340766615,31.1167938035126,15.));
#10400=CARTESIAN_POINT('Ctrl Pts',(-26.3024361946902,31.1334513296707,15.));
#10401=CARTESIAN_POINT('Ctrl Pts',(-26.0721969697039,31.2821268640077,15.));
#10402=CARTESIAN_POINT('Ctrl Pts',(-25.9613229731615,31.3537230513254,15.));
#10403=CARTESIAN_POINT('',(-25.9613229731615,31.3537230513254,16.));
#10404=CARTESIAN_POINT('Ctrl Pts',(-27.8235330084855,31.5822365305582,16.));
#10405=CARTESIAN_POINT('Ctrl Pts',(-27.8235330084855,31.5822365305582,15.));
#10406=CARTESIAN_POINT('Ctrl Pts',(-27.666049929001,31.4439650477075,16.));
#10407=CARTESIAN_POINT('Ctrl Pts',(-27.666049929001,31.4439650477075,15.));
#10408=CARTESIAN_POINT('Ctrl Pts',(-27.3493621047614,31.1659104452593,16.));
#10409=CARTESIAN_POINT('Ctrl Pts',(-27.3493621047614,31.1659104452593,15.));
#10410=CARTESIAN_POINT('Ctrl Pts',(-26.9295385177342,31.1274783769493,16.));
#10411=CARTESIAN_POINT('Ctrl Pts',(-26.9295385177342,31.1274783769493,15.));
#10412=CARTESIAN_POINT('Ctrl Pts',(-26.7184855441148,31.1081578753153,16.));
#10413=CARTESIAN_POINT('Ctrl Pts',(-26.7184855441148,31.1081578753153,15.));
#10414=CARTESIAN_POINT('',(-27.8235330084855,31.5822365305582,15.));
#10415=CARTESIAN_POINT('',(-27.8235330084855,31.5822365305582,16.));
#10416=CARTESIAN_POINT('Ctrl Pts',(-27.8235330084855,31.5822365305582,15.));
#10417=CARTESIAN_POINT('Ctrl Pts',(-27.666049929001,31.4439650477075,15.));
#10418=CARTESIAN_POINT('Ctrl Pts',(-27.3493621047614,31.1659104452593,15.));
#10419=CARTESIAN_POINT('Ctrl Pts',(-26.9295385177342,31.1274783769493,15.));
#10420=CARTESIAN_POINT('Ctrl Pts',(-26.7184855441148,31.1081578753153,15.));
#10421=CARTESIAN_POINT('Ctrl Pts',(-28.2873799304063,32.9089763186136,16.));
#10422=CARTESIAN_POINT('Ctrl Pts',(-28.2873799304063,32.9089763186136,15.));
#10423=CARTESIAN_POINT('Ctrl Pts',(-28.2691510032286,32.6475939956881,16.));
#10424=CARTESIAN_POINT('Ctrl Pts',(-28.2691510032286,32.6475939956881,15.));
#10425=CARTESIAN_POINT('Ctrl Pts',(-28.2352323606739,32.1612387925008,16.));
#10426=CARTESIAN_POINT('Ctrl Pts',(-28.2352323606739,32.1612387925008,15.));
#10427=CARTESIAN_POINT('Ctrl Pts',(-27.9537418266368,31.7653585098223,16.));
#10428=CARTESIAN_POINT('Ctrl Pts',(-27.9537418266368,31.7653585098223,15.));
#10429=CARTESIAN_POINT('Ctrl Pts',(-27.8235330084855,31.5822365305582,16.));
#10430=CARTESIAN_POINT('Ctrl Pts',(-27.8235330084855,31.5822365305582,15.));
#10431=CARTESIAN_POINT('',(-28.2873799304063,32.9089763186136,15.));
#10432=CARTESIAN_POINT('',(-28.2873799304063,32.9089763186136,16.));
#10433=CARTESIAN_POINT('Ctrl Pts',(-28.2873799304063,32.9089763186136,15.));
#10434=CARTESIAN_POINT('Ctrl Pts',(-28.2691510032286,32.6475939956881,15.));
#10435=CARTESIAN_POINT('Ctrl Pts',(-28.2352323606739,32.1612387925008,15.));
#10436=CARTESIAN_POINT('Ctrl Pts',(-27.9537418266368,31.7653585098223,15.));
#10437=CARTESIAN_POINT('Ctrl Pts',(-27.8235330084855,31.5822365305582,15.));
#10438=CARTESIAN_POINT('Origin',(-23.4851970175798,32.9089763186136,16.));
#10439=CARTESIAN_POINT('',(-23.4851970175798,32.9089763186136,15.));
#10440=CARTESIAN_POINT('',(-23.4851970175798,32.9089763186136,16.));
#10441=CARTESIAN_POINT('',(-23.4851970175798,32.9089763186136,15.));
#10442=CARTESIAN_POINT('Ctrl Pts',(-24.3787850836809,36.1797812006632,16.));
#10443=CARTESIAN_POINT('Ctrl Pts',(-24.3787850836809,36.1797812006632,15.));
#10444=CARTESIAN_POINT('Ctrl Pts',(-24.109603358029,35.7408726303704,16.));
#10445=CARTESIAN_POINT('Ctrl Pts',(-24.109603358029,35.7408726303704,15.));
#10446=CARTESIAN_POINT('Ctrl Pts',(-23.4981109424154,34.7438166035101,16.));
#10447=CARTESIAN_POINT('Ctrl Pts',(-23.4981109424154,34.7438166035101,15.));
#10448=CARTESIAN_POINT('Ctrl Pts',(-23.4898317000365,33.56748271288,16.));
#10449=CARTESIAN_POINT('Ctrl Pts',(-23.4898317000365,33.56748271288,15.));
#10450=CARTESIAN_POINT('Ctrl Pts',(-23.4851970175798,32.9089763186136,16.));
#10451=CARTESIAN_POINT('Ctrl Pts',(-23.4851970175798,32.9089763186136,15.));
#10452=CARTESIAN_POINT('',(-24.3787850836809,36.1797812006632,15.));
#10453=CARTESIAN_POINT('',(-24.3787850836809,36.1797812006632,16.));
#10454=CARTESIAN_POINT('Ctrl Pts',(-24.3787850836809,36.1797812006632,15.));
#10455=CARTESIAN_POINT('Ctrl Pts',(-24.109603358029,35.7408726303704,15.));
#10456=CARTESIAN_POINT('Ctrl Pts',(-23.4981109424154,34.7438166035101,15.));
#10457=CARTESIAN_POINT('Ctrl Pts',(-23.4898317000365,33.56748271288,15.));
#10458=CARTESIAN_POINT('Ctrl Pts',(-23.4851970175798,32.9089763186136,15.));
#10459=CARTESIAN_POINT('Ctrl Pts',(-26.9299449423845,37.247311713473,16.));
#10460=CARTESIAN_POINT('Ctrl Pts',(-26.9299449423845,37.247311713473,15.));
#10461=CARTESIAN_POINT('Ctrl Pts',(-26.4258386167708,37.2098652262807,16.));
#10462=CARTESIAN_POINT('Ctrl Pts',(-26.4258386167708,37.2098652262807,15.));
#10463=CARTESIAN_POINT('Ctrl Pts',(-25.4539358006145,37.137669452278,16.));
#10464=CARTESIAN_POINT('Ctrl Pts',(-25.4539358006145,37.137669452278,15.));
#10465=CARTESIAN_POINT('Ctrl Pts',(-24.7281300683215,36.4910245001164,16.));
#10466=CARTESIAN_POINT('Ctrl Pts',(-24.7281300683215,36.4910245001164,15.));
#10467=CARTESIAN_POINT('Ctrl Pts',(-24.3787850836809,36.1797812006632,16.));
#10468=CARTESIAN_POINT('Ctrl Pts',(-24.3787850836809,36.1797812006632,15.));
#10469=CARTESIAN_POINT('',(-26.9299449423845,37.247311713473,15.));
#10470=CARTESIAN_POINT('',(-26.9299449423845,37.247311713473,16.));
#10471=CARTESIAN_POINT('Ctrl Pts',(-26.9299449423845,37.247311713473,15.));
#10472=CARTESIAN_POINT('Ctrl Pts',(-26.4258386167708,37.2098652262807,15.));
#10473=CARTESIAN_POINT('Ctrl Pts',(-25.4539358006145,37.137669452278,15.));
#10474=CARTESIAN_POINT('Ctrl Pts',(-24.7281300683215,36.4910245001164,15.));
#10475=CARTESIAN_POINT('Ctrl Pts',(-24.3787850836809,36.1797812006632,15.));
#10476=CARTESIAN_POINT('Ctrl Pts',(-29.310572336107,36.2275298855463,16.));
#10477=CARTESIAN_POINT('Ctrl Pts',(-29.310572336107,36.2275298855463,15.));
#10478=CARTESIAN_POINT('Ctrl Pts',(-28.9736091723871,36.52495709377,16.));
#10479=CARTESIAN_POINT('Ctrl Pts',(-28.9736091723871,36.52495709377,15.));
#10480=CARTESIAN_POINT('Ctrl Pts',(-28.2926347392227,37.1260326602854,16.));
#10481=CARTESIAN_POINT('Ctrl Pts',(-28.2926347392227,37.1260326602854,15.));
#10482=CARTESIAN_POINT('Ctrl Pts',(-27.3872982944129,37.2066073788292,16.));
#10483=CARTESIAN_POINT('Ctrl Pts',(-27.3872982944129,37.2066073788292,15.));
#10484=CARTESIAN_POINT('Ctrl Pts',(-26.9299449423845,37.247311713473,16.));
#10485=CARTESIAN_POINT('Ctrl Pts',(-26.9299449423845,37.247311713473,15.));
#10486=CARTESIAN_POINT('',(-29.310572336107,36.2275298855463,15.));
#10487=CARTESIAN_POINT('',(-29.310572336107,36.2275298855463,16.));
#10488=CARTESIAN_POINT('Ctrl Pts',(-29.310572336107,36.2275298855463,15.));
#10489=CARTESIAN_POINT('Ctrl Pts',(-28.9736091723871,36.52495709377,15.));
#10490=CARTESIAN_POINT('Ctrl Pts',(-28.2926347392227,37.1260326602854,15.));
#10491=CARTESIAN_POINT('Ctrl Pts',(-27.3872982944129,37.2066073788292,15.));
#10492=CARTESIAN_POINT('Ctrl Pts',(-26.9299449423845,37.247311713473,15.));
#10493=CARTESIAN_POINT('Ctrl Pts',(-30.2519096831376,33.4069302103678,16.));
#10494=CARTESIAN_POINT('Ctrl Pts',(-30.2519096831376,33.4069302103678,15.));
#10495=CARTESIAN_POINT('Ctrl Pts',(-30.2252618245367,33.9602038166601,16.));
#10496=CARTESIAN_POINT('Ctrl Pts',(-30.2252618245367,33.9602038166601,15.));
#10497=CARTESIAN_POINT('Ctrl Pts',(-30.1755370626808,34.9926094116493,16.));
#10498=CARTESIAN_POINT('Ctrl Pts',(-30.1755370626808,34.9926094116493,15.));
#10499=CARTESIAN_POINT('Ctrl Pts',(-29.5847516049978,35.8360808677205,16.));
#10500=CARTESIAN_POINT('Ctrl Pts',(-29.5847516049978,35.8360808677205,15.));
#10501=CARTESIAN_POINT('Ctrl Pts',(-29.310572336107,36.2275298855463,16.));
#10502=CARTESIAN_POINT('Ctrl Pts',(-29.310572336107,36.2275298855463,15.));
#10503=CARTESIAN_POINT('',(-30.2519096831376,33.4069302103678,15.));
#10504=CARTESIAN_POINT('',(-30.2519096831376,33.4069302103678,16.));
#10505=CARTESIAN_POINT('Ctrl Pts',(-30.2519096831376,33.4069302103678,15.));
#10506=CARTESIAN_POINT('Ctrl Pts',(-30.2252618245367,33.9602038166601,15.));
#10507=CARTESIAN_POINT('Ctrl Pts',(-30.1755370626808,34.9926094116493,15.));
#10508=CARTESIAN_POINT('Ctrl Pts',(-29.5847516049978,35.8360808677205,15.));
#10509=CARTESIAN_POINT('Ctrl Pts',(-29.310572336107,36.2275298855463,15.));
#10510=CARTESIAN_POINT('Ctrl Pts',(-29.5356752375657,30.9103407881418,16.));
#10511=CARTESIAN_POINT('Ctrl Pts',(-29.5356752375657,30.9103407881418,15.));
#10512=CARTESIAN_POINT('Ctrl Pts',(-29.7443968741495,31.2744356844944,16.));
#10513=CARTESIAN_POINT('Ctrl Pts',(-29.7443968741495,31.2744356844944,15.));
#10514=CARTESIAN_POINT('Ctrl Pts',(-30.1868179060906,32.0461967841356,16.));
#10515=CARTESIAN_POINT('Ctrl Pts',(-30.1868179060906,32.0461967841356,15.));
#10516=CARTESIAN_POINT('Ctrl Pts',(-30.229410867358,32.9365959827457,16.));
#10517=CARTESIAN_POINT('Ctrl Pts',(-30.229410867358,32.9365959827457,15.));
#10518=CARTESIAN_POINT('Ctrl Pts',(-30.2519096831376,33.4069302103678,16.));
#10519=CARTESIAN_POINT('Ctrl Pts',(-30.2519096831376,33.4069302103678,15.));
#10520=CARTESIAN_POINT('',(-29.5356752375657,30.9103407881418,15.));
#10521=CARTESIAN_POINT('',(-29.5356752375657,30.9103407881418,16.));
#10522=CARTESIAN_POINT('Ctrl Pts',(-29.5356752375657,30.9103407881418,15.));
#10523=CARTESIAN_POINT('Ctrl Pts',(-29.7443968741495,31.2744356844944,15.));
#10524=CARTESIAN_POINT('Ctrl Pts',(-30.1868179060906,32.0461967841356,15.));
#10525=CARTESIAN_POINT('Ctrl Pts',(-30.229410867358,32.9365959827457,15.));
#10526=CARTESIAN_POINT('Ctrl Pts',(-30.2519096831376,33.4069302103678,15.));
#10527=CARTESIAN_POINT('Ctrl Pts',(-26.7389490107591,29.6756877920786,16.));
#10528=CARTESIAN_POINT('Ctrl Pts',(-26.7389490107591,29.6756877920786,15.));
#10529=CARTESIAN_POINT('Ctrl Pts',(-27.3169923377133,29.7132168171157,16.));
#10530=CARTESIAN_POINT('Ctrl Pts',(-27.3169923377133,29.7132168171157,15.));
#10531=CARTESIAN_POINT('Ctrl Pts',(-28.4060325357826,29.7839219268434,16.));
#10532=CARTESIAN_POINT('Ctrl Pts',(-28.4060325357826,29.7839219268434,15.));
#10533=CARTESIAN_POINT('Ctrl Pts',(-29.1749061671445,30.5506013016174,16.));
#10534=CARTESIAN_POINT('Ctrl Pts',(-29.1749061671445,30.5506013016174,15.));
#10535=CARTESIAN_POINT('Ctrl Pts',(-29.5356752375657,30.9103407881418,16.));
#10536=CARTESIAN_POINT('Ctrl Pts',(-29.5356752375657,30.9103407881418,15.));
#10537=CARTESIAN_POINT('',(-26.7389490107591,29.6756877920786,15.));
#10538=CARTESIAN_POINT('',(-26.7389490107591,29.6756877920786,16.));
#10539=CARTESIAN_POINT('Ctrl Pts',(-26.7389490107591,29.6756877920786,15.));
#10540=CARTESIAN_POINT('Ctrl Pts',(-27.3169923377133,29.7132168171157,15.));
#10541=CARTESIAN_POINT('Ctrl Pts',(-28.4060325357826,29.7839219268434,15.));
#10542=CARTESIAN_POINT('Ctrl Pts',(-29.1749061671445,30.5506013016174,15.));
#10543=CARTESIAN_POINT('Ctrl Pts',(-29.5356752375657,30.9103407881418,15.));
#10544=CARTESIAN_POINT('Ctrl Pts',(-24.7505452136094,30.2248015425364,16.));
#10545=CARTESIAN_POINT('Ctrl Pts',(-24.7505452136094,30.2248015425364,15.));
#10546=CARTESIAN_POINT('Ctrl Pts',(-25.0421976133764,30.0647811469944,16.));
#10547=CARTESIAN_POINT('Ctrl Pts',(-25.0421976133764,30.0647811469944,15.));
#10548=CARTESIAN_POINT('Ctrl Pts',(-25.6604059025161,29.7255899212938,16.));
#10549=CARTESIAN_POINT('Ctrl Pts',(-25.6604059025161,29.7255899212938,15.));
#10550=CARTESIAN_POINT('Ctrl Pts',(-26.3661526961341,29.692936365382,16.));
#10551=CARTESIAN_POINT('Ctrl Pts',(-26.3661526961341,29.692936365382,15.));
#10552=CARTESIAN_POINT('Ctrl Pts',(-26.7389490107591,29.6756877920786,16.));
#10553=CARTESIAN_POINT('Ctrl Pts',(-26.7389490107591,29.6756877920786,15.));
#10554=CARTESIAN_POINT('',(-24.7505452136094,30.2248015425364,15.));
#10555=CARTESIAN_POINT('',(-24.7505452136094,30.2248015425364,16.));
#10556=CARTESIAN_POINT('Ctrl Pts',(-24.7505452136094,30.2248015425364,15.));
#10557=CARTESIAN_POINT('Ctrl Pts',(-25.0421976133764,30.0647811469944,15.));
#10558=CARTESIAN_POINT('Ctrl Pts',(-25.6604059025161,29.7255899212938,15.));
#10559=CARTESIAN_POINT('Ctrl Pts',(-26.3661526961341,29.692936365382,15.));
#10560=CARTESIAN_POINT('Ctrl Pts',(-26.7389490107591,29.6756877920786,15.));
#10561=CARTESIAN_POINT('Ctrl Pts',(-23.587516734987,31.8243923208872,16.));
#10562=CARTESIAN_POINT('Ctrl Pts',(-23.587516734987,31.8243923208872,15.));
#10563=CARTESIAN_POINT('Ctrl Pts',(-23.7226658418342,31.4989538625284,16.));
#10564=CARTESIAN_POINT('Ctrl Pts',(-23.7226658418342,31.4989538625284,15.));
#10565=CARTESIAN_POINT('Ctrl Pts',(-23.983034602546,30.871987025177,16.));
#10566=CARTESIAN_POINT('Ctrl Pts',(-23.983034602546,30.871987025177,15.));
#10567=CARTESIAN_POINT('Ctrl Pts',(-24.5012965084574,30.4349747195793,16.));
#10568=CARTESIAN_POINT('Ctrl Pts',(-24.5012965084574,30.4349747195793,15.));
#10569=CARTESIAN_POINT('Ctrl Pts',(-24.7505452136094,30.2248015425364,16.));
#10570=CARTESIAN_POINT('Ctrl Pts',(-24.7505452136094,30.2248015425364,15.));
#10571=CARTESIAN_POINT('',(-23.587516734987,31.8243923208872,15.));
#10572=CARTESIAN_POINT('',(-23.587516734987,31.8243923208872,16.));
#10573=CARTESIAN_POINT('Ctrl Pts',(-23.587516734987,31.8243923208872,15.));
#10574=CARTESIAN_POINT('Ctrl Pts',(-23.7226658418342,31.4989538625284,15.));
#10575=CARTESIAN_POINT('Ctrl Pts',(-23.983034602546,30.871987025177,15.));
#10576=CARTESIAN_POINT('Ctrl Pts',(-24.5012965084574,30.4349747195793,15.));
#10577=CARTESIAN_POINT('Ctrl Pts',(-24.7505452136094,30.2248015425364,15.));
#10578=CARTESIAN_POINT('Origin',(-25.4974760512407,32.1449925921122,16.));
#10579=CARTESIAN_POINT('',(-25.4974760512407,32.1449925921122,15.));
#10580=CARTESIAN_POINT('',(-25.4974760512407,32.1449925921122,16.));
#10581=CARTESIAN_POINT('',(-25.4974760512407,32.1449925921122,15.));
#10582=CARTESIAN_POINT('Ctrl Pts',(-25.9613229731615,31.3537230513254,16.));
#10583=CARTESIAN_POINT('Ctrl Pts',(-25.9613229731615,31.3537230513254,15.));
#10584=CARTESIAN_POINT('Ctrl Pts',(-25.8632688996973,31.4555906034831,16.));
#10585=CARTESIAN_POINT('Ctrl Pts',(-25.8632688996973,31.4555906034831,15.));
#10586=CARTESIAN_POINT('Ctrl Pts',(-25.6459828058382,31.6813272987306,16.));
#10587=CARTESIAN_POINT('Ctrl Pts',(-25.6459828058382,31.6813272987306,15.));
#10588=CARTESIAN_POINT('Ctrl Pts',(-25.5500936062636,31.9807109461168,16.));
#10589=CARTESIAN_POINT('Ctrl Pts',(-25.5500936062636,31.9807109461168,15.));
#10590=CARTESIAN_POINT('Ctrl Pts',(-25.4974760512407,32.1449925921122,16.));
#10591=CARTESIAN_POINT('Ctrl Pts',(-25.4974760512407,32.1449925921122,15.));
#10592=CARTESIAN_POINT('Ctrl Pts',(-25.9613229731615,31.3537230513254,15.));
#10593=CARTESIAN_POINT('Ctrl Pts',(-25.8632688996973,31.4555906034831,15.));
#10594=CARTESIAN_POINT('Ctrl Pts',(-25.6459828058382,31.6813272987306,15.));
#10595=CARTESIAN_POINT('Ctrl Pts',(-25.5500936062636,31.9807109461168,15.));
#10596=CARTESIAN_POINT('Ctrl Pts',(-25.4974760512407,32.1449925921122,15.));
#10597=CARTESIAN_POINT('Origin',(-9.26964361467909,34.7625414000129,15.));
#10598=CARTESIAN_POINT('Ctrl Pts',(17.6948879261916,35.7807364485422,16.));
#10599=CARTESIAN_POINT('Ctrl Pts',(17.6948879261916,35.7807364485422,15.));
#10600=CARTESIAN_POINT('Ctrl Pts',(17.475844509333,35.757067023332,16.));
#10601=CARTESIAN_POINT('Ctrl Pts',(17.475844509333,35.757067023332,15.));
#10602=CARTESIAN_POINT('Ctrl Pts',(17.0323927174541,35.7091484454866,16.));
#10603=CARTESIAN_POINT('Ctrl Pts',(17.0323927174541,35.7091484454866,15.));
#10604=CARTESIAN_POINT('Ctrl Pts',(16.7136324493778,35.3966061788104,16.));
#10605=CARTESIAN_POINT('Ctrl Pts',(16.7136324493778,35.3966061788104,15.));
#10606=CARTESIAN_POINT('Ctrl Pts',(16.5523241063063,35.238444449679,16.));
#10607=CARTESIAN_POINT('Ctrl Pts',(16.5523241063063,35.238444449679,15.));
#10608=CARTESIAN_POINT('',(17.6948879261916,35.7807364485422,16.));
#10609=CARTESIAN_POINT('',(16.5523241063063,35.238444449679,16.));
#10610=CARTESIAN_POINT('Ctrl Pts',(17.6948879261916,35.7807364485422,16.));
#10611=CARTESIAN_POINT('Ctrl Pts',(17.475844509333,35.757067023332,16.));
#10612=CARTESIAN_POINT('Ctrl Pts',(17.0323927174541,35.7091484454866,16.));
#10613=CARTESIAN_POINT('Ctrl Pts',(16.7136324493778,35.3966061788104,16.));
#10614=CARTESIAN_POINT('Ctrl Pts',(16.5523241063063,35.238444449679,16.));
#10615=CARTESIAN_POINT('',(17.6948879261916,35.7807364485422,15.));
#10616=CARTESIAN_POINT('',(17.6948879261916,35.7807364485422,16.));
#10617=CARTESIAN_POINT('',(16.5523241063063,35.238444449679,15.));
#10618=CARTESIAN_POINT('Ctrl Pts',(17.6948879261916,35.7807364485422,15.));
#10619=CARTESIAN_POINT('Ctrl Pts',(17.475844509333,35.757067023332,15.));
#10620=CARTESIAN_POINT('Ctrl Pts',(17.0323927174541,35.7091484454866,15.));
#10621=CARTESIAN_POINT('Ctrl Pts',(16.7136324493778,35.3966061788104,15.));
#10622=CARTESIAN_POINT('Ctrl Pts',(16.5523241063063,35.238444449679,15.));
#10623=CARTESIAN_POINT('',(16.5523241063063,35.238444449679,16.));
#10624=CARTESIAN_POINT('Ctrl Pts',(18.8476846714919,35.2316232941309,16.));
#10625=CARTESIAN_POINT('Ctrl Pts',(18.8476846714919,35.2316232941309,15.));
#10626=CARTESIAN_POINT('Ctrl Pts',(18.687462096452,35.391780790311,16.));
#10627=CARTESIAN_POINT('Ctrl Pts',(18.687462096452,35.391780790311,15.));
#10628=CARTESIAN_POINT('Ctrl Pts',(18.3679976174214,35.7111155099488,16.));
#10629=CARTESIAN_POINT('Ctrl Pts',(18.3679976174214,35.7111155099488,15.));
#10630=CARTESIAN_POINT('Ctrl Pts',(17.9187981823063,35.7575770104974,16.));
#10631=CARTESIAN_POINT('Ctrl Pts',(17.9187981823063,35.7575770104974,15.));
#10632=CARTESIAN_POINT('Ctrl Pts',(17.6948879261916,35.7807364485422,16.));
#10633=CARTESIAN_POINT('Ctrl Pts',(17.6948879261916,35.7807364485422,15.));
#10634=CARTESIAN_POINT('',(18.8476846714919,35.2316232941309,16.));
#10635=CARTESIAN_POINT('Ctrl Pts',(18.8476846714919,35.2316232941309,16.));
#10636=CARTESIAN_POINT('Ctrl Pts',(18.687462096452,35.391780790311,16.));
#10637=CARTESIAN_POINT('Ctrl Pts',(18.3679976174214,35.7111155099488,16.));
#10638=CARTESIAN_POINT('Ctrl Pts',(17.9187981823063,35.7575770104974,16.));
#10639=CARTESIAN_POINT('Ctrl Pts',(17.6948879261916,35.7807364485422,16.));
#10640=CARTESIAN_POINT('',(18.8476846714919,35.2316232941309,15.));
#10641=CARTESIAN_POINT('',(18.8476846714919,35.2316232941309,16.));
#10642=CARTESIAN_POINT('Ctrl Pts',(18.8476846714919,35.2316232941309,15.));
#10643=CARTESIAN_POINT('Ctrl Pts',(18.687462096452,35.391780790311,15.));
#10644=CARTESIAN_POINT('Ctrl Pts',(18.3679976174214,35.7111155099488,15.));
#10645=CARTESIAN_POINT('Ctrl Pts',(17.9187981823063,35.7575770104974,15.));
#10646=CARTESIAN_POINT('Ctrl Pts',(17.6948879261916,35.7807364485422,15.));
#10647=CARTESIAN_POINT('Ctrl Pts',(19.2978904744093,33.4342160246531,16.));
#10648=CARTESIAN_POINT('Ctrl Pts',(19.2978904744093,33.4342160246531,15.));
#10649=CARTESIAN_POINT('Ctrl Pts',(19.2932949612421,33.8011762947499,16.));
#10650=CARTESIAN_POINT('Ctrl Pts',(19.2932949612421,33.8011762947499,15.));
#10651=CARTESIAN_POINT('Ctrl Pts',(19.2852986025317,34.4397004041051,16.));
#10652=CARTESIAN_POINT('Ctrl Pts',(19.2852986025317,34.4397004041051,15.));
#10653=CARTESIAN_POINT('Ctrl Pts',(18.9782655888715,34.9953190767862,16.));
#10654=CARTESIAN_POINT('Ctrl Pts',(18.9782655888715,34.9953190767862,15.));
#10655=CARTESIAN_POINT('Ctrl Pts',(18.8476846714919,35.2316232941309,16.));
#10656=CARTESIAN_POINT('Ctrl Pts',(18.8476846714919,35.2316232941309,15.));
#10657=CARTESIAN_POINT('',(19.2978904744093,33.4342160246531,16.));
#10658=CARTESIAN_POINT('Ctrl Pts',(19.2978904744093,33.4342160246531,16.));
#10659=CARTESIAN_POINT('Ctrl Pts',(19.2932949612421,33.8011762947499,16.));
#10660=CARTESIAN_POINT('Ctrl Pts',(19.2852986025317,34.4397004041051,16.));
#10661=CARTESIAN_POINT('Ctrl Pts',(18.9782655888715,34.9953190767862,16.));
#10662=CARTESIAN_POINT('Ctrl Pts',(18.8476846714919,35.2316232941309,16.));
#10663=CARTESIAN_POINT('',(19.2978904744093,33.4342160246531,15.));
#10664=CARTESIAN_POINT('',(19.2978904744093,33.4342160246531,16.));
#10665=CARTESIAN_POINT('Ctrl Pts',(19.2978904744093,33.4342160246531,15.));
#10666=CARTESIAN_POINT('Ctrl Pts',(19.2932949612421,33.8011762947499,15.));
#10667=CARTESIAN_POINT('Ctrl Pts',(19.2852986025317,34.4397004041051,15.));
#10668=CARTESIAN_POINT('Ctrl Pts',(18.9782655888715,34.9953190767862,15.));
#10669=CARTESIAN_POINT('Ctrl Pts',(18.8476846714919,35.2316232941309,15.));
#10670=CARTESIAN_POINT('Ctrl Pts',(18.8340423603957,31.7527689955393,16.));
#10671=CARTESIAN_POINT('Ctrl Pts',(18.8340423603957,31.7527689955393,15.));
#10672=CARTESIAN_POINT('Ctrl Pts',(18.9688738507333,31.9810713380053,16.));
#10673=CARTESIAN_POINT('Ctrl Pts',(18.9688738507333,31.9810713380053,15.));
#10674=CARTESIAN_POINT('Ctrl Pts',(19.2735353483674,32.4969369818169,16.));
#10675=CARTESIAN_POINT('Ctrl Pts',(19.2735353483674,32.4969369818169,15.));
#10676=CARTESIAN_POINT('Ctrl Pts',(19.2891732872934,33.0987450941313,16.));
#10677=CARTESIAN_POINT('Ctrl Pts',(19.2891732872934,33.0987450941313,15.));
#10678=CARTESIAN_POINT('Ctrl Pts',(19.2978904744093,33.4342160246531,16.));
#10679=CARTESIAN_POINT('Ctrl Pts',(19.2978904744093,33.4342160246531,15.));
#10680=CARTESIAN_POINT('',(18.8340423603957,31.7527689955393,16.));
#10681=CARTESIAN_POINT('Ctrl Pts',(18.8340423603957,31.7527689955393,16.));
#10682=CARTESIAN_POINT('Ctrl Pts',(18.9688738507333,31.9810713380053,16.));
#10683=CARTESIAN_POINT('Ctrl Pts',(19.2735353483674,32.4969369818169,16.));
#10684=CARTESIAN_POINT('Ctrl Pts',(19.2891732872934,33.0987450941313,16.));
#10685=CARTESIAN_POINT('Ctrl Pts',(19.2978904744093,33.4342160246531,16.));
#10686=CARTESIAN_POINT('',(18.8340423603957,31.7527689955393,15.));
#10687=CARTESIAN_POINT('',(18.8340423603957,31.7527689955393,16.));
#10688=CARTESIAN_POINT('Ctrl Pts',(18.8340423603957,31.7527689955393,15.));
#10689=CARTESIAN_POINT('Ctrl Pts',(18.9688738507333,31.9810713380053,15.));
#10690=CARTESIAN_POINT('Ctrl Pts',(19.2735353483674,32.4969369818169,15.));
#10691=CARTESIAN_POINT('Ctrl Pts',(19.2891732872934,33.0987450941313,15.));
#10692=CARTESIAN_POINT('Ctrl Pts',(19.2978904744093,33.4342160246531,15.));
#10693=CARTESIAN_POINT('Ctrl Pts',(17.7085302372878,31.1900129339853,16.));
#10694=CARTESIAN_POINT('Ctrl Pts',(17.7085302372878,31.1900129339853,15.));
#10695=CARTESIAN_POINT('Ctrl Pts',(17.9228867562598,31.2159916846291,16.));
#10696=CARTESIAN_POINT('Ctrl Pts',(17.9228867562598,31.2159916846291,15.));
#10697=CARTESIAN_POINT('Ctrl Pts',(18.3640125882046,31.269453543618,16.));
#10698=CARTESIAN_POINT('Ctrl Pts',(18.3640125882046,31.269453543618,15.));
#10699=CARTESIAN_POINT('Ctrl Pts',(18.6744539439689,31.5886697146637,16.));
#10700=CARTESIAN_POINT('Ctrl Pts',(18.6744539439689,31.5886697146637,15.));
#10701=CARTESIAN_POINT('Ctrl Pts',(18.8340423603957,31.7527689955393,16.));
#10702=CARTESIAN_POINT('Ctrl Pts',(18.8340423603957,31.7527689955393,15.));
#10703=CARTESIAN_POINT('',(17.7085302372878,31.1900129339853,16.));
#10704=CARTESIAN_POINT('Ctrl Pts',(17.7085302372878,31.1900129339853,16.));
#10705=CARTESIAN_POINT('Ctrl Pts',(17.9228867562598,31.2159916846291,16.));
#10706=CARTESIAN_POINT('Ctrl Pts',(18.3640125882046,31.269453543618,16.));
#10707=CARTESIAN_POINT('Ctrl Pts',(18.6744539439689,31.5886697146637,16.));
#10708=CARTESIAN_POINT('Ctrl Pts',(18.8340423603957,31.7527689955393,16.));
#10709=CARTESIAN_POINT('',(17.7085302372878,31.1900129339853,15.));
#10710=CARTESIAN_POINT('',(17.7085302372878,31.1900129339853,16.));
#10711=CARTESIAN_POINT('Ctrl Pts',(17.7085302372878,31.1900129339853,15.));
#10712=CARTESIAN_POINT('Ctrl Pts',(17.9228867562598,31.2159916846291,15.));
#10713=CARTESIAN_POINT('Ctrl Pts',(18.3640125882046,31.269453543618,15.));
#10714=CARTESIAN_POINT('Ctrl Pts',(18.6744539439689,31.5886697146637,15.));
#10715=CARTESIAN_POINT('Ctrl Pts',(18.8340423603957,31.7527689955393,15.));
#10716=CARTESIAN_POINT('Ctrl Pts',(16.4124868412917,31.9403543493906,16.));
#10717=CARTESIAN_POINT('Ctrl Pts',(16.4124868412917,31.9403543493906,15.));
#10718=CARTESIAN_POINT('Ctrl Pts',(16.5799149198871,31.7215247447618,16.));
#10719=CARTESIAN_POINT('Ctrl Pts',(16.5799149198871,31.7215247447618,15.));
#10720=CARTESIAN_POINT('Ctrl Pts',(16.9089426085086,31.2914833824229,16.));
#10721=CARTESIAN_POINT('Ctrl Pts',(16.9089426085086,31.2914833824229,15.));
#10722=CARTESIAN_POINT('Ctrl Pts',(17.4451672948903,31.2234346064888,16.));
#10723=CARTESIAN_POINT('Ctrl Pts',(17.4451672948903,31.2234346064888,15.));
#10724=CARTESIAN_POINT('Ctrl Pts',(17.7085302372878,31.1900129339853,16.));
#10725=CARTESIAN_POINT('Ctrl Pts',(17.7085302372878,31.1900129339853,15.));
#10726=CARTESIAN_POINT('',(16.4124868412917,31.9403543493906,16.));
#10727=CARTESIAN_POINT('Ctrl Pts',(16.4124868412917,31.9403543493906,16.));
#10728=CARTESIAN_POINT('Ctrl Pts',(16.5799149198871,31.7215247447618,16.));
#10729=CARTESIAN_POINT('Ctrl Pts',(16.9089426085086,31.2914833824229,16.));
#10730=CARTESIAN_POINT('Ctrl Pts',(17.4451672948903,31.2234346064888,16.));
#10731=CARTESIAN_POINT('Ctrl Pts',(17.7085302372878,31.1900129339853,16.));
#10732=CARTESIAN_POINT('',(16.4124868412917,31.9403543493906,15.));
#10733=CARTESIAN_POINT('',(16.4124868412917,31.9403543493906,16.));
#10734=CARTESIAN_POINT('Ctrl Pts',(16.4124868412917,31.9403543493906,15.));
#10735=CARTESIAN_POINT('Ctrl Pts',(16.5799149198871,31.7215247447618,15.));
#10736=CARTESIAN_POINT('Ctrl Pts',(16.9089426085086,31.2914833824229,15.));
#10737=CARTESIAN_POINT('Ctrl Pts',(17.4451672948903,31.2234346064888,15.));
#10738=CARTESIAN_POINT('Ctrl Pts',(17.7085302372878,31.1900129339853,15.));
#10739=CARTESIAN_POINT('Ctrl Pts',(16.0918853779738,33.6183896086374,16.));
#10740=CARTESIAN_POINT('Ctrl Pts',(16.0918853779738,33.6183896086374,15.));
#10741=CARTESIAN_POINT('Ctrl Pts',(16.0939041577065,33.2800130309278,16.));
#10742=CARTESIAN_POINT('Ctrl Pts',(16.0939041577065,33.2800130309278,15.));
#10743=CARTESIAN_POINT('Ctrl Pts',(16.0973729000415,32.698601824312,16.));
#10744=CARTESIAN_POINT('Ctrl Pts',(16.0973729000415,32.698601824312,15.));
#10745=CARTESIAN_POINT('Ctrl Pts',(16.3195958392692,32.1638746653977,16.));
#10746=CARTESIAN_POINT('Ctrl Pts',(16.3195958392692,32.1638746653977,15.));
#10747=CARTESIAN_POINT('Ctrl Pts',(16.4124868412917,31.9403543493906,16.));
#10748=CARTESIAN_POINT('Ctrl Pts',(16.4124868412917,31.9403543493906,15.));
#10749=CARTESIAN_POINT('',(16.0918853779738,33.6183896086374,16.));
#10750=CARTESIAN_POINT('Ctrl Pts',(16.0918853779738,33.6183896086374,16.));
#10751=CARTESIAN_POINT('Ctrl Pts',(16.0939041577065,33.2800130309278,16.));
#10752=CARTESIAN_POINT('Ctrl Pts',(16.0973729000415,32.698601824312,16.));
#10753=CARTESIAN_POINT('Ctrl Pts',(16.3195958392692,32.1638746653977,16.));
#10754=CARTESIAN_POINT('Ctrl Pts',(16.4124868412917,31.9403543493906,16.));
#10755=CARTESIAN_POINT('',(16.0918853779738,33.6183896086374,15.));
#10756=CARTESIAN_POINT('',(16.0918853779738,33.6183896086374,16.));
#10757=CARTESIAN_POINT('Ctrl Pts',(16.0918853779738,33.6183896086374,15.));
#10758=CARTESIAN_POINT('Ctrl Pts',(16.0939041577065,33.2800130309278,15.));
#10759=CARTESIAN_POINT('Ctrl Pts',(16.0973729000415,32.698601824312,15.));
#10760=CARTESIAN_POINT('Ctrl Pts',(16.3195958392692,32.1638746653977,15.));
#10761=CARTESIAN_POINT('Ctrl Pts',(16.4124868412917,31.9403543493906,15.));
#10762=CARTESIAN_POINT('Ctrl Pts',(16.5523241063063,35.238444449679,16.));
#10763=CARTESIAN_POINT('Ctrl Pts',(16.5523241063063,35.238444449679,15.));
#10764=CARTESIAN_POINT('Ctrl Pts',(16.4184622438796,35.0187921414683,16.));
#10765=CARTESIAN_POINT('Ctrl Pts',(16.4184622438796,35.0187921414683,15.));
#10766=CARTESIAN_POINT('Ctrl Pts',(16.1169489852746,34.5240426885017,16.));
#10767=CARTESIAN_POINT('Ctrl Pts',(16.1169489852746,34.5240426885017,15.));
#10768=CARTESIAN_POINT('Ctrl Pts',(16.1008416126654,33.9420158702162,16.));
#10769=CARTESIAN_POINT('Ctrl Pts',(16.1008416126654,33.9420158702162,15.));
#10770=CARTESIAN_POINT('Ctrl Pts',(16.0918853779738,33.6183896086374,16.));
#10771=CARTESIAN_POINT('Ctrl Pts',(16.0918853779738,33.6183896086374,15.));
#10772=CARTESIAN_POINT('Ctrl Pts',(16.5523241063063,35.238444449679,16.));
#10773=CARTESIAN_POINT('Ctrl Pts',(16.4184622438796,35.0187921414683,16.));
#10774=CARTESIAN_POINT('Ctrl Pts',(16.1169489852746,34.5240426885017,16.));
#10775=CARTESIAN_POINT('Ctrl Pts',(16.1008416126654,33.9420158702162,16.));
#10776=CARTESIAN_POINT('Ctrl Pts',(16.0918853779738,33.6183896086374,16.));
#10777=CARTESIAN_POINT('Ctrl Pts',(16.5523241063063,35.238444449679,15.));
#10778=CARTESIAN_POINT('Ctrl Pts',(16.4184622438796,35.0187921414683,15.));
#10779=CARTESIAN_POINT('Ctrl Pts',(16.1169489852746,34.5240426885017,15.));
#10780=CARTESIAN_POINT('Ctrl Pts',(16.1008416126654,33.9420158702162,15.));
#10781=CARTESIAN_POINT('Ctrl Pts',(16.0918853779738,33.6183896086374,15.));
#10782=CARTESIAN_POINT('Origin',(19.2910669346755,39.8393991015116,16.));
#10783=CARTESIAN_POINT('',(19.2910669346755,39.8393991015116,15.));
#10784=CARTESIAN_POINT('',(19.2910669346755,39.8393991015116,16.));
#10785=CARTESIAN_POINT('',(21.2078474064772,39.8393991015116,15.));
#10786=CARTESIAN_POINT('',(19.2910669346755,39.8393991015116,15.));
#10787=CARTESIAN_POINT('',(21.2078474064772,39.8393991015116,16.));
#10788=CARTESIAN_POINT('Origin',(19.2910669346755,36.2377628109614,16.));
#10789=CARTESIAN_POINT('',(19.2910669346755,36.2377628109614,15.));
#10790=CARTESIAN_POINT('',(19.2910669346755,36.2377628109614,16.));
#10791=CARTESIAN_POINT('',(19.2910669346755,36.2377628109614,15.));
#10792=CARTESIAN_POINT('Ctrl Pts',(17.1901128788893,37.2473123095194,16.));
#10793=CARTESIAN_POINT('Ctrl Pts',(17.1901128788893,37.2473123095194,15.));
#10794=CARTESIAN_POINT('Ctrl Pts',(17.5852242942628,37.2005733125201,16.));
#10795=CARTESIAN_POINT('Ctrl Pts',(17.5852242942628,37.2005733125201,15.));
#10796=CARTESIAN_POINT('Ctrl Pts',(18.3990542513833,37.1043027558017,16.));
#10797=CARTESIAN_POINT('Ctrl Pts',(18.3990542513833,37.1043027558017,15.));
#10798=CARTESIAN_POINT('Ctrl Pts',(18.9880344371217,36.5321417683837,16.));
#10799=CARTESIAN_POINT('Ctrl Pts',(18.9880344371217,36.5321417683837,15.));
#10800=CARTESIAN_POINT('Ctrl Pts',(19.2910669346755,36.2377628109614,16.));
#10801=CARTESIAN_POINT('Ctrl Pts',(19.2910669346755,36.2377628109614,15.));
#10802=CARTESIAN_POINT('',(17.1901128788893,37.2473123095194,15.));
#10803=CARTESIAN_POINT('',(17.1901128788893,37.2473123095194,16.));
#10804=CARTESIAN_POINT('Ctrl Pts',(17.1901128788893,37.2473123095194,15.));
#10805=CARTESIAN_POINT('Ctrl Pts',(17.5852242942628,37.2005733125201,15.));
#10806=CARTESIAN_POINT('Ctrl Pts',(18.3990542513833,37.1043027558017,15.));
#10807=CARTESIAN_POINT('Ctrl Pts',(18.9880344371217,36.5321417683837,15.));
#10808=CARTESIAN_POINT('Ctrl Pts',(19.2910669346755,36.2377628109614,15.));
#10809=CARTESIAN_POINT('Ctrl Pts',(15.0004814167922,36.2889220736185,16.));
#10810=CARTESIAN_POINT('Ctrl Pts',(15.0004814167922,36.2889220736185,15.));
#10811=CARTESIAN_POINT('Ctrl Pts',(15.3097865582754,36.5684488328543,16.));
#10812=CARTESIAN_POINT('Ctrl Pts',(15.3097865582754,36.5684488328543,15.));
#10813=CARTESIAN_POINT('Ctrl Pts',(15.9326659949912,37.1313604918873,16.));
#10814=CARTESIAN_POINT('Ctrl Pts',(15.9326659949912,37.1313604918873,15.));
#10815=CARTESIAN_POINT('Ctrl Pts',(16.7690530796076,37.2084855012592,16.));
#10816=CARTESIAN_POINT('Ctrl Pts',(16.7690530796076,37.2084855012592,15.));
#10817=CARTESIAN_POINT('Ctrl Pts',(17.1901128788893,37.2473123095194,16.));
#10818=CARTESIAN_POINT('Ctrl Pts',(17.1901128788893,37.2473123095194,15.));
#10819=CARTESIAN_POINT('',(15.0004814167922,36.2889220736185,15.));
#10820=CARTESIAN_POINT('',(15.0004814167922,36.2889220736185,16.));
#10821=CARTESIAN_POINT('Ctrl Pts',(15.0004814167922,36.2889220736185,15.));
#10822=CARTESIAN_POINT('Ctrl Pts',(15.3097865582754,36.5684488328543,15.));
#10823=CARTESIAN_POINT('Ctrl Pts',(15.9326659949912,37.1313604918873,15.));
#10824=CARTESIAN_POINT('Ctrl Pts',(16.7690530796076,37.2084855012592,15.));
#10825=CARTESIAN_POINT('Ctrl Pts',(17.1901128788893,37.2473123095194,15.));
#10826=CARTESIAN_POINT('Ctrl Pts',(14.1341779728835,33.4887852690378,16.));
#10827=CARTESIAN_POINT('Ctrl Pts',(14.1341779728835,33.4887852690378,15.));
#10828=CARTESIAN_POINT('Ctrl Pts',(14.154030058609,34.0463286934065,16.));
#10829=CARTESIAN_POINT('Ctrl Pts',(14.154030058609,34.0463286934065,15.));
#10830=CARTESIAN_POINT('Ctrl Pts',(14.1902266504722,35.0629055940367,16.));
#10831=CARTESIAN_POINT('Ctrl Pts',(14.1902266504722,35.0629055940367,15.));
#10832=CARTESIAN_POINT('Ctrl Pts',(14.7484270345068,35.9075323684567,16.));
#10833=CARTESIAN_POINT('Ctrl Pts',(14.7484270345068,35.9075323684567,15.));
#10834=CARTESIAN_POINT('Ctrl Pts',(15.0004814167922,36.2889220736185,16.));
#10835=CARTESIAN_POINT('Ctrl Pts',(15.0004814167922,36.2889220736185,15.));
#10836=CARTESIAN_POINT('',(14.1341779728835,33.4887852690378,15.));
#10837=CARTESIAN_POINT('',(14.1341779728835,33.4887852690378,16.));
#10838=CARTESIAN_POINT('Ctrl Pts',(14.1341779728835,33.4887852690378,15.));
#10839=CARTESIAN_POINT('Ctrl Pts',(14.154030058609,34.0463286934065,15.));
#10840=CARTESIAN_POINT('Ctrl Pts',(14.1902266504722,35.0629055940367,15.));
#10841=CARTESIAN_POINT('Ctrl Pts',(14.7484270345068,35.9075323684567,15.));
#10842=CARTESIAN_POINT('Ctrl Pts',(15.0004814167922,36.2889220736185,15.));
#10843=CARTESIAN_POINT('Ctrl Pts',(15.0243566533034,30.6818273089091,16.));
#10844=CARTESIAN_POINT('Ctrl Pts',(15.0243566533034,30.6818273089091,15.));
#10845=CARTESIAN_POINT('Ctrl Pts',(14.7651626022213,31.0712029075265,16.));
#10846=CARTESIAN_POINT('Ctrl Pts',(14.7651626022213,31.0712029075265,15.));
#10847=CARTESIAN_POINT('Ctrl Pts',(14.2015930099063,31.9178282311173,16.));
#10848=CARTESIAN_POINT('Ctrl Pts',(14.2015930099063,31.9178282311173,15.));
#10849=CARTESIAN_POINT('Ctrl Pts',(14.1578194308373,32.9378738344451,16.));
#10850=CARTESIAN_POINT('Ctrl Pts',(14.1578194308373,32.9378738344451,15.));
#10851=CARTESIAN_POINT('Ctrl Pts',(14.1341779728835,33.4887852690378,16.));
#10852=CARTESIAN_POINT('Ctrl Pts',(14.1341779728835,33.4887852690378,15.));
#10853=CARTESIAN_POINT('',(15.0243566533034,30.6818273089091,15.));
#10854=CARTESIAN_POINT('',(15.0243566533034,30.6818273089091,16.));
#10855=CARTESIAN_POINT('Ctrl Pts',(15.0243566533034,30.6818273089091,15.));
#10856=CARTESIAN_POINT('Ctrl Pts',(14.7651626022213,31.0712029075265,15.));
#10857=CARTESIAN_POINT('Ctrl Pts',(14.2015930099063,31.9178282311173,15.));
#10858=CARTESIAN_POINT('Ctrl Pts',(14.1578194308373,32.9378738344451,15.));
#10859=CARTESIAN_POINT('Ctrl Pts',(14.1341779728835,33.4887852690378,15.));
#10860=CARTESIAN_POINT('Ctrl Pts',(17.1628282566969,29.6756877920786,16.));
#10861=CARTESIAN_POINT('Ctrl Pts',(17.1628282566969,29.6756877920786,15.));
#10862=CARTESIAN_POINT('Ctrl Pts',(16.7586760096642,29.721023595871,16.));
#10863=CARTESIAN_POINT('Ctrl Pts',(16.7586760096642,29.721023595871,15.));
#10864=CARTESIAN_POINT('Ctrl Pts',(15.9330312237518,29.813640351787,16.));
#10865=CARTESIAN_POINT('Ctrl Pts',(15.9330312237518,29.813640351787,15.));
#10866=CARTESIAN_POINT('Ctrl Pts',(15.3314596034757,30.3884078774599,16.));
#10867=CARTESIAN_POINT('Ctrl Pts',(15.3314596034757,30.3884078774599,15.));
#10868=CARTESIAN_POINT('Ctrl Pts',(15.0243566533034,30.6818273089091,16.));
#10869=CARTESIAN_POINT('Ctrl Pts',(15.0243566533034,30.6818273089091,15.));
#10870=CARTESIAN_POINT('',(17.1628282566969,29.6756877920786,15.));
#10871=CARTESIAN_POINT('',(17.1628282566969,29.6756877920786,16.));
#10872=CARTESIAN_POINT('Ctrl Pts',(17.1628282566969,29.6756877920786,15.));
#10873=CARTESIAN_POINT('Ctrl Pts',(16.7586760096642,29.721023595871,15.));
#10874=CARTESIAN_POINT('Ctrl Pts',(15.9330312237518,29.813640351787,15.));
#10875=CARTESIAN_POINT('Ctrl Pts',(15.3314596034757,30.3884078774599,15.));
#10876=CARTESIAN_POINT('Ctrl Pts',(15.0243566533034,30.6818273089091,15.));
#10877=CARTESIAN_POINT('Ctrl Pts',(18.380427171797,29.9792351744333,16.));
#10878=CARTESIAN_POINT('Ctrl Pts',(18.380427171797,29.9792351744333,15.));
#10879=CARTESIAN_POINT('Ctrl Pts',(18.1814561975088,29.890716974939,16.));
#10880=CARTESIAN_POINT('Ctrl Pts',(18.1814561975088,29.890716974939,15.));
#10881=CARTESIAN_POINT('Ctrl Pts',(17.7932015202798,29.7179902488599,16.));
#10882=CARTESIAN_POINT('Ctrl Pts',(17.7932015202798,29.7179902488599,15.));
#10883=CARTESIAN_POINT('Ctrl Pts',(17.3694281808972,29.6895520925961,16.));
#10884=CARTESIAN_POINT('Ctrl Pts',(17.3694281808972,29.6895520925961,15.));
#10885=CARTESIAN_POINT('Ctrl Pts',(17.1628282566969,29.6756877920786,16.));
#10886=CARTESIAN_POINT('Ctrl Pts',(17.1628282566969,29.6756877920786,15.));
#10887=CARTESIAN_POINT('',(18.380427171797,29.9792351744333,15.));
#10888=CARTESIAN_POINT('',(18.380427171797,29.9792351744333,16.));
#10889=CARTESIAN_POINT('Ctrl Pts',(18.380427171797,29.9792351744333,15.));
#10890=CARTESIAN_POINT('Ctrl Pts',(18.1814561975088,29.890716974939,15.));
#10891=CARTESIAN_POINT('Ctrl Pts',(17.7932015202798,29.7179902488599,15.));
#10892=CARTESIAN_POINT('Ctrl Pts',(17.3694281808972,29.6895520925961,15.));
#10893=CARTESIAN_POINT('Ctrl Pts',(17.1628282566969,29.6756877920786,15.));
#10894=CARTESIAN_POINT('Ctrl Pts',(19.427494814009,30.9035196325937,16.));
#10895=CARTESIAN_POINT('Ctrl Pts',(19.427494814009,30.9035196325937,15.));
#10896=CARTESIAN_POINT('Ctrl Pts',(19.2763985279492,30.7115567963792,16.));
#10897=CARTESIAN_POINT('Ctrl Pts',(19.2763985279492,30.7115567963792,15.));
#10898=CARTESIAN_POINT('Ctrl Pts',(18.9834757480503,30.3394080885084,16.));
#10899=CARTESIAN_POINT('Ctrl Pts',(18.9834757480503,30.3394080885084,15.));
#10900=CARTESIAN_POINT('Ctrl Pts',(18.5771572650972,30.096732924665,16.));
#10901=CARTESIAN_POINT('Ctrl Pts',(18.5771572650972,30.096732924665,15.));
#10902=CARTESIAN_POINT('Ctrl Pts',(18.380427171797,29.9792351744333,16.));
#10903=CARTESIAN_POINT('Ctrl Pts',(18.380427171797,29.9792351744333,15.));
#10904=CARTESIAN_POINT('',(19.427494814009,30.9035196325937,15.));
#10905=CARTESIAN_POINT('',(19.427494814009,30.9035196325937,16.));
#10906=CARTESIAN_POINT('Ctrl Pts',(19.427494814009,30.9035196325937,15.));
#10907=CARTESIAN_POINT('Ctrl Pts',(19.2763985279492,30.7115567963792,15.));
#10908=CARTESIAN_POINT('Ctrl Pts',(18.9834757480503,30.3394080885084,15.));
#10909=CARTESIAN_POINT('Ctrl Pts',(18.5771572650972,30.096732924665,15.));
#10910=CARTESIAN_POINT('Ctrl Pts',(18.380427171797,29.9792351744333,15.));
#10911=CARTESIAN_POINT('Origin',(19.427494814009,29.8393991015116,16.));
#10912=CARTESIAN_POINT('',(19.427494814009,29.8393991015116,15.));
#10913=CARTESIAN_POINT('',(19.427494814009,29.8393991015116,16.));
#10914=CARTESIAN_POINT('',(19.427494814009,29.8393991015116,15.));
#10915=CARTESIAN_POINT('Origin',(21.2078474064772,29.8393991015116,16.));
#10916=CARTESIAN_POINT('',(21.2078474064772,29.8393991015116,15.));
#10917=CARTESIAN_POINT('',(21.2078474064772,29.8393991015116,16.));
#10918=CARTESIAN_POINT('',(21.2078474064772,29.8393991015116,15.));
#10919=CARTESIAN_POINT('Origin',(21.2078474064772,39.8393991015116,16.));
#10920=CARTESIAN_POINT('',(21.2078474064772,39.8393991015116,15.));
#10921=CARTESIAN_POINT('Origin',(-9.26964361467909,34.7625414000129,15.));
#10922=CARTESIAN_POINT('Ctrl Pts',(1.93772297105242,38.0795081875483,16.));
#10923=CARTESIAN_POINT('Ctrl Pts',(1.93772297105242,38.0795081875483,15.));
#10924=CARTESIAN_POINT('Ctrl Pts',(1.75653470635284,38.0991208743867,16.));
#10925=CARTESIAN_POINT('Ctrl Pts',(1.75653470635284,38.0991208743867,15.));
#10926=CARTESIAN_POINT('Ctrl Pts',(1.27388582608486,38.1513651042064,16.));
#10927=CARTESIAN_POINT('Ctrl Pts',(1.27388582608486,38.1513651042064,15.));
#10928=CARTESIAN_POINT('Ctrl Pts',(0.788168049530711,38.1491219811,16.));
#10929=CARTESIAN_POINT('Ctrl Pts',(0.788168049530711,38.1491219811,15.));
#10930=CARTESIAN_POINT('Ctrl Pts',(0.484790613264332,38.1477209351221,16.));
#10931=CARTESIAN_POINT('Ctrl Pts',(0.484790613264332,38.1477209351221,15.));
#10932=CARTESIAN_POINT('',(1.93772297105242,38.0795081875483,16.));
#10933=CARTESIAN_POINT('',(0.484790613264332,38.1477209351221,16.));
#10934=CARTESIAN_POINT('Ctrl Pts',(1.93772297105242,38.0795081875483,16.));
#10935=CARTESIAN_POINT('Ctrl Pts',(1.75653470635284,38.0991208743867,16.));
#10936=CARTESIAN_POINT('Ctrl Pts',(1.27388582608486,38.1513651042064,16.));
#10937=CARTESIAN_POINT('Ctrl Pts',(0.788168049530711,38.1491219811,16.));
#10938=CARTESIAN_POINT('Ctrl Pts',(0.484790613264332,38.1477209351221,16.));
#10939=CARTESIAN_POINT('',(1.93772297105242,38.0795081875483,15.));
#10940=CARTESIAN_POINT('',(1.93772297105242,38.0795081875483,16.));
#10941=CARTESIAN_POINT('',(0.484790613264332,38.1477209351221,15.));
#10942=CARTESIAN_POINT('Ctrl Pts',(1.93772297105242,38.0795081875483,15.));
#10943=CARTESIAN_POINT('Ctrl Pts',(1.75653470635284,38.0991208743867,15.));
#10944=CARTESIAN_POINT('Ctrl Pts',(1.27388582608486,38.1513651042064,15.));
#10945=CARTESIAN_POINT('Ctrl Pts',(0.788168049530711,38.1491219811,15.));
#10946=CARTESIAN_POINT('Ctrl Pts',(0.484790613264332,38.1477209351221,15.));
#10947=CARTESIAN_POINT('',(0.484790613264332,38.1477209351221,16.));
#10948=CARTESIAN_POINT('Ctrl Pts',(2.74945717057634,37.6361247322718,16.));
#10949=CARTESIAN_POINT('Ctrl Pts',(2.74945717057634,37.6361247322718,15.));
#10950=CARTESIAN_POINT('Ctrl Pts',(2.63455231455029,37.7434406125408,16.));
#10951=CARTESIAN_POINT('Ctrl Pts',(2.63455231455029,37.7434406125408,15.));
#10952=CARTESIAN_POINT('Ctrl Pts',(2.40203951648686,37.9605969317856,16.));
#10953=CARTESIAN_POINT('Ctrl Pts',(2.40203951648686,37.9605969317856,15.));
#10954=CARTESIAN_POINT('Ctrl Pts',(2.09369006213856,38.0395650865732,16.));
#10955=CARTESIAN_POINT('Ctrl Pts',(2.09369006213856,38.0395650865732,15.));
#10956=CARTESIAN_POINT('Ctrl Pts',(1.93772297105242,38.0795081875483,16.));
#10957=CARTESIAN_POINT('Ctrl Pts',(1.93772297105242,38.0795081875483,15.));
#10958=CARTESIAN_POINT('',(2.74945717057634,37.6361247322718,16.));
#10959=CARTESIAN_POINT('Ctrl Pts',(2.74945717057634,37.6361247322718,16.));
#10960=CARTESIAN_POINT('Ctrl Pts',(2.63455231455029,37.7434406125408,16.));
#10961=CARTESIAN_POINT('Ctrl Pts',(2.40203951648686,37.9605969317856,16.));
#10962=CARTESIAN_POINT('Ctrl Pts',(2.09369006213856,38.0395650865732,16.));
#10963=CARTESIAN_POINT('Ctrl Pts',(1.93772297105242,38.0795081875483,16.));
#10964=CARTESIAN_POINT('',(2.74945717057634,37.6361247322718,15.));
#10965=CARTESIAN_POINT('',(2.74945717057634,37.6361247322718,16.));
#10966=CARTESIAN_POINT('Ctrl Pts',(2.74945717057634,37.6361247322718,15.));
#10967=CARTESIAN_POINT('Ctrl Pts',(2.63455231455029,37.7434406125408,15.));
#10968=CARTESIAN_POINT('Ctrl Pts',(2.40203951648686,37.9605969317856,15.));
#10969=CARTESIAN_POINT('Ctrl Pts',(2.09369006213856,38.0395650865732,15.));
#10970=CARTESIAN_POINT('Ctrl Pts',(1.93772297105242,38.0795081875483,15.));
#10971=CARTESIAN_POINT('Ctrl Pts',(3.07005863389421,36.7357155106226,16.));
#10972=CARTESIAN_POINT('Ctrl Pts',(3.07005863389421,36.7357155106226,15.));
#10973=CARTESIAN_POINT('Ctrl Pts',(3.05876245651512,36.9073128055687,16.));
#10974=CARTESIAN_POINT('Ctrl Pts',(3.05876245651512,36.9073128055687,15.));
#10975=CARTESIAN_POINT('Ctrl Pts',(3.03696627541999,37.2384129282525,16.));
#10976=CARTESIAN_POINT('Ctrl Pts',(3.03696627541999,37.2384129282525,15.));
#10977=CARTESIAN_POINT('Ctrl Pts',(2.84293095662575,37.5068222947074,16.));
#10978=CARTESIAN_POINT('Ctrl Pts',(2.84293095662575,37.5068222947074,15.));
#10979=CARTESIAN_POINT('Ctrl Pts',(2.74945717057634,37.6361247322718,16.));
#10980=CARTESIAN_POINT('Ctrl Pts',(2.74945717057634,37.6361247322718,15.));
#10981=CARTESIAN_POINT('',(3.07005863389421,36.7357155106226,16.));
#10982=CARTESIAN_POINT('Ctrl Pts',(3.07005863389421,36.7357155106226,16.));
#10983=CARTESIAN_POINT('Ctrl Pts',(3.05876245651512,36.9073128055687,16.));
#10984=CARTESIAN_POINT('Ctrl Pts',(3.03696627541999,37.2384129282525,16.));
#10985=CARTESIAN_POINT('Ctrl Pts',(2.84293095662575,37.5068222947074,16.));
#10986=CARTESIAN_POINT('Ctrl Pts',(2.74945717057634,37.6361247322718,16.));
#10987=CARTESIAN_POINT('',(3.07005863389421,36.7357155106226,15.));
#10988=CARTESIAN_POINT('',(3.07005863389421,36.7357155106226,16.));
#10989=CARTESIAN_POINT('Ctrl Pts',(3.07005863389421,36.7357155106226,15.));
#10990=CARTESIAN_POINT('Ctrl Pts',(3.05876245651512,36.9073128055687,15.));
#10991=CARTESIAN_POINT('Ctrl Pts',(3.03696627541999,37.2384129282525,15.));
#10992=CARTESIAN_POINT('Ctrl Pts',(2.84293095662575,37.5068222947074,15.));
#10993=CARTESIAN_POINT('Ctrl Pts',(2.74945717057634,37.6361247322718,15.));
#10994=CARTESIAN_POINT('Ctrl Pts',(2.84154396256853,35.958089473025,16.));
#10995=CARTESIAN_POINT('Ctrl Pts',(2.84154396256853,35.958089473025,15.));
#10996=CARTESIAN_POINT('Ctrl Pts',(2.90818253266207,36.0757652777666,16.));
#10997=CARTESIAN_POINT('Ctrl Pts',(2.90818253266207,36.0757652777666,15.));
#10998=CARTESIAN_POINT('Ctrl Pts',(3.04477549508845,36.3169722357341,16.));
#10999=CARTESIAN_POINT('Ctrl Pts',(3.04477549508845,36.3169722357341,15.));
#11000=CARTESIAN_POINT('Ctrl Pts',(3.0614956260867,36.5938936442887,16.));
#11001=CARTESIAN_POINT('Ctrl Pts',(3.0614956260867,36.5938936442887,15.));
#11002=CARTESIAN_POINT('Ctrl Pts',(3.07005863389421,36.7357155106226,16.));
#11003=CARTESIAN_POINT('Ctrl Pts',(3.07005863389421,36.7357155106226,15.));
#11004=CARTESIAN_POINT('',(2.84154396256853,35.958089473025,16.));
#11005=CARTESIAN_POINT('Ctrl Pts',(2.84154396256853,35.958089473025,16.));
#11006=CARTESIAN_POINT('Ctrl Pts',(2.90818253266207,36.0757652777666,16.));
#11007=CARTESIAN_POINT('Ctrl Pts',(3.04477549508845,36.3169722357341,16.));
#11008=CARTESIAN_POINT('Ctrl Pts',(3.0614956260867,36.5938936442887,16.));
#11009=CARTESIAN_POINT('Ctrl Pts',(3.07005863389421,36.7357155106226,16.));
#11010=CARTESIAN_POINT('',(2.84154396256853,35.958089473025,15.));
#11011=CARTESIAN_POINT('',(2.84154396256853,35.958089473025,16.));
#11012=CARTESIAN_POINT('Ctrl Pts',(2.84154396256853,35.958089473025,15.));
#11013=CARTESIAN_POINT('Ctrl Pts',(2.90818253266207,36.0757652777666,15.));
#11014=CARTESIAN_POINT('Ctrl Pts',(3.04477549508845,36.3169722357341,15.));
#11015=CARTESIAN_POINT('Ctrl Pts',(3.0614956260867,36.5938936442887,15.));
#11016=CARTESIAN_POINT('Ctrl Pts',(3.07005863389421,36.7357155106226,15.));
#11017=CARTESIAN_POINT('Ctrl Pts',(2.21057396134783,35.4669573328653,16.));
#11018=CARTESIAN_POINT('Ctrl Pts',(2.21057396134783,35.4669573328653,15.));
#11019=CARTESIAN_POINT('Ctrl Pts',(2.33679071801005,35.5256506242296,16.));
#11020=CARTESIAN_POINT('Ctrl Pts',(2.33679071801005,35.5256506242296,15.));
#11021=CARTESIAN_POINT('Ctrl Pts',(2.58493264265083,35.6410415332322,16.));
#11022=CARTESIAN_POINT('Ctrl Pts',(2.58493264265083,35.6410415332322,15.));
#11023=CARTESIAN_POINT('Ctrl Pts',(2.75699881140496,35.8536324054082,16.));
#11024=CARTESIAN_POINT('Ctrl Pts',(2.75699881140496,35.8536324054082,15.));
#11025=CARTESIAN_POINT('Ctrl Pts',(2.84154396256853,35.958089473025,16.));
#11026=CARTESIAN_POINT('Ctrl Pts',(2.84154396256853,35.958089473025,15.));
#11027=CARTESIAN_POINT('',(2.21057396134783,35.4669573328653,16.));
#11028=CARTESIAN_POINT('Ctrl Pts',(2.21057396134783,35.4669573328653,16.));
#11029=CARTESIAN_POINT('Ctrl Pts',(2.33679071801005,35.5256506242296,16.));
#11030=CARTESIAN_POINT('Ctrl Pts',(2.58493264265083,35.6410415332322,16.));
#11031=CARTESIAN_POINT('Ctrl Pts',(2.75699881140496,35.8536324054082,16.));
#11032=CARTESIAN_POINT('Ctrl Pts',(2.84154396256853,35.958089473025,16.));
#11033=CARTESIAN_POINT('',(2.21057396134783,35.4669573328653,15.));
#11034=CARTESIAN_POINT('',(2.21057396134783,35.4669573328653,16.));
#11035=CARTESIAN_POINT('Ctrl Pts',(2.21057396134783,35.4669573328653,15.));
#11036=CARTESIAN_POINT('Ctrl Pts',(2.33679071801005,35.5256506242296,15.));
#11037=CARTESIAN_POINT('Ctrl Pts',(2.58493264265083,35.6410415332322,15.));
#11038=CARTESIAN_POINT('Ctrl Pts',(2.75699881140496,35.8536324054082,15.));
#11039=CARTESIAN_POINT('Ctrl Pts',(2.84154396256853,35.958089473025,15.));
#11040=CARTESIAN_POINT('Ctrl Pts',(0.614394952863941,35.3100677750269,16.));
#11041=CARTESIAN_POINT('Ctrl Pts',(0.614394952863941,35.3100677750269,15.));
#11042=CARTESIAN_POINT('Ctrl Pts',(0.9482069210849,35.3073918026149,16.));
#11043=CARTESIAN_POINT('Ctrl Pts',(0.9482069210849,35.3073918026149,15.));
#11044=CARTESIAN_POINT('Ctrl Pts',(1.48689026493369,35.3030734979878,16.));
#11045=CARTESIAN_POINT('Ctrl Pts',(1.48689026493369,35.3030734979878,15.));
#11046=CARTESIAN_POINT('Ctrl Pts',(2.01117764185683,35.421802476316,16.));
#11047=CARTESIAN_POINT('Ctrl Pts',(2.01117764185683,35.421802476316,15.));
#11048=CARTESIAN_POINT('Ctrl Pts',(2.21057396134783,35.4669573328653,16.));
#11049=CARTESIAN_POINT('Ctrl Pts',(2.21057396134783,35.4669573328653,15.));
#11050=CARTESIAN_POINT('',(0.614394952863941,35.3100677750269,16.));
#11051=CARTESIAN_POINT('Ctrl Pts',(0.614394952863941,35.3100677750269,16.));
#11052=CARTESIAN_POINT('Ctrl Pts',(0.9482069210849,35.3073918026149,16.));
#11053=CARTESIAN_POINT('Ctrl Pts',(1.48689026493369,35.3030734979878,16.));
#11054=CARTESIAN_POINT('Ctrl Pts',(2.01117764185683,35.421802476316,16.));
#11055=CARTESIAN_POINT('Ctrl Pts',(2.21057396134783,35.4669573328653,16.));
#11056=CARTESIAN_POINT('',(0.614394952863941,35.3100677750269,15.));
#11057=CARTESIAN_POINT('',(0.614394952863941,35.3100677750269,16.));
#11058=CARTESIAN_POINT('Ctrl Pts',(0.614394952863941,35.3100677750269,15.));
#11059=CARTESIAN_POINT('Ctrl Pts',(0.9482069210849,35.3073918026149,15.));
#11060=CARTESIAN_POINT('Ctrl Pts',(1.48689026493369,35.3030734979878,15.));
#11061=CARTESIAN_POINT('Ctrl Pts',(2.01117764185683,35.421802476316,15.));
#11062=CARTESIAN_POINT('Ctrl Pts',(2.21057396134783,35.4669573328653,15.));
#11063=CARTESIAN_POINT('Origin',(-0.490651319413891,35.3100677750269,16.));
#11064=CARTESIAN_POINT('',(-0.490651319413891,35.3100677750269,16.));
#11065=CARTESIAN_POINT('',(-0.245325659706945,35.3100677750269,16.));
#11066=CARTESIAN_POINT('',(-0.490651319413891,35.3100677750269,15.));
#11067=CARTESIAN_POINT('',(-0.490651319413891,35.3100677750269,16.));
#11068=CARTESIAN_POINT('',(-0.490651319413891,35.3100677750269,15.));
#11069=CARTESIAN_POINT('Origin',(-0.490651319413891,38.1477209351221,16.));
#11070=CARTESIAN_POINT('',(-0.490651319413891,38.1477209351221,16.));
#11071=CARTESIAN_POINT('',(-0.490651319413892,19.0738604675611,16.));
#11072=CARTESIAN_POINT('',(-0.490651319413891,38.1477209351221,15.));
#11073=CARTESIAN_POINT('',(-0.490651319413891,38.1477209351221,16.));
#11074=CARTESIAN_POINT('',(-0.490651319413891,38.1477209351221,15.));
#11075=CARTESIAN_POINT('Origin',(0.484790613264332,38.1477209351221,16.));
#11076=CARTESIAN_POINT('',(0.242395306632166,38.1477209351221,16.));
#11077=CARTESIAN_POINT('',(0.484790613264332,38.1477209351221,15.));
#11078=CARTESIAN_POINT('Origin',(-0.490651319413891,33.6115684530893,16.));
#11079=CARTESIAN_POINT('',(-0.490651319413891,33.6115684530893,15.));
#11080=CARTESIAN_POINT('',(-0.490651319413891,33.6115684530893,16.));
#11081=CARTESIAN_POINT('',(-0.490651319413891,29.8393991015116,15.));
#11082=CARTESIAN_POINT('',(-0.490651319413891,33.6115684530893,15.));
#11083=CARTESIAN_POINT('',(-0.490651319413891,29.8393991015116,16.));
#11084=CARTESIAN_POINT('Origin',(0.825853159040699,33.6115684530893,16.));
#11085=CARTESIAN_POINT('',(0.825853159040699,33.6115684530893,15.));
#11086=CARTESIAN_POINT('',(0.825853159040699,33.6115684530893,16.));
#11087=CARTESIAN_POINT('',(0.825853159040699,33.6115684530893,15.));
#11088=CARTESIAN_POINT('Ctrl Pts',(2.91998844346453,33.7548151037851,16.));
#11089=CARTESIAN_POINT('Ctrl Pts',(2.91998844346453,33.7548151037851,15.));
#11090=CARTESIAN_POINT('Ctrl Pts',(2.62539951300826,33.713272375718,16.));
#11091=CARTESIAN_POINT('Ctrl Pts',(2.62539951300826,33.713272375718,15.));
#11092=CARTESIAN_POINT('Ctrl Pts',(1.93113343954834,33.6153674522326,16.));
#11093=CARTESIAN_POINT('Ctrl Pts',(1.93113343954834,33.6153674522326,15.));
#11094=CARTESIAN_POINT('Ctrl Pts',(1.22967235009492,33.6129564347515,16.));
#11095=CARTESIAN_POINT('Ctrl Pts',(1.22967235009492,33.6129564347515,15.));
#11096=CARTESIAN_POINT('Ctrl Pts',(0.825853159040699,33.6115684530893,16.));
#11097=CARTESIAN_POINT('Ctrl Pts',(0.825853159040699,33.6115684530893,15.));
#11098=CARTESIAN_POINT('',(2.91998844346453,33.7548151037851,15.));
#11099=CARTESIAN_POINT('',(2.91998844346453,33.7548151037851,16.));
#11100=CARTESIAN_POINT('Ctrl Pts',(2.91998844346453,33.7548151037851,15.));
#11101=CARTESIAN_POINT('Ctrl Pts',(2.62539951300826,33.713272375718,15.));
#11102=CARTESIAN_POINT('Ctrl Pts',(1.93113343954834,33.6153674522326,15.));
#11103=CARTESIAN_POINT('Ctrl Pts',(1.22967235009492,33.6129564347515,15.));
#11104=CARTESIAN_POINT('Ctrl Pts',(0.825853159040699,33.6115684530893,15.));
#11105=CARTESIAN_POINT('Ctrl Pts',(3.96705608567644,34.2288943550745,16.));
#11106=CARTESIAN_POINT('Ctrl Pts',(3.96705608567644,34.2288943550745,15.));
#11107=CARTESIAN_POINT('Ctrl Pts',(3.7981393126109,34.1203948129018,16.));
#11108=CARTESIAN_POINT('Ctrl Pts',(3.7981393126109,34.1203948129018,15.));
#11109=CARTESIAN_POINT('Ctrl Pts',(3.47215039712067,33.911003836256,16.));
#11110=CARTESIAN_POINT('Ctrl Pts',(3.47215039712067,33.911003836256,15.));
#11111=CARTESIAN_POINT('Ctrl Pts',(3.09952943441198,33.8056014348914,16.));
#11112=CARTESIAN_POINT('Ctrl Pts',(3.09952943441198,33.8056014348914,15.));
#11113=CARTESIAN_POINT('Ctrl Pts',(2.91998844346453,33.7548151037851,16.));
#11114=CARTESIAN_POINT('Ctrl Pts',(2.91998844346453,33.7548151037851,15.));
#11115=CARTESIAN_POINT('',(3.96705608567644,34.2288943550745,15.));
#11116=CARTESIAN_POINT('',(3.96705608567644,34.2288943550745,16.));
#11117=CARTESIAN_POINT('Ctrl Pts',(3.96705608567644,34.2288943550745,15.));
#11118=CARTESIAN_POINT('Ctrl Pts',(3.7981393126109,34.1203948129018,15.));
#11119=CARTESIAN_POINT('Ctrl Pts',(3.47215039712067,33.911003836256,15.));
#11120=CARTESIAN_POINT('Ctrl Pts',(3.09952943441198,33.8056014348914,15.));
#11121=CARTESIAN_POINT('Ctrl Pts',(2.91998844346453,33.7548151037851,15.));
#11122=CARTESIAN_POINT('Ctrl Pts',(4.81630783280779,35.2145698092142,16.));
#11123=CARTESIAN_POINT('Ctrl Pts',(4.81630783280779,35.2145698092142,15.));
#11124=CARTESIAN_POINT('Ctrl Pts',(4.70033404032227,35.0187139428203,16.));
#11125=CARTESIAN_POINT('Ctrl Pts',(4.70033404032227,35.0187139428203,15.));
#11126=CARTESIAN_POINT('Ctrl Pts',(4.47571597553685,34.6393802611029,16.));
#11127=CARTESIAN_POINT('Ctrl Pts',(4.47571597553685,34.6393802611029,15.));
#11128=CARTESIAN_POINT('Ctrl Pts',(4.13288035512541,34.3627136847349,16.));
#11129=CARTESIAN_POINT('Ctrl Pts',(4.13288035512541,34.3627136847349,15.));
#11130=CARTESIAN_POINT('Ctrl Pts',(3.96705608567644,34.2288943550745,16.));
#11131=CARTESIAN_POINT('Ctrl Pts',(3.96705608567644,34.2288943550745,15.));
#11132=CARTESIAN_POINT('',(4.81630783280779,35.2145698092142,15.));
#11133=CARTESIAN_POINT('',(4.81630783280779,35.2145698092142,16.));
#11134=CARTESIAN_POINT('Ctrl Pts',(4.81630783280779,35.2145698092142,15.));
#11135=CARTESIAN_POINT('Ctrl Pts',(4.70033404032227,35.0187139428203,15.));
#11136=CARTESIAN_POINT('Ctrl Pts',(4.47571597553685,34.6393802611029,15.));
#11137=CARTESIAN_POINT('Ctrl Pts',(4.13288035512541,34.3627136847349,15.));
#11138=CARTESIAN_POINT('Ctrl Pts',(3.96705608567644,34.2288943550745,15.));
#11139=CARTESIAN_POINT('Ctrl Pts',(5.15054683885027,36.7630007288614,16.));
#11140=CARTESIAN_POINT('Ctrl Pts',(5.15054683885027,36.7630007288614,15.));
#11141=CARTESIAN_POINT('Ctrl Pts',(5.14076909523429,36.4764270523905,16.));
#11142=CARTESIAN_POINT('Ctrl Pts',(5.14076909523429,36.4764270523905,15.));
#11143=CARTESIAN_POINT('Ctrl Pts',(5.12244536644834,35.9393810291891,16.));
#11144=CARTESIAN_POINT('Ctrl Pts',(5.12244536644834,35.9393810291891,15.));
#11145=CARTESIAN_POINT('Ctrl Pts',(4.91367570307076,35.4450979773627,16.));
#11146=CARTESIAN_POINT('Ctrl Pts',(4.91367570307076,35.4450979773627,15.));
#11147=CARTESIAN_POINT('Ctrl Pts',(4.81630783280779,35.2145698092142,16.));
#11148=CARTESIAN_POINT('Ctrl Pts',(4.81630783280779,35.2145698092142,15.));
#11149=CARTESIAN_POINT('',(5.15054683885027,36.7630007288614,15.));
#11150=CARTESIAN_POINT('',(5.15054683885027,36.7630007288614,16.));
#11151=CARTESIAN_POINT('Ctrl Pts',(5.15054683885027,36.7630007288614,15.));
#11152=CARTESIAN_POINT('Ctrl Pts',(5.14076909523429,36.4764270523905,15.));
#11153=CARTESIAN_POINT('Ctrl Pts',(5.12244536644834,35.9393810291891,15.));
#11154=CARTESIAN_POINT('Ctrl Pts',(4.91367570307076,35.4450979773627,15.));
#11155=CARTESIAN_POINT('Ctrl Pts',(4.81630783280779,35.2145698092142,15.));
#11156=CARTESIAN_POINT('Ctrl Pts',(4.57074146470476,38.7104769966761,16.));
#11157=CARTESIAN_POINT('Ctrl Pts',(4.57074146470476,38.7104769966761,15.));
#11158=CARTESIAN_POINT('Ctrl Pts',(4.73968017055284,38.4299739857954,16.));
#11159=CARTESIAN_POINT('Ctrl Pts',(4.73968017055284,38.4299739857954,15.));
#11160=CARTESIAN_POINT('Ctrl Pts',(5.09963057866942,37.8323183287478,16.));
#11161=CARTESIAN_POINT('Ctrl Pts',(5.09963057866942,37.8323183287478,15.));
#11162=CARTESIAN_POINT('Ctrl Pts',(5.13289480553079,37.1337198240043,16.));
#11163=CARTESIAN_POINT('Ctrl Pts',(5.13289480553079,37.1337198240043,15.));
#11164=CARTESIAN_POINT('Ctrl Pts',(5.15054683885027,36.7630007288614,16.));
#11165=CARTESIAN_POINT('Ctrl Pts',(5.15054683885027,36.7630007288614,15.));
#11166=CARTESIAN_POINT('',(4.57074146470476,38.7104769966761,15.));
#11167=CARTESIAN_POINT('',(4.57074146470476,38.7104769966761,16.));
#11168=CARTESIAN_POINT('Ctrl Pts',(4.57074146470476,38.7104769966761,15.));
#11169=CARTESIAN_POINT('Ctrl Pts',(4.73968017055284,38.4299739857954,15.));
#11170=CARTESIAN_POINT('Ctrl Pts',(5.09963057866942,37.8323183287478,15.));
#11171=CARTESIAN_POINT('Ctrl Pts',(5.13289480553079,37.1337198240043,15.));
#11172=CARTESIAN_POINT('Ctrl Pts',(5.15054683885027,36.7630007288614,15.));
#11173=CARTESIAN_POINT('Ctrl Pts',(3.13144664964129,39.6893306992212,16.));
#11174=CARTESIAN_POINT('Ctrl Pts',(3.13144664964129,39.6893306992212,15.));
#11175=CARTESIAN_POINT('Ctrl Pts',(3.40799721752129,39.5900231940951,16.));
#11176=CARTESIAN_POINT('Ctrl Pts',(3.40799721752129,39.5900231940951,15.));
#11177=CARTESIAN_POINT('Ctrl Pts',(3.97148360444129,39.3876789078891,16.));
#11178=CARTESIAN_POINT('Ctrl Pts',(3.97148360444129,39.3876789078891,15.));
#11179=CARTESIAN_POINT('Ctrl Pts',(4.36854949024103,38.9389676025041,16.));
#11180=CARTESIAN_POINT('Ctrl Pts',(4.36854949024103,38.9389676025041,15.));
#11181=CARTESIAN_POINT('Ctrl Pts',(4.57074146470476,38.7104769966761,16.));
#11182=CARTESIAN_POINT('Ctrl Pts',(4.57074146470476,38.7104769966761,15.));
#11183=CARTESIAN_POINT('',(3.13144664964129,39.6893306992212,15.));
#11184=CARTESIAN_POINT('',(3.13144664964129,39.6893306992212,16.));
#11185=CARTESIAN_POINT('Ctrl Pts',(3.13144664964129,39.6893306992212,15.));
#11186=CARTESIAN_POINT('Ctrl Pts',(3.40799721752129,39.5900231940951,15.));
#11187=CARTESIAN_POINT('Ctrl Pts',(3.97148360444129,39.3876789078891,15.));
#11188=CARTESIAN_POINT('Ctrl Pts',(4.36854949024103,38.9389676025041,15.));
#11189=CARTESIAN_POINT('Ctrl Pts',(4.57074146470476,38.7104769966761,15.));
#11190=CARTESIAN_POINT('Ctrl Pts',(0.730356981367359,39.8393991015116,16.));
#11191=CARTESIAN_POINT('Ctrl Pts',(0.730356981367359,39.8393991015116,15.));
#11192=CARTESIAN_POINT('Ctrl Pts',(1.23865166257579,39.8432689699219,16.));
#11193=CARTESIAN_POINT('Ctrl Pts',(1.23865166257579,39.8432689699219,15.));
#11194=CARTESIAN_POINT('Ctrl Pts',(2.04328691498254,39.8493950079472,16.));
#11195=CARTESIAN_POINT('Ctrl Pts',(2.04328691498254,39.8493950079472,15.));
#11196=CARTESIAN_POINT('Ctrl Pts',(2.83855567927656,39.7324138874796,16.));
#11197=CARTESIAN_POINT('Ctrl Pts',(2.83855567927656,39.7324138874796,15.));
#11198=CARTESIAN_POINT('Ctrl Pts',(3.13144664964129,39.6893306992212,16.));
#11199=CARTESIAN_POINT('Ctrl Pts',(3.13144664964129,39.6893306992212,15.));
#11200=CARTESIAN_POINT('',(0.730356981367359,39.8393991015116,15.));
#11201=CARTESIAN_POINT('',(0.730356981367359,39.8393991015116,16.));
#11202=CARTESIAN_POINT('Ctrl Pts',(0.730356981367359,39.8393991015116,15.));
#11203=CARTESIAN_POINT('Ctrl Pts',(1.23865166257579,39.8432689699219,15.));
#11204=CARTESIAN_POINT('Ctrl Pts',(2.04328691498254,39.8493950079472,15.));
#11205=CARTESIAN_POINT('Ctrl Pts',(2.83855567927656,39.7324138874796,15.));
#11206=CARTESIAN_POINT('Ctrl Pts',(3.13144664964129,39.6893306992212,15.));
#11207=CARTESIAN_POINT('Origin',(-2.50975150862287,39.8393991015116,16.));
#11208=CARTESIAN_POINT('',(-2.50975150862287,39.8393991015116,15.));
#11209=CARTESIAN_POINT('',(-2.50975150862287,39.8393991015116,16.));
#11210=CARTESIAN_POINT('',(-2.50975150862287,39.8393991015116,15.));
#11211=CARTESIAN_POINT('Origin',(-2.50975150862287,29.8393991015116,16.));
#11212=CARTESIAN_POINT('',(-2.50975150862287,29.8393991015116,15.));
#11213=CARTESIAN_POINT('',(-2.50975150862287,29.8393991015116,16.));
#11214=CARTESIAN_POINT('',(-2.50975150862287,29.8393991015116,15.));
#11215=CARTESIAN_POINT('Origin',(-0.490651319413891,29.8393991015116,16.));
#11216=CARTESIAN_POINT('',(-0.490651319413891,29.8393991015116,15.));
#11217=CARTESIAN_POINT('Origin',(-9.26964361467909,34.7625414000129,15.));
#11218=CARTESIAN_POINT('Ctrl Pts',(10.7167146702712,32.0017459414164,16.));
#11219=CARTESIAN_POINT('Ctrl Pts',(10.7167146702712,32.0017459414164,15.));
#11220=CARTESIAN_POINT('Ctrl Pts',(10.7383274570273,32.120279349931,16.));
#11221=CARTESIAN_POINT('Ctrl Pts',(10.7383274570273,32.120279349931,15.));
#11222=CARTESIAN_POINT('Ctrl Pts',(10.7945856625934,32.4288224794176,16.));
#11223=CARTESIAN_POINT('Ctrl Pts',(10.7945856625934,32.4288224794176,15.));
#11224=CARTESIAN_POINT('Ctrl Pts',(10.7928305897508,32.742865451124,16.));
#11225=CARTESIAN_POINT('Ctrl Pts',(10.7928305897508,32.742865451124,15.));
#11226=CARTESIAN_POINT('Ctrl Pts',(10.791749765486,32.9362621328989,16.));
#11227=CARTESIAN_POINT('Ctrl Pts',(10.791749765486,32.9362621328989,15.));
#11228=CARTESIAN_POINT('',(10.7167146702712,32.0017459414164,16.));
#11229=CARTESIAN_POINT('',(10.791749765486,32.9362621328989,16.));
#11230=CARTESIAN_POINT('Ctrl Pts',(10.7167146702712,32.0017459414164,16.));
#11231=CARTESIAN_POINT('Ctrl Pts',(10.7383274570273,32.120279349931,16.));
#11232=CARTESIAN_POINT('Ctrl Pts',(10.7945856625934,32.4288224794176,16.));
#11233=CARTESIAN_POINT('Ctrl Pts',(10.7928305897508,32.742865451124,16.));
#11234=CARTESIAN_POINT('Ctrl Pts',(10.791749765486,32.9362621328989,16.));
#11235=CARTESIAN_POINT('',(10.7167146702712,32.0017459414164,15.));
#11236=CARTESIAN_POINT('',(10.7167146702712,32.0017459414164,16.));
#11237=CARTESIAN_POINT('',(10.791749765486,32.9362621328989,15.));
#11238=CARTESIAN_POINT('Ctrl Pts',(10.7167146702712,32.0017459414164,15.));
#11239=CARTESIAN_POINT('Ctrl Pts',(10.7383274570273,32.120279349931,15.));
#11240=CARTESIAN_POINT('Ctrl Pts',(10.7945856625934,32.4288224794176,15.));
#11241=CARTESIAN_POINT('Ctrl Pts',(10.7928305897508,32.742865451124,15.));
#11242=CARTESIAN_POINT('Ctrl Pts',(10.791749765486,32.9362621328989,15.));
#11243=CARTESIAN_POINT('',(10.791749765486,32.9362621328989,16.));
#11244=CARTESIAN_POINT('Ctrl Pts',(10.2596853276198,31.3673665545145,16.));
#11245=CARTESIAN_POINT('Ctrl Pts',(10.2596853276198,31.3673665545145,15.));
#11246=CARTESIAN_POINT('Ctrl Pts',(10.3651389063086,31.4567376439858,16.));
#11247=CARTESIAN_POINT('Ctrl Pts',(10.3651389063086,31.4567376439858,15.));
#11248=CARTESIAN_POINT('Ctrl Pts',(10.5702448468522,31.630563336687,16.));
#11249=CARTESIAN_POINT('Ctrl Pts',(10.5702448468522,31.630563336687,15.));
#11250=CARTESIAN_POINT('Ctrl Pts',(10.6688207696644,31.880373618006,16.));
#11251=CARTESIAN_POINT('Ctrl Pts',(10.6688207696644,31.880373618006,15.));
#11252=CARTESIAN_POINT('Ctrl Pts',(10.7167146702712,32.0017459414164,16.));
#11253=CARTESIAN_POINT('Ctrl Pts',(10.7167146702712,32.0017459414164,15.));
#11254=CARTESIAN_POINT('',(10.2596853276198,31.3673665545145,16.));
#11255=CARTESIAN_POINT('Ctrl Pts',(10.2596853276198,31.3673665545145,16.));
#11256=CARTESIAN_POINT('Ctrl Pts',(10.3651389063086,31.4567376439858,16.));
#11257=CARTESIAN_POINT('Ctrl Pts',(10.5702448468522,31.630563336687,16.));
#11258=CARTESIAN_POINT('Ctrl Pts',(10.6688207696644,31.880373618006,16.));
#11259=CARTESIAN_POINT('Ctrl Pts',(10.7167146702712,32.0017459414164,16.));
#11260=CARTESIAN_POINT('',(10.2596853276198,31.3673665545145,15.));
#11261=CARTESIAN_POINT('',(10.2596853276198,31.3673665545145,16.));
#11262=CARTESIAN_POINT('Ctrl Pts',(10.2596853276198,31.3673665545145,15.));
#11263=CARTESIAN_POINT('Ctrl Pts',(10.3651389063086,31.4567376439858,15.));
#11264=CARTESIAN_POINT('Ctrl Pts',(10.5702448468522,31.630563336687,15.));
#11265=CARTESIAN_POINT('Ctrl Pts',(10.6688207696644,31.880373618006,15.));
#11266=CARTESIAN_POINT('Ctrl Pts',(10.7167146702712,32.0017459414164,15.));
#11267=CARTESIAN_POINT('Ctrl Pts',(9.27060108384539,31.0263028166453,16.));
#11268=CARTESIAN_POINT('Ctrl Pts',(9.27060108384539,31.0263028166453,15.));
#11269=CARTESIAN_POINT('Ctrl Pts',(9.44368243868881,31.0421838258071,16.));
#11270=CARTESIAN_POINT('Ctrl Pts',(9.44368243868881,31.0421838258071,15.));
#11271=CARTESIAN_POINT('Ctrl Pts',(9.80083043641224,31.0749537947568,16.));
#11272=CARTESIAN_POINT('Ctrl Pts',(9.80083043641224,31.0749537947568,15.));
#11273=CARTESIAN_POINT('Ctrl Pts',(10.103629166058,31.2679172215034,16.));
#11274=CARTESIAN_POINT('Ctrl Pts',(10.103629166058,31.2679172215034,15.));
#11275=CARTESIAN_POINT('Ctrl Pts',(10.2596853276198,31.3673665545145,16.));
#11276=CARTESIAN_POINT('Ctrl Pts',(10.2596853276198,31.3673665545145,15.));
#11277=CARTESIAN_POINT('',(9.27060108384539,31.0263028166453,16.));
#11278=CARTESIAN_POINT('Ctrl Pts',(9.27060108384539,31.0263028166453,16.));
#11279=CARTESIAN_POINT('Ctrl Pts',(9.44368243868881,31.0421838258071,16.));
#11280=CARTESIAN_POINT('Ctrl Pts',(9.80083043641224,31.0749537947568,16.));
#11281=CARTESIAN_POINT('Ctrl Pts',(10.103629166058,31.2679172215034,16.));
#11282=CARTESIAN_POINT('Ctrl Pts',(10.2596853276198,31.3673665545145,16.));
#11283=CARTESIAN_POINT('',(9.27060108384539,31.0263028166453,15.));
#11284=CARTESIAN_POINT('',(9.27060108384539,31.0263028166453,16.));
#11285=CARTESIAN_POINT('Ctrl Pts',(9.27060108384539,31.0263028166453,15.));
#11286=CARTESIAN_POINT('Ctrl Pts',(9.44368243868881,31.0421838258071,15.));
#11287=CARTESIAN_POINT('Ctrl Pts',(9.80083043641224,31.0749537947568,15.));
#11288=CARTESIAN_POINT('Ctrl Pts',(10.103629166058,31.2679172215034,15.));
#11289=CARTESIAN_POINT('Ctrl Pts',(10.2596853276198,31.3673665545145,15.));
#11290=CARTESIAN_POINT('Ctrl Pts',(8.50661735734392,31.319617273585,16.));
#11291=CARTESIAN_POINT('Ctrl Pts',(8.50661735734392,31.319617273585,15.));
#11292=CARTESIAN_POINT('Ctrl Pts',(8.6155399761636,31.2340855635088,16.));
#11293=CARTESIAN_POINT('Ctrl Pts',(8.6155399761636,31.2340855635088,15.));
#11294=CARTESIAN_POINT('Ctrl Pts',(8.83965904971016,31.0580956008286,16.));
#11295=CARTESIAN_POINT('Ctrl Pts',(8.83965904971016,31.0580956008286,15.));
#11296=CARTESIAN_POINT('Ctrl Pts',(9.12429774554026,31.0370963575199,16.));
#11297=CARTESIAN_POINT('Ctrl Pts',(9.12429774554026,31.0370963575199,15.));
#11298=CARTESIAN_POINT('Ctrl Pts',(9.27060108384539,31.0263028166453,16.));
#11299=CARTESIAN_POINT('Ctrl Pts',(9.27060108384539,31.0263028166453,15.));
#11300=CARTESIAN_POINT('',(8.50661735734392,31.319617273585,16.));
#11301=CARTESIAN_POINT('Ctrl Pts',(8.50661735734392,31.319617273585,16.));
#11302=CARTESIAN_POINT('Ctrl Pts',(8.6155399761636,31.2340855635088,16.));
#11303=CARTESIAN_POINT('Ctrl Pts',(8.83965904971016,31.0580956008286,16.));
#11304=CARTESIAN_POINT('Ctrl Pts',(9.12429774554026,31.0370963575199,16.));
#11305=CARTESIAN_POINT('Ctrl Pts',(9.27060108384539,31.0263028166453,16.));
#11306=CARTESIAN_POINT('',(8.50661735734392,31.319617273585,15.));
#11307=CARTESIAN_POINT('',(8.50661735734392,31.319617273585,16.));
#11308=CARTESIAN_POINT('Ctrl Pts',(8.50661735734392,31.319617273585,15.));
#11309=CARTESIAN_POINT('Ctrl Pts',(8.6155399761636,31.2340855635088,15.));
#11310=CARTESIAN_POINT('Ctrl Pts',(8.83965904971016,31.0580956008286,15.));
#11311=CARTESIAN_POINT('Ctrl Pts',(9.12429774554026,31.0370963575199,15.));
#11312=CARTESIAN_POINT('Ctrl Pts',(9.27060108384539,31.0263028166453,15.));
#11313=CARTESIAN_POINT('Ctrl Pts',(8.20648174485613,32.0153882525126,16.));
#11314=CARTESIAN_POINT('Ctrl Pts',(8.20648174485613,32.0153882525126,15.));
#11315=CARTESIAN_POINT('Ctrl Pts',(8.21956762614921,31.8852219569895,16.));
#11316=CARTESIAN_POINT('Ctrl Pts',(8.21956762614921,31.8852219569895,15.));
#11317=CARTESIAN_POINT('Ctrl Pts',(8.24605173586798,31.6217824243273,16.));
#11318=CARTESIAN_POINT('Ctrl Pts',(8.24605173586798,31.6217824243273,15.));
#11319=CARTESIAN_POINT('Ctrl Pts',(8.41908192489829,31.4211278143478,16.));
#11320=CARTESIAN_POINT('Ctrl Pts',(8.41908192489829,31.4211278143478,15.));
#11321=CARTESIAN_POINT('Ctrl Pts',(8.50661735734392,31.319617273585,16.));
#11322=CARTESIAN_POINT('Ctrl Pts',(8.50661735734392,31.319617273585,15.));
#11323=CARTESIAN_POINT('',(8.20648174485613,32.0153882525126,16.));
#11324=CARTESIAN_POINT('Ctrl Pts',(8.20648174485613,32.0153882525126,16.));
#11325=CARTESIAN_POINT('Ctrl Pts',(8.21956762614921,31.8852219569895,16.));
#11326=CARTESIAN_POINT('Ctrl Pts',(8.24605173586798,31.6217824243273,16.));
#11327=CARTESIAN_POINT('Ctrl Pts',(8.41908192489829,31.4211278143478,16.));
#11328=CARTESIAN_POINT('Ctrl Pts',(8.50661735734392,31.319617273585,16.));
#11329=CARTESIAN_POINT('',(8.20648174485613,32.0153882525126,15.));
#11330=CARTESIAN_POINT('',(8.20648174485613,32.0153882525126,16.));
#11331=CARTESIAN_POINT('Ctrl Pts',(8.20648174485613,32.0153882525126,15.));
#11332=CARTESIAN_POINT('Ctrl Pts',(8.21956762614921,31.8852219569895,15.));
#11333=CARTESIAN_POINT('Ctrl Pts',(8.24605173586798,31.6217824243273,15.));
#11334=CARTESIAN_POINT('Ctrl Pts',(8.41908192489829,31.4211278143478,15.));
#11335=CARTESIAN_POINT('Ctrl Pts',(8.50661735734392,31.319617273585,15.));
#11336=CARTESIAN_POINT('Ctrl Pts',(8.58165245255877,32.6906957647959,16.));
#11337=CARTESIAN_POINT('Ctrl Pts',(8.58165245255877,32.6906957647959,15.));
#11338=CARTESIAN_POINT('Ctrl Pts',(8.4722657903224,32.5985641058969,16.));
#11339=CARTESIAN_POINT('Ctrl Pts',(8.4722657903224,32.5985641058969,15.));
#11340=CARTESIAN_POINT('Ctrl Pts',(8.26080601454672,32.420460674141,16.));
#11341=CARTESIAN_POINT('Ctrl Pts',(8.26080601454672,32.420460674141,15.));
#11342=CARTESIAN_POINT('Ctrl Pts',(8.22416744079758,32.1472627852764,16.));
#11343=CARTESIAN_POINT('Ctrl Pts',(8.22416744079758,32.1472627852764,15.));
#11344=CARTESIAN_POINT('Ctrl Pts',(8.20648174485613,32.0153882525126,16.));
#11345=CARTESIAN_POINT('Ctrl Pts',(8.20648174485613,32.0153882525126,15.));
#11346=CARTESIAN_POINT('',(8.58165245255877,32.6906957647959,16.));
#11347=CARTESIAN_POINT('Ctrl Pts',(8.58165245255877,32.6906957647959,16.));
#11348=CARTESIAN_POINT('Ctrl Pts',(8.4722657903224,32.5985641058969,16.));
#11349=CARTESIAN_POINT('Ctrl Pts',(8.26080601454672,32.420460674141,16.));
#11350=CARTESIAN_POINT('Ctrl Pts',(8.22416744079758,32.1472627852764,16.));
#11351=CARTESIAN_POINT('Ctrl Pts',(8.20648174485613,32.0153882525126,16.));
#11352=CARTESIAN_POINT('',(8.58165245255877,32.6906957647959,15.));
#11353=CARTESIAN_POINT('',(8.58165245255877,32.6906957647959,16.));
#11354=CARTESIAN_POINT('Ctrl Pts',(8.58165245255877,32.6906957647959,15.));
#11355=CARTESIAN_POINT('Ctrl Pts',(8.4722657903224,32.5985641058969,15.));
#11356=CARTESIAN_POINT('Ctrl Pts',(8.26080601454672,32.420460674141,15.));
#11357=CARTESIAN_POINT('Ctrl Pts',(8.22416744079758,32.1472627852764,15.));
#11358=CARTESIAN_POINT('Ctrl Pts',(8.20648174485613,32.0153882525126,15.));
#11359=CARTESIAN_POINT('Ctrl Pts',(9.62531070908953,33.0249383471171,16.));
#11360=CARTESIAN_POINT('Ctrl Pts',(9.62531070908953,33.0249383471171,15.));
#11361=CARTESIAN_POINT('Ctrl Pts',(9.40176937404947,32.9790818511107,16.));
#11362=CARTESIAN_POINT('Ctrl Pts',(9.40176937404947,32.9790818511107,15.));
#11363=CARTESIAN_POINT('Ctrl Pts',(9.04111502800072,32.9050984664435,16.));
#11364=CARTESIAN_POINT('Ctrl Pts',(9.04111502800072,32.9050984664435,15.));
#11365=CARTESIAN_POINT('Ctrl Pts',(8.70821418118851,32.7497542779236,16.));
#11366=CARTESIAN_POINT('Ctrl Pts',(8.70821418118851,32.7497542779236,15.));
#11367=CARTESIAN_POINT('Ctrl Pts',(8.58165245255877,32.6906957647959,16.));
#11368=CARTESIAN_POINT('Ctrl Pts',(8.58165245255877,32.6906957647959,15.));
#11369=CARTESIAN_POINT('',(9.62531070908953,33.0249383471171,16.));
#11370=CARTESIAN_POINT('Ctrl Pts',(9.62531070908953,33.0249383471171,16.));
#11371=CARTESIAN_POINT('Ctrl Pts',(9.40176937404947,32.9790818511107,16.));
#11372=CARTESIAN_POINT('Ctrl Pts',(9.04111502800072,32.9050984664435,16.));
#11373=CARTESIAN_POINT('Ctrl Pts',(8.70821418118851,32.7497542779236,16.));
#11374=CARTESIAN_POINT('Ctrl Pts',(8.58165245255877,32.6906957647959,16.));
#11375=CARTESIAN_POINT('',(9.62531070908953,33.0249383471171,15.));
#11376=CARTESIAN_POINT('',(9.62531070908953,33.0249383471171,16.));
#11377=CARTESIAN_POINT('Ctrl Pts',(9.62531070908953,33.0249383471171,15.));
#11378=CARTESIAN_POINT('Ctrl Pts',(9.40176937404947,32.9790818511107,15.));
#11379=CARTESIAN_POINT('Ctrl Pts',(9.04111502800072,32.9050984664435,15.));
#11380=CARTESIAN_POINT('Ctrl Pts',(8.70821418118851,32.7497542779236,15.));
#11381=CARTESIAN_POINT('Ctrl Pts',(8.58165245255877,32.6906957647959,15.));
#11382=CARTESIAN_POINT('Ctrl Pts',(10.791749765486,33.3182528040568,16.));
#11383=CARTESIAN_POINT('Ctrl Pts',(10.791749765486,33.3182528040568,15.));
#11384=CARTESIAN_POINT('Ctrl Pts',(10.6335766278834,33.2716988221371,16.));
#11385=CARTESIAN_POINT('Ctrl Pts',(10.6335766278834,33.2716988221371,15.));
#11386=CARTESIAN_POINT('Ctrl Pts',(10.2487341030846,33.1584308411579,16.));
#11387=CARTESIAN_POINT('Ctrl Pts',(10.2487341030846,33.1584308411579,15.));
#11388=CARTESIAN_POINT('Ctrl Pts',(9.85639533051522,33.0744200681203,16.));
#11389=CARTESIAN_POINT('Ctrl Pts',(9.85639533051522,33.0744200681203,15.));
#11390=CARTESIAN_POINT('Ctrl Pts',(9.62531070908953,33.0249383471171,16.));
#11391=CARTESIAN_POINT('Ctrl Pts',(9.62531070908953,33.0249383471171,15.));
#11392=CARTESIAN_POINT('',(10.791749765486,33.3182528040568,16.));
#11393=CARTESIAN_POINT('Ctrl Pts',(10.791749765486,33.3182528040568,16.));
#11394=CARTESIAN_POINT('Ctrl Pts',(10.6335766278834,33.2716988221371,16.));
#11395=CARTESIAN_POINT('Ctrl Pts',(10.2487341030846,33.1584308411579,16.));
#11396=CARTESIAN_POINT('Ctrl Pts',(9.85639533051522,33.0744200681203,16.));
#11397=CARTESIAN_POINT('Ctrl Pts',(9.62531070908953,33.0249383471171,16.));
#11398=CARTESIAN_POINT('',(10.791749765486,33.3182528040568,15.));
#11399=CARTESIAN_POINT('',(10.791749765486,33.3182528040568,16.));
#11400=CARTESIAN_POINT('Ctrl Pts',(10.791749765486,33.3182528040568,15.));
#11401=CARTESIAN_POINT('Ctrl Pts',(10.6335766278834,33.2716988221371,15.));
#11402=CARTESIAN_POINT('Ctrl Pts',(10.2487341030846,33.1584308411579,15.));
#11403=CARTESIAN_POINT('Ctrl Pts',(9.85639533051522,33.0744200681203,15.));
#11404=CARTESIAN_POINT('Ctrl Pts',(9.62531070908953,33.0249383471171,15.));
#11405=CARTESIAN_POINT('Origin',(10.791749765486,32.9362621328989,16.));
#11406=CARTESIAN_POINT('',(10.791749765486,16.4681310664495,16.));
#11407=CARTESIAN_POINT('',(10.791749765486,32.9362621328989,15.));
#11408=CARTESIAN_POINT('Ctrl Pts',(9.48888282975603,35.7807364485422,16.));
#11409=CARTESIAN_POINT('Ctrl Pts',(9.48888282975603,35.7807364485422,15.));
#11410=CARTESIAN_POINT('Ctrl Pts',(9.33380128652483,35.7762815266281,16.));
#11411=CARTESIAN_POINT('Ctrl Pts',(9.33380128652483,35.7762815266281,15.));
#11412=CARTESIAN_POINT('Ctrl Pts',(9.05192938751362,35.7681843844813,16.));
#11413=CARTESIAN_POINT('Ctrl Pts',(9.05192938751362,35.7681843844813,15.));
#11414=CARTESIAN_POINT('Ctrl Pts',(8.80283669926371,35.6380463125057,16.));
#11415=CARTESIAN_POINT('Ctrl Pts',(8.80283669926371,35.6380463125057,15.));
#11416=CARTESIAN_POINT('Ctrl Pts',(8.6907909413283,35.5795081875483,16.));
#11417=CARTESIAN_POINT('Ctrl Pts',(8.6907909413283,35.5795081875483,15.));
#11418=CARTESIAN_POINT('',(9.48888282975603,35.7807364485422,15.));
#11419=CARTESIAN_POINT('',(9.48888282975603,35.7807364485422,16.));
#11420=CARTESIAN_POINT('',(8.6907909413283,35.5795081875483,15.));
#11421=CARTESIAN_POINT('Ctrl Pts',(9.48888282975603,35.7807364485422,15.));
#11422=CARTESIAN_POINT('Ctrl Pts',(9.33380128652483,35.7762815266281,15.));
#11423=CARTESIAN_POINT('Ctrl Pts',(9.05192938751362,35.7681843844813,15.));
#11424=CARTESIAN_POINT('Ctrl Pts',(8.80283669926371,35.6380463125057,15.));
#11425=CARTESIAN_POINT('Ctrl Pts',(8.6907909413283,35.5795081875483,15.));
#11426=CARTESIAN_POINT('',(8.6907909413283,35.5795081875483,16.));
#11427=CARTESIAN_POINT('Ctrl Pts',(10.518894006819,35.5454018137613,16.));
#11428=CARTESIAN_POINT('Ctrl Pts',(10.518894006819,35.5454018137613,15.));
#11429=CARTESIAN_POINT('Ctrl Pts',(10.3899968770317,35.6134257107297,16.));
#11430=CARTESIAN_POINT('Ctrl Pts',(10.3899968770317,35.6134257107297,15.));
#11431=CARTESIAN_POINT('Ctrl Pts',(10.070351225736,35.7821148265074,16.));
#11432=CARTESIAN_POINT('Ctrl Pts',(10.070351225736,35.7821148265074,15.));
#11433=CARTESIAN_POINT('Ctrl Pts',(9.70619376853041,35.7812515867882,16.));
#11434=CARTESIAN_POINT('Ctrl Pts',(9.70619376853041,35.7812515867882,15.));
#11435=CARTESIAN_POINT('Ctrl Pts',(9.48888282975603,35.7807364485422,16.));
#11436=CARTESIAN_POINT('Ctrl Pts',(9.48888282975603,35.7807364485422,15.));
#11437=CARTESIAN_POINT('',(10.518894006819,35.5454018137613,15.));
#11438=CARTESIAN_POINT('',(10.518894006819,35.5454018137613,16.));
#11439=CARTESIAN_POINT('Ctrl Pts',(10.518894006819,35.5454018137613,15.));
#11440=CARTESIAN_POINT('Ctrl Pts',(10.3899968770317,35.6134257107297,15.));
#11441=CARTESIAN_POINT('Ctrl Pts',(10.070351225736,35.7821148265074,15.));
#11442=CARTESIAN_POINT('Ctrl Pts',(9.70619376853041,35.7812515867882,15.));
#11443=CARTESIAN_POINT('Ctrl Pts',(9.48888282975603,35.7807364485422,15.));
#11444=CARTESIAN_POINT('Ctrl Pts',(10.791749765486,34.7575440428415,16.));
#11445=CARTESIAN_POINT('Ctrl Pts',(10.791749765486,34.7575440428415,15.));
#11446=CARTESIAN_POINT('Ctrl Pts',(10.7869829130299,34.9220487765485,16.));
#11447=CARTESIAN_POINT('Ctrl Pts',(10.7869829130299,34.9220487765485,15.));
#11448=CARTESIAN_POINT('Ctrl Pts',(10.7784740217892,35.2156917832458,16.));
#11449=CARTESIAN_POINT('Ctrl Pts',(10.7784740217892,35.2156917832458,15.));
#11450=CARTESIAN_POINT('Ctrl Pts',(10.5981825572979,35.444692094637,16.));
#11451=CARTESIAN_POINT('Ctrl Pts',(10.5981825572979,35.444692094637,15.));
#11452=CARTESIAN_POINT('Ctrl Pts',(10.518894006819,35.5454018137613,16.));
#11453=CARTESIAN_POINT('Ctrl Pts',(10.518894006819,35.5454018137613,15.));
#11454=CARTESIAN_POINT('',(10.791749765486,34.7575440428415,15.));
#11455=CARTESIAN_POINT('',(10.791749765486,34.7575440428415,16.));
#11456=CARTESIAN_POINT('Ctrl Pts',(10.791749765486,34.7575440428415,15.));
#11457=CARTESIAN_POINT('Ctrl Pts',(10.7869829130299,34.9220487765485,15.));
#11458=CARTESIAN_POINT('Ctrl Pts',(10.7784740217892,35.2156917832458,15.));
#11459=CARTESIAN_POINT('Ctrl Pts',(10.5981825572979,35.444692094637,15.));
#11460=CARTESIAN_POINT('Ctrl Pts',(10.518894006819,35.5454018137613,15.));
#11461=CARTESIAN_POINT('Origin',(10.791749765486,34.5665481112162,16.));
#11462=CARTESIAN_POINT('',(10.791749765486,34.5665481112162,15.));
#11463=CARTESIAN_POINT('',(10.791749765486,34.5665481112162,16.));
#11464=CARTESIAN_POINT('',(10.791749765486,34.5665481112162,15.));
#11465=CARTESIAN_POINT('Ctrl Pts',(8.92953853806902,34.0958800337473,16.));
#11466=CARTESIAN_POINT('Ctrl Pts',(8.92953853806902,34.0958800337473,15.));
#11467=CARTESIAN_POINT('Ctrl Pts',(9.31143583542925,34.1667232908161,16.));
#11468=CARTESIAN_POINT('Ctrl Pts',(9.31143583542925,34.1667232908161,15.));
#11469=CARTESIAN_POINT('Ctrl Pts',(9.94264263433069,34.2838143145736,16.));
#11470=CARTESIAN_POINT('Ctrl Pts',(9.94264263433069,34.2838143145736,15.));
#11471=CARTESIAN_POINT('Ctrl Pts',(10.551333460283,34.4864948267121,16.));
#11472=CARTESIAN_POINT('Ctrl Pts',(10.551333460283,34.4864948267121,15.));
#11473=CARTESIAN_POINT('Ctrl Pts',(10.791749765486,34.5665481112162,16.));
#11474=CARTESIAN_POINT('Ctrl Pts',(10.791749765486,34.5665481112162,15.));
#11475=CARTESIAN_POINT('',(8.92953853806902,34.0958800337473,15.));
#11476=CARTESIAN_POINT('',(8.92953853806902,34.0958800337473,16.));
#11477=CARTESIAN_POINT('Ctrl Pts',(8.92953853806902,34.0958800337473,15.));
#11478=CARTESIAN_POINT('Ctrl Pts',(9.31143583542925,34.1667232908161,15.));
#11479=CARTESIAN_POINT('Ctrl Pts',(9.94264263433069,34.2838143145736,15.));
#11480=CARTESIAN_POINT('Ctrl Pts',(10.551333460283,34.4864948267121,15.));
#11481=CARTESIAN_POINT('Ctrl Pts',(10.791749765486,34.5665481112162,15.));
#11482=CARTESIAN_POINT('Ctrl Pts',(7.40498047074724,33.6490860006968,16.));
#11483=CARTESIAN_POINT('Ctrl Pts',(7.40498047074724,33.6490860006968,15.));
#11484=CARTESIAN_POINT('Ctrl Pts',(7.61835623756088,33.7348378179833,16.));
#11485=CARTESIAN_POINT('Ctrl Pts',(7.61835623756088,33.7348378179833,15.));
#11486=CARTESIAN_POINT('Ctrl Pts',(8.11164161155151,33.9330801858597,16.));
#11487=CARTESIAN_POINT('Ctrl Pts',(8.11164161155151,33.9330801858597,15.));
#11488=CARTESIAN_POINT('Ctrl Pts',(8.63344607369857,34.0369437465486,16.));
#11489=CARTESIAN_POINT('Ctrl Pts',(8.63344607369857,34.0369437465486,15.));
#11490=CARTESIAN_POINT('Ctrl Pts',(8.92953853806902,34.0958800337473,16.));
#11491=CARTESIAN_POINT('Ctrl Pts',(8.92953853806902,34.0958800337473,15.));
#11492=CARTESIAN_POINT('',(7.40498047074724,33.6490860006968,15.));
#11493=CARTESIAN_POINT('',(7.40498047074724,33.6490860006968,16.));
#11494=CARTESIAN_POINT('Ctrl Pts',(7.40498047074724,33.6490860006968,15.));
#11495=CARTESIAN_POINT('Ctrl Pts',(7.61835623756088,33.7348378179833,15.));
#11496=CARTESIAN_POINT('Ctrl Pts',(8.11164161155151,33.9330801858597,15.));
#11497=CARTESIAN_POINT('Ctrl Pts',(8.63344607369857,34.0369437465486,15.));
#11498=CARTESIAN_POINT('Ctrl Pts',(8.92953853806902,34.0958800337473,15.));
#11499=CARTESIAN_POINT('Ctrl Pts',(6.58301811417986,32.9123868963877,16.));
#11500=CARTESIAN_POINT('Ctrl Pts',(6.58301811417986,32.9123868963877,15.));
#11501=CARTESIAN_POINT('Ctrl Pts',(6.69155355989269,33.0637676700603,16.));
#11502=CARTESIAN_POINT('Ctrl Pts',(6.69155355989269,33.0637676700603,15.));
#11503=CARTESIAN_POINT('Ctrl Pts',(6.91105808262432,33.3699235462122,16.));
#11504=CARTESIAN_POINT('Ctrl Pts',(6.91105808262432,33.3699235462122,15.));
#11505=CARTESIAN_POINT('Ctrl Pts',(7.23912724806829,33.555346591752,16.));
#11506=CARTESIAN_POINT('Ctrl Pts',(7.23912724806829,33.555346591752,15.));
#11507=CARTESIAN_POINT('Ctrl Pts',(7.40498047074724,33.6490860006968,16.));
#11508=CARTESIAN_POINT('Ctrl Pts',(7.40498047074724,33.6490860006968,15.));
#11509=CARTESIAN_POINT('',(6.58301811417986,32.9123868963877,15.));
#11510=CARTESIAN_POINT('',(6.58301811417986,32.9123868963877,16.));
#11511=CARTESIAN_POINT('Ctrl Pts',(6.58301811417986,32.9123868963877,15.));
#11512=CARTESIAN_POINT('Ctrl Pts',(6.69155355989269,33.0637676700603,15.));
#11513=CARTESIAN_POINT('Ctrl Pts',(6.91105808262432,33.3699235462122,15.));
#11514=CARTESIAN_POINT('Ctrl Pts',(7.23912724806829,33.555346591752,15.));
#11515=CARTESIAN_POINT('Ctrl Pts',(7.40498047074724,33.6490860006968,15.));
#11516=CARTESIAN_POINT('Ctrl Pts',(6.28970127305437,31.8175711653391,16.));
#11517=CARTESIAN_POINT('Ctrl Pts',(6.28970127305437,31.8175711653391,15.));
#11518=CARTESIAN_POINT('Ctrl Pts',(6.30077143899052,32.0147533766798,16.));
#11519=CARTESIAN_POINT('Ctrl Pts',(6.30077143899052,32.0147533766798,15.));
#11520=CARTESIAN_POINT('Ctrl Pts',(6.32241937618232,32.4003472468229,16.));
#11521=CARTESIAN_POINT('Ctrl Pts',(6.32241937618232,32.4003472468229,15.));
#11522=CARTESIAN_POINT('Ctrl Pts',(6.49747914629198,32.7443149268993,16.));
#11523=CARTESIAN_POINT('Ctrl Pts',(6.49747914629198,32.7443149268993,15.));
#11524=CARTESIAN_POINT('Ctrl Pts',(6.58301811417986,32.9123868963877,16.));
#11525=CARTESIAN_POINT('Ctrl Pts',(6.58301811417986,32.9123868963877,15.));
#11526=CARTESIAN_POINT('',(6.28970127305437,31.8175711653391,15.));
#11527=CARTESIAN_POINT('',(6.28970127305437,31.8175711653391,16.));
#11528=CARTESIAN_POINT('Ctrl Pts',(6.28970127305437,31.8175711653391,15.));
#11529=CARTESIAN_POINT('Ctrl Pts',(6.30077143899052,32.0147533766798,15.));
#11530=CARTESIAN_POINT('Ctrl Pts',(6.32241937618232,32.4003472468229,15.));
#11531=CARTESIAN_POINT('Ctrl Pts',(6.49747914629198,32.7443149268993,15.));
#11532=CARTESIAN_POINT('Ctrl Pts',(6.58301811417986,32.9123868963877,15.));
#11533=CARTESIAN_POINT('Ctrl Pts',(6.93431358537127,30.2827825567881,16.));
#11534=CARTESIAN_POINT('Ctrl Pts',(6.93431358537127,30.2827825567881,15.));
#11535=CARTESIAN_POINT('Ctrl Pts',(6.74631029897357,30.5004968739587,16.));
#11536=CARTESIAN_POINT('Ctrl Pts',(6.74631029897357,30.5004968739587,15.));
#11537=CARTESIAN_POINT('Ctrl Pts',(6.36527652829941,30.9417471775612,16.));
#11538=CARTESIAN_POINT('Ctrl Pts',(6.36527652829941,30.9417471775612,15.));
#11539=CARTESIAN_POINT('Ctrl Pts',(6.3151136341158,31.5230732462582,16.));
#11540=CARTESIAN_POINT('Ctrl Pts',(6.3151136341158,31.5230732462582,15.));
#11541=CARTESIAN_POINT('Ctrl Pts',(6.28970127305437,31.8175711653391,16.));
#11542=CARTESIAN_POINT('Ctrl Pts',(6.28970127305437,31.8175711653391,15.));
#11543=CARTESIAN_POINT('',(6.93431358537127,30.2827825567881,15.));
#11544=CARTESIAN_POINT('',(6.93431358537127,30.2827825567881,16.));
#11545=CARTESIAN_POINT('Ctrl Pts',(6.93431358537127,30.2827825567881,15.));
#11546=CARTESIAN_POINT('Ctrl Pts',(6.74631029897357,30.5004968739587,15.));
#11547=CARTESIAN_POINT('Ctrl Pts',(6.36527652829941,30.9417471775612,15.));
#11548=CARTESIAN_POINT('Ctrl Pts',(6.3151136341158,31.5230732462582,15.));
#11549=CARTESIAN_POINT('Ctrl Pts',(6.28970127305437,31.8175711653391,15.));
#11550=CARTESIAN_POINT('Ctrl Pts',(8.69761448106218,29.6756877920786,16.));
#11551=CARTESIAN_POINT('Ctrl Pts',(8.69761448106218,29.6756877920786,15.));
#11552=CARTESIAN_POINT('Ctrl Pts',(8.3525628100566,29.6937555694392,16.));
#11553=CARTESIAN_POINT('Ctrl Pts',(8.3525628100566,29.6937555694392,15.));
#11554=CARTESIAN_POINT('Ctrl Pts',(7.70440599468382,29.7276946980363,16.));
#11555=CARTESIAN_POINT('Ctrl Pts',(7.70440599468382,29.7276946980363,15.));
#11556=CARTESIAN_POINT('Ctrl Pts',(7.17969181006614,30.1059122595574,16.));
#11557=CARTESIAN_POINT('Ctrl Pts',(7.17969181006614,30.1059122595574,15.));
#11558=CARTESIAN_POINT('Ctrl Pts',(6.93431358537127,30.2827825567881,16.));
#11559=CARTESIAN_POINT('Ctrl Pts',(6.93431358537127,30.2827825567881,15.));
#11560=CARTESIAN_POINT('',(8.69761448106218,29.6756877920786,15.));
#11561=CARTESIAN_POINT('',(8.69761448106218,29.6756877920786,16.));
#11562=CARTESIAN_POINT('Ctrl Pts',(8.69761448106218,29.6756877920786,15.));
#11563=CARTESIAN_POINT('Ctrl Pts',(8.3525628100566,29.6937555694392,15.));
#11564=CARTESIAN_POINT('Ctrl Pts',(7.70440599468382,29.7276946980363,15.));
#11565=CARTESIAN_POINT('Ctrl Pts',(7.17969181006614,30.1059122595574,15.));
#11566=CARTESIAN_POINT('Ctrl Pts',(6.93431358537127,30.2827825567881,15.));
#11567=CARTESIAN_POINT('Ctrl Pts',(9.89133815965105,29.9144330046335,16.));
#11568=CARTESIAN_POINT('Ctrl Pts',(9.89133815965105,29.9144330046335,15.));
#11569=CARTESIAN_POINT('Ctrl Pts',(9.70063770036684,29.8448016082226,16.));
#11570=CARTESIAN_POINT('Ctrl Pts',(9.70063770036684,29.8448016082226,15.));
#11571=CARTESIAN_POINT('Ctrl Pts',(9.31504307900578,29.7040075480786,16.));
#11572=CARTESIAN_POINT('Ctrl Pts',(9.31504307900578,29.7040075480786,15.));
#11573=CARTESIAN_POINT('Ctrl Pts',(8.90491087105586,29.6851959088128,16.));
#11574=CARTESIAN_POINT('Ctrl Pts',(8.90491087105586,29.6851959088128,15.));
#11575=CARTESIAN_POINT('Ctrl Pts',(8.69761448106218,29.6756877920786,16.));
#11576=CARTESIAN_POINT('Ctrl Pts',(8.69761448106218,29.6756877920786,15.));
#11577=CARTESIAN_POINT('',(9.89133815965105,29.9144330046335,15.));
#11578=CARTESIAN_POINT('',(9.89133815965105,29.9144330046335,16.));
#11579=CARTESIAN_POINT('Ctrl Pts',(9.89133815965105,29.9144330046335,15.));
#11580=CARTESIAN_POINT('Ctrl Pts',(9.70063770036684,29.8448016082226,15.));
#11581=CARTESIAN_POINT('Ctrl Pts',(9.31504307900578,29.7040075480786,15.));
#11582=CARTESIAN_POINT('Ctrl Pts',(8.90491087105586,29.6851959088128,15.));
#11583=CARTESIAN_POINT('Ctrl Pts',(8.69761448106218,29.6756877920786,15.));
#11584=CARTESIAN_POINT('Ctrl Pts',(10.9418151875441,30.6306674502054,16.));
#11585=CARTESIAN_POINT('Ctrl Pts',(10.9418151875441,30.6306674502054,15.));
#11586=CARTESIAN_POINT('Ctrl Pts',(10.7782748887911,30.4827594576781,16.));
#11587=CARTESIAN_POINT('Ctrl Pts',(10.7782748887911,30.4827594576781,15.));
#11588=CARTESIAN_POINT('Ctrl Pts',(10.4608649657509,30.1956897575301,16.));
#11589=CARTESIAN_POINT('Ctrl Pts',(10.4608649657509,30.1956897575301,15.));
#11590=CARTESIAN_POINT('Ctrl Pts',(10.0772848576842,30.0062614557977,16.));
#11591=CARTESIAN_POINT('Ctrl Pts',(10.0772848576842,30.0062614557977,15.));
#11592=CARTESIAN_POINT('Ctrl Pts',(9.89133815965105,29.9144330046335,16.));
#11593=CARTESIAN_POINT('Ctrl Pts',(9.89133815965105,29.9144330046335,15.));
#11594=CARTESIAN_POINT('',(10.9418151875441,30.6306674502054,15.));
#11595=CARTESIAN_POINT('',(10.9418151875441,30.6306674502054,16.));
#11596=CARTESIAN_POINT('Ctrl Pts',(10.9418151875441,30.6306674502054,15.));
#11597=CARTESIAN_POINT('Ctrl Pts',(10.7782748887911,30.4827594576781,15.));
#11598=CARTESIAN_POINT('Ctrl Pts',(10.4608649657509,30.1956897575301,15.));
#11599=CARTESIAN_POINT('Ctrl Pts',(10.0772848576842,30.0062614557977,15.));
#11600=CARTESIAN_POINT('Ctrl Pts',(9.89133815965105,29.9144330046335,15.));
#11601=CARTESIAN_POINT('Ctrl Pts',(11.0100267430251,30.4055657408396,16.));
#11602=CARTESIAN_POINT('Ctrl Pts',(11.0100267430251,30.4055657408396,15.));
#11603=CARTESIAN_POINT('Ctrl Pts',(10.9968861740622,30.4529004022941,16.));
#11604=CARTESIAN_POINT('Ctrl Pts',(10.9968861740622,30.4529004022941,15.));
#11605=CARTESIAN_POINT('Ctrl Pts',(10.975905924379,30.5284749850072,16.));
#11606=CARTESIAN_POINT('Ctrl Pts',(10.975905924379,30.5284749850072,15.));
#11607=CARTESIAN_POINT('Ctrl Pts',(10.9510886482556,30.6028687606196,16.));
#11608=CARTESIAN_POINT('Ctrl Pts',(10.9510886482556,30.6028687606196,15.));
#11609=CARTESIAN_POINT('Ctrl Pts',(10.9418151875441,30.6306674502054,16.));
#11610=CARTESIAN_POINT('Ctrl Pts',(10.9418151875441,30.6306674502054,15.));
#11611=CARTESIAN_POINT('',(11.0100267430251,30.4055657408396,15.));
#11612=CARTESIAN_POINT('',(11.0100267430251,30.4055657408396,16.));
#11613=CARTESIAN_POINT('Ctrl Pts',(11.0100267430251,30.4055657408396,15.));
#11614=CARTESIAN_POINT('Ctrl Pts',(10.9968861740622,30.4529004022941,15.));
#11615=CARTESIAN_POINT('Ctrl Pts',(10.975905924379,30.5284749850072,15.));
#11616=CARTESIAN_POINT('Ctrl Pts',(10.9510886482556,30.6028687606196,15.));
#11617=CARTESIAN_POINT('Ctrl Pts',(10.9418151875441,30.6306674502054,15.));
#11618=CARTESIAN_POINT('Ctrl Pts',(11.194205095381,29.8393991015116,16.));
#11619=CARTESIAN_POINT('Ctrl Pts',(11.194205095381,29.8393991015116,15.));
#11620=CARTESIAN_POINT('Ctrl Pts',(11.1656422570203,29.9181789211478,16.));
#11621=CARTESIAN_POINT('Ctrl Pts',(11.1656422570203,29.9181789211478,15.));
#11622=CARTESIAN_POINT('Ctrl Pts',(11.0979673553713,30.1048346196636,16.));
#11623=CARTESIAN_POINT('Ctrl Pts',(11.0979673553713,30.1048346196636,15.));
#11624=CARTESIAN_POINT('Ctrl Pts',(11.0422360936487,30.2954192014084,16.));
#11625=CARTESIAN_POINT('Ctrl Pts',(11.0422360936487,30.2954192014084,15.));
#11626=CARTESIAN_POINT('Ctrl Pts',(11.0100267430251,30.4055657408396,16.));
#11627=CARTESIAN_POINT('Ctrl Pts',(11.0100267430251,30.4055657408396,15.));
#11628=CARTESIAN_POINT('',(11.194205095381,29.8393991015116,15.));
#11629=CARTESIAN_POINT('',(11.194205095381,29.8393991015116,16.));
#11630=CARTESIAN_POINT('Ctrl Pts',(11.194205095381,29.8393991015116,15.));
#11631=CARTESIAN_POINT('Ctrl Pts',(11.1656422570203,29.9181789211478,15.));
#11632=CARTESIAN_POINT('Ctrl Pts',(11.0979673553713,30.1048346196636,15.));
#11633=CARTESIAN_POINT('Ctrl Pts',(11.0422360936487,30.2954192014084,15.));
#11634=CARTESIAN_POINT('Ctrl Pts',(11.0100267430251,30.4055657408396,15.));
#11635=CARTESIAN_POINT('Origin',(13.0905197163527,29.8393991015116,16.));
#11636=CARTESIAN_POINT('',(13.0905197163527,29.8393991015116,15.));
#11637=CARTESIAN_POINT('',(13.0905197163527,29.8393991015116,16.));
#11638=CARTESIAN_POINT('',(13.0905197163527,29.8393991015116,15.));
#11639=CARTESIAN_POINT('Ctrl Pts',(12.7460477848952,30.8114316485087,16.));
#11640=CARTESIAN_POINT('Ctrl Pts',(12.7460477848952,30.8114316485087,15.));
#11641=CARTESIAN_POINT('Ctrl Pts',(12.7855449474142,30.6532296035569,16.));
#11642=CARTESIAN_POINT('Ctrl Pts',(12.7855449474142,30.6532296035569,15.));
#11643=CARTESIAN_POINT('Ctrl Pts',(12.8691683856985,30.3182840505411,16.));
#11644=CARTESIAN_POINT('Ctrl Pts',(12.8691683856985,30.3182840505411,15.));
#11645=CARTESIAN_POINT('Ctrl Pts',(13.0140623251943,30.0048116777975,16.));
#11646=CARTESIAN_POINT('Ctrl Pts',(13.0140623251943,30.0048116777975,15.));
#11647=CARTESIAN_POINT('Ctrl Pts',(13.0905197163527,29.8393991015116,16.));
#11648=CARTESIAN_POINT('Ctrl Pts',(13.0905197163527,29.8393991015116,15.));
#11649=CARTESIAN_POINT('',(12.7460477848952,30.8114316485087,15.));
#11650=CARTESIAN_POINT('',(12.7460477848952,30.8114316485087,16.));
#11651=CARTESIAN_POINT('Ctrl Pts',(12.7460477848952,30.8114316485087,15.));
#11652=CARTESIAN_POINT('Ctrl Pts',(12.7855449474142,30.6532296035569,15.));
#11653=CARTESIAN_POINT('Ctrl Pts',(12.8691683856985,30.3182840505411,15.));
#11654=CARTESIAN_POINT('Ctrl Pts',(13.0140623251943,30.0048116777975,15.));
#11655=CARTESIAN_POINT('Ctrl Pts',(13.0905197163527,29.8393991015116,15.));
#11656=CARTESIAN_POINT('Ctrl Pts',(12.6539562245314,32.2200264952341,16.));
#11657=CARTESIAN_POINT('Ctrl Pts',(12.6539562245314,32.2200264952341,15.));
#11658=CARTESIAN_POINT('Ctrl Pts',(12.6542618419061,31.9429396815689,16.));
#11659=CARTESIAN_POINT('Ctrl Pts',(12.6542618419061,31.9429396815689,15.));
#11660=CARTESIAN_POINT('Ctrl Pts',(12.6547821614576,31.4711939675747,16.));
#11661=CARTESIAN_POINT('Ctrl Pts',(12.6547821614576,31.4711939675747,15.));
#11662=CARTESIAN_POINT('Ctrl Pts',(12.7193888069794,31.0041503133371,16.));
#11663=CARTESIAN_POINT('Ctrl Pts',(12.7193888069794,31.0041503133371,15.));
#11664=CARTESIAN_POINT('Ctrl Pts',(12.7460477848952,30.8114316485087,16.));
#11665=CARTESIAN_POINT('Ctrl Pts',(12.7460477848952,30.8114316485087,15.));
#11666=CARTESIAN_POINT('',(12.6539562245314,32.2200264952341,15.));
#11667=CARTESIAN_POINT('',(12.6539562245314,32.2200264952341,16.));
#11668=CARTESIAN_POINT('Ctrl Pts',(12.6539562245314,32.2200264952341,15.));
#11669=CARTESIAN_POINT('Ctrl Pts',(12.6542618419061,31.9429396815689,15.));
#11670=CARTESIAN_POINT('Ctrl Pts',(12.6547821614576,31.4711939675747,15.));
#11671=CARTESIAN_POINT('Ctrl Pts',(12.7193888069794,31.0041503133371,15.));
#11672=CARTESIAN_POINT('Ctrl Pts',(12.7460477848952,30.8114316485087,15.));
#11673=CARTESIAN_POINT('Origin',(12.6744220753615,34.4574072382609,16.));
#11674=CARTESIAN_POINT('',(12.6744220753615,34.4574072382609,15.));
#11675=CARTESIAN_POINT('',(12.6744220753615,34.4574072382609,16.));
#11676=CARTESIAN_POINT('',(12.6744220753615,34.4574072382609,15.));
#11677=CARTESIAN_POINT('Ctrl Pts',(12.4186227818434,36.1729600451151,16.));
#11678=CARTESIAN_POINT('Ctrl Pts',(12.4186227818434,36.1729600451151,15.));
#11679=CARTESIAN_POINT('Ctrl Pts',(12.4924589759176,35.9538306924271,16.));
#11680=CARTESIAN_POINT('Ctrl Pts',(12.4924589759176,35.9538306924271,15.));
#11681=CARTESIAN_POINT('Ctrl Pts',(12.6792301465766,35.3995355226872,16.));
#11682=CARTESIAN_POINT('Ctrl Pts',(12.6792301465766,35.3995355226872,15.));
#11683=CARTESIAN_POINT('Ctrl Pts',(12.6762338480431,34.8124190947745,16.));
#11684=CARTESIAN_POINT('Ctrl Pts',(12.6762338480431,34.8124190947745,15.));
#11685=CARTESIAN_POINT('Ctrl Pts',(12.6744220753615,34.4574072382609,16.));
#11686=CARTESIAN_POINT('Ctrl Pts',(12.6744220753615,34.4574072382609,15.));
#11687=CARTESIAN_POINT('',(12.4186227818434,36.1729600451151,15.));
#11688=CARTESIAN_POINT('',(12.4186227818434,36.1729600451151,16.));
#11689=CARTESIAN_POINT('Ctrl Pts',(12.4186227818434,36.1729600451151,15.));
#11690=CARTESIAN_POINT('Ctrl Pts',(12.4924589759176,35.9538306924271,15.));
#11691=CARTESIAN_POINT('Ctrl Pts',(12.6792301465766,35.3995355226872,15.));
#11692=CARTESIAN_POINT('Ctrl Pts',(12.6762338480431,34.8124190947745,15.));
#11693=CARTESIAN_POINT('Ctrl Pts',(12.6744220753615,34.4574072382609,15.));
#11694=CARTESIAN_POINT('Ctrl Pts',(11.5352676411574,36.9437649271647,16.));
#11695=CARTESIAN_POINT('Ctrl Pts',(11.5352676411574,36.9437649271647,15.));
#11696=CARTESIAN_POINT('Ctrl Pts',(11.7252569379792,36.842140357031,16.));
#11697=CARTESIAN_POINT('Ctrl Pts',(11.7252569379792,36.842140357031,15.));
#11698=CARTESIAN_POINT('Ctrl Pts',(12.0797871749769,36.6525034483367,16.));
#11699=CARTESIAN_POINT('Ctrl Pts',(12.0797871749769,36.6525034483367,15.));
#11700=CARTESIAN_POINT('Ctrl Pts',(12.3112149122282,36.3249710329932,16.));
#11701=CARTESIAN_POINT('Ctrl Pts',(12.3112149122282,36.3249710329932,15.));
#11702=CARTESIAN_POINT('Ctrl Pts',(12.4186227818434,36.1729600451151,16.));
#11703=CARTESIAN_POINT('Ctrl Pts',(12.4186227818434,36.1729600451151,15.));
#11704=CARTESIAN_POINT('',(11.5352676411574,36.9437649271647,15.));
#11705=CARTESIAN_POINT('',(11.5352676411574,36.9437649271647,16.));
#11706=CARTESIAN_POINT('Ctrl Pts',(11.5352676411574,36.9437649271647,15.));
#11707=CARTESIAN_POINT('Ctrl Pts',(11.7252569379792,36.842140357031,15.));
#11708=CARTESIAN_POINT('Ctrl Pts',(12.0797871749769,36.6525034483367,15.));
#11709=CARTESIAN_POINT('Ctrl Pts',(12.3112149122282,36.3249710329932,15.));
#11710=CARTESIAN_POINT('Ctrl Pts',(12.4186227818434,36.1729600451151,15.));
#11711=CARTESIAN_POINT('Ctrl Pts',(9.62531070908953,37.247311713473,16.));
#11712=CARTESIAN_POINT('Ctrl Pts',(9.62531070908953,37.247311713473,15.));
#11713=CARTESIAN_POINT('Ctrl Pts',(10.0021606108875,37.2445166683216,16.));
#11714=CARTESIAN_POINT('Ctrl Pts',(10.0021606108875,37.2445166683216,15.));
#11715=CARTESIAN_POINT('Ctrl Pts',(10.6557404660606,37.2396691542411,16.));
#11716=CARTESIAN_POINT('Ctrl Pts',(10.6557404660606,37.2396691542411,15.));
#11717=CARTESIAN_POINT('Ctrl Pts',(11.2736434898045,37.031784597827,16.));
#11718=CARTESIAN_POINT('Ctrl Pts',(11.2736434898045,37.031784597827,15.));
#11719=CARTESIAN_POINT('Ctrl Pts',(11.5352676411574,36.9437649271647,16.));
#11720=CARTESIAN_POINT('Ctrl Pts',(11.5352676411574,36.9437649271647,15.));
#11721=CARTESIAN_POINT('',(9.62531070908953,37.247311713473,15.));
#11722=CARTESIAN_POINT('',(9.62531070908953,37.247311713473,16.));
#11723=CARTESIAN_POINT('Ctrl Pts',(9.62531070908953,37.247311713473,15.));
#11724=CARTESIAN_POINT('Ctrl Pts',(10.0021606108875,37.2445166683216,15.));
#11725=CARTESIAN_POINT('Ctrl Pts',(10.6557404660606,37.2396691542411,15.));
#11726=CARTESIAN_POINT('Ctrl Pts',(11.2736434898045,37.031784597827,15.));
#11727=CARTESIAN_POINT('Ctrl Pts',(11.5352676411574,36.9437649271647,15.));
#11728=CARTESIAN_POINT('Ctrl Pts',(7.49706726273943,36.7425372622172,16.));
#11729=CARTESIAN_POINT('Ctrl Pts',(7.49706726273943,36.7425372622172,15.));
#11730=CARTESIAN_POINT('Ctrl Pts',(7.78853272640332,36.8891761877074,16.));
#11731=CARTESIAN_POINT('Ctrl Pts',(7.78853272640332,36.8891761877074,15.));
#11732=CARTESIAN_POINT('Ctrl Pts',(8.45496853484078,37.224466103806,16.));
#11733=CARTESIAN_POINT('Ctrl Pts',(8.45496853484078,37.224466103806,15.));
#11734=CARTESIAN_POINT('Ctrl Pts',(9.20391545688366,37.239085887164,16.));
#11735=CARTESIAN_POINT('Ctrl Pts',(9.20391545688366,37.239085887164,15.));
#11736=CARTESIAN_POINT('Ctrl Pts',(9.62531070908953,37.247311713473,16.));
#11737=CARTESIAN_POINT('Ctrl Pts',(9.62531070908953,37.247311713473,15.));
#11738=CARTESIAN_POINT('',(7.49706726273943,36.7425372622172,15.));
#11739=CARTESIAN_POINT('',(7.49706726273943,36.7425372622172,16.));
#11740=CARTESIAN_POINT('Ctrl Pts',(7.49706726273943,36.7425372622172,15.));
#11741=CARTESIAN_POINT('Ctrl Pts',(7.78853272640332,36.8891761877074,15.));
#11742=CARTESIAN_POINT('Ctrl Pts',(8.45496853484078,37.224466103806,15.));
#11743=CARTESIAN_POINT('Ctrl Pts',(9.20391545688366,37.239085887164,15.));
#11744=CARTESIAN_POINT('Ctrl Pts',(9.62531070908953,37.247311713473,15.));
#11745=CARTESIAN_POINT('Ctrl Pts',(6.48751716813494,35.1872845909754,16.));
#11746=CARTESIAN_POINT('Ctrl Pts',(6.48751716813494,35.1872845909754,15.));
#11747=CARTESIAN_POINT('Ctrl Pts',(6.59504350350492,35.508896970627,16.));
#11748=CARTESIAN_POINT('Ctrl Pts',(6.59504350350492,35.508896970627,15.));
#11749=CARTESIAN_POINT('Ctrl Pts',(6.79802071121654,36.116003895294,16.));
#11750=CARTESIAN_POINT('Ctrl Pts',(6.79802071121654,36.116003895294,15.));
#11751=CARTESIAN_POINT('Ctrl Pts',(7.27348038331988,36.5421433970913,16.));
#11752=CARTESIAN_POINT('Ctrl Pts',(7.27348038331988,36.5421433970913,15.));
#11753=CARTESIAN_POINT('Ctrl Pts',(7.49706726273943,36.7425372622172,16.));
#11754=CARTESIAN_POINT('Ctrl Pts',(7.49706726273943,36.7425372622172,15.));
#11755=CARTESIAN_POINT('',(6.48751716813494,35.1872845909754,15.));
#11756=CARTESIAN_POINT('',(6.48751716813494,35.1872845909754,16.));
#11757=CARTESIAN_POINT('Ctrl Pts',(6.48751716813494,35.1872845909754,15.));
#11758=CARTESIAN_POINT('Ctrl Pts',(6.59504350350492,35.508896970627,15.));
#11759=CARTESIAN_POINT('Ctrl Pts',(6.79802071121654,36.116003895294,15.));
#11760=CARTESIAN_POINT('Ctrl Pts',(7.27348038331988,36.5421433970913,15.));
#11761=CARTESIAN_POINT('Ctrl Pts',(7.49706726273943,36.7425372622172,15.));
#11762=CARTESIAN_POINT('Origin',(8.22694759568621,34.8735054752985,16.));
#11763=CARTESIAN_POINT('',(8.22694759568621,34.8735054752985,15.));
#11764=CARTESIAN_POINT('',(8.22694759568621,34.8735054752985,16.));
#11765=CARTESIAN_POINT('',(8.22694759568621,34.8735054752985,15.));
#11766=CARTESIAN_POINT('Ctrl Pts',(8.6907909413283,35.5795081875483,16.));
#11767=CARTESIAN_POINT('Ctrl Pts',(8.6907909413283,35.5795081875483,15.));
#11768=CARTESIAN_POINT('Ctrl Pts',(8.5972995677511,35.4919722011267,16.));
#11769=CARTESIAN_POINT('Ctrl Pts',(8.5972995677511,35.4919722011267,15.));
#11770=CARTESIAN_POINT('Ctrl Pts',(8.38672286551541,35.294809204774,16.));
#11771=CARTESIAN_POINT('Ctrl Pts',(8.38672286551541,35.294809204774,15.));
#11772=CARTESIAN_POINT('Ctrl Pts',(8.28404099747097,35.0240523222923,16.));
#11773=CARTESIAN_POINT('Ctrl Pts',(8.28404099747097,35.0240523222923,15.));
#11774=CARTESIAN_POINT('Ctrl Pts',(8.22694759568621,34.8735054752985,16.));
#11775=CARTESIAN_POINT('Ctrl Pts',(8.22694759568621,34.8735054752985,15.));
#11776=CARTESIAN_POINT('Ctrl Pts',(8.6907909413283,35.5795081875483,15.));
#11777=CARTESIAN_POINT('Ctrl Pts',(8.5972995677511,35.4919722011267,15.));
#11778=CARTESIAN_POINT('Ctrl Pts',(8.38672286551541,35.294809204774,15.));
#11779=CARTESIAN_POINT('Ctrl Pts',(8.28404099747097,35.0240523222923,15.));
#11780=CARTESIAN_POINT('Ctrl Pts',(8.22694759568621,34.8735054752985,15.));
#11781=CARTESIAN_POINT('Origin',(-9.26964361467909,34.7625414000129,15.));
#11782=CARTESIAN_POINT('Origin',(-8.94904513159346,34.4983353636423,16.));
#11783=CARTESIAN_POINT('',(-8.94904513159346,34.4983353636423,15.));
#11784=CARTESIAN_POINT('',(-8.94904513159346,34.4983353636423,16.));
#11785=CARTESIAN_POINT('',(-10.1768745879228,29.8393991015116,15.));
#11786=CARTESIAN_POINT('',(-8.94904513159346,34.4983353636423,15.));
#11787=CARTESIAN_POINT('',(-10.1768745879228,29.8393991015116,16.));
#11788=CARTESIAN_POINT('Origin',(-7.70074863234114,29.8393991015116,16.));
#11789=CARTESIAN_POINT('',(-7.70074863234114,29.8393991015116,15.));
#11790=CARTESIAN_POINT('',(-7.70074863234114,29.8393991015116,16.));
#11791=CARTESIAN_POINT('',(-7.70074863234114,29.8393991015116,15.));
#11792=CARTESIAN_POINT('Origin',(-5.85900325575422,29.8393991015116,16.));
#11793=CARTESIAN_POINT('',(-5.85900325575422,29.8393991015116,15.));
#11794=CARTESIAN_POINT('',(-5.85900325575422,29.8393991015116,16.));
#11795=CARTESIAN_POINT('',(-5.85900325575422,29.8393991015116,15.));
#11796=CARTESIAN_POINT('Origin',(-3.53294391432356,37.0836010000864,16.));
#11797=CARTESIAN_POINT('',(-3.53294391432356,37.0836010000864,15.));
#11798=CARTESIAN_POINT('',(-3.53294391432356,37.0836010000864,16.));
#11799=CARTESIAN_POINT('',(-3.53294391432356,37.0836010000864,15.));
#11800=CARTESIAN_POINT('Origin',(-5.42243976393293,37.0836010000864,16.));
#11801=CARTESIAN_POINT('',(-5.42243976393293,37.0836010000864,15.));
#11802=CARTESIAN_POINT('',(-5.42243976393293,37.0836010000864,16.));
#11803=CARTESIAN_POINT('',(-5.42243976393293,37.0836010000864,15.));
#11804=CARTESIAN_POINT('Origin',(-6.80716056624006,32.3359885237375,16.));
#11805=CARTESIAN_POINT('',(-6.80716056624006,32.3359885237375,15.));
#11806=CARTESIAN_POINT('',(-6.80716056624006,32.3359885237375,16.));
#11807=CARTESIAN_POINT('',(-6.80716056624006,32.3359885237375,15.));
#11808=CARTESIAN_POINT('Origin',(-8.01452655592512,37.0836010000864,16.));
#11809=CARTESIAN_POINT('',(-8.01452655592512,37.0836010000864,15.));
#11810=CARTESIAN_POINT('',(-8.01452655592512,37.0836010000864,16.));
#11811=CARTESIAN_POINT('',(-8.01452655592512,37.0836010000864,15.));
#11812=CARTESIAN_POINT('Origin',(-9.86309666433882,37.0836010000864,16.));
#11813=CARTESIAN_POINT('',(-9.86309666433882,37.0836010000864,15.));
#11814=CARTESIAN_POINT('',(-9.86309666433882,37.0836010000864,16.));
#11815=CARTESIAN_POINT('',(-9.86309666433882,37.0836010000864,15.));
#11816=CARTESIAN_POINT('Origin',(-11.1113919714982,32.3359885237375,16.));
#11817=CARTESIAN_POINT('',(-11.1113919714982,32.3359885237375,15.));
#11818=CARTESIAN_POINT('',(-11.1113919714982,32.3359885237375,16.));
#11819=CARTESIAN_POINT('',(-11.1113919714982,32.3359885237375,15.));
#11820=CARTESIAN_POINT('Origin',(-12.4688257674272,37.0836010000864,16.));
#11821=CARTESIAN_POINT('',(-12.4688257674272,37.0836010000864,15.));
#11822=CARTESIAN_POINT('',(-12.4688257674272,37.0836010000864,16.));
#11823=CARTESIAN_POINT('',(-12.4688257674272,37.0836010000864,15.));
#11824=CARTESIAN_POINT('Origin',(-14.3310369948442,37.0836010000864,16.));
#11825=CARTESIAN_POINT('',(-14.3310369948442,37.0836010000864,15.));
#11826=CARTESIAN_POINT('',(-14.3310369948442,37.0836010000864,16.));
#11827=CARTESIAN_POINT('',(-14.3310369948442,37.0836010000864,15.));
#11828=CARTESIAN_POINT('Origin',(-12.0390858153398,29.8393991015116,16.));
#11829=CARTESIAN_POINT('',(-12.0390858153398,29.8393991015116,15.));
#11830=CARTESIAN_POINT('',(-12.0390858153398,29.8393991015116,16.));
#11831=CARTESIAN_POINT('',(-12.0390858153398,29.8393991015116,15.));
#11832=CARTESIAN_POINT('Origin',(-10.1768745879228,29.8393991015116,16.));
#11833=CARTESIAN_POINT('',(-10.1768745879228,29.8393991015116,15.));
#11834=CARTESIAN_POINT('Origin',(-9.26964361467909,34.7625414000129,15.));
#11835=CARTESIAN_POINT('Ctrl Pts',(-18.6284436682756,35.6852384827295,16.));
#11836=CARTESIAN_POINT('Ctrl Pts',(-18.6284436682756,35.6852384827295,15.));
#11837=CARTESIAN_POINT('Ctrl Pts',(-18.8691724312304,35.6607304864218,16.));
#11838=CARTESIAN_POINT('Ctrl Pts',(-18.8691724312304,35.6607304864218,15.));
#11839=CARTESIAN_POINT('Ctrl Pts',(-19.3538785465883,35.6113837629987,16.));
#11840=CARTESIAN_POINT('Ctrl Pts',(-19.3538785465883,35.6113837629987,15.));
#11841=CARTESIAN_POINT('Ctrl Pts',(-19.7107497677176,35.2793701183861,16.));
#11842=CARTESIAN_POINT('Ctrl Pts',(-19.7107497677176,35.2793701183861,15.));
#11843=CARTESIAN_POINT('Ctrl Pts',(-19.8903812865312,35.1122506878534,16.));
#11844=CARTESIAN_POINT('Ctrl Pts',(-19.8903812865312,35.1122506878534,15.));
#11845=CARTESIAN_POINT('',(-18.6284436682756,35.6852384827295,16.));
#11846=CARTESIAN_POINT('',(-19.8903812865312,35.1122506878534,16.));
#11847=CARTESIAN_POINT('Ctrl Pts',(-18.6284436682756,35.6852384827295,16.));
#11848=CARTESIAN_POINT('Ctrl Pts',(-18.8691724312304,35.6607304864218,16.));
#11849=CARTESIAN_POINT('Ctrl Pts',(-19.3538785465883,35.6113837629987,16.));
#11850=CARTESIAN_POINT('Ctrl Pts',(-19.7107497677176,35.2793701183861,16.));
#11851=CARTESIAN_POINT('Ctrl Pts',(-19.8903812865312,35.1122506878534,16.));
#11852=CARTESIAN_POINT('',(-18.6284436682756,35.6852384827295,15.));
#11853=CARTESIAN_POINT('',(-18.6284436682756,35.6852384827295,16.));
#11854=CARTESIAN_POINT('',(-19.8903812865312,35.1122506878534,15.));
#11855=CARTESIAN_POINT('Ctrl Pts',(-18.6284436682756,35.6852384827295,15.));
#11856=CARTESIAN_POINT('Ctrl Pts',(-18.8691724312304,35.6607304864218,15.));
#11857=CARTESIAN_POINT('Ctrl Pts',(-19.3538785465883,35.6113837629987,15.));
#11858=CARTESIAN_POINT('Ctrl Pts',(-19.7107497677176,35.2793701183861,15.));
#11859=CARTESIAN_POINT('Ctrl Pts',(-19.8903812865312,35.1122506878534,15.));
#11860=CARTESIAN_POINT('',(-19.8903812865312,35.1122506878534,16.));
#11861=CARTESIAN_POINT('Ctrl Pts',(-17.3699154357011,35.1122506878534,16.));
#11862=CARTESIAN_POINT('Ctrl Pts',(-17.3699154357011,35.1122506878534,15.));
#11863=CARTESIAN_POINT('Ctrl Pts',(-17.5486598660761,35.2793703269886,16.));
#11864=CARTESIAN_POINT('Ctrl Pts',(-17.5486598660761,35.2793703269886,15.));
#11865=CARTESIAN_POINT('Ctrl Pts',(-17.9040647369071,35.6116611493405,16.));
#11866=CARTESIAN_POINT('Ctrl Pts',(-17.9040647369071,35.6116611493405,15.));
#11867=CARTESIAN_POINT('Ctrl Pts',(-18.387929772034,35.6608087673387,16.));
#11868=CARTESIAN_POINT('Ctrl Pts',(-18.387929772034,35.6608087673387,15.));
#11869=CARTESIAN_POINT('Ctrl Pts',(-18.6284436682756,35.6852384827295,16.));
#11870=CARTESIAN_POINT('Ctrl Pts',(-18.6284436682756,35.6852384827295,15.));
#11871=CARTESIAN_POINT('',(-17.3699154357011,35.1122506878534,16.));
#11872=CARTESIAN_POINT('Ctrl Pts',(-17.3699154357011,35.1122506878534,16.));
#11873=CARTESIAN_POINT('Ctrl Pts',(-17.5486598660761,35.2793703269886,16.));
#11874=CARTESIAN_POINT('Ctrl Pts',(-17.9040647369071,35.6116611493405,16.));
#11875=CARTESIAN_POINT('Ctrl Pts',(-18.387929772034,35.6608087673387,16.));
#11876=CARTESIAN_POINT('Ctrl Pts',(-18.6284436682756,35.6852384827295,16.));
#11877=CARTESIAN_POINT('',(-17.3699154357011,35.1122506878534,15.));
#11878=CARTESIAN_POINT('',(-17.3699154357011,35.1122506878534,16.));
#11879=CARTESIAN_POINT('Ctrl Pts',(-17.3699154357011,35.1122506878534,15.));
#11880=CARTESIAN_POINT('Ctrl Pts',(-17.5486598660761,35.2793703269886,15.));
#11881=CARTESIAN_POINT('Ctrl Pts',(-17.9040647369071,35.6116611493405,15.));
#11882=CARTESIAN_POINT('Ctrl Pts',(-18.387929772034,35.6608087673387,15.));
#11883=CARTESIAN_POINT('Ctrl Pts',(-18.6284436682756,35.6852384827295,15.));
#11884=CARTESIAN_POINT('Ctrl Pts',(-16.8617310027177,33.4751429579416,16.));
#11885=CARTESIAN_POINT('Ctrl Pts',(-16.8617310027177,33.4751429579416,15.));
#11886=CARTESIAN_POINT('Ctrl Pts',(-16.8741733696756,33.7987547823549,16.));
#11887=CARTESIAN_POINT('Ctrl Pts',(-16.8741733696756,33.7987547823549,15.));
#11888=CARTESIAN_POINT('Ctrl Pts',(-16.8970074819792,34.3926440934859,16.));
#11889=CARTESIAN_POINT('Ctrl Pts',(-16.8970074819792,34.3926440934859,15.));
#11890=CARTESIAN_POINT('Ctrl Pts',(-17.2220083725057,34.8871859639653,16.));
#11891=CARTESIAN_POINT('Ctrl Pts',(-17.2220083725057,34.8871859639653,15.));
#11892=CARTESIAN_POINT('Ctrl Pts',(-17.3699154357011,35.1122506878534,16.));
#11893=CARTESIAN_POINT('Ctrl Pts',(-17.3699154357011,35.1122506878534,15.));
#11894=CARTESIAN_POINT('',(-16.8617310027177,33.4751429579416,16.));
#11895=CARTESIAN_POINT('Ctrl Pts',(-16.8617310027177,33.4751429579416,16.));
#11896=CARTESIAN_POINT('Ctrl Pts',(-16.8741733696756,33.7987547823549,16.));
#11897=CARTESIAN_POINT('Ctrl Pts',(-16.8970074819792,34.3926440934859,16.));
#11898=CARTESIAN_POINT('Ctrl Pts',(-17.2220083725057,34.8871859639653,16.));
#11899=CARTESIAN_POINT('Ctrl Pts',(-17.3699154357011,35.1122506878534,16.));
#11900=CARTESIAN_POINT('',(-16.8617310027177,33.4751429579416,15.));
#11901=CARTESIAN_POINT('',(-16.8617310027177,33.4751429579416,16.));
#11902=CARTESIAN_POINT('Ctrl Pts',(-16.8617310027177,33.4751429579416,15.));
#11903=CARTESIAN_POINT('Ctrl Pts',(-16.8741733696756,33.7987547823549,15.));
#11904=CARTESIAN_POINT('Ctrl Pts',(-16.8970074819792,34.3926440934859,15.));
#11905=CARTESIAN_POINT('Ctrl Pts',(-17.2220083725057,34.8871859639653,15.));
#11906=CARTESIAN_POINT('Ctrl Pts',(-17.3699154357011,35.1122506878534,15.));
#11907=CARTESIAN_POINT('Ctrl Pts',(-17.3699154357011,31.810750009791,16.));
#11908=CARTESIAN_POINT('Ctrl Pts',(-17.3699154357011,31.810750009791,15.));
#11909=CARTESIAN_POINT('Ctrl Pts',(-17.2220549860345,32.0381837058303,16.));
#11910=CARTESIAN_POINT('Ctrl Pts',(-17.2220549860345,32.0381837058303,15.));
#11911=CARTESIAN_POINT('Ctrl Pts',(-16.8947310235918,32.5416618079759,16.));
#11912=CARTESIAN_POINT('Ctrl Pts',(-16.8947310235918,32.5416618079759,15.));
#11913=CARTESIAN_POINT('Ctrl Pts',(-16.8734169656851,33.1445787382739,16.));
#11914=CARTESIAN_POINT('Ctrl Pts',(-16.8734169656851,33.1445787382739,15.));
#11915=CARTESIAN_POINT('Ctrl Pts',(-16.8617310027177,33.4751429579416,16.));
#11916=CARTESIAN_POINT('Ctrl Pts',(-16.8617310027177,33.4751429579416,15.));
#11917=CARTESIAN_POINT('',(-17.3699154357011,31.810750009791,16.));
#11918=CARTESIAN_POINT('Ctrl Pts',(-17.3699154357011,31.810750009791,16.));
#11919=CARTESIAN_POINT('Ctrl Pts',(-17.2220549860345,32.0381837058303,16.));
#11920=CARTESIAN_POINT('Ctrl Pts',(-16.8947310235918,32.5416618079759,16.));
#11921=CARTESIAN_POINT('Ctrl Pts',(-16.8734169656851,33.1445787382739,16.));
#11922=CARTESIAN_POINT('Ctrl Pts',(-16.8617310027177,33.4751429579416,16.));
#11923=CARTESIAN_POINT('',(-17.3699154357011,31.810750009791,15.));
#11924=CARTESIAN_POINT('',(-17.3699154357011,31.810750009791,16.));
#11925=CARTESIAN_POINT('Ctrl Pts',(-17.3699154357011,31.810750009791,15.));
#11926=CARTESIAN_POINT('Ctrl Pts',(-17.2220549860345,32.0381837058303,15.));
#11927=CARTESIAN_POINT('Ctrl Pts',(-16.8947310235918,32.5416618079759,15.));
#11928=CARTESIAN_POINT('Ctrl Pts',(-16.8734169656851,33.1445787382739,15.));
#11929=CARTESIAN_POINT('Ctrl Pts',(-16.8617310027177,33.4751429579416,15.));
#11930=CARTESIAN_POINT('Ctrl Pts',(-18.6284436682756,31.2377622149149,16.));
#11931=CARTESIAN_POINT('Ctrl Pts',(-18.6284436682756,31.2377622149149,15.));
#11932=CARTESIAN_POINT('Ctrl Pts',(-18.387929273782,31.2621915248392,16.));
#11933=CARTESIAN_POINT('Ctrl Pts',(-18.387929273782,31.2621915248392,15.));
#11934=CARTESIAN_POINT('Ctrl Pts',(-17.9040637995986,31.3113382699035,16.));
#11935=CARTESIAN_POINT('Ctrl Pts',(-17.9040637995986,31.3113382699035,15.));
#11936=CARTESIAN_POINT('Ctrl Pts',(-17.5486594155743,31.6436300708071,16.));
#11937=CARTESIAN_POINT('Ctrl Pts',(-17.5486594155743,31.6436300708071,15.));
#11938=CARTESIAN_POINT('Ctrl Pts',(-17.3699154357011,31.810750009791,16.));
#11939=CARTESIAN_POINT('Ctrl Pts',(-17.3699154357011,31.810750009791,15.));
#11940=CARTESIAN_POINT('',(-18.6284436682756,31.2377622149149,16.));
#11941=CARTESIAN_POINT('Ctrl Pts',(-18.6284436682756,31.2377622149149,16.));
#11942=CARTESIAN_POINT('Ctrl Pts',(-18.387929273782,31.2621915248392,16.));
#11943=CARTESIAN_POINT('Ctrl Pts',(-17.9040637995986,31.3113382699035,16.));
#11944=CARTESIAN_POINT('Ctrl Pts',(-17.5486594155743,31.6436300708071,16.));
#11945=CARTESIAN_POINT('Ctrl Pts',(-17.3699154357011,31.810750009791,16.));
#11946=CARTESIAN_POINT('',(-18.6284436682756,31.2377622149149,15.));
#11947=CARTESIAN_POINT('',(-18.6284436682756,31.2377622149149,16.));
#11948=CARTESIAN_POINT('Ctrl Pts',(-18.6284436682756,31.2377622149149,15.));
#11949=CARTESIAN_POINT('Ctrl Pts',(-18.387929273782,31.2621915248392,15.));
#11950=CARTESIAN_POINT('Ctrl Pts',(-17.9040637995986,31.3113382699035,15.));
#11951=CARTESIAN_POINT('Ctrl Pts',(-17.5486594155743,31.6436300708071,15.));
#11952=CARTESIAN_POINT('Ctrl Pts',(-17.3699154357011,31.810750009791,15.));
#11953=CARTESIAN_POINT('Ctrl Pts',(-19.8903812865312,31.810750009791,16.));
#11954=CARTESIAN_POINT('Ctrl Pts',(-19.8903812865312,31.810750009791,15.));
#11955=CARTESIAN_POINT('Ctrl Pts',(-19.7107501749964,31.6436305782929,16.));
#11956=CARTESIAN_POINT('Ctrl Pts',(-19.7107501749964,31.6436305782929,15.));
#11957=CARTESIAN_POINT('Ctrl Pts',(-19.3538792335056,31.3116164391465,16.));
#11958=CARTESIAN_POINT('Ctrl Pts',(-19.3538792335056,31.3116164391465,15.));
#11959=CARTESIAN_POINT('Ctrl Pts',(-18.8691729010472,31.2622700714198,16.));
#11960=CARTESIAN_POINT('Ctrl Pts',(-18.8691729010472,31.2622700714198,15.));
#11961=CARTESIAN_POINT('Ctrl Pts',(-18.6284436682756,31.2377622149149,16.));
#11962=CARTESIAN_POINT('Ctrl Pts',(-18.6284436682756,31.2377622149149,15.));
#11963=CARTESIAN_POINT('',(-19.8903812865312,31.810750009791,16.));
#11964=CARTESIAN_POINT('Ctrl Pts',(-19.8903812865312,31.810750009791,16.));
#11965=CARTESIAN_POINT('Ctrl Pts',(-19.7107501749964,31.6436305782929,16.));
#11966=CARTESIAN_POINT('Ctrl Pts',(-19.3538792335056,31.3116164391465,16.));
#11967=CARTESIAN_POINT('Ctrl Pts',(-18.8691729010472,31.2622700714198,16.));
#11968=CARTESIAN_POINT('Ctrl Pts',(-18.6284436682756,31.2377622149149,16.));
#11969=CARTESIAN_POINT('',(-19.8903812865312,31.810750009791,15.));
#11970=CARTESIAN_POINT('',(-19.8903812865312,31.810750009791,16.));
#11971=CARTESIAN_POINT('Ctrl Pts',(-19.8903812865312,31.810750009791,15.));
#11972=CARTESIAN_POINT('Ctrl Pts',(-19.7107501749964,31.6436305782929,15.));
#11973=CARTESIAN_POINT('Ctrl Pts',(-19.3538792335056,31.3116164391465,15.));
#11974=CARTESIAN_POINT('Ctrl Pts',(-18.8691729010472,31.2622700714198,15.));
#11975=CARTESIAN_POINT('Ctrl Pts',(-18.6284436682756,31.2377622149149,15.));
#11976=CARTESIAN_POINT('Ctrl Pts',(-20.4019774893815,33.4615006468455,16.));
#11977=CARTESIAN_POINT('Ctrl Pts',(-20.4019774893815,33.4615006468455,15.));
#11978=CARTESIAN_POINT('Ctrl Pts',(-20.3897534309901,33.1343093195621,16.));
#11979=CARTESIAN_POINT('Ctrl Pts',(-20.3897534309901,33.1343093195621,15.));
#11980=CARTESIAN_POINT('Ctrl Pts',(-20.3673752520685,32.5353309910025,16.));
#11981=CARTESIAN_POINT('Ctrl Pts',(-20.3673752520685,32.5353309910025,15.));
#11982=CARTESIAN_POINT('Ctrl Pts',(-20.0392626843984,32.036909326564,16.));
#11983=CARTESIAN_POINT('Ctrl Pts',(-20.0392626843984,32.036909326564,15.));
#11984=CARTESIAN_POINT('Ctrl Pts',(-19.8903812865312,31.810750009791,16.));
#11985=CARTESIAN_POINT('Ctrl Pts',(-19.8903812865312,31.810750009791,15.));
#11986=CARTESIAN_POINT('',(-20.4019774893815,33.4615006468455,16.));
#11987=CARTESIAN_POINT('Ctrl Pts',(-20.4019774893815,33.4615006468455,16.));
#11988=CARTESIAN_POINT('Ctrl Pts',(-20.3897534309901,33.1343093195621,16.));
#11989=CARTESIAN_POINT('Ctrl Pts',(-20.3673752520685,32.5353309910025,16.));
#11990=CARTESIAN_POINT('Ctrl Pts',(-20.0392626843984,32.036909326564,16.));
#11991=CARTESIAN_POINT('Ctrl Pts',(-19.8903812865312,31.810750009791,16.));
#11992=CARTESIAN_POINT('',(-20.4019774893815,33.4615006468455,15.));
#11993=CARTESIAN_POINT('',(-20.4019774893815,33.4615006468455,16.));
#11994=CARTESIAN_POINT('Ctrl Pts',(-20.4019774893815,33.4615006468455,15.));
#11995=CARTESIAN_POINT('Ctrl Pts',(-20.3897534309901,33.1343093195621,15.));
#11996=CARTESIAN_POINT('Ctrl Pts',(-20.3673752520685,32.5353309910025,15.));
#11997=CARTESIAN_POINT('Ctrl Pts',(-20.0392626843984,32.036909326564,15.));
#11998=CARTESIAN_POINT('Ctrl Pts',(-19.8903812865312,31.810750009791,15.));
#11999=CARTESIAN_POINT('Ctrl Pts',(-19.8903812865312,35.1122506878534,16.));
#12000=CARTESIAN_POINT('Ctrl Pts',(-19.8903812865312,35.1122506878534,15.));
#12001=CARTESIAN_POINT('Ctrl Pts',(-20.0392632519415,34.8860914289421,16.));
#12002=CARTESIAN_POINT('Ctrl Pts',(-20.0392632519415,34.8860914289421,15.));
#12003=CARTESIAN_POINT('Ctrl Pts',(-20.3673768015879,34.3876703003499,16.));
#12004=CARTESIAN_POINT('Ctrl Pts',(-20.3673768015879,34.3876703003499,15.));
#12005=CARTESIAN_POINT('Ctrl Pts',(-20.3897539837741,33.7886918293029,16.));
#12006=CARTESIAN_POINT('Ctrl Pts',(-20.3897539837741,33.7886918293029,15.));
#12007=CARTESIAN_POINT('Ctrl Pts',(-20.4019774893815,33.4615006468455,16.));
#12008=CARTESIAN_POINT('Ctrl Pts',(-20.4019774893815,33.4615006468455,15.));
#12009=CARTESIAN_POINT('Ctrl Pts',(-19.8903812865312,35.1122506878534,16.));
#12010=CARTESIAN_POINT('Ctrl Pts',(-20.0392632519415,34.8860914289421,16.));
#12011=CARTESIAN_POINT('Ctrl Pts',(-20.3673768015879,34.3876703003499,16.));
#12012=CARTESIAN_POINT('Ctrl Pts',(-20.3897539837741,33.7886918293029,16.));
#12013=CARTESIAN_POINT('Ctrl Pts',(-20.4019774893815,33.4615006468455,16.));
#12014=CARTESIAN_POINT('Ctrl Pts',(-19.8903812865312,35.1122506878534,15.));
#12015=CARTESIAN_POINT('Ctrl Pts',(-20.0392632519415,34.8860914289421,15.));
#12016=CARTESIAN_POINT('Ctrl Pts',(-20.3673768015879,34.3876703003499,15.));
#12017=CARTESIAN_POINT('Ctrl Pts',(-20.3897539837741,33.7886918293029,15.));
#12018=CARTESIAN_POINT('Ctrl Pts',(-20.4019774893815,33.4615006468455,15.));
#12019=CARTESIAN_POINT('Ctrl Pts',(-20.5213489035661,30.1258924029032,16.));
#12020=CARTESIAN_POINT('Ctrl Pts',(-20.5213489035661,30.1258924029032,15.));
#12021=CARTESIAN_POINT('Ctrl Pts',(-20.804129451457,30.2926215127191,16.));
#12022=CARTESIAN_POINT('Ctrl Pts',(-20.804129451457,30.2926215127191,15.));
#12023=CARTESIAN_POINT('Ctrl Pts',(-21.3665441502313,30.6242245977736,16.));
#12024=CARTESIAN_POINT('Ctrl Pts',(-21.3665441502313,30.6242245977736,15.));
#12025=CARTESIAN_POINT('Ctrl Pts',(-21.7200659509726,31.1729722019399,16.));
#12026=CARTESIAN_POINT('Ctrl Pts',(-21.7200659509726,31.1729722019399,15.));
#12027=CARTESIAN_POINT('Ctrl Pts',(-21.8958379725511,31.4458110354105,16.));
#12028=CARTESIAN_POINT('Ctrl Pts',(-21.8958379725511,31.4458110354105,15.));
#12029=CARTESIAN_POINT('',(-20.5213489035661,30.1258924029032,15.));
#12030=CARTESIAN_POINT('',(-20.5213489035661,30.1258924029032,16.));
#12031=CARTESIAN_POINT('',(-21.8958379725511,31.4458110354105,15.));
#12032=CARTESIAN_POINT('Ctrl Pts',(-20.5213489035661,30.1258924029032,15.));
#12033=CARTESIAN_POINT('Ctrl Pts',(-20.804129451457,30.2926215127191,15.));
#12034=CARTESIAN_POINT('Ctrl Pts',(-21.3665441502313,30.6242245977736,15.));
#12035=CARTESIAN_POINT('Ctrl Pts',(-21.7200659509726,31.1729722019399,15.));
#12036=CARTESIAN_POINT('Ctrl Pts',(-21.8958379725511,31.4458110354105,15.));
#12037=CARTESIAN_POINT('',(-21.8958379725511,31.4458110354105,16.));
#12038=CARTESIAN_POINT('Ctrl Pts',(-18.6216225127275,29.6756877920786,16.));
#12039=CARTESIAN_POINT('Ctrl Pts',(-18.6216225127275,29.6756877920786,15.));
#12040=CARTESIAN_POINT('Ctrl Pts',(-18.9502916205204,29.6947142837145,16.));
#12041=CARTESIAN_POINT('Ctrl Pts',(-18.9502916205204,29.6947142837145,15.));
#12042=CARTESIAN_POINT('Ctrl Pts',(-19.6099972058659,29.7329043128476,16.));
#12043=CARTESIAN_POINT('Ctrl Pts',(-19.6099972058659,29.7329043128476,15.));
#12044=CARTESIAN_POINT('Ctrl Pts',(-20.216839115281,29.9945833589815,16.));
#12045=CARTESIAN_POINT('Ctrl Pts',(-20.216839115281,29.9945833589815,15.));
#12046=CARTESIAN_POINT('Ctrl Pts',(-20.5213489035661,30.1258924029032,16.));
#12047=CARTESIAN_POINT('Ctrl Pts',(-20.5213489035661,30.1258924029032,15.));
#12048=CARTESIAN_POINT('',(-18.6216225127275,29.6756877920786,15.));
#12049=CARTESIAN_POINT('',(-18.6216225127275,29.6756877920786,16.));
#12050=CARTESIAN_POINT('Ctrl Pts',(-18.6216225127275,29.6756877920786,15.));
#12051=CARTESIAN_POINT('Ctrl Pts',(-18.9502916205204,29.6947142837145,15.));
#12052=CARTESIAN_POINT('Ctrl Pts',(-19.6099972058659,29.7329043128476,15.));
#12053=CARTESIAN_POINT('Ctrl Pts',(-20.216839115281,29.9945833589815,15.));
#12054=CARTESIAN_POINT('Ctrl Pts',(-20.5213489035661,30.1258924029032,15.));
#12055=CARTESIAN_POINT('Ctrl Pts',(-15.9510912398393,30.756861212031,16.));
#12056=CARTESIAN_POINT('Ctrl Pts',(-15.9510912398393,30.756861212031,15.));
#12057=CARTESIAN_POINT('Ctrl Pts',(-16.3320035786788,30.4415453580535,16.));
#12058=CARTESIAN_POINT('Ctrl Pts',(-16.3320035786788,30.4415453580535,15.));
#12059=CARTESIAN_POINT('Ctrl Pts',(-17.1071335296457,29.7998996629383,16.));
#12060=CARTESIAN_POINT('Ctrl Pts',(-17.1071335296457,29.7998996629383,15.));
#12061=CARTESIAN_POINT('Ctrl Pts',(-18.1110487112789,29.7175628587171,16.));
#12062=CARTESIAN_POINT('Ctrl Pts',(-18.1110487112789,29.7175628587171,15.));
#12063=CARTESIAN_POINT('Ctrl Pts',(-18.6216225127275,29.6756877920786,16.));
#12064=CARTESIAN_POINT('Ctrl Pts',(-18.6216225127275,29.6756877920786,15.));
#12065=CARTESIAN_POINT('',(-15.9510912398393,30.756861212031,15.));
#12066=CARTESIAN_POINT('',(-15.9510912398393,30.756861212031,16.));
#12067=CARTESIAN_POINT('Ctrl Pts',(-15.9510912398393,30.756861212031,15.));
#12068=CARTESIAN_POINT('Ctrl Pts',(-16.3320035786788,30.4415453580535,15.));
#12069=CARTESIAN_POINT('Ctrl Pts',(-17.1071335296457,29.7998996629383,15.));
#12070=CARTESIAN_POINT('Ctrl Pts',(-18.1110487112789,29.7175628587171,15.));
#12071=CARTESIAN_POINT('Ctrl Pts',(-18.6216225127275,29.6756877920786,15.));
#12072=CARTESIAN_POINT('Ctrl Pts',(-14.8903812865312,33.4819641134897,16.));
#12073=CARTESIAN_POINT('Ctrl Pts',(-14.8903812865312,33.4819641134897,15.));
#12074=CARTESIAN_POINT('Ctrl Pts',(-14.9303812484042,32.9617864447985,16.));
#12075=CARTESIAN_POINT('Ctrl Pts',(-14.9303812484042,32.9617864447985,15.));
#12076=CARTESIAN_POINT('Ctrl Pts',(-15.008587930947,31.9447512303568,16.));
#12077=CARTESIAN_POINT('Ctrl Pts',(-15.008587930947,31.9447512303568,15.));
#12078=CARTESIAN_POINT('Ctrl Pts',(-15.6417629351987,31.1467251011032,16.));
#12079=CARTESIAN_POINT('Ctrl Pts',(-15.6417629351987,31.1467251011032,15.));
#12080=CARTESIAN_POINT('Ctrl Pts',(-15.9510912398393,30.756861212031,16.));
#12081=CARTESIAN_POINT('Ctrl Pts',(-15.9510912398393,30.756861212031,15.));
#12082=CARTESIAN_POINT('',(-14.8903812865312,33.4819641134897,15.));
#12083=CARTESIAN_POINT('',(-14.8903812865312,33.4819641134897,16.));
#12084=CARTESIAN_POINT('Ctrl Pts',(-14.8903812865312,33.4819641134897,15.));
#12085=CARTESIAN_POINT('Ctrl Pts',(-14.9303812484042,32.9617864447985,15.));
#12086=CARTESIAN_POINT('Ctrl Pts',(-15.008587930947,31.9447512303568,15.));
#12087=CARTESIAN_POINT('Ctrl Pts',(-15.6417629351987,31.1467251011032,15.));
#12088=CARTESIAN_POINT('Ctrl Pts',(-15.9510912398393,30.756861212031,15.));
#12089=CARTESIAN_POINT('Ctrl Pts',(-15.9408583144243,36.1797812006632,16.));
#12090=CARTESIAN_POINT('Ctrl Pts',(-15.9408583144243,36.1797812006632,15.));
#12091=CARTESIAN_POINT('Ctrl Pts',(-15.6345174017868,35.7943106237709,16.));
#12092=CARTESIAN_POINT('Ctrl Pts',(-15.6345174017868,35.7943106237709,15.));
#12093=CARTESIAN_POINT('Ctrl Pts',(-15.0069322864727,35.0046165722439,16.));
#12094=CARTESIAN_POINT('Ctrl Pts',(-15.0069322864727,35.0046165722439,15.));
#12095=CARTESIAN_POINT('Ctrl Pts',(-14.9298418431745,33.9974870487442,16.));
#12096=CARTESIAN_POINT('Ctrl Pts',(-14.9298418431745,33.9974870487442,15.));
#12097=CARTESIAN_POINT('Ctrl Pts',(-14.8903812865312,33.4819641134897,16.));
#12098=CARTESIAN_POINT('Ctrl Pts',(-14.8903812865312,33.4819641134897,15.));
#12099=CARTESIAN_POINT('',(-15.9408583144243,36.1797812006632,15.));
#12100=CARTESIAN_POINT('',(-15.9408583144243,36.1797812006632,16.));
#12101=CARTESIAN_POINT('Ctrl Pts',(-15.9408583144243,36.1797812006632,15.));
#12102=CARTESIAN_POINT('Ctrl Pts',(-15.6345174017868,35.7943106237709,15.));
#12103=CARTESIAN_POINT('Ctrl Pts',(-15.0069322864727,35.0046165722439,15.));
#12104=CARTESIAN_POINT('Ctrl Pts',(-14.9298418431745,33.9974870487442,15.));
#12105=CARTESIAN_POINT('Ctrl Pts',(-14.8903812865312,33.4819641134897,15.));
#12106=CARTESIAN_POINT('Ctrl Pts',(-18.6352648238237,37.247311713473,16.));
#12107=CARTESIAN_POINT('Ctrl Pts',(-18.6352648238237,37.247311713473,15.));
#12108=CARTESIAN_POINT('Ctrl Pts',(-18.116884548019,37.2076811301221,16.));
#12109=CARTESIAN_POINT('Ctrl Pts',(-18.116884548019,37.2076811301221,15.));
#12110=CARTESIAN_POINT('Ctrl Pts',(-17.1065949115865,37.1304436858867,16.));
#12111=CARTESIAN_POINT('Ctrl Pts',(-17.1065949115865,37.1304436858867,15.));
#12112=CARTESIAN_POINT('Ctrl Pts',(-16.3225898595076,36.4910846805578,16.));
#12113=CARTESIAN_POINT('Ctrl Pts',(-16.3225898595076,36.4910846805578,15.));
#12114=CARTESIAN_POINT('Ctrl Pts',(-15.9408583144243,36.1797812006632,16.));
#12115=CARTESIAN_POINT('Ctrl Pts',(-15.9408583144243,36.1797812006632,15.));
#12116=CARTESIAN_POINT('',(-18.6352648238237,37.247311713473,15.));
#12117=CARTESIAN_POINT('',(-18.6352648238237,37.247311713473,16.));
#12118=CARTESIAN_POINT('Ctrl Pts',(-18.6352648238237,37.247311713473,15.));
#12119=CARTESIAN_POINT('Ctrl Pts',(-18.116884548019,37.2076811301221,15.));
#12120=CARTESIAN_POINT('Ctrl Pts',(-17.1065949115865,37.1304436858867,15.));
#12121=CARTESIAN_POINT('Ctrl Pts',(-16.3225898595076,36.4910846805578,15.));
#12122=CARTESIAN_POINT('Ctrl Pts',(-15.9408583144243,36.1797812006632,15.));
#12123=CARTESIAN_POINT('Ctrl Pts',(-20.5622758368547,36.7766436360041,16.));
#12124=CARTESIAN_POINT('Ctrl Pts',(-20.5622758368547,36.7766436360041,15.));
#12125=CARTESIAN_POINT('Ctrl Pts',(-20.2627170197963,36.913905076547,16.));
#12126=CARTESIAN_POINT('Ctrl Pts',(-20.2627170197963,36.913905076547,15.));
#12127=CARTESIAN_POINT('Ctrl Pts',(-19.6508815863304,37.1942554057324,16.));
#12128=CARTESIAN_POINT('Ctrl Pts',(-19.6508815863304,37.1942554057324,15.));
#12129=CARTESIAN_POINT('Ctrl Pts',(-18.978462779316,37.22938288735,16.));
#12130=CARTESIAN_POINT('Ctrl Pts',(-18.978462779316,37.22938288735,15.));
#12131=CARTESIAN_POINT('Ctrl Pts',(-18.6352648238237,37.247311713473,16.));
#12132=CARTESIAN_POINT('Ctrl Pts',(-18.6352648238237,37.247311713473,15.));
#12133=CARTESIAN_POINT('',(-20.5622758368547,36.7766436360041,15.));
#12134=CARTESIAN_POINT('',(-20.5622758368547,36.7766436360041,16.));
#12135=CARTESIAN_POINT('Ctrl Pts',(-20.5622758368547,36.7766436360041,15.));
#12136=CARTESIAN_POINT('Ctrl Pts',(-20.2627170197963,36.913905076547,15.));
#12137=CARTESIAN_POINT('Ctrl Pts',(-19.6508815863304,37.1942554057324,15.));
#12138=CARTESIAN_POINT('Ctrl Pts',(-18.978462779316,37.22938288735,15.));
#12139=CARTESIAN_POINT('Ctrl Pts',(-18.6352648238237,37.247311713473,15.));
#12140=CARTESIAN_POINT('Ctrl Pts',(-21.8958379725511,35.4123868963877,16.));
#12141=CARTESIAN_POINT('Ctrl Pts',(-21.8958379725511,35.4123868963877,15.));
#12142=CARTESIAN_POINT('Ctrl Pts',(-21.7236606504268,35.6920497964816,16.));
#12143=CARTESIAN_POINT('Ctrl Pts',(-21.7236606504268,35.6920497964816,15.));
#12144=CARTESIAN_POINT('Ctrl Pts',(-21.3817817869366,36.2473542539147,16.));
#12145=CARTESIAN_POINT('Ctrl Pts',(-21.3817817869366,36.2473542539147,15.));
#12146=CARTESIAN_POINT('Ctrl Pts',(-20.8341224939341,36.6010676696133,16.));
#12147=CARTESIAN_POINT('Ctrl Pts',(-20.8341224939341,36.6010676696133,15.));
#12148=CARTESIAN_POINT('Ctrl Pts',(-20.5622758368547,36.7766436360041,16.));
#12149=CARTESIAN_POINT('Ctrl Pts',(-20.5622758368547,36.7766436360041,15.));
#12150=CARTESIAN_POINT('',(-21.8958379725511,35.4123868963877,15.));
#12151=CARTESIAN_POINT('',(-21.8958379725511,35.4123868963877,16.));
#12152=CARTESIAN_POINT('Ctrl Pts',(-21.8958379725511,35.4123868963877,15.));
#12153=CARTESIAN_POINT('Ctrl Pts',(-21.7236606504268,35.6920497964816,15.));
#12154=CARTESIAN_POINT('Ctrl Pts',(-21.3817817869366,36.2473542539147,15.));
#12155=CARTESIAN_POINT('Ctrl Pts',(-20.8341224939341,36.6010676696133,15.));
#12156=CARTESIAN_POINT('Ctrl Pts',(-20.5622758368547,36.7766436360041,15.));
#12157=CARTESIAN_POINT('Ctrl Pts',(-22.36650605002,33.5638191721598,16.));
#12158=CARTESIAN_POINT('Ctrl Pts',(-22.36650605002,33.5638191721598,15.));
#12159=CARTESIAN_POINT('Ctrl Pts',(-22.3457727072194,33.8817016061456,16.));
#12160=CARTESIAN_POINT('Ctrl Pts',(-22.3457727072194,33.8817016061456,15.));
#12161=CARTESIAN_POINT('Ctrl Pts',(-22.3036906430954,34.5269014226695,16.));
#12162=CARTESIAN_POINT('Ctrl Pts',(-22.3036906430954,34.5269014226695,15.));
#12163=CARTESIAN_POINT('Ctrl Pts',(-22.0331078004909,35.1143615372347,16.));
#12164=CARTESIAN_POINT('Ctrl Pts',(-22.0331078004909,35.1143615372347,15.));
#12165=CARTESIAN_POINT('Ctrl Pts',(-21.8958379725511,35.4123868963877,16.));
#12166=CARTESIAN_POINT('Ctrl Pts',(-21.8958379725511,35.4123868963877,15.));
#12167=CARTESIAN_POINT('',(-22.36650605002,33.5638191721598,15.));
#12168=CARTESIAN_POINT('',(-22.36650605002,33.5638191721598,16.));
#12169=CARTESIAN_POINT('Ctrl Pts',(-22.36650605002,33.5638191721598,15.));
#12170=CARTESIAN_POINT('Ctrl Pts',(-22.3457727072194,33.8817016061456,15.));
#12171=CARTESIAN_POINT('Ctrl Pts',(-22.3036906430954,34.5269014226695,15.));
#12172=CARTESIAN_POINT('Ctrl Pts',(-22.0331078004909,35.1143615372347,15.));
#12173=CARTESIAN_POINT('Ctrl Pts',(-21.8958379725511,35.4123868963877,15.));
#12174=CARTESIAN_POINT('Ctrl Pts',(-21.8958379725511,31.4458110354105,16.));
#12175=CARTESIAN_POINT('Ctrl Pts',(-21.8958379725511,31.4458110354105,15.));
#12176=CARTESIAN_POINT('Ctrl Pts',(-22.0329801145493,31.7627806323377,16.));
#12177=CARTESIAN_POINT('Ctrl Pts',(-22.0329801145493,31.7627806323377,15.));
#12178=CARTESIAN_POINT('Ctrl Pts',(-22.3249855311161,32.4376777707454,16.));
#12179=CARTESIAN_POINT('Ctrl Pts',(-22.3249855311161,32.4376777707454,15.));
#12180=CARTESIAN_POINT('Ctrl Pts',(-22.3521170278155,33.1735525267003,16.));
#12181=CARTESIAN_POINT('Ctrl Pts',(-22.3521170278155,33.1735525267003,15.));
#12182=CARTESIAN_POINT('Ctrl Pts',(-22.36650605002,33.5638191721598,16.));
#12183=CARTESIAN_POINT('Ctrl Pts',(-22.36650605002,33.5638191721598,15.));
#12184=CARTESIAN_POINT('Ctrl Pts',(-21.8958379725511,31.4458110354105,15.));
#12185=CARTESIAN_POINT('Ctrl Pts',(-22.0329801145493,31.7627806323377,15.));
#12186=CARTESIAN_POINT('Ctrl Pts',(-22.3249855311161,32.4376777707454,15.));
#12187=CARTESIAN_POINT('Ctrl Pts',(-22.3521170278155,33.1735525267003,15.));
#12188=CARTESIAN_POINT('Ctrl Pts',(-22.36650605002,33.5638191721598,15.));
#12189=CARTESIAN_POINT('Origin',(-9.26964361467909,34.7625414000129,15.));
#12190=CARTESIAN_POINT('Origin',(-37.8712816933687,36.3605453989664,16.));
#12191=CARTESIAN_POINT('',(-37.8712816933687,36.3605453989664,15.));
#12192=CARTESIAN_POINT('',(-37.8712816933687,36.3605453989664,16.));
#12193=CARTESIAN_POINT('',(-37.8712816933687,29.8393991015116,15.));
#12194=CARTESIAN_POINT('',(-37.8712816933687,36.3605453989664,15.));
#12195=CARTESIAN_POINT('',(-37.8712816933687,29.8393991015116,16.));
#12196=CARTESIAN_POINT('Origin',(-33.8399042586381,29.8393991015116,16.));
#12197=CARTESIAN_POINT('',(-33.8399042586381,29.8393991015116,15.));
#12198=CARTESIAN_POINT('',(-33.8399042586381,29.8393991015116,16.));
#12199=CARTESIAN_POINT('',(-33.8399042586381,29.8393991015116,15.));
#12200=CARTESIAN_POINT('Origin',(-31.8139829138811,29.8393991015116,16.));
#12201=CARTESIAN_POINT('',(-31.8139829138811,29.8393991015116,15.));
#12202=CARTESIAN_POINT('',(-31.8139829138811,29.8393991015116,16.));
#12203=CARTESIAN_POINT('',(-31.8139829138811,29.8393991015116,15.));
#12204=CARTESIAN_POINT('Origin',(-31.8139829138811,39.8393991015116,16.));
#12205=CARTESIAN_POINT('',(-31.8139829138811,39.8393991015116,15.));
#12206=CARTESIAN_POINT('',(-31.8139829138811,39.8393991015116,16.));
#12207=CARTESIAN_POINT('',(-31.8139829138811,39.8393991015116,15.));
#12208=CARTESIAN_POINT('Origin',(-33.6898358563478,39.8393991015116,16.));
#12209=CARTESIAN_POINT('',(-33.6898358563478,39.8393991015116,15.));
#12210=CARTESIAN_POINT('',(-33.6898358563478,39.8393991015116,16.));
#12211=CARTESIAN_POINT('',(-33.6898358563478,39.8393991015116,15.));
#12212=CARTESIAN_POINT('Origin',(-33.6898358563478,33.1613638422648,16.));
#12213=CARTESIAN_POINT('',(-33.6898358563478,33.1613638422648,15.));
#12214=CARTESIAN_POINT('',(-33.6898358563478,33.1613638422648,16.));
#12215=CARTESIAN_POINT('',(-33.6898358563478,33.1613638422648,15.));
#12216=CARTESIAN_POINT('Origin',(-37.7826048831041,39.8393991015116,16.));
#12217=CARTESIAN_POINT('',(-37.7826048831041,39.8393991015116,15.));
#12218=CARTESIAN_POINT('',(-37.7826048831041,39.8393991015116,16.));
#12219=CARTESIAN_POINT('',(-37.7826048831041,39.8393991015116,15.));
#12220=CARTESIAN_POINT('Origin',(-39.7471346358354,39.8393991015116,16.));
#12221=CARTESIAN_POINT('',(-39.7471346358354,39.8393991015116,15.));
#12222=CARTESIAN_POINT('',(-39.7471346358354,39.8393991015116,16.));
#12223=CARTESIAN_POINT('',(-39.7471346358354,39.8393991015116,15.));
#12224=CARTESIAN_POINT('Origin',(-39.7471346358354,29.8393991015116,16.));
#12225=CARTESIAN_POINT('',(-39.7471346358354,29.8393991015116,15.));
#12226=CARTESIAN_POINT('',(-39.7471346358354,29.8393991015116,16.));
#12227=CARTESIAN_POINT('',(-39.7471346358354,29.8393991015116,15.));
#12228=CARTESIAN_POINT('Origin',(-37.8712816933687,29.8393991015116,16.));
#12229=CARTESIAN_POINT('',(-37.8712816933687,29.8393991015116,15.));
#12230=CARTESIAN_POINT('Origin',(-9.26964361467909,34.7625414000129,15.));
#12231=CARTESIAN_POINT('Origin',(0.,0.,16.));
#12232=CARTESIAN_POINT('Origin',(0.,0.,16.));
#12233=CARTESIAN_POINT('Origin',(0.,0.,16.));
#12234=CARTESIAN_POINT('Origin',(0.,0.,16.));
#12235=CARTESIAN_POINT('Origin',(45.585,-34.875,13.));
#12236=CARTESIAN_POINT('',(45.585,-34.875,13.));
#12237=CARTESIAN_POINT('',(-45.585,-34.875,13.));
#12238=CARTESIAN_POINT('',(-45.585,-34.875,13.));
#12239=CARTESIAN_POINT('',(-45.585,-34.875,13.));
#12240=CARTESIAN_POINT('',(45.585,-34.875,13.));
#12241=CARTESIAN_POINT('Origin',(45.585,18.195,13.));
#12242=CARTESIAN_POINT('',(45.585,18.195,13.));
#12243=CARTESIAN_POINT('',(45.585,-34.875,13.));
#12244=CARTESIAN_POINT('',(45.585,18.195,13.));
#12245=CARTESIAN_POINT('Origin',(-45.585,18.195,13.));
#12246=CARTESIAN_POINT('',(-45.585,18.195,13.));
#12247=CARTESIAN_POINT('',(45.585,18.195,13.));
#12248=CARTESIAN_POINT('',(-45.585,18.195,13.));
#12249=CARTESIAN_POINT('Origin',(-45.585,-34.875,13.));
#12250=CARTESIAN_POINT('',(-45.585,18.195,13.));
#12251=CARTESIAN_POINT('Origin',(29.35,41.98,13.));
#12252=CARTESIAN_POINT('',(29.35,41.98,13.));
#12253=CARTESIAN_POINT('',(46.85,41.98,13.));
#12254=CARTESIAN_POINT('',(46.85,41.98,13.));
#12255=CARTESIAN_POINT('',(46.85,41.98,13.));
#12256=CARTESIAN_POINT('',(29.35,41.98,13.));
#12257=CARTESIAN_POINT('Origin',(29.35,27.78,13.));
#12258=CARTESIAN_POINT('',(29.35,27.78,13.));
#12259=CARTESIAN_POINT('',(29.35,41.98,13.));
#12260=CARTESIAN_POINT('',(29.35,27.78,13.));
#12261=CARTESIAN_POINT('Origin',(46.85,27.78,13.));
#12262=CARTESIAN_POINT('',(46.85,27.78,13.));
#12263=CARTESIAN_POINT('',(29.35,27.78,13.));
#12264=CARTESIAN_POINT('',(46.85,27.78,13.));
#12265=CARTESIAN_POINT('Origin',(46.85,41.98,13.));
#12266=CARTESIAN_POINT('',(46.85,27.78,13.));
#12267=CARTESIAN_POINT('Origin',(-60.5,-55.5,13.));
#12268=CARTESIAN_POINT('',(60.5,-55.5,13.));
#12269=CARTESIAN_POINT('Origin',(60.5,55.5,13.));
#12270=CARTESIAN_POINT('',(-60.5,55.5,13.));
#12271=CARTESIAN_POINT('Origin',(0.,0.,16.));
#12272=CARTESIAN_POINT('Origin',(0.,0.,13.));
#12273=UNCERTAINTY_MEASURE_WITH_UNIT(LENGTH_MEASURE(0.01),#12277,
'DISTANCE_ACCURACY_VALUE',
'Maximum model space distance between geometric entities at asserted c
onnectivities');
#12274=UNCERTAINTY_MEASURE_WITH_UNIT(LENGTH_MEASURE(0.01),#12277,
'DISTANCE_ACCURACY_VALUE',
'Maximum model space distance between geometric entities at asserted c
onnectivities');
#12275=(
GEOMETRIC_REPRESENTATION_CONTEXT(3)
GLOBAL_UNCERTAINTY_ASSIGNED_CONTEXT((#12273))
GLOBAL_UNIT_ASSIGNED_CONTEXT((#12277,#12279,#12280))
REPRESENTATION_CONTEXT('','3D')
);
#12276=(
GEOMETRIC_REPRESENTATION_CONTEXT(3)
GLOBAL_UNCERTAINTY_ASSIGNED_CONTEXT((#12274))
GLOBAL_UNIT_ASSIGNED_CONTEXT((#12277,#12279,#12280))
REPRESENTATION_CONTEXT('','3D')
);
#12277=(
LENGTH_UNIT()
NAMED_UNIT(*)
SI_UNIT(.MILLI.,.METRE.)
);
#12278=(
LENGTH_UNIT()
NAMED_UNIT(*)
SI_UNIT($,.METRE.)
);
#12279=(
NAMED_UNIT(*)
PLANE_ANGLE_UNIT()
SI_UNIT($,.RADIAN.)
);
#12280=(
NAMED_UNIT(*)
SI_UNIT($,.STERADIAN.)
SOLID_ANGLE_UNIT()
);
#12281=SHAPE_DEFINITION_REPRESENTATION(#12282,#12283);
#12282=PRODUCT_DEFINITION_SHAPE('',$,#12285);
#12283=SHAPE_REPRESENTATION('',(#6253),#12275);
#12284=PRODUCT_DEFINITION_CONTEXT('part definition',#12289,'design');
#12285=PRODUCT_DEFINITION('2026-03-31-20-20-49-143','Design Assembled',
#12286,#12284);
#12286=PRODUCT_DEFINITION_FORMATION('',$,#12291);
#12287=PRODUCT_RELATED_PRODUCT_CATEGORY('Design Assembled',
'Design Assembled',(#12291));
#12288=APPLICATION_PROTOCOL_DEFINITION('international standard',
'automotive_design',2009,#12289);
#12289=APPLICATION_CONTEXT(
'Core Data for Automotive Mechanical Design Process');
#12290=PRODUCT_CONTEXT('part definition',#12289,'mechanical');
#12291=PRODUCT('2026-03-31-20-20-49-143','Design Assembled',$,(#12290));
#12292=PRESENTATION_STYLE_ASSIGNMENT((#12293));
#12293=SURFACE_STYLE_USAGE(.BOTH.,#12294);
#12294=SURFACE_SIDE_STYLE('',(#12295));
#12295=SURFACE_STYLE_FILL_AREA(#12296);
#12296=FILL_AREA_STYLE('Acero - Satinado',(#12297));
#12297=FILL_AREA_STYLE_COLOUR('Acero - Satinado',#12298);
#12298=COLOUR_RGB('Acero - Satinado',0.627450980392157,0.627450980392157,
0.627450980392157);
ENDSEC;
END-ISO-10303-21;
