ISO-10303-21;
HEADER;
/* Generated by software containing ST-Developer
 * from STEP Tools, Inc. (www.steptools.com) 
 */

FILE_DESCRIPTION(
/* description */ (''),
/* implementation_level */ '2;1');

FILE_NAME(
/* name */ 'Top.step',
/* time_stamp */ '2026-03-31T20:16:19+02:00',
/* author */ (''),
/* organization */ (''),
/* preprocessor_version */ 'ST-DEVELOPER v20.1',
/* originating_system */ 'Autodesk Translation Framework v14.24.0.0',
/* authorisation */ '');

FILE_SCHEMA (('AUTOMOTIVE_DESIGN { 1 0 10303 214 3 1 1 }'));
ENDSEC;

DATA;
#10=MECHANICAL_DESIGN_GEOMETRIC_PRESENTATION_REPRESENTATION('',(#13),#6080);
#11=SHAPE_REPRESENTATION_RELATIONSHIP('SRR','None',#6087,#12);
#12=ADVANCED_BREP_SHAPE_REPRESENTATION('',(#14),#6079);
#13=STYLED_ITEM('',(#6096),#14);
#14=MANIFOLD_SOLID_BREP('Cuerpo1',#3084);
#15=B_SPLINE_SURFACE_WITH_KNOTS('',3,1,((#4091,#4092),(#4093,#4094),(#4095,
#4096),(#4097,#4098),(#4099,#4100)),.UNSPECIFIED.,.F.,.F.,.F.,(4,1,4),(2,
2),(0.,0.0619332351197784,0.132861666519965),(0.,0.1),.UNSPECIFIED.);
#16=B_SPLINE_SURFACE_WITH_KNOTS('',3,1,((#4117,#4118),(#4119,#4120),(#4121,
#4122),(#4123,#4124),(#4125,#4126)),.UNSPECIFIED.,.F.,.F.,.F.,(4,1,4),(2,
2),(0.,0.0584268444830578,0.116102227558657),(0.,0.1),.UNSPECIFIED.);
#17=B_SPLINE_SURFACE_WITH_KNOTS('',3,1,((#4140,#4141),(#4142,#4143),(#4144,
#4145),(#4146,#4147),(#4148,#4149)),.UNSPECIFIED.,.F.,.F.,.F.,(4,1,4),(2,
2),(0.,0.0557945294771135,0.111094309285847),(0.,0.1),.UNSPECIFIED.);
#18=B_SPLINE_SURFACE_WITH_KNOTS('',3,1,((#4163,#4164),(#4165,#4166),(#4167,
#4168),(#4169,#4170),(#4171,#4172)),.UNSPECIFIED.,.F.,.F.,.F.,(4,1,4),(2,
2),(0.,0.0741827077057878,0.135939173874549),(0.,0.1),.UNSPECIFIED.);
#19=B_SPLINE_SURFACE_WITH_KNOTS('',3,1,((#4189,#4190),(#4191,#4192),(#4193,
#4194),(#4195,#4196),(#4197,#4198)),.UNSPECIFIED.,.F.,.F.,.F.,(4,1,4),(2,
2),(0.,0.0418915794699163,0.080803136025004),(0.,0.1),.UNSPECIFIED.);
#20=B_SPLINE_SURFACE_WITH_KNOTS('',3,1,((#4208,#4209),(#4210,#4211),(#4212,
#4213),(#4214,#4215),(#4216,#4217)),.UNSPECIFIED.,.F.,.F.,.F.,(4,1,4),(2,
2),(0.,0.0611865633974346,0.123042041713023),(0.,0.1),.UNSPECIFIED.);
#21=B_SPLINE_SURFACE_WITH_KNOTS('',3,1,((#4225,#4226),(#4227,#4228),(#4229,
#4230),(#4231,#4232),(#4233,#4234)),.UNSPECIFIED.,.F.,.F.,.F.,(4,1,4),(2,
2),(0.,0.0768447399154571,0.142985335340002),(0.,0.1),.UNSPECIFIED.);
#22=B_SPLINE_SURFACE_WITH_KNOTS('',3,1,((#4246,#4247),(#4248,#4249),(#4250,
#4251),(#4252,#4253),(#4254,#4255)),.UNSPECIFIED.,.F.,.F.,.F.,(4,1,4),(2,
2),(0.,0.151771686867797,0.344775393648211),(0.,0.1),.UNSPECIFIED.);
#23=B_SPLINE_SURFACE_WITH_KNOTS('',3,1,((#4263,#4264),(#4265,#4266),(#4267,
#4268),(#4269,#4270),(#4271,#4272)),.UNSPECIFIED.,.F.,.F.,.F.,(4,1,4),(2,
2),(0.,0.147053247156148,0.283514524167112),(0.,0.1),.UNSPECIFIED.);
#24=B_SPLINE_SURFACE_WITH_KNOTS('',3,1,((#4280,#4281),(#4282,#4283),(#4284,
#4285),(#4286,#4287),(#4288,#4289)),.UNSPECIFIED.,.F.,.F.,.F.,(4,1,4),(2,
2),(0.,0.131185250356549,0.265114443118566),(0.,0.1),.UNSPECIFIED.);
#25=B_SPLINE_SURFACE_WITH_KNOTS('',3,1,((#4297,#4298),(#4299,#4300),(#4301,
#4302),(#4303,#4304),(#4305,#4306)),.UNSPECIFIED.,.F.,.F.,.F.,(4,1,4),(2,
2),(0.,0.162271495925863,0.302797744905627),(0.,0.1),.UNSPECIFIED.);
#26=B_SPLINE_SURFACE_WITH_KNOTS('',3,1,((#4314,#4315),(#4316,#4317),(#4318,
#4319),(#4320,#4321),(#4322,#4323)),.UNSPECIFIED.,.F.,.F.,.F.,(4,1,4),(2,
2),(0.,0.124097731266935,0.263046262128282),(0.,0.1),.UNSPECIFIED.);
#27=B_SPLINE_SURFACE_WITH_KNOTS('',3,1,((#4331,#4332),(#4333,#4334),(#4335,
#4336),(#4337,#4338),(#4339,#4340)),.UNSPECIFIED.,.F.,.F.,.F.,(4,1,4),(2,
2),(0.,0.167265582515183,0.315130258612838),(0.,0.1),.UNSPECIFIED.);
#28=B_SPLINE_SURFACE_WITH_KNOTS('',3,1,((#4348,#4349),(#4350,#4351),(#4352,
#4353),(#4354,#4355),(#4356,#4357)),.UNSPECIFIED.,.F.,.F.,.F.,(4,1,4),(2,
2),(0.,0.098469917609514,0.20872421878153),(0.,0.1),.UNSPECIFIED.);
#29=B_SPLINE_SURFACE_WITH_KNOTS('',3,1,((#4365,#4366),(#4367,#4368),(#4369,
#4370),(#4371,#4372),(#4373,#4374)),.UNSPECIFIED.,.F.,.F.,.F.,(4,1,4),(2,
2),(0.,0.10399212504212,0.200343911644322),(0.,0.1),.UNSPECIFIED.);
#30=B_SPLINE_SURFACE_WITH_KNOTS('',3,1,((#4386,#4387),(#4388,#4389),(#4390,
#4391),(#4392,#4393),(#4394,#4395)),.UNSPECIFIED.,.F.,.F.,.F.,(4,1,4),(2,
2),(0.,0.0418787333151684,0.0928025328917369),(0.,0.1),.UNSPECIFIED.);
#31=B_SPLINE_SURFACE_WITH_KNOTS('',3,1,((#4402,#4403),(#4404,#4405),(#4406,
#4407),(#4408,#4409),(#4410,#4411)),.UNSPECIFIED.,.F.,.F.,.F.,(4,1,4),(2,
2),(0.,0.0641203430317399,0.129811164476503),(0.,0.1),.UNSPECIFIED.);
#32=B_SPLINE_SURFACE_WITH_KNOTS('',3,1,((#4428,#4429),(#4430,#4431),(#4432,
#4433),(#4434,#4435),(#4436,#4437)),.UNSPECIFIED.,.F.,.F.,.F.,(4,1,4),(2,
2),(0.,0.0658092427760919,0.13121568826134),(0.,0.1),.UNSPECIFIED.);
#33=B_SPLINE_SURFACE_WITH_KNOTS('',3,1,((#4451,#4452),(#4453,#4454),(#4455,
#4456),(#4457,#4458),(#4459,#4460)),.UNSPECIFIED.,.F.,.F.,.F.,(4,1,4),(2,
2),(0.,0.107938297739779,0.187816532322182),(0.,0.1),.UNSPECIFIED.);
#34=B_SPLINE_SURFACE_WITH_KNOTS('',3,1,((#4474,#4475),(#4476,#4477),(#4478,
#4479),(#4480,#4481),(#4482,#4483)),.UNSPECIFIED.,.F.,.F.,.F.,(4,1,4),(2,
2),(0.,0.0783239081399615,0.176978531459743),(0.,0.1),.UNSPECIFIED.);
#35=B_SPLINE_SURFACE_WITH_KNOTS('',3,1,((#4497,#4498),(#4499,#4500),(#4501,
#4502),(#4503,#4504),(#4505,#4506)),.UNSPECIFIED.,.F.,.F.,.F.,(4,1,4),(2,
2),(0.,0.0628168622514992,0.129271275507462),(0.,0.1),.UNSPECIFIED.);
#36=B_SPLINE_SURFACE_WITH_KNOTS('',3,1,((#4520,#4521),(#4522,#4523),(#4524,
#4525),(#4526,#4527),(#4528,#4529)),.UNSPECIFIED.,.F.,.F.,.F.,(4,1,4),(2,
2),(0.,0.0791048673933193,0.155455953956324),(0.,0.1),.UNSPECIFIED.);
#37=B_SPLINE_SURFACE_WITH_KNOTS('',3,1,((#4543,#4544),(#4545,#4546),(#4547,
#4548),(#4549,#4550),(#4551,#4552)),.UNSPECIFIED.,.F.,.F.,.F.,(4,1,4),(2,
2),(0.,0.100252634722196,0.17225780139625),(0.,0.1),.UNSPECIFIED.);
#38=B_SPLINE_SURFACE_WITH_KNOTS('',3,1,((#4566,#4567),(#4568,#4569),(#4570,
#4571),(#4572,#4573),(#4574,#4575)),.UNSPECIFIED.,.F.,.F.,.F.,(4,1,4),(2,
2),(0.,0.0759239835648545,0.171012768505593),(0.,0.1),.UNSPECIFIED.);
#39=B_SPLINE_SURFACE_WITH_KNOTS('',3,1,((#4596,#4597),(#4598,#4599),(#4600,
#4601),(#4602,#4603),(#4604,#4605)),.UNSPECIFIED.,.F.,.F.,.F.,(4,1,4),(2,
2),(0.,0.116012219849381,0.238955940607906),(0.,0.1),.UNSPECIFIED.);
#40=B_SPLINE_SURFACE_WITH_KNOTS('',3,1,((#4613,#4614),(#4615,#4616),(#4617,
#4618),(#4619,#4620),(#4621,#4622)),.UNSPECIFIED.,.F.,.F.,.F.,(4,1,4),(2,
2),(0.,0.121579892684594,0.244837879862597),(0.,0.1),.UNSPECIFIED.);
#41=B_SPLINE_SURFACE_WITH_KNOTS('',3,1,((#4630,#4631),(#4632,#4633),(#4634,
#4635),(#4636,#4637),(#4638,#4639)),.UNSPECIFIED.,.F.,.F.,.F.,(4,1,4),(2,
2),(0.,0.16353123951833,0.298168848128779),(0.,0.1),.UNSPECIFIED.);
#42=B_SPLINE_SURFACE_WITH_KNOTS('',3,1,((#4647,#4648),(#4649,#4650),(#4651,
#4652),(#4653,#4654),(#4655,#4656)),.UNSPECIFIED.,.F.,.F.,.F.,(4,1,4),(2,
2),(0.,0.137742505376934,0.299495637633763),(0.,0.1),.UNSPECIFIED.);
#43=B_SPLINE_SURFACE_WITH_KNOTS('',3,1,((#4664,#4665),(#4666,#4667),(#4668,
#4669),(#4670,#4671),(#4672,#4673)),.UNSPECIFIED.,.F.,.F.,.F.,(4,1,4),(2,
2),(0.,0.118575305954798,0.242238126394987),(0.,0.1),.UNSPECIFIED.);
#44=B_SPLINE_SURFACE_WITH_KNOTS('',3,1,((#4681,#4682),(#4683,#4684),(#4685,
#4686),(#4687,#4688),(#4689,#4690)),.UNSPECIFIED.,.F.,.F.,.F.,(4,1,4),(2,
2),(0.,0.0647578159721615,0.126362777426555),(0.,0.1),.UNSPECIFIED.);
#45=B_SPLINE_SURFACE_WITH_KNOTS('',3,1,((#4698,#4699),(#4700,#4701),(#4702,
#4703),(#4704,#4705),(#4706,#4707)),.UNSPECIFIED.,.F.,.F.,.F.,(4,1,4),(2,
2),(0.,0.0725872051824045,0.140721168478642),(0.,0.1),.UNSPECIFIED.);
#46=B_SPLINE_SURFACE_WITH_KNOTS('',3,1,((#4726,#4727),(#4728,#4729),(#4730,
#4731),(#4732,#4733),(#4734,#4735)),.UNSPECIFIED.,.F.,.F.,.F.,(4,1,4),(2,
2),(0.,0.0546397583482254,0.145549261860922),(0.,0.1),.UNSPECIFIED.);
#47=B_SPLINE_SURFACE_WITH_KNOTS('',3,1,((#4752,#4753),(#4754,#4755),(#4756,
#4757),(#4758,#4759),(#4760,#4761)),.UNSPECIFIED.,.F.,.F.,.F.,(4,1,4),(2,
2),(0.,0.0463679609540562,0.0938267077196354),(0.,0.1),.UNSPECIFIED.);
#48=B_SPLINE_SURFACE_WITH_KNOTS('',3,1,((#4775,#4776),(#4777,#4778),(#4779,
#4780),(#4781,#4782),(#4783,#4784)),.UNSPECIFIED.,.F.,.F.,.F.,(4,1,4),(2,
2),(0.,0.0504362723586453,0.097317711044986),(0.,0.1),.UNSPECIFIED.);
#49=B_SPLINE_SURFACE_WITH_KNOTS('',3,1,((#4798,#4799),(#4800,#4801),(#4802,
#4803),(#4804,#4805),(#4806,#4807)),.UNSPECIFIED.,.F.,.F.,.F.,(4,1,4),(2,
2),(0.,0.040009386918176,0.0820095730797658),(0.,0.1),.UNSPECIFIED.);
#50=B_SPLINE_SURFACE_WITH_KNOTS('',3,1,((#4821,#4822),(#4823,#4824),(#4825,
#4826),(#4827,#4828),(#4829,#4830)),.UNSPECIFIED.,.F.,.F.,.F.,(4,1,4),(2,
2),(0.,0.0411522102668031,0.0809051739948828),(0.,0.1),.UNSPECIFIED.);
#51=B_SPLINE_SURFACE_WITH_KNOTS('',3,1,((#4844,#4845),(#4846,#4847),(#4848,
#4849),(#4850,#4851),(#4852,#4853)),.UNSPECIFIED.,.F.,.F.,.F.,(4,1,4),(2,
2),(0.,0.0996679860414108,0.160837504663477),(0.,0.1),.UNSPECIFIED.);
#52=B_SPLINE_SURFACE_WITH_KNOTS('',3,1,((#4892,#4893),(#4894,#4895),(#4896,
#4897),(#4898,#4899),(#4900,#4901)),.UNSPECIFIED.,.F.,.F.,.F.,(4,1,4),(2,
2),(0.,0.0891558974983288,0.210116228013355),(0.,0.1),.UNSPECIFIED.);
#53=B_SPLINE_SURFACE_WITH_KNOTS('',3,1,((#4909,#4910),(#4911,#4912),(#4913,
#4914),(#4915,#4916),(#4917,#4918)),.UNSPECIFIED.,.F.,.F.,.F.,(4,1,4),(2,
2),(0.,0.059849387372155,0.115502069617636),(0.,0.1),.UNSPECIFIED.);
#54=B_SPLINE_SURFACE_WITH_KNOTS('',3,1,((#4926,#4927),(#4928,#4929),(#4930,
#4931),(#4932,#4933),(#4934,#4935)),.UNSPECIFIED.,.F.,.F.,.F.,(4,1,4),(2,
2),(0.,0.0676604734738071,0.131044818733929),(0.,0.1),.UNSPECIFIED.);
#55=B_SPLINE_SURFACE_WITH_KNOTS('',3,1,((#4943,#4944),(#4945,#4946),(#4947,
#4948),(#4949,#4950),(#4951,#4952)),.UNSPECIFIED.,.F.,.F.,.F.,(4,1,4),(2,
2),(0.,0.0851653919805029,0.159602011045687),(0.,0.1),.UNSPECIFIED.);
#56=B_SPLINE_SURFACE_WITH_KNOTS('',3,1,((#4960,#4961),(#4962,#4963),(#4964,
#4965),(#4966,#4967),(#4968,#4969)),.UNSPECIFIED.,.F.,.F.,.F.,(4,1,4),(2,
2),(0.,0.0967032983141937,0.206041543408752),(0.,0.1),.UNSPECIFIED.);
#57=B_SPLINE_SURFACE_WITH_KNOTS('',3,1,((#4977,#4978),(#4979,#4980),(#4981,
#4982),(#4983,#4984),(#4985,#4986)),.UNSPECIFIED.,.F.,.F.,.F.,(4,1,4),(2,
2),(0.,0.0866632980833027,0.176581046605268),(0.,0.1),.UNSPECIFIED.);
#58=B_SPLINE_SURFACE_WITH_KNOTS('',3,1,((#4994,#4995),(#4996,#4997),(#4998,
#4999),(#5000,#5001),(#5002,#5003)),.UNSPECIFIED.,.F.,.F.,.F.,(4,1,4),(2,
2),(0.,0.152160887875793,0.240872114048683),(0.,0.1),.UNSPECIFIED.);
#59=B_SPLINE_SURFACE_WITH_KNOTS('',3,1,((#5022,#5023),(#5024,#5025),(#5026,
#5027),(#5028,#5029),(#5030,#5031)),.UNSPECIFIED.,.F.,.F.,.F.,(4,1,4),(2,
2),(0.,0.0360827508620312,0.0939236035728035),(0.,0.1),.UNSPECIFIED.);
#60=B_SPLINE_SURFACE_WITH_KNOTS('',3,1,((#5048,#5049),(#5050,#5051),(#5052,
#5053),(#5054,#5055),(#5056,#5057)),.UNSPECIFIED.,.F.,.F.,.F.,(4,1,4),(2,
2),(0.,0.0407576040903651,0.0792730491008415),(0.,0.1),.UNSPECIFIED.);
#61=B_SPLINE_SURFACE_WITH_KNOTS('',3,1,((#5071,#5072),(#5073,#5074),(#5075,
#5076),(#5077,#5078),(#5079,#5080)),.UNSPECIFIED.,.F.,.F.,.F.,(4,1,4),(2,
2),(0.,0.0513606810637629,0.105981169492393),(0.,0.1),.UNSPECIFIED.);
#62=B_SPLINE_SURFACE_WITH_KNOTS('',3,1,((#5094,#5095),(#5096,#5097),(#5098,
#5099),(#5100,#5101),(#5102,#5103)),.UNSPECIFIED.,.F.,.F.,.F.,(4,1,4),(2,
2),(0.,0.0405854276022689,0.0835085359889364),(0.,0.1),.UNSPECIFIED.);
#63=B_SPLINE_SURFACE_WITH_KNOTS('',3,1,((#5117,#5118),(#5119,#5120),(#5121,
#5122),(#5123,#5124),(#5125,#5126)),.UNSPECIFIED.,.F.,.F.,.F.,(4,1,4),(2,
2),(0.,0.0382600738932896,0.0774333781687879),(0.,0.1),.UNSPECIFIED.);
#64=B_SPLINE_SURFACE_WITH_KNOTS('',3,1,((#5140,#5141),(#5142,#5143),(#5144,
#5145),(#5146,#5147),(#5148,#5149)),.UNSPECIFIED.,.F.,.F.,.F.,(4,1,4),(2,
2),(0.,0.0412653070542756,0.0797716321040753),(0.,0.1),.UNSPECIFIED.);
#65=B_SPLINE_SURFACE_WITH_KNOTS('',3,1,((#5163,#5164),(#5165,#5166),(#5167,
#5168),(#5169,#5170),(#5171,#5172)),.UNSPECIFIED.,.F.,.F.,.F.,(4,1,4),(2,
2),(0.,0.0681213520254483,0.109904781870842),(0.,0.1),.UNSPECIFIED.);
#66=B_SPLINE_SURFACE_WITH_KNOTS('',3,1,((#5186,#5187),(#5188,#5189),(#5190,
#5191),(#5192,#5193),(#5194,#5195)),.UNSPECIFIED.,.F.,.F.,.F.,(4,1,4),(2,
2),(0.,0.0494491088299169,0.120311958020153),(0.,0.1),.UNSPECIFIED.);
#67=B_SPLINE_SURFACE_WITH_KNOTS('',3,1,((#5212,#5213),(#5214,#5215),(#5216,
#5217),(#5218,#5219),(#5220,#5221)),.UNSPECIFIED.,.F.,.F.,.F.,(4,1,4),(2,
2),(0.,0.0458092950606258,0.0832617004065597),(0.,0.1),.UNSPECIFIED.);
#68=B_SPLINE_SURFACE_WITH_KNOTS('',3,1,((#5231,#5232),(#5233,#5234),(#5235,
#5236),(#5237,#5238),(#5239,#5240)),.UNSPECIFIED.,.F.,.F.,.F.,(4,1,4),(2,
2),(0.,0.0431662977050801,0.107045978189985),(0.,0.1),.UNSPECIFIED.);
#69=B_SPLINE_SURFACE_WITH_KNOTS('',3,1,((#5248,#5249),(#5250,#5251),(#5252,
#5253),(#5254,#5255),(#5256,#5257)),.UNSPECIFIED.,.F.,.F.,.F.,(4,1,4),(2,
2),(0.,0.0478117434242626,0.085344559868693),(0.,0.1),.UNSPECIFIED.);
#70=B_SPLINE_SURFACE_WITH_KNOTS('',3,1,((#5269,#5270),(#5271,#5272),(#5273,
#5274),(#5275,#5276),(#5277,#5278)),.UNSPECIFIED.,.F.,.F.,.F.,(4,1,4),(2,
2),(0.,0.116329697385476,0.192271839605608),(0.,0.1),.UNSPECIFIED.);
#71=B_SPLINE_SURFACE_WITH_KNOTS('',3,1,((#5286,#5287),(#5288,#5289),(#5290,
#5291),(#5292,#5293),(#5294,#5295)),.UNSPECIFIED.,.F.,.F.,.F.,(4,1,4),(2,
2),(0.,0.0688498007110892,0.159168026435794),(0.,0.1),.UNSPECIFIED.);
#72=B_SPLINE_SURFACE_WITH_KNOTS('',3,1,((#5303,#5304),(#5305,#5306),(#5307,
#5308),(#5309,#5310),(#5311,#5312)),.UNSPECIFIED.,.F.,.F.,.F.,(4,1,4),(2,
2),(0.,0.0551647573321756,0.111566444033819),(0.,0.1),.UNSPECIFIED.);
#73=B_SPLINE_SURFACE_WITH_KNOTS('',3,1,((#5320,#5321),(#5322,#5323),(#5324,
#5325),(#5326,#5327),(#5328,#5329)),.UNSPECIFIED.,.F.,.F.,.F.,(4,1,4),(2,
2),(0.,0.0585273047307465,0.114451348256671),(0.,0.1),.UNSPECIFIED.);
#74=B_SPLINE_SURFACE_WITH_KNOTS('',3,1,((#5337,#5338),(#5339,#5340),(#5341,
#5342),(#5343,#5344),(#5345,#5346)),.UNSPECIFIED.,.F.,.F.,.F.,(4,1,4),(2,
2),(0.,0.0840260801631591,0.170299013240707),(0.,0.1),.UNSPECIFIED.);
#75=B_SPLINE_SURFACE_WITH_KNOTS('',3,1,((#5354,#5355),(#5356,#5357),(#5358,
#5359),(#5360,#5361),(#5362,#5363)),.UNSPECIFIED.,.F.,.F.,.F.,(4,1,4),(2,
2),(0.,0.101162082712842,0.190026302949193),(0.,0.1),.UNSPECIFIED.);
#76=B_SPLINE_SURFACE_WITH_KNOTS('',3,1,((#5371,#5372),(#5373,#5374),(#5375,
#5376),(#5377,#5378),(#5379,#5380)),.UNSPECIFIED.,.F.,.F.,.F.,(4,1,4),(2,
2),(0.,0.0605198342625449,0.122370563054183),(0.,0.1),.UNSPECIFIED.);
#77=B_SPLINE_SURFACE_WITH_KNOTS('',3,1,((#5388,#5389),(#5390,#5391),(#5392,
#5393),(#5394,#5395),(#5396,#5397)),.UNSPECIFIED.,.F.,.F.,.F.,(4,1,4),(2,
2),(0.,0.0657885725198266,0.127686850884288),(0.,0.1),.UNSPECIFIED.);
#78=B_SPLINE_SURFACE_WITH_KNOTS('',3,1,((#5405,#5406),(#5407,#5408),(#5409,
#5410),(#5411,#5412),(#5413,#5414)),.UNSPECIFIED.,.F.,.F.,.F.,(4,1,4),(2,
2),(0.,0.014733907235012,0.0235241756632746),(0.,0.1),.UNSPECIFIED.);
#79=B_SPLINE_SURFACE_WITH_KNOTS('',3,1,((#5422,#5423),(#5424,#5425),(#5426,
#5427),(#5428,#5429),(#5430,#5431)),.UNSPECIFIED.,.F.,.F.,.F.,(4,1,4),(2,
2),(0.,0.0251336575402673,0.0595500272290116),(0.,0.1),.UNSPECIFIED.);
#80=B_SPLINE_SURFACE_WITH_KNOTS('',3,1,((#5443,#5444),(#5445,#5446),(#5447,
#5448),(#5449,#5450),(#5451,#5452)),.UNSPECIFIED.,.F.,.F.,.F.,(4,1,4),(2,
2),(0.,0.0488050341775474,0.103330074952839),(0.,0.1),.UNSPECIFIED.);
#81=B_SPLINE_SURFACE_WITH_KNOTS('',3,1,((#5460,#5461),(#5462,#5463),(#5464,
#5465),(#5466,#5467),(#5468,#5469)),.UNSPECIFIED.,.F.,.F.,.F.,(4,1,4),(2,
2),(0.,0.082995772900768,0.14130192493708),(0.,0.1),.UNSPECIFIED.);
#82=B_SPLINE_SURFACE_WITH_KNOTS('',3,1,((#5481,#5482),(#5483,#5484),(#5485,
#5486),(#5487,#5488),(#5489,#5490)),.UNSPECIFIED.,.F.,.F.,.F.,(4,1,4),(2,
2),(0.,0.0689736310111623,0.174471151582049),(0.,0.1),.UNSPECIFIED.);
#83=B_SPLINE_SURFACE_WITH_KNOTS('',3,1,((#5498,#5499),(#5500,#5501),(#5502,
#5503),(#5504,#5505),(#5506,#5507)),.UNSPECIFIED.,.F.,.F.,.F.,(4,1,4),(2,
2),(0.,0.0635984516159272,0.118678128195976),(0.,0.1),.UNSPECIFIED.);
#84=B_SPLINE_SURFACE_WITH_KNOTS('',3,1,((#5515,#5516),(#5517,#5518),(#5519,
#5520),(#5521,#5522),(#5523,#5524)),.UNSPECIFIED.,.F.,.F.,.F.,(4,1,4),(2,
2),(0.,0.112125954172296,0.194462741105789),(0.,0.1),.UNSPECIFIED.);
#85=B_SPLINE_SURFACE_WITH_KNOTS('',3,1,((#5532,#5533),(#5534,#5535),(#5536,
#5537),(#5538,#5539),(#5540,#5541)),.UNSPECIFIED.,.F.,.F.,.F.,(4,1,4),(2,
2),(0.,0.0967337284241452,0.221181678594545),(0.,0.1),.UNSPECIFIED.);
#86=B_SPLINE_SURFACE_WITH_KNOTS('',3,1,((#5549,#5550),(#5551,#5552),(#5553,
#5554),(#5555,#5556),(#5557,#5558)),.UNSPECIFIED.,.F.,.F.,.F.,(4,1,4),(2,
2),(0.,0.099736099770463,0.188271598486079),(0.,0.1),.UNSPECIFIED.);
#87=B_SPLINE_SURFACE_WITH_KNOTS('',3,1,((#5570,#5571),(#5572,#5573),(#5574,
#5575),(#5576,#5577),(#5578,#5579)),.UNSPECIFIED.,.F.,.F.,.F.,(4,1,4),(2,
2),(0.,0.03794474342044,0.0854654138764732),(0.,0.1),.UNSPECIFIED.);
#88=B_SPLINE_SURFACE_WITH_KNOTS('',3,1,((#5639,#5640),(#5641,#5642),(#5643,
#5644),(#5645,#5646),(#5647,#5648)),.UNSPECIFIED.,.F.,.F.,.F.,(4,1,4),(2,
2),(0.,0.0705353289997839,0.142022519018187),(0.,0.1),.UNSPECIFIED.);
#89=B_SPLINE_SURFACE_WITH_KNOTS('',3,1,((#5665,#5666),(#5667,#5668),(#5669,
#5670),(#5671,#5672),(#5673,#5674)),.UNSPECIFIED.,.F.,.F.,.F.,(4,1,4),(2,
2),(0.,0.0712829764522741,0.141734861250323),(0.,0.1),.UNSPECIFIED.);
#90=B_SPLINE_SURFACE_WITH_KNOTS('',3,1,((#5688,#5689),(#5690,#5691),(#5692,
#5693),(#5694,#5695),(#5696,#5697)),.UNSPECIFIED.,.F.,.F.,.F.,(4,1,4),(2,
2),(0.,0.094987194638809,0.174319587031724),(0.,0.1),.UNSPECIFIED.);
#91=B_SPLINE_SURFACE_WITH_KNOTS('',3,1,((#5711,#5712),(#5713,#5714),(#5715,
#5716),(#5717,#5718),(#5719,#5720)),.UNSPECIFIED.,.F.,.F.,.F.,(4,1,4),(2,
2),(0.,0.0799313536736916,0.176946894635239),(0.,0.1),.UNSPECIFIED.);
#92=B_SPLINE_SURFACE_WITH_KNOTS('',3,1,((#5734,#5735),(#5736,#5737),(#5738,
#5739),(#5740,#5741),(#5742,#5743)),.UNSPECIFIED.,.F.,.F.,.F.,(4,1,4),(2,
2),(0.,0.0704519893980316,0.141734906673728),(0.,0.1),.UNSPECIFIED.);
#93=B_SPLINE_SURFACE_WITH_KNOTS('',3,1,((#5757,#5758),(#5759,#5760),(#5761,
#5762),(#5763,#5764),(#5765,#5766)),.UNSPECIFIED.,.F.,.F.,.F.,(4,1,4),(2,
2),(0.,0.0714870947534649,0.142022540478354),(0.,0.1),.UNSPECIFIED.);
#94=B_SPLINE_SURFACE_WITH_KNOTS('',3,1,((#5780,#5781),(#5782,#5783),(#5784,
#5785),(#5786,#5787),(#5788,#5789)),.UNSPECIFIED.,.F.,.F.,.F.,(4,1,4),(2,
2),(0.,0.0960126051268544,0.175767096936914),(0.,0.1),.UNSPECIFIED.);
#95=B_SPLINE_SURFACE_WITH_KNOTS('',3,1,((#5803,#5804),(#5805,#5806),(#5807,
#5808),(#5809,#5810),(#5811,#5812)),.UNSPECIFIED.,.F.,.F.,.F.,(4,1,4),(2,
2),(0.,0.079754549161373,0.175767079334837),(0.,0.1),.UNSPECIFIED.);
#96=B_SPLINE_SURFACE_WITH_KNOTS('',3,1,((#5823,#5824),(#5825,#5826),(#5827,
#5828),(#5829,#5830),(#5831,#5832)),.UNSPECIFIED.,.F.,.F.,.F.,(4,1,4),(2,
2),(0.,0.0970045643665772,0.192929793986428),(0.,0.1),.UNSPECIFIED.);
#97=B_SPLINE_SURFACE_WITH_KNOTS('',3,1,((#5842,#5843),(#5844,#5845),(#5846,
#5847),(#5848,#5849),(#5850,#5851)),.UNSPECIFIED.,.F.,.F.,.F.,(4,1,4),(2,
2),(0.,0.0979374884526222,0.196580410555704),(0.,0.1),.UNSPECIFIED.);
#98=B_SPLINE_SURFACE_WITH_KNOTS('',3,1,((#5859,#5860),(#5861,#5862),(#5863,
#5864),(#5865,#5866),(#5867,#5868)),.UNSPECIFIED.,.F.,.F.,.F.,(4,1,4),(2,
2),(0.,0.144661584864833,0.294376200898821),(0.,0.1),.UNSPECIFIED.);
#99=B_SPLINE_SURFACE_WITH_KNOTS('',3,1,((#5876,#5877),(#5878,#5879),(#5880,
#5881),(#5882,#5883),(#5884,#5885)),.UNSPECIFIED.,.F.,.F.,.F.,(4,1,4),(2,
2),(0.,0.152645104451217,0.298446965110224),(0.,0.1),.UNSPECIFIED.);
#100=B_SPLINE_SURFACE_WITH_KNOTS('',3,1,((#5893,#5894),(#5895,#5896),(#5897,
#5898),(#5899,#5900),(#5901,#5902)),.UNSPECIFIED.,.F.,.F.,.F.,(4,1,4),(2,
2),(0.,0.144239879905604,0.295496937983504),(0.,0.1),.UNSPECIFIED.);
#101=B_SPLINE_SURFACE_WITH_KNOTS('',3,1,((#5910,#5911),(#5912,#5913),(#5914,
#5915),(#5916,#5917),(#5918,#5919)),.UNSPECIFIED.,.F.,.F.,.F.,(4,1,4),(2,
2),(0.,0.151919227821049,0.296080751151584),(0.,0.1),.UNSPECIFIED.);
#102=B_SPLINE_SURFACE_WITH_KNOTS('',3,1,((#5927,#5928),(#5929,#5930),(#5931,
#5932),(#5933,#5934),(#5935,#5936)),.UNSPECIFIED.,.F.,.F.,.F.,(4,1,4),(2,
2),(0.,0.0979051730257766,0.199966919902395),(0.,0.1),.UNSPECIFIED.);
#103=B_SPLINE_SURFACE_WITH_KNOTS('',3,1,((#5944,#5945),(#5946,#5947),(#5948,
#5949),(#5950,#5951),(#5952,#5953)),.UNSPECIFIED.,.F.,.F.,.F.,(4,1,4),(2,
2),(0.,0.0971683479807447,0.192939487994259),(0.,0.1),.UNSPECIFIED.);
#104=B_SPLINE_SURFACE_WITH_KNOTS('',3,1,((#5961,#5962),(#5963,#5964),(#5965,
#5966),(#5967,#5968),(#5969,#5970)),.UNSPECIFIED.,.F.,.F.,.F.,(4,1,4),(2,
2),(0.,0.0946970296194504,0.192204726035795),(0.,0.1),.UNSPECIFIED.);
#105=B_SPLINE_SURFACE_WITH_KNOTS('',3,1,((#5978,#5979),(#5980,#5981),(#5982,
#5983),(#5984,#5985),(#5986,#5987)),.UNSPECIFIED.,.F.,.F.,.F.,(4,1,4),(2,
2),(0.,0.102693637833833,0.218657066730169),(0.,0.1),.UNSPECIFIED.);
#106=B_SPLINE_CURVE_WITH_KNOTS('',3,(#3671,#3672,#3673,#3674,#3675),
 .UNSPECIFIED.,.F.,.F.,(4,1,4),(0.,0.0970045643665772,0.192929793986428),
 .UNSPECIFIED.);
#107=B_SPLINE_CURVE_WITH_KNOTS('',3,(#3677,#3678,#3679,#3680,#3681),
 .UNSPECIFIED.,.F.,.F.,(4,1,4),(0.,0.102693637833833,0.218657066730169),
 .UNSPECIFIED.);
#108=B_SPLINE_CURVE_WITH_KNOTS('',3,(#3683,#3684,#3685,#3686,#3687),
 .UNSPECIFIED.,.F.,.F.,(4,1,4),(0.,0.0946970296194504,0.192204726035795),
 .UNSPECIFIED.);
#109=B_SPLINE_CURVE_WITH_KNOTS('',3,(#3689,#3690,#3691,#3692,#3693),
 .UNSPECIFIED.,.F.,.F.,(4,1,4),(0.,0.0971683479807447,0.192939487994259),
 .UNSPECIFIED.);
#110=B_SPLINE_CURVE_WITH_KNOTS('',3,(#3695,#3696,#3697,#3698,#3699),
 .UNSPECIFIED.,.F.,.F.,(4,1,4),(0.,0.0979051730257766,0.199966919902395),
 .UNSPECIFIED.);
#111=B_SPLINE_CURVE_WITH_KNOTS('',3,(#3701,#3702,#3703,#3704,#3705),
 .UNSPECIFIED.,.F.,.F.,(4,1,4),(0.,0.151919227821049,0.296080751151584),
 .UNSPECIFIED.);
#112=B_SPLINE_CURVE_WITH_KNOTS('',3,(#3707,#3708,#3709,#3710,#3711),
 .UNSPECIFIED.,.F.,.F.,(4,1,4),(0.,0.144239879905604,0.295496937983504),
 .UNSPECIFIED.);
#113=B_SPLINE_CURVE_WITH_KNOTS('',3,(#3713,#3714,#3715,#3716,#3717),
 .UNSPECIFIED.,.F.,.F.,(4,1,4),(0.,0.152645104451217,0.298446965110224),
 .UNSPECIFIED.);
#114=B_SPLINE_CURVE_WITH_KNOTS('',3,(#3719,#3720,#3721,#3722,#3723),
 .UNSPECIFIED.,.F.,.F.,(4,1,4),(0.,0.144661584864833,0.294376200898821),
 .UNSPECIFIED.);
#115=B_SPLINE_CURVE_WITH_KNOTS('',3,(#3724,#3725,#3726,#3727,#3728),
 .UNSPECIFIED.,.F.,.F.,(4,1,4),(0.,0.0979374884526222,0.196580410555704),
 .UNSPECIFIED.);
#116=B_SPLINE_CURVE_WITH_KNOTS('',3,(#3757,#3758,#3759,#3760,#3761),
 .UNSPECIFIED.,.F.,.F.,(4,1,4),(0.,0.0458092950606258,0.0832617004065597),
 .UNSPECIFIED.);
#117=B_SPLINE_CURVE_WITH_KNOTS('',3,(#3763,#3764,#3765,#3766,#3767),
 .UNSPECIFIED.,.F.,.F.,(4,1,4),(0.,0.03794474342044,0.0854654138764732),
 .UNSPECIFIED.);
#118=B_SPLINE_CURVE_WITH_KNOTS('',3,(#3771,#3772,#3773,#3774,#3775),
 .UNSPECIFIED.,.F.,.F.,(4,1,4),(0.,0.099736099770463,0.188271598486079),
 .UNSPECIFIED.);
#119=B_SPLINE_CURVE_WITH_KNOTS('',3,(#3777,#3778,#3779,#3780,#3781),
 .UNSPECIFIED.,.F.,.F.,(4,1,4),(0.,0.0967337284241452,0.221181678594545),
 .UNSPECIFIED.);
#120=B_SPLINE_CURVE_WITH_KNOTS('',3,(#3783,#3784,#3785,#3786,#3787),
 .UNSPECIFIED.,.F.,.F.,(4,1,4),(0.,0.112125954172296,0.194462741105789),
 .UNSPECIFIED.);
#121=B_SPLINE_CURVE_WITH_KNOTS('',3,(#3789,#3790,#3791,#3792,#3793),
 .UNSPECIFIED.,.F.,.F.,(4,1,4),(0.,0.0635984516159272,0.118678128195976),
 .UNSPECIFIED.);
#122=B_SPLINE_CURVE_WITH_KNOTS('',3,(#3795,#3796,#3797,#3798,#3799),
 .UNSPECIFIED.,.F.,.F.,(4,1,4),(0.,0.0689736310111623,0.174471151582049),
 .UNSPECIFIED.);
#123=B_SPLINE_CURVE_WITH_KNOTS('',3,(#3803,#3804,#3805,#3806,#3807),
 .UNSPECIFIED.,.F.,.F.,(4,1,4),(0.,0.082995772900768,0.14130192493708),
 .UNSPECIFIED.);
#124=B_SPLINE_CURVE_WITH_KNOTS('',3,(#3809,#3810,#3811,#3812,#3813),
 .UNSPECIFIED.,.F.,.F.,(4,1,4),(0.,0.0488050341775474,0.103330074952839),
 .UNSPECIFIED.);
#125=B_SPLINE_CURVE_WITH_KNOTS('',3,(#3817,#3818,#3819,#3820,#3821),
 .UNSPECIFIED.,.F.,.F.,(4,1,4),(0.,0.0251336575402673,0.0595500272290116),
 .UNSPECIFIED.);
#126=B_SPLINE_CURVE_WITH_KNOTS('',3,(#3823,#3824,#3825,#3826,#3827),
 .UNSPECIFIED.,.F.,.F.,(4,1,4),(0.,0.014733907235012,0.0235241756632746),
 .UNSPECIFIED.);
#127=B_SPLINE_CURVE_WITH_KNOTS('',3,(#3829,#3830,#3831,#3832,#3833),
 .UNSPECIFIED.,.F.,.F.,(4,1,4),(0.,0.0657885725198266,0.127686850884288),
 .UNSPECIFIED.);
#128=B_SPLINE_CURVE_WITH_KNOTS('',3,(#3835,#3836,#3837,#3838,#3839),
 .UNSPECIFIED.,.F.,.F.,(4,1,4),(0.,0.0605198342625449,0.122370563054183),
 .UNSPECIFIED.);
#129=B_SPLINE_CURVE_WITH_KNOTS('',3,(#3841,#3842,#3843,#3844,#3845),
 .UNSPECIFIED.,.F.,.F.,(4,1,4),(0.,0.101162082712842,0.190026302949193),
 .UNSPECIFIED.);
#130=B_SPLINE_CURVE_WITH_KNOTS('',3,(#3847,#3848,#3849,#3850,#3851),
 .UNSPECIFIED.,.F.,.F.,(4,1,4),(0.,0.0840260801631591,0.170299013240707),
 .UNSPECIFIED.);
#131=B_SPLINE_CURVE_WITH_KNOTS('',3,(#3853,#3854,#3855,#3856,#3857),
 .UNSPECIFIED.,.F.,.F.,(4,1,4),(0.,0.0585273047307465,0.114451348256671),
 .UNSPECIFIED.);
#132=B_SPLINE_CURVE_WITH_KNOTS('',3,(#3859,#3860,#3861,#3862,#3863),
 .UNSPECIFIED.,.F.,.F.,(4,1,4),(0.,0.0551647573321756,0.111566444033819),
 .UNSPECIFIED.);
#133=B_SPLINE_CURVE_WITH_KNOTS('',3,(#3865,#3866,#3867,#3868,#3869),
 .UNSPECIFIED.,.F.,.F.,(4,1,4),(0.,0.0688498007110892,0.159168026435794),
 .UNSPECIFIED.);
#134=B_SPLINE_CURVE_WITH_KNOTS('',3,(#3871,#3872,#3873,#3874,#3875),
 .UNSPECIFIED.,.F.,.F.,(4,1,4),(0.,0.116329697385476,0.192271839605608),
 .UNSPECIFIED.);
#135=B_SPLINE_CURVE_WITH_KNOTS('',3,(#3879,#3880,#3881,#3882,#3883),
 .UNSPECIFIED.,.F.,.F.,(4,1,4),(0.,0.0478117434242626,0.085344559868693),
 .UNSPECIFIED.);
#136=B_SPLINE_CURVE_WITH_KNOTS('',3,(#3884,#3885,#3886,#3887,#3888),
 .UNSPECIFIED.,.F.,.F.,(4,1,4),(0.,0.0431662977050801,0.107045978189985),
 .UNSPECIFIED.);
#137=B_SPLINE_CURVE_WITH_KNOTS('',3,(#3899,#3900,#3901,#3902,#3903),
 .UNSPECIFIED.,.F.,.F.,(4,1,4),(0.,0.152160887875793,0.240872114048683),
 .UNSPECIFIED.);
#138=B_SPLINE_CURVE_WITH_KNOTS('',3,(#3905,#3906,#3907,#3908,#3909),
 .UNSPECIFIED.,.F.,.F.,(4,1,4),(0.,0.0866632980833027,0.176581046605268),
 .UNSPECIFIED.);
#139=B_SPLINE_CURVE_WITH_KNOTS('',3,(#3911,#3912,#3913,#3914,#3915),
 .UNSPECIFIED.,.F.,.F.,(4,1,4),(0.,0.0967032983141937,0.206041543408752),
 .UNSPECIFIED.);
#140=B_SPLINE_CURVE_WITH_KNOTS('',3,(#3917,#3918,#3919,#3920,#3921),
 .UNSPECIFIED.,.F.,.F.,(4,1,4),(0.,0.0851653919805029,0.159602011045687),
 .UNSPECIFIED.);
#141=B_SPLINE_CURVE_WITH_KNOTS('',3,(#3923,#3924,#3925,#3926,#3927),
 .UNSPECIFIED.,.F.,.F.,(4,1,4),(0.,0.0676604734738071,0.131044818733929),
 .UNSPECIFIED.);
#142=B_SPLINE_CURVE_WITH_KNOTS('',3,(#3929,#3930,#3931,#3932,#3933),
 .UNSPECIFIED.,.F.,.F.,(4,1,4),(0.,0.059849387372155,0.115502069617636),
 .UNSPECIFIED.);
#143=B_SPLINE_CURVE_WITH_KNOTS('',3,(#3935,#3936,#3937,#3938,#3939),
 .UNSPECIFIED.,.F.,.F.,(4,1,4),(0.,0.0891558974983288,0.210116228013355),
 .UNSPECIFIED.);
#144=B_SPLINE_CURVE_WITH_KNOTS('',3,(#3951,#3952,#3953,#3954,#3955),
 .UNSPECIFIED.,.F.,.F.,(4,1,4),(0.,0.0725872051824045,0.140721168478642),
 .UNSPECIFIED.);
#145=B_SPLINE_CURVE_WITH_KNOTS('',3,(#3957,#3958,#3959,#3960,#3961),
 .UNSPECIFIED.,.F.,.F.,(4,1,4),(0.,0.0647578159721615,0.126362777426555),
 .UNSPECIFIED.);
#146=B_SPLINE_CURVE_WITH_KNOTS('',3,(#3963,#3964,#3965,#3966,#3967),
 .UNSPECIFIED.,.F.,.F.,(4,1,4),(0.,0.118575305954798,0.242238126394987),
 .UNSPECIFIED.);
#147=B_SPLINE_CURVE_WITH_KNOTS('',3,(#3969,#3970,#3971,#3972,#3973),
 .UNSPECIFIED.,.F.,.F.,(4,1,4),(0.,0.137742505376934,0.299495637633763),
 .UNSPECIFIED.);
#148=B_SPLINE_CURVE_WITH_KNOTS('',3,(#3975,#3976,#3977,#3978,#3979),
 .UNSPECIFIED.,.F.,.F.,(4,1,4),(0.,0.16353123951833,0.298168848128779),
 .UNSPECIFIED.);
#149=B_SPLINE_CURVE_WITH_KNOTS('',3,(#3981,#3982,#3983,#3984,#3985),
 .UNSPECIFIED.,.F.,.F.,(4,1,4),(0.,0.121579892684594,0.244837879862597),
 .UNSPECIFIED.);
#150=B_SPLINE_CURVE_WITH_KNOTS('',3,(#3987,#3988,#3989,#3990,#3991),
 .UNSPECIFIED.,.F.,.F.,(4,1,4),(0.,0.116012219849381,0.238955940607906),
 .UNSPECIFIED.);
#151=B_SPLINE_CURVE_WITH_KNOTS('',3,(#3995,#3996,#3997,#3998,#3999),
 .UNSPECIFIED.,.F.,.F.,(4,1,4),(0.,0.0418915794699163,0.080803136025004),
 .UNSPECIFIED.);
#152=B_SPLINE_CURVE_WITH_KNOTS('',3,(#4001,#4002,#4003,#4004,#4005),
 .UNSPECIFIED.,.F.,.F.,(4,1,4),(0.,0.0418787333151684,0.0928025328917369),
 .UNSPECIFIED.);
#153=B_SPLINE_CURVE_WITH_KNOTS('',3,(#4009,#4010,#4011,#4012,#4013),
 .UNSPECIFIED.,.F.,.F.,(4,1,4),(0.,0.10399212504212,0.200343911644322),
 .UNSPECIFIED.);
#154=B_SPLINE_CURVE_WITH_KNOTS('',3,(#4015,#4016,#4017,#4018,#4019),
 .UNSPECIFIED.,.F.,.F.,(4,1,4),(0.,0.098469917609514,0.20872421878153),
 .UNSPECIFIED.);
#155=B_SPLINE_CURVE_WITH_KNOTS('',3,(#4021,#4022,#4023,#4024,#4025),
 .UNSPECIFIED.,.F.,.F.,(4,1,4),(0.,0.167265582515183,0.315130258612838),
 .UNSPECIFIED.);
#156=B_SPLINE_CURVE_WITH_KNOTS('',3,(#4027,#4028,#4029,#4030,#4031),
 .UNSPECIFIED.,.F.,.F.,(4,1,4),(0.,0.124097731266935,0.263046262128282),
 .UNSPECIFIED.);
#157=B_SPLINE_CURVE_WITH_KNOTS('',3,(#4033,#4034,#4035,#4036,#4037),
 .UNSPECIFIED.,.F.,.F.,(4,1,4),(0.,0.162271495925863,0.302797744905627),
 .UNSPECIFIED.);
#158=B_SPLINE_CURVE_WITH_KNOTS('',3,(#4039,#4040,#4041,#4042,#4043),
 .UNSPECIFIED.,.F.,.F.,(4,1,4),(0.,0.131185250356549,0.265114443118566),
 .UNSPECIFIED.);
#159=B_SPLINE_CURVE_WITH_KNOTS('',3,(#4045,#4046,#4047,#4048,#4049),
 .UNSPECIFIED.,.F.,.F.,(4,1,4),(0.,0.147053247156148,0.283514524167112),
 .UNSPECIFIED.);
#160=B_SPLINE_CURVE_WITH_KNOTS('',3,(#4051,#4052,#4053,#4054,#4055),
 .UNSPECIFIED.,.F.,.F.,(4,1,4),(0.,0.151771686867797,0.344775393648211),
 .UNSPECIFIED.);
#161=B_SPLINE_CURVE_WITH_KNOTS('',3,(#4059,#4060,#4061,#4062,#4063),
 .UNSPECIFIED.,.F.,.F.,(4,1,4),(0.,0.0768447399154571,0.142985335340002),
 .UNSPECIFIED.);
#162=B_SPLINE_CURVE_WITH_KNOTS('',3,(#4064,#4065,#4066,#4067,#4068),
 .UNSPECIFIED.,.F.,.F.,(4,1,4),(0.,0.0611865633974346,0.123042041713023),
 .UNSPECIFIED.);
#163=B_SPLINE_CURVE_WITH_KNOTS('',3,(#4103,#4104,#4105,#4106,#4107),
 .UNSPECIFIED.,.F.,.F.,(4,1,4),(0.,0.0619332351197784,0.132861666519965),
 .UNSPECIFIED.);
#164=B_SPLINE_CURVE_WITH_KNOTS('',3,(#4111,#4112,#4113,#4114,#4115),
 .UNSPECIFIED.,.F.,.F.,(4,1,4),(0.,0.0619332351197784,0.132861666519965),
 .UNSPECIFIED.);
#165=B_SPLINE_CURVE_WITH_KNOTS('',3,(#4128,#4129,#4130,#4131,#4132),
 .UNSPECIFIED.,.F.,.F.,(4,1,4),(0.,0.0584268444830578,0.116102227558657),
 .UNSPECIFIED.);
#166=B_SPLINE_CURVE_WITH_KNOTS('',3,(#4135,#4136,#4137,#4138,#4139),
 .UNSPECIFIED.,.F.,.F.,(4,1,4),(0.,0.0584268444830578,0.116102227558657),
 .UNSPECIFIED.);
#167=B_SPLINE_CURVE_WITH_KNOTS('',3,(#4151,#4152,#4153,#4154,#4155),
 .UNSPECIFIED.,.F.,.F.,(4,1,4),(0.,0.0557945294771135,0.111094309285847),
 .UNSPECIFIED.);
#168=B_SPLINE_CURVE_WITH_KNOTS('',3,(#4158,#4159,#4160,#4161,#4162),
 .UNSPECIFIED.,.F.,.F.,(4,1,4),(0.,0.0557945294771135,0.111094309285847),
 .UNSPECIFIED.);
#169=B_SPLINE_CURVE_WITH_KNOTS('',3,(#4174,#4175,#4176,#4177,#4178),
 .UNSPECIFIED.,.F.,.F.,(4,1,4),(0.,0.0741827077057878,0.135939173874549),
 .UNSPECIFIED.);
#170=B_SPLINE_CURVE_WITH_KNOTS('',3,(#4181,#4182,#4183,#4184,#4185),
 .UNSPECIFIED.,.F.,.F.,(4,1,4),(0.,0.0741827077057878,0.135939173874549),
 .UNSPECIFIED.);
#171=B_SPLINE_CURVE_WITH_KNOTS('',3,(#4202,#4203,#4204,#4205,#4206),
 .UNSPECIFIED.,.F.,.F.,(4,1,4),(0.,0.0418915794699163,0.080803136025004),
 .UNSPECIFIED.);
#172=B_SPLINE_CURVE_WITH_KNOTS('',3,(#4220,#4221,#4222,#4223,#4224),
 .UNSPECIFIED.,.F.,.F.,(4,1,4),(0.,0.0611865633974346,0.123042041713023),
 .UNSPECIFIED.);
#173=B_SPLINE_CURVE_WITH_KNOTS('',3,(#4237,#4238,#4239,#4240,#4241),
 .UNSPECIFIED.,.F.,.F.,(4,1,4),(0.,0.0768447399154571,0.142985335340002),
 .UNSPECIFIED.);
#174=B_SPLINE_CURVE_WITH_KNOTS('',3,(#4258,#4259,#4260,#4261,#4262),
 .UNSPECIFIED.,.F.,.F.,(4,1,4),(0.,0.151771686867797,0.344775393648211),
 .UNSPECIFIED.);
#175=B_SPLINE_CURVE_WITH_KNOTS('',3,(#4275,#4276,#4277,#4278,#4279),
 .UNSPECIFIED.,.F.,.F.,(4,1,4),(0.,0.147053247156148,0.283514524167112),
 .UNSPECIFIED.);
#176=B_SPLINE_CURVE_WITH_KNOTS('',3,(#4292,#4293,#4294,#4295,#4296),
 .UNSPECIFIED.,.F.,.F.,(4,1,4),(0.,0.131185250356549,0.265114443118566),
 .UNSPECIFIED.);
#177=B_SPLINE_CURVE_WITH_KNOTS('',3,(#4309,#4310,#4311,#4312,#4313),
 .UNSPECIFIED.,.F.,.F.,(4,1,4),(0.,0.162271495925863,0.302797744905627),
 .UNSPECIFIED.);
#178=B_SPLINE_CURVE_WITH_KNOTS('',3,(#4326,#4327,#4328,#4329,#4330),
 .UNSPECIFIED.,.F.,.F.,(4,1,4),(0.,0.124097731266935,0.263046262128282),
 .UNSPECIFIED.);
#179=B_SPLINE_CURVE_WITH_KNOTS('',3,(#4343,#4344,#4345,#4346,#4347),
 .UNSPECIFIED.,.F.,.F.,(4,1,4),(0.,0.167265582515183,0.315130258612838),
 .UNSPECIFIED.);
#180=B_SPLINE_CURVE_WITH_KNOTS('',3,(#4360,#4361,#4362,#4363,#4364),
 .UNSPECIFIED.,.F.,.F.,(4,1,4),(0.,0.098469917609514,0.20872421878153),
 .UNSPECIFIED.);
#181=B_SPLINE_CURVE_WITH_KNOTS('',3,(#4377,#4378,#4379,#4380,#4381),
 .UNSPECIFIED.,.F.,.F.,(4,1,4),(0.,0.10399212504212,0.200343911644322),
 .UNSPECIFIED.);
#182=B_SPLINE_CURVE_WITH_KNOTS('',3,(#4396,#4397,#4398,#4399,#4400),
 .UNSPECIFIED.,.F.,.F.,(4,1,4),(0.,0.0418787333151684,0.0928025328917369),
 .UNSPECIFIED.);
#183=B_SPLINE_CURVE_WITH_KNOTS('',3,(#4414,#4415,#4416,#4417,#4418),
 .UNSPECIFIED.,.F.,.F.,(4,1,4),(0.,0.0641203430317399,0.129811164476503),
 .UNSPECIFIED.);
#184=B_SPLINE_CURVE_WITH_KNOTS('',3,(#4422,#4423,#4424,#4425,#4426),
 .UNSPECIFIED.,.F.,.F.,(4,1,4),(0.,0.0641203430317399,0.129811164476503),
 .UNSPECIFIED.);
#185=B_SPLINE_CURVE_WITH_KNOTS('',3,(#4439,#4440,#4441,#4442,#4443),
 .UNSPECIFIED.,.F.,.F.,(4,1,4),(0.,0.0658092427760919,0.13121568826134),
 .UNSPECIFIED.);
#186=B_SPLINE_CURVE_WITH_KNOTS('',3,(#4446,#4447,#4448,#4449,#4450),
 .UNSPECIFIED.,.F.,.F.,(4,1,4),(0.,0.0658092427760919,0.13121568826134),
 .UNSPECIFIED.);
#187=B_SPLINE_CURVE_WITH_KNOTS('',3,(#4462,#4463,#4464,#4465,#4466),
 .UNSPECIFIED.,.F.,.F.,(4,1,4),(0.,0.107938297739779,0.187816532322182),
 .UNSPECIFIED.);
#188=B_SPLINE_CURVE_WITH_KNOTS('',3,(#4469,#4470,#4471,#4472,#4473),
 .UNSPECIFIED.,.F.,.F.,(4,1,4),(0.,0.107938297739779,0.187816532322182),
 .UNSPECIFIED.);
#189=B_SPLINE_CURVE_WITH_KNOTS('',3,(#4485,#4486,#4487,#4488,#4489),
 .UNSPECIFIED.,.F.,.F.,(4,1,4),(0.,0.0783239081399615,0.176978531459743),
 .UNSPECIFIED.);
#190=B_SPLINE_CURVE_WITH_KNOTS('',3,(#4492,#4493,#4494,#4495,#4496),
 .UNSPECIFIED.,.F.,.F.,(4,1,4),(0.,0.0783239081399615,0.176978531459743),
 .UNSPECIFIED.);
#191=B_SPLINE_CURVE_WITH_KNOTS('',3,(#4508,#4509,#4510,#4511,#4512),
 .UNSPECIFIED.,.F.,.F.,(4,1,4),(0.,0.0628168622514992,0.129271275507462),
 .UNSPECIFIED.);
#192=B_SPLINE_CURVE_WITH_KNOTS('',3,(#4515,#4516,#4517,#4518,#4519),
 .UNSPECIFIED.,.F.,.F.,(4,1,4),(0.,0.0628168622514992,0.129271275507462),
 .UNSPECIFIED.);
#193=B_SPLINE_CURVE_WITH_KNOTS('',3,(#4531,#4532,#4533,#4534,#4535),
 .UNSPECIFIED.,.F.,.F.,(4,1,4),(0.,0.0791048673933193,0.155455953956324),
 .UNSPECIFIED.);
#194=B_SPLINE_CURVE_WITH_KNOTS('',3,(#4538,#4539,#4540,#4541,#4542),
 .UNSPECIFIED.,.F.,.F.,(4,1,4),(0.,0.0791048673933193,0.155455953956324),
 .UNSPECIFIED.);
#195=B_SPLINE_CURVE_WITH_KNOTS('',3,(#4554,#4555,#4556,#4557,#4558),
 .UNSPECIFIED.,.F.,.F.,(4,1,4),(0.,0.100252634722196,0.17225780139625),
 .UNSPECIFIED.);
#196=B_SPLINE_CURVE_WITH_KNOTS('',3,(#4561,#4562,#4563,#4564,#4565),
 .UNSPECIFIED.,.F.,.F.,(4,1,4),(0.,0.100252634722196,0.17225780139625),
 .UNSPECIFIED.);
#197=B_SPLINE_CURVE_WITH_KNOTS('',3,(#4576,#4577,#4578,#4579,#4580),
 .UNSPECIFIED.,.F.,.F.,(4,1,4),(0.,0.0759239835648545,0.171012768505593),
 .UNSPECIFIED.);
#198=B_SPLINE_CURVE_WITH_KNOTS('',3,(#4581,#4582,#4583,#4584,#4585),
 .UNSPECIFIED.,.F.,.F.,(4,1,4),(0.,0.0759239835648545,0.171012768505593),
 .UNSPECIFIED.);
#199=B_SPLINE_CURVE_WITH_KNOTS('',3,(#4608,#4609,#4610,#4611,#4612),
 .UNSPECIFIED.,.F.,.F.,(4,1,4),(0.,0.116012219849381,0.238955940607906),
 .UNSPECIFIED.);
#200=B_SPLINE_CURVE_WITH_KNOTS('',3,(#4625,#4626,#4627,#4628,#4629),
 .UNSPECIFIED.,.F.,.F.,(4,1,4),(0.,0.121579892684594,0.244837879862597),
 .UNSPECIFIED.);
#201=B_SPLINE_CURVE_WITH_KNOTS('',3,(#4642,#4643,#4644,#4645,#4646),
 .UNSPECIFIED.,.F.,.F.,(4,1,4),(0.,0.16353123951833,0.298168848128779),
 .UNSPECIFIED.);
#202=B_SPLINE_CURVE_WITH_KNOTS('',3,(#4659,#4660,#4661,#4662,#4663),
 .UNSPECIFIED.,.F.,.F.,(4,1,4),(0.,0.137742505376934,0.299495637633763),
 .UNSPECIFIED.);
#203=B_SPLINE_CURVE_WITH_KNOTS('',3,(#4676,#4677,#4678,#4679,#4680),
 .UNSPECIFIED.,.F.,.F.,(4,1,4),(0.,0.118575305954798,0.242238126394987),
 .UNSPECIFIED.);
#204=B_SPLINE_CURVE_WITH_KNOTS('',3,(#4693,#4694,#4695,#4696,#4697),
 .UNSPECIFIED.,.F.,.F.,(4,1,4),(0.,0.0647578159721615,0.126362777426555),
 .UNSPECIFIED.);
#205=B_SPLINE_CURVE_WITH_KNOTS('',3,(#4710,#4711,#4712,#4713,#4714),
 .UNSPECIFIED.,.F.,.F.,(4,1,4),(0.,0.0725872051824045,0.140721168478642),
 .UNSPECIFIED.);
#206=B_SPLINE_CURVE_WITH_KNOTS('',3,(#4738,#4739,#4740,#4741,#4742),
 .UNSPECIFIED.,.F.,.F.,(4,1,4),(0.,0.0546397583482254,0.145549261860922),
 .UNSPECIFIED.);
#207=B_SPLINE_CURVE_WITH_KNOTS('',3,(#4746,#4747,#4748,#4749,#4750),
 .UNSPECIFIED.,.F.,.F.,(4,1,4),(0.,0.0546397583482254,0.145549261860922),
 .UNSPECIFIED.);
#208=B_SPLINE_CURVE_WITH_KNOTS('',3,(#4763,#4764,#4765,#4766,#4767),
 .UNSPECIFIED.,.F.,.F.,(4,1,4),(0.,0.0463679609540562,0.0938267077196354),
 .UNSPECIFIED.);
#209=B_SPLINE_CURVE_WITH_KNOTS('',3,(#4770,#4771,#4772,#4773,#4774),
 .UNSPECIFIED.,.F.,.F.,(4,1,4),(0.,0.0463679609540562,0.0938267077196354),
 .UNSPECIFIED.);
#210=B_SPLINE_CURVE_WITH_KNOTS('',3,(#4786,#4787,#4788,#4789,#4790),
 .UNSPECIFIED.,.F.,.F.,(4,1,4),(0.,0.0504362723586453,0.097317711044986),
 .UNSPECIFIED.);
#211=B_SPLINE_CURVE_WITH_KNOTS('',3,(#4793,#4794,#4795,#4796,#4797),
 .UNSPECIFIED.,.F.,.F.,(4,1,4),(0.,0.0504362723586453,0.097317711044986),
 .UNSPECIFIED.);
#212=B_SPLINE_CURVE_WITH_KNOTS('',3,(#4809,#4810,#4811,#4812,#4813),
 .UNSPECIFIED.,.F.,.F.,(4,1,4),(0.,0.040009386918176,0.0820095730797658),
 .UNSPECIFIED.);
#213=B_SPLINE_CURVE_WITH_KNOTS('',3,(#4816,#4817,#4818,#4819,#4820),
 .UNSPECIFIED.,.F.,.F.,(4,1,4),(0.,0.040009386918176,0.0820095730797658),
 .UNSPECIFIED.);
#214=B_SPLINE_CURVE_WITH_KNOTS('',3,(#4832,#4833,#4834,#4835,#4836),
 .UNSPECIFIED.,.F.,.F.,(4,1,4),(0.,0.0411522102668031,0.0809051739948828),
 .UNSPECIFIED.);
#215=B_SPLINE_CURVE_WITH_KNOTS('',3,(#4839,#4840,#4841,#4842,#4843),
 .UNSPECIFIED.,.F.,.F.,(4,1,4),(0.,0.0411522102668031,0.0809051739948828),
 .UNSPECIFIED.);
#216=B_SPLINE_CURVE_WITH_KNOTS('',3,(#4855,#4856,#4857,#4858,#4859),
 .UNSPECIFIED.,.F.,.F.,(4,1,4),(0.,0.0996679860414108,0.160837504663477),
 .UNSPECIFIED.);
#217=B_SPLINE_CURVE_WITH_KNOTS('',3,(#4862,#4863,#4864,#4865,#4866),
 .UNSPECIFIED.,.F.,.F.,(4,1,4),(0.,0.0996679860414108,0.160837504663477),
 .UNSPECIFIED.);
#218=B_SPLINE_CURVE_WITH_KNOTS('',3,(#4904,#4905,#4906,#4907,#4908),
 .UNSPECIFIED.,.F.,.F.,(4,1,4),(0.,0.0891558974983288,0.210116228013355),
 .UNSPECIFIED.);
#219=B_SPLINE_CURVE_WITH_KNOTS('',3,(#4921,#4922,#4923,#4924,#4925),
 .UNSPECIFIED.,.F.,.F.,(4,1,4),(0.,0.059849387372155,0.115502069617636),
 .UNSPECIFIED.);
#220=B_SPLINE_CURVE_WITH_KNOTS('',3,(#4938,#4939,#4940,#4941,#4942),
 .UNSPECIFIED.,.F.,.F.,(4,1,4),(0.,0.0676604734738071,0.131044818733929),
 .UNSPECIFIED.);
#221=B_SPLINE_CURVE_WITH_KNOTS('',3,(#4955,#4956,#4957,#4958,#4959),
 .UNSPECIFIED.,.F.,.F.,(4,1,4),(0.,0.0851653919805029,0.159602011045687),
 .UNSPECIFIED.);
#222=B_SPLINE_CURVE_WITH_KNOTS('',3,(#4972,#4973,#4974,#4975,#4976),
 .UNSPECIFIED.,.F.,.F.,(4,1,4),(0.,0.0967032983141937,0.206041543408752),
 .UNSPECIFIED.);
#223=B_SPLINE_CURVE_WITH_KNOTS('',3,(#4989,#4990,#4991,#4992,#4993),
 .UNSPECIFIED.,.F.,.F.,(4,1,4),(0.,0.0866632980833027,0.176581046605268),
 .UNSPECIFIED.);
#224=B_SPLINE_CURVE_WITH_KNOTS('',3,(#5006,#5007,#5008,#5009,#5010),
 .UNSPECIFIED.,.F.,.F.,(4,1,4),(0.,0.152160887875793,0.240872114048683),
 .UNSPECIFIED.);
#225=B_SPLINE_CURVE_WITH_KNOTS('',3,(#5034,#5035,#5036,#5037,#5038),
 .UNSPECIFIED.,.F.,.F.,(4,1,4),(0.,0.0360827508620312,0.0939236035728035),
 .UNSPECIFIED.);
#226=B_SPLINE_CURVE_WITH_KNOTS('',3,(#5042,#5043,#5044,#5045,#5046),
 .UNSPECIFIED.,.F.,.F.,(4,1,4),(0.,0.0360827508620312,0.0939236035728035),
 .UNSPECIFIED.);
#227=B_SPLINE_CURVE_WITH_KNOTS('',3,(#5059,#5060,#5061,#5062,#5063),
 .UNSPECIFIED.,.F.,.F.,(4,1,4),(0.,0.0407576040903651,0.0792730491008415),
 .UNSPECIFIED.);
#228=B_SPLINE_CURVE_WITH_KNOTS('',3,(#5066,#5067,#5068,#5069,#5070),
 .UNSPECIFIED.,.F.,.F.,(4,1,4),(0.,0.0407576040903651,0.0792730491008415),
 .UNSPECIFIED.);
#229=B_SPLINE_CURVE_WITH_KNOTS('',3,(#5082,#5083,#5084,#5085,#5086),
 .UNSPECIFIED.,.F.,.F.,(4,1,4),(0.,0.0513606810637629,0.105981169492393),
 .UNSPECIFIED.);
#230=B_SPLINE_CURVE_WITH_KNOTS('',3,(#5089,#5090,#5091,#5092,#5093),
 .UNSPECIFIED.,.F.,.F.,(4,1,4),(0.,0.0513606810637629,0.105981169492393),
 .UNSPECIFIED.);
#231=B_SPLINE_CURVE_WITH_KNOTS('',3,(#5105,#5106,#5107,#5108,#5109),
 .UNSPECIFIED.,.F.,.F.,(4,1,4),(0.,0.0405854276022689,0.0835085359889364),
 .UNSPECIFIED.);
#232=B_SPLINE_CURVE_WITH_KNOTS('',3,(#5112,#5113,#5114,#5115,#5116),
 .UNSPECIFIED.,.F.,.F.,(4,1,4),(0.,0.0405854276022689,0.0835085359889364),
 .UNSPECIFIED.);
#233=B_SPLINE_CURVE_WITH_KNOTS('',3,(#5128,#5129,#5130,#5131,#5132),
 .UNSPECIFIED.,.F.,.F.,(4,1,4),(0.,0.0382600738932896,0.0774333781687879),
 .UNSPECIFIED.);
#234=B_SPLINE_CURVE_WITH_KNOTS('',3,(#5135,#5136,#5137,#5138,#5139),
 .UNSPECIFIED.,.F.,.F.,(4,1,4),(0.,0.0382600738932896,0.0774333781687879),
 .UNSPECIFIED.);
#235=B_SPLINE_CURVE_WITH_KNOTS('',3,(#5151,#5152,#5153,#5154,#5155),
 .UNSPECIFIED.,.F.,.F.,(4,1,4),(0.,0.0412653070542756,0.0797716321040753),
 .UNSPECIFIED.);
#236=B_SPLINE_CURVE_WITH_KNOTS('',3,(#5158,#5159,#5160,#5161,#5162),
 .UNSPECIFIED.,.F.,.F.,(4,1,4),(0.,0.0412653070542756,0.0797716321040753),
 .UNSPECIFIED.);
#237=B_SPLINE_CURVE_WITH_KNOTS('',3,(#5174,#5175,#5176,#5177,#5178),
 .UNSPECIFIED.,.F.,.F.,(4,1,4),(0.,0.0681213520254483,0.109904781870842),
 .UNSPECIFIED.);
#238=B_SPLINE_CURVE_WITH_KNOTS('',3,(#5181,#5182,#5183,#5184,#5185),
 .UNSPECIFIED.,.F.,.F.,(4,1,4),(0.,0.0681213520254483,0.109904781870842),
 .UNSPECIFIED.);
#239=B_SPLINE_CURVE_WITH_KNOTS('',3,(#5197,#5198,#5199,#5200,#5201),
 .UNSPECIFIED.,.F.,.F.,(4,1,4),(0.,0.0494491088299169,0.120311958020153),
 .UNSPECIFIED.);
#240=B_SPLINE_CURVE_WITH_KNOTS('',3,(#5204,#5205,#5206,#5207,#5208),
 .UNSPECIFIED.,.F.,.F.,(4,1,4),(0.,0.0494491088299169,0.120311958020153),
 .UNSPECIFIED.);
#241=B_SPLINE_CURVE_WITH_KNOTS('',3,(#5225,#5226,#5227,#5228,#5229),
 .UNSPECIFIED.,.F.,.F.,(4,1,4),(0.,0.0458092950606258,0.0832617004065597),
 .UNSPECIFIED.);
#242=B_SPLINE_CURVE_WITH_KNOTS('',3,(#5243,#5244,#5245,#5246,#5247),
 .UNSPECIFIED.,.F.,.F.,(4,1,4),(0.,0.0431662977050801,0.107045978189985),
 .UNSPECIFIED.);
#243=B_SPLINE_CURVE_WITH_KNOTS('',3,(#5260,#5261,#5262,#5263,#5264),
 .UNSPECIFIED.,.F.,.F.,(4,1,4),(0.,0.0478117434242626,0.085344559868693),
 .UNSPECIFIED.);
#244=B_SPLINE_CURVE_WITH_KNOTS('',3,(#5281,#5282,#5283,#5284,#5285),
 .UNSPECIFIED.,.F.,.F.,(4,1,4),(0.,0.116329697385476,0.192271839605608),
 .UNSPECIFIED.);
#245=B_SPLINE_CURVE_WITH_KNOTS('',3,(#5298,#5299,#5300,#5301,#5302),
 .UNSPECIFIED.,.F.,.F.,(4,1,4),(0.,0.0688498007110892,0.159168026435794),
 .UNSPECIFIED.);
#246=B_SPLINE_CURVE_WITH_KNOTS('',3,(#5315,#5316,#5317,#5318,#5319),
 .UNSPECIFIED.,.F.,.F.,(4,1,4),(0.,0.0551647573321756,0.111566444033819),
 .UNSPECIFIED.);
#247=B_SPLINE_CURVE_WITH_KNOTS('',3,(#5332,#5333,#5334,#5335,#5336),
 .UNSPECIFIED.,.F.,.F.,(4,1,4),(0.,0.0585273047307465,0.114451348256671),
 .UNSPECIFIED.);
#248=B_SPLINE_CURVE_WITH_KNOTS('',3,(#5349,#5350,#5351,#5352,#5353),
 .UNSPECIFIED.,.F.,.F.,(4,1,4),(0.,0.0840260801631591,0.170299013240707),
 .UNSPECIFIED.);
#249=B_SPLINE_CURVE_WITH_KNOTS('',3,(#5366,#5367,#5368,#5369,#5370),
 .UNSPECIFIED.,.F.,.F.,(4,1,4),(0.,0.101162082712842,0.190026302949193),
 .UNSPECIFIED.);
#250=B_SPLINE_CURVE_WITH_KNOTS('',3,(#5383,#5384,#5385,#5386,#5387),
 .UNSPECIFIED.,.F.,.F.,(4,1,4),(0.,0.0605198342625449,0.122370563054183),
 .UNSPECIFIED.);
#251=B_SPLINE_CURVE_WITH_KNOTS('',3,(#5400,#5401,#5402,#5403,#5404),
 .UNSPECIFIED.,.F.,.F.,(4,1,4),(0.,0.0657885725198266,0.127686850884288),
 .UNSPECIFIED.);
#252=B_SPLINE_CURVE_WITH_KNOTS('',3,(#5417,#5418,#5419,#5420,#5421),
 .UNSPECIFIED.,.F.,.F.,(4,1,4),(0.,0.014733907235012,0.0235241756632746),
 .UNSPECIFIED.);
#253=B_SPLINE_CURVE_WITH_KNOTS('',3,(#5434,#5435,#5436,#5437,#5438),
 .UNSPECIFIED.,.F.,.F.,(4,1,4),(0.,0.0251336575402673,0.0595500272290116),
 .UNSPECIFIED.);
#254=B_SPLINE_CURVE_WITH_KNOTS('',3,(#5455,#5456,#5457,#5458,#5459),
 .UNSPECIFIED.,.F.,.F.,(4,1,4),(0.,0.0488050341775474,0.103330074952839),
 .UNSPECIFIED.);
#255=B_SPLINE_CURVE_WITH_KNOTS('',3,(#5472,#5473,#5474,#5475,#5476),
 .UNSPECIFIED.,.F.,.F.,(4,1,4),(0.,0.082995772900768,0.14130192493708),
 .UNSPECIFIED.);
#256=B_SPLINE_CURVE_WITH_KNOTS('',3,(#5493,#5494,#5495,#5496,#5497),
 .UNSPECIFIED.,.F.,.F.,(4,1,4),(0.,0.0689736310111623,0.174471151582049),
 .UNSPECIFIED.);
#257=B_SPLINE_CURVE_WITH_KNOTS('',3,(#5510,#5511,#5512,#5513,#5514),
 .UNSPECIFIED.,.F.,.F.,(4,1,4),(0.,0.0635984516159272,0.118678128195976),
 .UNSPECIFIED.);
#258=B_SPLINE_CURVE_WITH_KNOTS('',3,(#5527,#5528,#5529,#5530,#5531),
 .UNSPECIFIED.,.F.,.F.,(4,1,4),(0.,0.112125954172296,0.194462741105789),
 .UNSPECIFIED.);
#259=B_SPLINE_CURVE_WITH_KNOTS('',3,(#5544,#5545,#5546,#5547,#5548),
 .UNSPECIFIED.,.F.,.F.,(4,1,4),(0.,0.0967337284241452,0.221181678594545),
 .UNSPECIFIED.);
#260=B_SPLINE_CURVE_WITH_KNOTS('',3,(#5561,#5562,#5563,#5564,#5565),
 .UNSPECIFIED.,.F.,.F.,(4,1,4),(0.,0.099736099770463,0.188271598486079),
 .UNSPECIFIED.);
#261=B_SPLINE_CURVE_WITH_KNOTS('',3,(#5580,#5581,#5582,#5583,#5584),
 .UNSPECIFIED.,.F.,.F.,(4,1,4),(0.,0.03794474342044,0.0854654138764732),
 .UNSPECIFIED.);
#262=B_SPLINE_CURVE_WITH_KNOTS('',3,(#5651,#5652,#5653,#5654,#5655),
 .UNSPECIFIED.,.F.,.F.,(4,1,4),(0.,0.0705353289997839,0.142022519018187),
 .UNSPECIFIED.);
#263=B_SPLINE_CURVE_WITH_KNOTS('',3,(#5659,#5660,#5661,#5662,#5663),
 .UNSPECIFIED.,.F.,.F.,(4,1,4),(0.,0.0705353289997839,0.142022519018187),
 .UNSPECIFIED.);
#264=B_SPLINE_CURVE_WITH_KNOTS('',3,(#5676,#5677,#5678,#5679,#5680),
 .UNSPECIFIED.,.F.,.F.,(4,1,4),(0.,0.0712829764522741,0.141734861250323),
 .UNSPECIFIED.);
#265=B_SPLINE_CURVE_WITH_KNOTS('',3,(#5683,#5684,#5685,#5686,#5687),
 .UNSPECIFIED.,.F.,.F.,(4,1,4),(0.,0.0712829764522741,0.141734861250323),
 .UNSPECIFIED.);
#266=B_SPLINE_CURVE_WITH_KNOTS('',3,(#5699,#5700,#5701,#5702,#5703),
 .UNSPECIFIED.,.F.,.F.,(4,1,4),(0.,0.094987194638809,0.174319587031724),
 .UNSPECIFIED.);
#267=B_SPLINE_CURVE_WITH_KNOTS('',3,(#5706,#5707,#5708,#5709,#5710),
 .UNSPECIFIED.,.F.,.F.,(4,1,4),(0.,0.094987194638809,0.174319587031724),
 .UNSPECIFIED.);
#268=B_SPLINE_CURVE_WITH_KNOTS('',3,(#5722,#5723,#5724,#5725,#5726),
 .UNSPECIFIED.,.F.,.F.,(4,1,4),(0.,0.0799313536736916,0.176946894635239),
 .UNSPECIFIED.);
#269=B_SPLINE_CURVE_WITH_KNOTS('',3,(#5729,#5730,#5731,#5732,#5733),
 .UNSPECIFIED.,.F.,.F.,(4,1,4),(0.,0.0799313536736916,0.176946894635239),
 .UNSPECIFIED.);
#270=B_SPLINE_CURVE_WITH_KNOTS('',3,(#5745,#5746,#5747,#5748,#5749),
 .UNSPECIFIED.,.F.,.F.,(4,1,4),(0.,0.0704519893980316,0.141734906673728),
 .UNSPECIFIED.);
#271=B_SPLINE_CURVE_WITH_KNOTS('',3,(#5752,#5753,#5754,#5755,#5756),
 .UNSPECIFIED.,.F.,.F.,(4,1,4),(0.,0.0704519893980316,0.141734906673728),
 .UNSPECIFIED.);
#272=B_SPLINE_CURVE_WITH_KNOTS('',3,(#5768,#5769,#5770,#5771,#5772),
 .UNSPECIFIED.,.F.,.F.,(4,1,4),(0.,0.0714870947534649,0.142022540478354),
 .UNSPECIFIED.);
#273=B_SPLINE_CURVE_WITH_KNOTS('',3,(#5775,#5776,#5777,#5778,#5779),
 .UNSPECIFIED.,.F.,.F.,(4,1,4),(0.,0.0714870947534649,0.142022540478354),
 .UNSPECIFIED.);
#274=B_SPLINE_CURVE_WITH_KNOTS('',3,(#5791,#5792,#5793,#5794,#5795),
 .UNSPECIFIED.,.F.,.F.,(4,1,4),(0.,0.0960126051268544,0.175767096936914),
 .UNSPECIFIED.);
#275=B_SPLINE_CURVE_WITH_KNOTS('',3,(#5798,#5799,#5800,#5801,#5802),
 .UNSPECIFIED.,.F.,.F.,(4,1,4),(0.,0.0960126051268544,0.175767096936914),
 .UNSPECIFIED.);
#276=B_SPLINE_CURVE_WITH_KNOTS('',3,(#5813,#5814,#5815,#5816,#5817),
 .UNSPECIFIED.,.F.,.F.,(4,1,4),(0.,0.079754549161373,0.175767079334837),
 .UNSPECIFIED.);
#277=B_SPLINE_CURVE_WITH_KNOTS('',3,(#5818,#5819,#5820,#5821,#5822),
 .UNSPECIFIED.,.F.,.F.,(4,1,4),(0.,0.079754549161373,0.175767079334837),
 .UNSPECIFIED.);
#278=B_SPLINE_CURVE_WITH_KNOTS('',3,(#5836,#5837,#5838,#5839,#5840),
 .UNSPECIFIED.,.F.,.F.,(4,1,4),(0.,0.0970045643665772,0.192929793986428),
 .UNSPECIFIED.);
#279=B_SPLINE_CURVE_WITH_KNOTS('',3,(#5854,#5855,#5856,#5857,#5858),
 .UNSPECIFIED.,.F.,.F.,(4,1,4),(0.,0.0979374884526222,0.196580410555704),
 .UNSPECIFIED.);
#280=B_SPLINE_CURVE_WITH_KNOTS('',3,(#5871,#5872,#5873,#5874,#5875),
 .UNSPECIFIED.,.F.,.F.,(4,1,4),(0.,0.144661584864833,0.294376200898821),
 .UNSPECIFIED.);
#281=B_SPLINE_CURVE_WITH_KNOTS('',3,(#5888,#5889,#5890,#5891,#5892),
 .UNSPECIFIED.,.F.,.F.,(4,1,4),(0.,0.152645104451217,0.298446965110224),
 .UNSPECIFIED.);
#282=B_SPLINE_CURVE_WITH_KNOTS('',3,(#5905,#5906,#5907,#5908,#5909),
 .UNSPECIFIED.,.F.,.F.,(4,1,4),(0.,0.144239879905604,0.295496937983504),
 .UNSPECIFIED.);
#283=B_SPLINE_CURVE_WITH_KNOTS('',3,(#5922,#5923,#5924,#5925,#5926),
 .UNSPECIFIED.,.F.,.F.,(4,1,4),(0.,0.151919227821049,0.296080751151584),
 .UNSPECIFIED.);
#284=B_SPLINE_CURVE_WITH_KNOTS('',3,(#5939,#5940,#5941,#5942,#5943),
 .UNSPECIFIED.,.F.,.F.,(4,1,4),(0.,0.0979051730257766,0.199966919902395),
 .UNSPECIFIED.);
#285=B_SPLINE_CURVE_WITH_KNOTS('',3,(#5956,#5957,#5958,#5959,#5960),
 .UNSPECIFIED.,.F.,.F.,(4,1,4),(0.,0.0971683479807447,0.192939487994259),
 .UNSPECIFIED.);
#286=B_SPLINE_CURVE_WITH_KNOTS('',3,(#5973,#5974,#5975,#5976,#5977),
 .UNSPECIFIED.,.F.,.F.,(4,1,4),(0.,0.0946970296194504,0.192204726035795),
 .UNSPECIFIED.);
#287=B_SPLINE_CURVE_WITH_KNOTS('',3,(#5988,#5989,#5990,#5991,#5992),
 .UNSPECIFIED.,.F.,.F.,(4,1,4),(0.,0.102693637833833,0.218657066730169),
 .UNSPECIFIED.);
#288=FACE_BOUND('',#541,.T.);
#289=FACE_BOUND('',#542,.T.);
#290=FACE_BOUND('',#543,.T.);
#291=FACE_BOUND('',#544,.T.);
#292=FACE_BOUND('',#545,.T.);
#293=FACE_BOUND('',#546,.T.);
#294=FACE_BOUND('',#547,.T.);
#295=FACE_BOUND('',#548,.T.);
#296=FACE_BOUND('',#549,.T.);
#297=FACE_BOUND('',#575,.T.);
#298=FACE_BOUND('',#597,.T.);
#299=FACE_BOUND('',#620,.T.);
#300=FACE_BOUND('',#656,.T.);
#301=FACE_BOUND('',#690,.T.);
#302=FACE_BOUND('',#718,.T.);
#303=FACE_BOUND('',#719,.T.);
#304=PLANE('',#3101);
#305=PLANE('',#3105);
#306=PLANE('',#3110);
#307=PLANE('',#3113);
#308=PLANE('',#3114);
#309=PLANE('',#3115);
#310=PLANE('',#3116);
#311=PLANE('',#3117);
#312=PLANE('',#3118);
#313=PLANE('',#3119);
#314=PLANE('',#3120);
#315=PLANE('',#3121);
#316=PLANE('',#3122);
#317=PLANE('',#3123);
#318=PLANE('',#3124);
#319=PLANE('',#3125);
#320=PLANE('',#3126);
#321=PLANE('',#3127);
#322=PLANE('',#3128);
#323=PLANE('',#3129);
#324=PLANE('',#3130);
#325=PLANE('',#3131);
#326=PLANE('',#3132);
#327=PLANE('',#3133);
#328=PLANE('',#3134);
#329=PLANE('',#3135);
#330=PLANE('',#3136);
#331=PLANE('',#3137);
#332=PLANE('',#3138);
#333=PLANE('',#3139);
#334=PLANE('',#3140);
#335=PLANE('',#3141);
#336=PLANE('',#3142);
#337=PLANE('',#3143);
#338=PLANE('',#3144);
#339=PLANE('',#3145);
#340=PLANE('',#3146);
#341=PLANE('',#3147);
#342=PLANE('',#3148);
#343=PLANE('',#3149);
#344=PLANE('',#3150);
#345=PLANE('',#3151);
#346=PLANE('',#3152);
#347=PLANE('',#3153);
#348=PLANE('',#3154);
#349=PLANE('',#3155);
#350=PLANE('',#3156);
#351=PLANE('',#3157);
#352=PLANE('',#3158);
#353=PLANE('',#3159);
#354=PLANE('',#3160);
#355=PLANE('',#3161);
#356=PLANE('',#3162);
#357=PLANE('',#3163);
#358=PLANE('',#3164);
#359=PLANE('',#3165);
#360=PLANE('',#3166);
#361=PLANE('',#3167);
#362=PLANE('',#3168);
#363=PLANE('',#3169);
#364=PLANE('',#3170);
#365=PLANE('',#3171);
#366=PLANE('',#3172);
#367=PLANE('',#3173);
#368=PLANE('',#3174);
#369=PLANE('',#3175);
#370=PLANE('',#3176);
#371=PLANE('',#3177);
#372=PLANE('',#3178);
#373=PLANE('',#3179);
#374=FACE_OUTER_BOUND('',#539,.T.);
#375=FACE_OUTER_BOUND('',#540,.T.);
#376=FACE_OUTER_BOUND('',#550,.T.);
#377=FACE_OUTER_BOUND('',#551,.T.);
#378=FACE_OUTER_BOUND('',#552,.T.);
#379=FACE_OUTER_BOUND('',#553,.T.);
#380=FACE_OUTER_BOUND('',#554,.T.);
#381=FACE_OUTER_BOUND('',#555,.T.);
#382=FACE_OUTER_BOUND('',#556,.T.);
#383=FACE_OUTER_BOUND('',#557,.T.);
#384=FACE_OUTER_BOUND('',#558,.T.);
#385=FACE_OUTER_BOUND('',#559,.T.);
#386=FACE_OUTER_BOUND('',#560,.T.);
#387=FACE_OUTER_BOUND('',#561,.T.);
#388=FACE_OUTER_BOUND('',#562,.T.);
#389=FACE_OUTER_BOUND('',#563,.T.);
#390=FACE_OUTER_BOUND('',#564,.T.);
#391=FACE_OUTER_BOUND('',#565,.T.);
#392=FACE_OUTER_BOUND('',#566,.T.);
#393=FACE_OUTER_BOUND('',#567,.T.);
#394=FACE_OUTER_BOUND('',#568,.T.);
#395=FACE_OUTER_BOUND('',#569,.T.);
#396=FACE_OUTER_BOUND('',#570,.T.);
#397=FACE_OUTER_BOUND('',#571,.T.);
#398=FACE_OUTER_BOUND('',#572,.T.);
#399=FACE_OUTER_BOUND('',#573,.T.);
#400=FACE_OUTER_BOUND('',#574,.T.);
#401=FACE_OUTER_BOUND('',#576,.T.);
#402=FACE_OUTER_BOUND('',#577,.T.);
#403=FACE_OUTER_BOUND('',#578,.T.);
#404=FACE_OUTER_BOUND('',#579,.T.);
#405=FACE_OUTER_BOUND('',#580,.T.);
#406=FACE_OUTER_BOUND('',#581,.T.);
#407=FACE_OUTER_BOUND('',#582,.T.);
#408=FACE_OUTER_BOUND('',#583,.T.);
#409=FACE_OUTER_BOUND('',#584,.T.);
#410=FACE_OUTER_BOUND('',#585,.T.);
#411=FACE_OUTER_BOUND('',#586,.T.);
#412=FACE_OUTER_BOUND('',#587,.T.);
#413=FACE_OUTER_BOUND('',#588,.T.);
#414=FACE_OUTER_BOUND('',#589,.T.);
#415=FACE_OUTER_BOUND('',#590,.T.);
#416=FACE_OUTER_BOUND('',#591,.T.);
#417=FACE_OUTER_BOUND('',#592,.T.);
#418=FACE_OUTER_BOUND('',#593,.T.);
#419=FACE_OUTER_BOUND('',#594,.T.);
#420=FACE_OUTER_BOUND('',#595,.T.);
#421=FACE_OUTER_BOUND('',#596,.T.);
#422=FACE_OUTER_BOUND('',#598,.T.);
#423=FACE_OUTER_BOUND('',#599,.T.);
#424=FACE_OUTER_BOUND('',#600,.T.);
#425=FACE_OUTER_BOUND('',#601,.T.);
#426=FACE_OUTER_BOUND('',#602,.T.);
#427=FACE_OUTER_BOUND('',#603,.T.);
#428=FACE_OUTER_BOUND('',#604,.T.);
#429=FACE_OUTER_BOUND('',#605,.T.);
#430=FACE_OUTER_BOUND('',#606,.T.);
#431=FACE_OUTER_BOUND('',#607,.T.);
#432=FACE_OUTER_BOUND('',#608,.T.);
#433=FACE_OUTER_BOUND('',#609,.T.);
#434=FACE_OUTER_BOUND('',#610,.T.);
#435=FACE_OUTER_BOUND('',#611,.T.);
#436=FACE_OUTER_BOUND('',#612,.T.);
#437=FACE_OUTER_BOUND('',#613,.T.);
#438=FACE_OUTER_BOUND('',#614,.T.);
#439=FACE_OUTER_BOUND('',#615,.T.);
#440=FACE_OUTER_BOUND('',#616,.T.);
#441=FACE_OUTER_BOUND('',#617,.T.);
#442=FACE_OUTER_BOUND('',#618,.T.);
#443=FACE_OUTER_BOUND('',#619,.T.);
#444=FACE_OUTER_BOUND('',#621,.T.);
#445=FACE_OUTER_BOUND('',#622,.T.);
#446=FACE_OUTER_BOUND('',#623,.T.);
#447=FACE_OUTER_BOUND('',#624,.T.);
#448=FACE_OUTER_BOUND('',#625,.T.);
#449=FACE_OUTER_BOUND('',#626,.T.);
#450=FACE_OUTER_BOUND('',#627,.T.);
#451=FACE_OUTER_BOUND('',#628,.T.);
#452=FACE_OUTER_BOUND('',#629,.T.);
#453=FACE_OUTER_BOUND('',#630,.T.);
#454=FACE_OUTER_BOUND('',#631,.T.);
#455=FACE_OUTER_BOUND('',#632,.T.);
#456=FACE_OUTER_BOUND('',#633,.T.);
#457=FACE_OUTER_BOUND('',#634,.T.);
#458=FACE_OUTER_BOUND('',#635,.T.);
#459=FACE_OUTER_BOUND('',#636,.T.);
#460=FACE_OUTER_BOUND('',#637,.T.);
#461=FACE_OUTER_BOUND('',#638,.T.);
#462=FACE_OUTER_BOUND('',#639,.T.);
#463=FACE_OUTER_BOUND('',#640,.T.);
#464=FACE_OUTER_BOUND('',#641,.T.);
#465=FACE_OUTER_BOUND('',#642,.T.);
#466=FACE_OUTER_BOUND('',#643,.T.);
#467=FACE_OUTER_BOUND('',#644,.T.);
#468=FACE_OUTER_BOUND('',#645,.T.);
#469=FACE_OUTER_BOUND('',#646,.T.);
#470=FACE_OUTER_BOUND('',#647,.T.);
#471=FACE_OUTER_BOUND('',#648,.T.);
#472=FACE_OUTER_BOUND('',#649,.T.);
#473=FACE_OUTER_BOUND('',#650,.T.);
#474=FACE_OUTER_BOUND('',#651,.T.);
#475=FACE_OUTER_BOUND('',#652,.T.);
#476=FACE_OUTER_BOUND('',#653,.T.);
#477=FACE_OUTER_BOUND('',#654,.T.);
#478=FACE_OUTER_BOUND('',#655,.T.);
#479=FACE_OUTER_BOUND('',#657,.T.);
#480=FACE_OUTER_BOUND('',#658,.T.);
#481=FACE_OUTER_BOUND('',#659,.T.);
#482=FACE_OUTER_BOUND('',#660,.T.);
#483=FACE_OUTER_BOUND('',#661,.T.);
#484=FACE_OUTER_BOUND('',#662,.T.);
#485=FACE_OUTER_BOUND('',#663,.T.);
#486=FACE_OUTER_BOUND('',#664,.T.);
#487=FACE_OUTER_BOUND('',#665,.T.);
#488=FACE_OUTER_BOUND('',#666,.T.);
#489=FACE_OUTER_BOUND('',#667,.T.);
#490=FACE_OUTER_BOUND('',#668,.T.);
#491=FACE_OUTER_BOUND('',#669,.T.);
#492=FACE_OUTER_BOUND('',#670,.T.);
#493=FACE_OUTER_BOUND('',#671,.T.);
#494=FACE_OUTER_BOUND('',#672,.T.);
#495=FACE_OUTER_BOUND('',#673,.T.);
#496=FACE_OUTER_BOUND('',#674,.T.);
#497=FACE_OUTER_BOUND('',#675,.T.);
#498=FACE_OUTER_BOUND('',#676,.T.);
#499=FACE_OUTER_BOUND('',#677,.T.);
#500=FACE_OUTER_BOUND('',#678,.T.);
#501=FACE_OUTER_BOUND('',#679,.T.);
#502=FACE_OUTER_BOUND('',#680,.T.);
#503=FACE_OUTER_BOUND('',#681,.T.);
#504=FACE_OUTER_BOUND('',#682,.T.);
#505=FACE_OUTER_BOUND('',#683,.T.);
#506=FACE_OUTER_BOUND('',#684,.T.);
#507=FACE_OUTER_BOUND('',#685,.T.);
#508=FACE_OUTER_BOUND('',#686,.T.);
#509=FACE_OUTER_BOUND('',#687,.T.);
#510=FACE_OUTER_BOUND('',#688,.T.);
#511=FACE_OUTER_BOUND('',#689,.T.);
#512=FACE_OUTER_BOUND('',#691,.T.);
#513=FACE_OUTER_BOUND('',#692,.T.);
#514=FACE_OUTER_BOUND('',#693,.T.);
#515=FACE_OUTER_BOUND('',#694,.T.);
#516=FACE_OUTER_BOUND('',#695,.T.);
#517=FACE_OUTER_BOUND('',#696,.T.);
#518=FACE_OUTER_BOUND('',#697,.T.);
#519=FACE_OUTER_BOUND('',#698,.T.);
#520=FACE_OUTER_BOUND('',#699,.T.);
#521=FACE_OUTER_BOUND('',#700,.T.);
#522=FACE_OUTER_BOUND('',#701,.T.);
#523=FACE_OUTER_BOUND('',#702,.T.);
#524=FACE_OUTER_BOUND('',#703,.T.);
#525=FACE_OUTER_BOUND('',#704,.T.);
#526=FACE_OUTER_BOUND('',#705,.T.);
#527=FACE_OUTER_BOUND('',#706,.T.);
#528=FACE_OUTER_BOUND('',#707,.T.);
#529=FACE_OUTER_BOUND('',#708,.T.);
#530=FACE_OUTER_BOUND('',#709,.T.);
#531=FACE_OUTER_BOUND('',#710,.T.);
#532=FACE_OUTER_BOUND('',#711,.T.);
#533=FACE_OUTER_BOUND('',#712,.T.);
#534=FACE_OUTER_BOUND('',#713,.T.);
#535=FACE_OUTER_BOUND('',#714,.T.);
#536=FACE_OUTER_BOUND('',#715,.T.);
#537=FACE_OUTER_BOUND('',#716,.T.);
#538=FACE_OUTER_BOUND('',#717,.T.);
#539=EDGE_LOOP('',(#2009,#2010,#2011,#2012));
#540=EDGE_LOOP('',(#2013,#2014,#2015,#2016,#2017,#2018,#2019,#2020));
#541=EDGE_LOOP('',(#2021,#2022,#2023,#2024));
#542=EDGE_LOOP('',(#2025,#2026,#2027,#2028));
#543=EDGE_LOOP('',(#2029,#2030,#2031,#2032,#2033,#2034,#2035,#2036,#2037,
#2038));
#544=EDGE_LOOP('',(#2039,#2040,#2041,#2042,#2043,#2044,#2045,#2046,#2047,
#2048));
#545=EDGE_LOOP('',(#2049,#2050,#2051,#2052,#2053,#2054,#2055,#2056,#2057,
#2058,#2059,#2060,#2061));
#546=EDGE_LOOP('',(#2062,#2063,#2064,#2065,#2066,#2067,#2068,#2069,#2070,
#2071,#2072,#2073,#2074,#2075,#2076,#2077,#2078,#2079,#2080,#2081,#2082,
#2083,#2084,#2085,#2086));
#547=EDGE_LOOP('',(#2087,#2088,#2089,#2090,#2091,#2092,#2093,#2094,#2095,
#2096,#2097,#2098));
#548=EDGE_LOOP('',(#2099,#2100,#2101,#2102,#2103,#2104,#2105,#2106,#2107,
#2108,#2109,#2110));
#549=EDGE_LOOP('',(#2111,#2112,#2113,#2114,#2115,#2116,#2117,#2118,#2119,
#2120,#2121,#2122,#2123,#2124));
#550=EDGE_LOOP('',(#2125,#2126,#2127,#2128));
#551=EDGE_LOOP('',(#2129,#2130,#2131,#2132));
#552=EDGE_LOOP('',(#2133,#2134,#2135,#2136));
#553=EDGE_LOOP('',(#2137,#2138,#2139,#2140));
#554=EDGE_LOOP('',(#2141,#2142,#2143,#2144));
#555=EDGE_LOOP('',(#2145,#2146,#2147,#2148));
#556=EDGE_LOOP('',(#2149,#2150,#2151,#2152));
#557=EDGE_LOOP('',(#2153,#2154,#2155,#2156));
#558=EDGE_LOOP('',(#2157,#2158,#2159,#2160));
#559=EDGE_LOOP('',(#2161,#2162,#2163,#2164));
#560=EDGE_LOOP('',(#2165,#2166,#2167,#2168));
#561=EDGE_LOOP('',(#2169,#2170,#2171,#2172));
#562=EDGE_LOOP('',(#2173,#2174,#2175,#2176));
#563=EDGE_LOOP('',(#2177,#2178,#2179,#2180));
#564=EDGE_LOOP('',(#2181,#2182,#2183,#2184));
#565=EDGE_LOOP('',(#2185,#2186,#2187,#2188));
#566=EDGE_LOOP('',(#2189,#2190,#2191,#2192));
#567=EDGE_LOOP('',(#2193,#2194,#2195,#2196));
#568=EDGE_LOOP('',(#2197,#2198,#2199,#2200));
#569=EDGE_LOOP('',(#2201,#2202,#2203,#2204));
#570=EDGE_LOOP('',(#2205,#2206,#2207,#2208));
#571=EDGE_LOOP('',(#2209,#2210,#2211,#2212));
#572=EDGE_LOOP('',(#2213,#2214,#2215,#2216));
#573=EDGE_LOOP('',(#2217,#2218,#2219,#2220));
#574=EDGE_LOOP('',(#2221,#2222,#2223,#2224,#2225,#2226,#2227,#2228,#2229,
#2230,#2231,#2232,#2233,#2234));
#575=EDGE_LOOP('',(#2235,#2236,#2237,#2238,#2239));
#576=EDGE_LOOP('',(#2240,#2241,#2242,#2243));
#577=EDGE_LOOP('',(#2244,#2245,#2246,#2247));
#578=EDGE_LOOP('',(#2248,#2249,#2250,#2251));
#579=EDGE_LOOP('',(#2252,#2253,#2254,#2255));
#580=EDGE_LOOP('',(#2256,#2257,#2258,#2259));
#581=EDGE_LOOP('',(#2260,#2261,#2262,#2263));
#582=EDGE_LOOP('',(#2264,#2265,#2266,#2267));
#583=EDGE_LOOP('',(#2268,#2269,#2270,#2271));
#584=EDGE_LOOP('',(#2272,#2273,#2274,#2275));
#585=EDGE_LOOP('',(#2276,#2277,#2278,#2279));
#586=EDGE_LOOP('',(#2280,#2281,#2282,#2283));
#587=EDGE_LOOP('',(#2284,#2285,#2286,#2287));
#588=EDGE_LOOP('',(#2288,#2289,#2290,#2291));
#589=EDGE_LOOP('',(#2292,#2293,#2294,#2295));
#590=EDGE_LOOP('',(#2296,#2297,#2298,#2299));
#591=EDGE_LOOP('',(#2300,#2301,#2302,#2303));
#592=EDGE_LOOP('',(#2304,#2305,#2306,#2307));
#593=EDGE_LOOP('',(#2308,#2309,#2310,#2311));
#594=EDGE_LOOP('',(#2312,#2313,#2314,#2315));
#595=EDGE_LOOP('',(#2316,#2317,#2318,#2319));
#596=EDGE_LOOP('',(#2320,#2321,#2322,#2323,#2324,#2325,#2326,#2327,#2328,
#2329,#2330,#2331));
#597=EDGE_LOOP('',(#2332,#2333,#2334,#2335,#2336,#2337,#2338,#2339));
#598=EDGE_LOOP('',(#2340,#2341,#2342,#2343));
#599=EDGE_LOOP('',(#2344,#2345,#2346,#2347));
#600=EDGE_LOOP('',(#2348,#2349,#2350,#2351));
#601=EDGE_LOOP('',(#2352,#2353,#2354,#2355));
#602=EDGE_LOOP('',(#2356,#2357,#2358,#2359));
#603=EDGE_LOOP('',(#2360,#2361,#2362,#2363));
#604=EDGE_LOOP('',(#2364,#2365,#2366,#2367));
#605=EDGE_LOOP('',(#2368,#2369,#2370,#2371));
#606=EDGE_LOOP('',(#2372,#2373,#2374,#2375));
#607=EDGE_LOOP('',(#2376,#2377,#2378,#2379));
#608=EDGE_LOOP('',(#2380,#2381,#2382,#2383));
#609=EDGE_LOOP('',(#2384,#2385,#2386,#2387));
#610=EDGE_LOOP('',(#2388,#2389,#2390,#2391));
#611=EDGE_LOOP('',(#2392,#2393,#2394,#2395));
#612=EDGE_LOOP('',(#2396,#2397,#2398,#2399));
#613=EDGE_LOOP('',(#2400,#2401,#2402,#2403));
#614=EDGE_LOOP('',(#2404,#2405,#2406,#2407));
#615=EDGE_LOOP('',(#2408,#2409,#2410,#2411));
#616=EDGE_LOOP('',(#2412,#2413,#2414,#2415));
#617=EDGE_LOOP('',(#2416,#2417,#2418,#2419));
#618=EDGE_LOOP('',(#2420,#2421,#2422,#2423));
#619=EDGE_LOOP('',(#2424,#2425,#2426,#2427,#2428,#2429,#2430,#2431,#2432,
#2433,#2434,#2435));
#620=EDGE_LOOP('',(#2436,#2437,#2438,#2439,#2440,#2441,#2442,#2443,#2444));
#621=EDGE_LOOP('',(#2445,#2446,#2447,#2448));
#622=EDGE_LOOP('',(#2449,#2450,#2451,#2452));
#623=EDGE_LOOP('',(#2453,#2454,#2455,#2456));
#624=EDGE_LOOP('',(#2457,#2458,#2459,#2460));
#625=EDGE_LOOP('',(#2461,#2462,#2463,#2464));
#626=EDGE_LOOP('',(#2465,#2466,#2467,#2468));
#627=EDGE_LOOP('',(#2469,#2470,#2471,#2472));
#628=EDGE_LOOP('',(#2473,#2474,#2475,#2476));
#629=EDGE_LOOP('',(#2477,#2478,#2479,#2480));
#630=EDGE_LOOP('',(#2481,#2482,#2483,#2484));
#631=EDGE_LOOP('',(#2485,#2486,#2487,#2488));
#632=EDGE_LOOP('',(#2489,#2490,#2491,#2492));
#633=EDGE_LOOP('',(#2493,#2494,#2495,#2496));
#634=EDGE_LOOP('',(#2497,#2498,#2499,#2500));
#635=EDGE_LOOP('',(#2501,#2502,#2503,#2504));
#636=EDGE_LOOP('',(#2505,#2506,#2507,#2508));
#637=EDGE_LOOP('',(#2509,#2510,#2511,#2512));
#638=EDGE_LOOP('',(#2513,#2514,#2515,#2516));
#639=EDGE_LOOP('',(#2517,#2518,#2519,#2520));
#640=EDGE_LOOP('',(#2521,#2522,#2523,#2524));
#641=EDGE_LOOP('',(#2525,#2526,#2527,#2528));
#642=EDGE_LOOP('',(#2529,#2530,#2531,#2532));
#643=EDGE_LOOP('',(#2533,#2534,#2535,#2536));
#644=EDGE_LOOP('',(#2537,#2538,#2539,#2540));
#645=EDGE_LOOP('',(#2541,#2542,#2543,#2544));
#646=EDGE_LOOP('',(#2545,#2546,#2547,#2548));
#647=EDGE_LOOP('',(#2549,#2550,#2551,#2552));
#648=EDGE_LOOP('',(#2553,#2554,#2555,#2556));
#649=EDGE_LOOP('',(#2557,#2558,#2559,#2560));
#650=EDGE_LOOP('',(#2561,#2562,#2563,#2564));
#651=EDGE_LOOP('',(#2565,#2566,#2567,#2568));
#652=EDGE_LOOP('',(#2569,#2570,#2571,#2572));
#653=EDGE_LOOP('',(#2573,#2574,#2575,#2576));
#654=EDGE_LOOP('',(#2577,#2578,#2579,#2580));
#655=EDGE_LOOP('',(#2581,#2582,#2583,#2584,#2585,#2586,#2587,#2588,#2589,
#2590,#2591,#2592,#2593,#2594,#2595,#2596,#2597,#2598,#2599,#2600,#2601,
#2602,#2603,#2604,#2605));
#656=EDGE_LOOP('',(#2606,#2607,#2608,#2609,#2610,#2611,#2612,#2613,#2614));
#657=EDGE_LOOP('',(#2615,#2616,#2617,#2618));
#658=EDGE_LOOP('',(#2619,#2620,#2621,#2622));
#659=EDGE_LOOP('',(#2623,#2624,#2625,#2626));
#660=EDGE_LOOP('',(#2627,#2628,#2629,#2630));
#661=EDGE_LOOP('',(#2631,#2632,#2633,#2634));
#662=EDGE_LOOP('',(#2635,#2636,#2637,#2638));
#663=EDGE_LOOP('',(#2639,#2640,#2641,#2642));
#664=EDGE_LOOP('',(#2643,#2644,#2645,#2646));
#665=EDGE_LOOP('',(#2647,#2648,#2649,#2650));
#666=EDGE_LOOP('',(#2651,#2652,#2653,#2654));
#667=EDGE_LOOP('',(#2655,#2656,#2657,#2658));
#668=EDGE_LOOP('',(#2659,#2660,#2661,#2662));
#669=EDGE_LOOP('',(#2663,#2664,#2665,#2666));
#670=EDGE_LOOP('',(#2667,#2668,#2669,#2670,#2671,#2672,#2673,#2674,#2675,
#2676,#2677,#2678,#2679));
#671=EDGE_LOOP('',(#2680,#2681,#2682,#2683));
#672=EDGE_LOOP('',(#2684,#2685,#2686,#2687));
#673=EDGE_LOOP('',(#2688,#2689,#2690,#2691));
#674=EDGE_LOOP('',(#2692,#2693,#2694,#2695));
#675=EDGE_LOOP('',(#2696,#2697,#2698,#2699));
#676=EDGE_LOOP('',(#2700,#2701,#2702,#2703));
#677=EDGE_LOOP('',(#2704,#2705,#2706,#2707));
#678=EDGE_LOOP('',(#2708,#2709,#2710,#2711));
#679=EDGE_LOOP('',(#2712,#2713,#2714,#2715));
#680=EDGE_LOOP('',(#2716,#2717,#2718,#2719));
#681=EDGE_LOOP('',(#2720,#2721,#2722,#2723));
#682=EDGE_LOOP('',(#2724,#2725,#2726,#2727));
#683=EDGE_LOOP('',(#2728,#2729,#2730,#2731));
#684=EDGE_LOOP('',(#2732,#2733,#2734,#2735));
#685=EDGE_LOOP('',(#2736,#2737,#2738,#2739));
#686=EDGE_LOOP('',(#2740,#2741,#2742,#2743));
#687=EDGE_LOOP('',(#2744,#2745,#2746,#2747));
#688=EDGE_LOOP('',(#2748,#2749,#2750,#2751));
#689=EDGE_LOOP('',(#2752,#2753,#2754,#2755,#2756,#2757,#2758,#2759,#2760,
#2761));
#690=EDGE_LOOP('',(#2762,#2763,#2764,#2765,#2766,#2767,#2768,#2769));
#691=EDGE_LOOP('',(#2770,#2771,#2772,#2773));
#692=EDGE_LOOP('',(#2774,#2775,#2776,#2777));
#693=EDGE_LOOP('',(#2778,#2779,#2780,#2781));
#694=EDGE_LOOP('',(#2782,#2783,#2784,#2785));
#695=EDGE_LOOP('',(#2786,#2787,#2788,#2789));
#696=EDGE_LOOP('',(#2790,#2791,#2792,#2793));
#697=EDGE_LOOP('',(#2794,#2795,#2796,#2797));
#698=EDGE_LOOP('',(#2798,#2799,#2800,#2801));
#699=EDGE_LOOP('',(#2802,#2803,#2804,#2805));
#700=EDGE_LOOP('',(#2806,#2807,#2808,#2809));
#701=EDGE_LOOP('',(#2810,#2811,#2812,#2813,#2814,#2815,#2816,#2817,#2818,
#2819));
#702=EDGE_LOOP('',(#2820,#2821,#2822,#2823,#2824,#2825,#2826,#2827));
#703=EDGE_LOOP('',(#2828,#2829,#2830,#2831,#2832,#2833,#2834,#2835,#2836));
#704=EDGE_LOOP('',(#2837,#2838,#2839,#2840,#2841,#2842,#2843,#2844,#2845));
#705=EDGE_LOOP('',(#2846,#2847,#2848,#2849,#2850,#2851,#2852,#2853));
#706=EDGE_LOOP('',(#2854,#2855,#2856,#2857));
#707=EDGE_LOOP('',(#2858,#2859,#2860,#2861));
#708=EDGE_LOOP('',(#2862,#2863,#2864,#2865));
#709=EDGE_LOOP('',(#2866,#2867,#2868,#2869));
#710=EDGE_LOOP('',(#2870,#2871,#2872,#2873));
#711=EDGE_LOOP('',(#2874,#2875,#2876,#2877));
#712=EDGE_LOOP('',(#2878,#2879,#2880,#2881));
#713=EDGE_LOOP('',(#2882,#2883,#2884,#2885));
#714=EDGE_LOOP('',(#2886,#2887,#2888,#2889));
#715=EDGE_LOOP('',(#2890,#2891,#2892,#2893));
#716=EDGE_LOOP('',(#2894,#2895,#2896,#2897,#2898));
#717=EDGE_LOOP('',(#2899,#2900,#2901,#2902,#2903,#2904,#2905,#2906));
#718=EDGE_LOOP('',(#2907,#2908,#2909,#2910));
#719=EDGE_LOOP('',(#2911,#2912,#2913,#2914));
#720=LINE('',#3615,#983);
#721=LINE('',#3618,#984);
#722=LINE('',#3621,#985);
#723=LINE('',#3625,#986);
#724=LINE('',#3629,#987);
#725=LINE('',#3632,#988);
#726=LINE('',#3635,#989);
#727=LINE('',#3637,#990);
#728=LINE('',#3639,#991);
#729=LINE('',#3640,#992);
#730=LINE('',#3643,#993);
#731=LINE('',#3645,#994);
#732=LINE('',#3647,#995);
#733=LINE('',#3648,#996);
#734=LINE('',#3651,#997);
#735=LINE('',#3653,#998);
#736=LINE('',#3655,#999);
#737=LINE('',#3657,#1000);
#738=LINE('',#3659,#1001);
#739=LINE('',#3661,#1002);
#740=LINE('',#3663,#1003);
#741=LINE('',#3665,#1004);
#742=LINE('',#3667,#1005);
#743=LINE('',#3668,#1006);
#744=LINE('',#3731,#1007);
#745=LINE('',#3733,#1008);
#746=LINE('',#3735,#1009);
#747=LINE('',#3737,#1010);
#748=LINE('',#3739,#1011);
#749=LINE('',#3741,#1012);
#750=LINE('',#3743,#1013);
#751=LINE('',#3745,#1014);
#752=LINE('',#3747,#1015);
#753=LINE('',#3749,#1016);
#754=LINE('',#3751,#1017);
#755=LINE('',#3753,#1018);
#756=LINE('',#3754,#1019);
#757=LINE('',#3769,#1020);
#758=LINE('',#3801,#1021);
#759=LINE('',#3815,#1022);
#760=LINE('',#3877,#1023);
#761=LINE('',#3891,#1024);
#762=LINE('',#3893,#1025);
#763=LINE('',#3895,#1026);
#764=LINE('',#3897,#1027);
#765=LINE('',#3940,#1028);
#766=LINE('',#3943,#1029);
#767=LINE('',#3945,#1030);
#768=LINE('',#3947,#1031);
#769=LINE('',#3949,#1032);
#770=LINE('',#3992,#1033);
#771=LINE('',#4007,#1034);
#772=LINE('',#4057,#1035);
#773=LINE('',#4071,#1036);
#774=LINE('',#4072,#1037);
#775=LINE('',#4076,#1038);
#776=LINE('',#4079,#1039);
#777=LINE('',#4082,#1040);
#778=LINE('',#4085,#1041);
#779=LINE('',#4086,#1042);
#780=LINE('',#4090,#1043);
#781=LINE('',#4109,#1044);
#782=LINE('',#4116,#1045);
#783=LINE('',#4134,#1046);
#784=LINE('',#4157,#1047);
#785=LINE('',#4180,#1048);
#786=LINE('',#4187,#1049);
#787=LINE('',#4188,#1050);
#788=LINE('',#4200,#1051);
#789=LINE('',#4207,#1052);
#790=LINE('',#4219,#1053);
#791=LINE('',#4236,#1054);
#792=LINE('',#4244,#1055);
#793=LINE('',#4245,#1056);
#794=LINE('',#4257,#1057);
#795=LINE('',#4274,#1058);
#796=LINE('',#4291,#1059);
#797=LINE('',#4308,#1060);
#798=LINE('',#4325,#1061);
#799=LINE('',#4342,#1062);
#800=LINE('',#4359,#1063);
#801=LINE('',#4376,#1064);
#802=LINE('',#4384,#1065);
#803=LINE('',#4385,#1066);
#804=LINE('',#4420,#1067);
#805=LINE('',#4427,#1068);
#806=LINE('',#4445,#1069);
#807=LINE('',#4468,#1070);
#808=LINE('',#4491,#1071);
#809=LINE('',#4514,#1072);
#810=LINE('',#4537,#1073);
#811=LINE('',#4560,#1074);
#812=LINE('',#4588,#1075);
#813=LINE('',#4590,#1076);
#814=LINE('',#4591,#1077);
#815=LINE('',#4594,#1078);
#816=LINE('',#4595,#1079);
#817=LINE('',#4607,#1080);
#818=LINE('',#4624,#1081);
#819=LINE('',#4641,#1082);
#820=LINE('',#4658,#1083);
#821=LINE('',#4675,#1084);
#822=LINE('',#4692,#1085);
#823=LINE('',#4709,#1086);
#824=LINE('',#4717,#1087);
#825=LINE('',#4718,#1088);
#826=LINE('',#4721,#1089);
#827=LINE('',#4722,#1090);
#828=LINE('',#4724,#1091);
#829=LINE('',#4744,#1092);
#830=LINE('',#4751,#1093);
#831=LINE('',#4769,#1094);
#832=LINE('',#4792,#1095);
#833=LINE('',#4815,#1096);
#834=LINE('',#4838,#1097);
#835=LINE('',#4861,#1098);
#836=LINE('',#4869,#1099);
#837=LINE('',#4871,#1100);
#838=LINE('',#4872,#1101);
#839=LINE('',#4875,#1102);
#840=LINE('',#4877,#1103);
#841=LINE('',#4878,#1104);
#842=LINE('',#4880,#1105);
#843=LINE('',#4881,#1106);
#844=LINE('',#4884,#1107);
#845=LINE('',#4886,#1108);
#846=LINE('',#4887,#1109);
#847=LINE('',#4890,#1110);
#848=LINE('',#4891,#1111);
#849=LINE('',#4903,#1112);
#850=LINE('',#4920,#1113);
#851=LINE('',#4937,#1114);
#852=LINE('',#4954,#1115);
#853=LINE('',#4971,#1116);
#854=LINE('',#4988,#1117);
#855=LINE('',#5005,#1118);
#856=LINE('',#5013,#1119);
#857=LINE('',#5014,#1120);
#858=LINE('',#5017,#1121);
#859=LINE('',#5018,#1122);
#860=LINE('',#5020,#1123);
#861=LINE('',#5040,#1124);
#862=LINE('',#5047,#1125);
#863=LINE('',#5065,#1126);
#864=LINE('',#5088,#1127);
#865=LINE('',#5111,#1128);
#866=LINE('',#5134,#1129);
#867=LINE('',#5157,#1130);
#868=LINE('',#5180,#1131);
#869=LINE('',#5203,#1132);
#870=LINE('',#5210,#1133);
#871=LINE('',#5211,#1134);
#872=LINE('',#5223,#1135);
#873=LINE('',#5230,#1136);
#874=LINE('',#5242,#1137);
#875=LINE('',#5259,#1138);
#876=LINE('',#5267,#1139);
#877=LINE('',#5268,#1140);
#878=LINE('',#5280,#1141);
#879=LINE('',#5297,#1142);
#880=LINE('',#5314,#1143);
#881=LINE('',#5331,#1144);
#882=LINE('',#5348,#1145);
#883=LINE('',#5365,#1146);
#884=LINE('',#5382,#1147);
#885=LINE('',#5399,#1148);
#886=LINE('',#5416,#1149);
#887=LINE('',#5433,#1150);
#888=LINE('',#5441,#1151);
#889=LINE('',#5442,#1152);
#890=LINE('',#5454,#1153);
#891=LINE('',#5471,#1154);
#892=LINE('',#5479,#1155);
#893=LINE('',#5480,#1156);
#894=LINE('',#5492,#1157);
#895=LINE('',#5509,#1158);
#896=LINE('',#5526,#1159);
#897=LINE('',#5543,#1160);
#898=LINE('',#5560,#1161);
#899=LINE('',#5568,#1162);
#900=LINE('',#5569,#1163);
#901=LINE('',#5588,#1164);
#902=LINE('',#5590,#1165);
#903=LINE('',#5591,#1166);
#904=LINE('',#5594,#1167);
#905=LINE('',#5595,#1168);
#906=LINE('',#5598,#1169);
#907=LINE('',#5599,#1170);
#908=LINE('',#5602,#1171);
#909=LINE('',#5603,#1172);
#910=LINE('',#5606,#1173);
#911=LINE('',#5607,#1174);
#912=LINE('',#5610,#1175);
#913=LINE('',#5611,#1176);
#914=LINE('',#5614,#1177);
#915=LINE('',#5615,#1178);
#916=LINE('',#5618,#1179);
#917=LINE('',#5619,#1180);
#918=LINE('',#5622,#1181);
#919=LINE('',#5623,#1182);
#920=LINE('',#5626,#1183);
#921=LINE('',#5627,#1184);
#922=LINE('',#5630,#1185);
#923=LINE('',#5631,#1186);
#924=LINE('',#5634,#1187);
#925=LINE('',#5635,#1188);
#926=LINE('',#5637,#1189);
#927=LINE('',#5657,#1190);
#928=LINE('',#5664,#1191);
#929=LINE('',#5682,#1192);
#930=LINE('',#5705,#1193);
#931=LINE('',#5728,#1194);
#932=LINE('',#5751,#1195);
#933=LINE('',#5774,#1196);
#934=LINE('',#5797,#1197);
#935=LINE('',#5834,#1198);
#936=LINE('',#5841,#1199);
#937=LINE('',#5853,#1200);
#938=LINE('',#5870,#1201);
#939=LINE('',#5887,#1202);
#940=LINE('',#5904,#1203);
#941=LINE('',#5921,#1204);
#942=LINE('',#5938,#1205);
#943=LINE('',#5955,#1206);
#944=LINE('',#5972,#1207);
#945=LINE('',#5996,#1208);
#946=LINE('',#5998,#1209);
#947=LINE('',#5999,#1210);
#948=LINE('',#6002,#1211);
#949=LINE('',#6003,#1212);
#950=LINE('',#6006,#1213);
#951=LINE('',#6007,#1214);
#952=LINE('',#6010,#1215);
#953=LINE('',#6011,#1216);
#954=LINE('',#6014,#1217);
#955=LINE('',#6015,#1218);
#956=LINE('',#6018,#1219);
#957=LINE('',#6019,#1220);
#958=LINE('',#6022,#1221);
#959=LINE('',#6023,#1222);
#960=LINE('',#6026,#1223);
#961=LINE('',#6027,#1224);
#962=LINE('',#6030,#1225);
#963=LINE('',#6031,#1226);
#964=LINE('',#6033,#1227);
#965=LINE('',#6042,#1228);
#966=LINE('',#6043,#1229);
#967=LINE('',#6044,#1230);
#968=LINE('',#6047,#1231);
#969=LINE('',#6048,#1232);
#970=LINE('',#6051,#1233);
#971=LINE('',#6052,#1234);
#972=LINE('',#6054,#1235);
#973=LINE('',#6058,#1236);
#974=LINE('',#6059,#1237);
#975=LINE('',#6060,#1238);
#976=LINE('',#6063,#1239);
#977=LINE('',#6064,#1240);
#978=LINE('',#6067,#1241);
#979=LINE('',#6068,#1242);
#980=LINE('',#6070,#1243);
#981=LINE('',#6072,#1244);
#982=LINE('',#6074,#1245);
#983=VECTOR('',#3186,10.);
#984=VECTOR('',#3189,10.);
#985=VECTOR('',#3192,10.);
#986=VECTOR('',#3195,10.);
#987=VECTOR('',#3198,10.);
#988=VECTOR('',#3201,10.);
#989=VECTOR('',#3202,10.);
#990=VECTOR('',#3203,10.);
#991=VECTOR('',#3204,10.);
#992=VECTOR('',#3205,10.);
#993=VECTOR('',#3206,10.);
#994=VECTOR('',#3207,10.);
#995=VECTOR('',#3208,10.);
#996=VECTOR('',#3209,10.);
#997=VECTOR('',#3210,10.);
#998=VECTOR('',#3211,10.);
#999=VECTOR('',#3212,10.);
#1000=VECTOR('',#3213,10.);
#1001=VECTOR('',#3214,10.);
#1002=VECTOR('',#3215,10.);
#1003=VECTOR('',#3216,10.);
#1004=VECTOR('',#3217,10.);
#1005=VECTOR('',#3218,10.);
#1006=VECTOR('',#3219,10.);
#1007=VECTOR('',#3220,10.);
#1008=VECTOR('',#3221,10.);
#1009=VECTOR('',#3222,10.);
#1010=VECTOR('',#3223,10.);
#1011=VECTOR('',#3224,10.);
#1012=VECTOR('',#3225,10.);
#1013=VECTOR('',#3226,10.);
#1014=VECTOR('',#3227,10.);
#1015=VECTOR('',#3228,10.);
#1016=VECTOR('',#3229,10.);
#1017=VECTOR('',#3230,10.);
#1018=VECTOR('',#3231,10.);
#1019=VECTOR('',#3232,10.);
#1020=VECTOR('',#3233,10.);
#1021=VECTOR('',#3234,10.);
#1022=VECTOR('',#3235,10.);
#1023=VECTOR('',#3236,10.);
#1024=VECTOR('',#3237,10.);
#1025=VECTOR('',#3238,10.);
#1026=VECTOR('',#3239,10.);
#1027=VECTOR('',#3240,10.);
#1028=VECTOR('',#3241,10.);
#1029=VECTOR('',#3242,10.);
#1030=VECTOR('',#3243,10.);
#1031=VECTOR('',#3244,10.);
#1032=VECTOR('',#3245,10.);
#1033=VECTOR('',#3246,10.);
#1034=VECTOR('',#3247,10.);
#1035=VECTOR('',#3248,10.);
#1036=VECTOR('',#3251,10.);
#1037=VECTOR('',#3252,10.);
#1038=VECTOR('',#3257,10.);
#1039=VECTOR('',#3260,10.);
#1040=VECTOR('',#3263,10.);
#1041=VECTOR('',#3266,10.);
#1042=VECTOR('',#3267,10.);
#1043=VECTOR('',#3272,10.);
#1044=VECTOR('',#3273,10.);
#1045=VECTOR('',#3274,10.);
#1046=VECTOR('',#3275,10.);
#1047=VECTOR('',#3276,10.);
#1048=VECTOR('',#3277,10.);
#1049=VECTOR('',#3280,10.);
#1050=VECTOR('',#3281,10.);
#1051=VECTOR('',#3282,10.);
#1052=VECTOR('',#3283,10.);
#1053=VECTOR('',#3284,10.);
#1054=VECTOR('',#3285,10.);
#1055=VECTOR('',#3288,10.);
#1056=VECTOR('',#3289,10.);
#1057=VECTOR('',#3290,10.);
#1058=VECTOR('',#3291,10.);
#1059=VECTOR('',#3292,10.);
#1060=VECTOR('',#3293,10.);
#1061=VECTOR('',#3294,10.);
#1062=VECTOR('',#3295,10.);
#1063=VECTOR('',#3296,10.);
#1064=VECTOR('',#3297,10.);
#1065=VECTOR('',#3300,10.);
#1066=VECTOR('',#3301,10.);
#1067=VECTOR('',#3304,10.);
#1068=VECTOR('',#3305,10.);
#1069=VECTOR('',#3306,10.);
#1070=VECTOR('',#3307,10.);
#1071=VECTOR('',#3308,10.);
#1072=VECTOR('',#3309,10.);
#1073=VECTOR('',#3310,10.);
#1074=VECTOR('',#3311,10.);
#1075=VECTOR('',#3314,10.);
#1076=VECTOR('',#3315,10.);
#1077=VECTOR('',#3316,10.);
#1078=VECTOR('',#3319,10.);
#1079=VECTOR('',#3320,10.);
#1080=VECTOR('',#3321,10.);
#1081=VECTOR('',#3322,10.);
#1082=VECTOR('',#3323,10.);
#1083=VECTOR('',#3324,10.);
#1084=VECTOR('',#3325,10.);
#1085=VECTOR('',#3326,10.);
#1086=VECTOR('',#3327,10.);
#1087=VECTOR('',#3330,10.);
#1088=VECTOR('',#3331,10.);
#1089=VECTOR('',#3334,10.);
#1090=VECTOR('',#3335,10.);
#1091=VECTOR('',#3338,10.);
#1092=VECTOR('',#3341,10.);
#1093=VECTOR('',#3342,10.);
#1094=VECTOR('',#3343,10.);
#1095=VECTOR('',#3344,10.);
#1096=VECTOR('',#3345,10.);
#1097=VECTOR('',#3346,10.);
#1098=VECTOR('',#3347,10.);
#1099=VECTOR('',#3350,10.);
#1100=VECTOR('',#3351,10.);
#1101=VECTOR('',#3352,10.);
#1102=VECTOR('',#3355,10.);
#1103=VECTOR('',#3356,10.);
#1104=VECTOR('',#3357,10.);
#1105=VECTOR('',#3360,10.);
#1106=VECTOR('',#3361,10.);
#1107=VECTOR('',#3364,10.);
#1108=VECTOR('',#3365,10.);
#1109=VECTOR('',#3366,10.);
#1110=VECTOR('',#3369,10.);
#1111=VECTOR('',#3370,10.);
#1112=VECTOR('',#3371,10.);
#1113=VECTOR('',#3372,10.);
#1114=VECTOR('',#3373,10.);
#1115=VECTOR('',#3374,10.);
#1116=VECTOR('',#3375,10.);
#1117=VECTOR('',#3376,10.);
#1118=VECTOR('',#3377,10.);
#1119=VECTOR('',#3380,10.);
#1120=VECTOR('',#3381,10.);
#1121=VECTOR('',#3384,10.);
#1122=VECTOR('',#3385,10.);
#1123=VECTOR('',#3388,10.);
#1124=VECTOR('',#3391,10.);
#1125=VECTOR('',#3392,10.);
#1126=VECTOR('',#3393,10.);
#1127=VECTOR('',#3394,10.);
#1128=VECTOR('',#3395,10.);
#1129=VECTOR('',#3396,10.);
#1130=VECTOR('',#3397,10.);
#1131=VECTOR('',#3398,10.);
#1132=VECTOR('',#3399,10.);
#1133=VECTOR('',#3402,10.);
#1134=VECTOR('',#3403,10.);
#1135=VECTOR('',#3404,10.);
#1136=VECTOR('',#3405,10.);
#1137=VECTOR('',#3406,10.);
#1138=VECTOR('',#3407,10.);
#1139=VECTOR('',#3410,10.);
#1140=VECTOR('',#3411,10.);
#1141=VECTOR('',#3412,10.);
#1142=VECTOR('',#3413,10.);
#1143=VECTOR('',#3414,10.);
#1144=VECTOR('',#3415,10.);
#1145=VECTOR('',#3416,10.);
#1146=VECTOR('',#3417,10.);
#1147=VECTOR('',#3418,10.);
#1148=VECTOR('',#3419,10.);
#1149=VECTOR('',#3420,10.);
#1150=VECTOR('',#3421,10.);
#1151=VECTOR('',#3424,10.);
#1152=VECTOR('',#3425,10.);
#1153=VECTOR('',#3426,10.);
#1154=VECTOR('',#3427,10.);
#1155=VECTOR('',#3430,10.);
#1156=VECTOR('',#3431,10.);
#1157=VECTOR('',#3432,10.);
#1158=VECTOR('',#3433,10.);
#1159=VECTOR('',#3434,10.);
#1160=VECTOR('',#3435,10.);
#1161=VECTOR('',#3436,10.);
#1162=VECTOR('',#3439,10.);
#1163=VECTOR('',#3440,10.);
#1164=VECTOR('',#3445,10.);
#1165=VECTOR('',#3446,10.);
#1166=VECTOR('',#3447,10.);
#1167=VECTOR('',#3450,10.);
#1168=VECTOR('',#3451,10.);
#1169=VECTOR('',#3454,10.);
#1170=VECTOR('',#3455,10.);
#1171=VECTOR('',#3458,10.);
#1172=VECTOR('',#3459,10.);
#1173=VECTOR('',#3462,10.);
#1174=VECTOR('',#3463,10.);
#1175=VECTOR('',#3466,10.);
#1176=VECTOR('',#3467,10.);
#1177=VECTOR('',#3470,10.);
#1178=VECTOR('',#3471,10.);
#1179=VECTOR('',#3474,10.);
#1180=VECTOR('',#3475,10.);
#1181=VECTOR('',#3478,10.);
#1182=VECTOR('',#3479,10.);
#1183=VECTOR('',#3482,10.);
#1184=VECTOR('',#3483,10.);
#1185=VECTOR('',#3486,10.);
#1186=VECTOR('',#3487,10.);
#1187=VECTOR('',#3490,10.);
#1188=VECTOR('',#3491,10.);
#1189=VECTOR('',#3494,10.);
#1190=VECTOR('',#3497,10.);
#1191=VECTOR('',#3498,10.);
#1192=VECTOR('',#3499,10.);
#1193=VECTOR('',#3500,10.);
#1194=VECTOR('',#3501,10.);
#1195=VECTOR('',#3502,10.);
#1196=VECTOR('',#3503,10.);
#1197=VECTOR('',#3504,10.);
#1198=VECTOR('',#3505,10.);
#1199=VECTOR('',#3506,10.);
#1200=VECTOR('',#3507,10.);
#1201=VECTOR('',#3508,10.);
#1202=VECTOR('',#3509,10.);
#1203=VECTOR('',#3510,10.);
#1204=VECTOR('',#3511,10.);
#1205=VECTOR('',#3512,10.);
#1206=VECTOR('',#3513,10.);
#1207=VECTOR('',#3514,10.);
#1208=VECTOR('',#3519,10.);
#1209=VECTOR('',#3520,10.);
#1210=VECTOR('',#3521,10.);
#1211=VECTOR('',#3524,10.);
#1212=VECTOR('',#3525,10.);
#1213=VECTOR('',#3528,10.);
#1214=VECTOR('',#3529,10.);
#1215=VECTOR('',#3532,10.);
#1216=VECTOR('',#3533,10.);
#1217=VECTOR('',#3536,10.);
#1218=VECTOR('',#3537,10.);
#1219=VECTOR('',#3540,10.);
#1220=VECTOR('',#3541,10.);
#1221=VECTOR('',#3544,10.);
#1222=VECTOR('',#3545,10.);
#1223=VECTOR('',#3548,10.);
#1224=VECTOR('',#3549,10.);
#1225=VECTOR('',#3552,10.);
#1226=VECTOR('',#3553,10.);
#1227=VECTOR('',#3556,10.);
#1228=VECTOR('',#3569,10.);
#1229=VECTOR('',#3570,10.);
#1230=VECTOR('',#3571,10.);
#1231=VECTOR('',#3574,10.);
#1232=VECTOR('',#3575,10.);
#1233=VECTOR('',#3578,10.);
#1234=VECTOR('',#3579,10.);
#1235=VECTOR('',#3582,10.);
#1236=VECTOR('',#3585,10.);
#1237=VECTOR('',#3586,10.);
#1238=VECTOR('',#3587,10.);
#1239=VECTOR('',#3590,10.);
#1240=VECTOR('',#3591,10.);
#1241=VECTOR('',#3594,10.);
#1242=VECTOR('',#3595,10.);
#1243=VECTOR('',#3598,10.);
#1244=VECTOR('',#3601,10.);
#1245=VECTOR('',#3604,10.);
#1246=CIRCLE('',#3099,5.);
#1247=CIRCLE('',#3100,5.);
#1248=CIRCLE('',#3102,5.);
#1249=CIRCLE('',#3103,5.);
#1250=CIRCLE('',#3104,5.);
#1251=CIRCLE('',#3107,5.);
#1252=CIRCLE('',#3109,5.);
#1253=CIRCLE('',#3112,5.);
#1254=VERTEX_POINT('',#3611);
#1255=VERTEX_POINT('',#3612);
#1256=VERTEX_POINT('',#3614);
#1257=VERTEX_POINT('',#3616);
#1258=VERTEX_POINT('',#3620);
#1259=VERTEX_POINT('',#3622);
#1260=VERTEX_POINT('',#3624);
#1261=VERTEX_POINT('',#3626);
#1262=VERTEX_POINT('',#3628);
#1263=VERTEX_POINT('',#3630);
#1264=VERTEX_POINT('',#3633);
#1265=VERTEX_POINT('',#3634);
#1266=VERTEX_POINT('',#3636);
#1267=VERTEX_POINT('',#3638);
#1268=VERTEX_POINT('',#3641);
#1269=VERTEX_POINT('',#3642);
#1270=VERTEX_POINT('',#3644);
#1271=VERTEX_POINT('',#3646);
#1272=VERTEX_POINT('',#3649);
#1273=VERTEX_POINT('',#3650);
#1274=VERTEX_POINT('',#3652);
#1275=VERTEX_POINT('',#3654);
#1276=VERTEX_POINT('',#3656);
#1277=VERTEX_POINT('',#3658);
#1278=VERTEX_POINT('',#3660);
#1279=VERTEX_POINT('',#3662);
#1280=VERTEX_POINT('',#3664);
#1281=VERTEX_POINT('',#3666);
#1282=VERTEX_POINT('',#3669);
#1283=VERTEX_POINT('',#3670);
#1284=VERTEX_POINT('',#3676);
#1285=VERTEX_POINT('',#3682);
#1286=VERTEX_POINT('',#3688);
#1287=VERTEX_POINT('',#3694);
#1288=VERTEX_POINT('',#3700);
#1289=VERTEX_POINT('',#3706);
#1290=VERTEX_POINT('',#3712);
#1291=VERTEX_POINT('',#3718);
#1292=VERTEX_POINT('',#3729);
#1293=VERTEX_POINT('',#3730);
#1294=VERTEX_POINT('',#3732);
#1295=VERTEX_POINT('',#3734);
#1296=VERTEX_POINT('',#3736);
#1297=VERTEX_POINT('',#3738);
#1298=VERTEX_POINT('',#3740);
#1299=VERTEX_POINT('',#3742);
#1300=VERTEX_POINT('',#3744);
#1301=VERTEX_POINT('',#3746);
#1302=VERTEX_POINT('',#3748);
#1303=VERTEX_POINT('',#3750);
#1304=VERTEX_POINT('',#3752);
#1305=VERTEX_POINT('',#3755);
#1306=VERTEX_POINT('',#3756);
#1307=VERTEX_POINT('',#3762);
#1308=VERTEX_POINT('',#3768);
#1309=VERTEX_POINT('',#3770);
#1310=VERTEX_POINT('',#3776);
#1311=VERTEX_POINT('',#3782);
#1312=VERTEX_POINT('',#3788);
#1313=VERTEX_POINT('',#3794);
#1314=VERTEX_POINT('',#3800);
#1315=VERTEX_POINT('',#3802);
#1316=VERTEX_POINT('',#3808);
#1317=VERTEX_POINT('',#3814);
#1318=VERTEX_POINT('',#3816);
#1319=VERTEX_POINT('',#3822);
#1320=VERTEX_POINT('',#3828);
#1321=VERTEX_POINT('',#3834);
#1322=VERTEX_POINT('',#3840);
#1323=VERTEX_POINT('',#3846);
#1324=VERTEX_POINT('',#3852);
#1325=VERTEX_POINT('',#3858);
#1326=VERTEX_POINT('',#3864);
#1327=VERTEX_POINT('',#3870);
#1328=VERTEX_POINT('',#3876);
#1329=VERTEX_POINT('',#3878);
#1330=VERTEX_POINT('',#3889);
#1331=VERTEX_POINT('',#3890);
#1332=VERTEX_POINT('',#3892);
#1333=VERTEX_POINT('',#3894);
#1334=VERTEX_POINT('',#3896);
#1335=VERTEX_POINT('',#3898);
#1336=VERTEX_POINT('',#3904);
#1337=VERTEX_POINT('',#3910);
#1338=VERTEX_POINT('',#3916);
#1339=VERTEX_POINT('',#3922);
#1340=VERTEX_POINT('',#3928);
#1341=VERTEX_POINT('',#3934);
#1342=VERTEX_POINT('',#3941);
#1343=VERTEX_POINT('',#3942);
#1344=VERTEX_POINT('',#3944);
#1345=VERTEX_POINT('',#3946);
#1346=VERTEX_POINT('',#3948);
#1347=VERTEX_POINT('',#3950);
#1348=VERTEX_POINT('',#3956);
#1349=VERTEX_POINT('',#3962);
#1350=VERTEX_POINT('',#3968);
#1351=VERTEX_POINT('',#3974);
#1352=VERTEX_POINT('',#3980);
#1353=VERTEX_POINT('',#3986);
#1354=VERTEX_POINT('',#3993);
#1355=VERTEX_POINT('',#3994);
#1356=VERTEX_POINT('',#4000);
#1357=VERTEX_POINT('',#4006);
#1358=VERTEX_POINT('',#4008);
#1359=VERTEX_POINT('',#4014);
#1360=VERTEX_POINT('',#4020);
#1361=VERTEX_POINT('',#4026);
#1362=VERTEX_POINT('',#4032);
#1363=VERTEX_POINT('',#4038);
#1364=VERTEX_POINT('',#4044);
#1365=VERTEX_POINT('',#4050);
#1366=VERTEX_POINT('',#4056);
#1367=VERTEX_POINT('',#4058);
#1368=VERTEX_POINT('',#4070);
#1369=VERTEX_POINT('',#4074);
#1370=VERTEX_POINT('',#4078);
#1371=VERTEX_POINT('',#4080);
#1372=VERTEX_POINT('',#4084);
#1373=VERTEX_POINT('',#4088);
#1374=VERTEX_POINT('',#4101);
#1375=VERTEX_POINT('',#4102);
#1376=VERTEX_POINT('',#4108);
#1377=VERTEX_POINT('',#4110);
#1378=VERTEX_POINT('',#4127);
#1379=VERTEX_POINT('',#4133);
#1380=VERTEX_POINT('',#4150);
#1381=VERTEX_POINT('',#4156);
#1382=VERTEX_POINT('',#4173);
#1383=VERTEX_POINT('',#4179);
#1384=VERTEX_POINT('',#4199);
#1385=VERTEX_POINT('',#4201);
#1386=VERTEX_POINT('',#4218);
#1387=VERTEX_POINT('',#4235);
#1388=VERTEX_POINT('',#4243);
#1389=VERTEX_POINT('',#4256);
#1390=VERTEX_POINT('',#4273);
#1391=VERTEX_POINT('',#4290);
#1392=VERTEX_POINT('',#4307);
#1393=VERTEX_POINT('',#4324);
#1394=VERTEX_POINT('',#4341);
#1395=VERTEX_POINT('',#4358);
#1396=VERTEX_POINT('',#4375);
#1397=VERTEX_POINT('',#4383);
#1398=VERTEX_POINT('',#4412);
#1399=VERTEX_POINT('',#4413);
#1400=VERTEX_POINT('',#4419);
#1401=VERTEX_POINT('',#4421);
#1402=VERTEX_POINT('',#4438);
#1403=VERTEX_POINT('',#4444);
#1404=VERTEX_POINT('',#4461);
#1405=VERTEX_POINT('',#4467);
#1406=VERTEX_POINT('',#4484);
#1407=VERTEX_POINT('',#4490);
#1408=VERTEX_POINT('',#4507);
#1409=VERTEX_POINT('',#4513);
#1410=VERTEX_POINT('',#4530);
#1411=VERTEX_POINT('',#4536);
#1412=VERTEX_POINT('',#4553);
#1413=VERTEX_POINT('',#4559);
#1414=VERTEX_POINT('',#4587);
#1415=VERTEX_POINT('',#4589);
#1416=VERTEX_POINT('',#4593);
#1417=VERTEX_POINT('',#4606);
#1418=VERTEX_POINT('',#4623);
#1419=VERTEX_POINT('',#4640);
#1420=VERTEX_POINT('',#4657);
#1421=VERTEX_POINT('',#4674);
#1422=VERTEX_POINT('',#4691);
#1423=VERTEX_POINT('',#4708);
#1424=VERTEX_POINT('',#4716);
#1425=VERTEX_POINT('',#4720);
#1426=VERTEX_POINT('',#4736);
#1427=VERTEX_POINT('',#4737);
#1428=VERTEX_POINT('',#4743);
#1429=VERTEX_POINT('',#4745);
#1430=VERTEX_POINT('',#4762);
#1431=VERTEX_POINT('',#4768);
#1432=VERTEX_POINT('',#4785);
#1433=VERTEX_POINT('',#4791);
#1434=VERTEX_POINT('',#4808);
#1435=VERTEX_POINT('',#4814);
#1436=VERTEX_POINT('',#4831);
#1437=VERTEX_POINT('',#4837);
#1438=VERTEX_POINT('',#4854);
#1439=VERTEX_POINT('',#4860);
#1440=VERTEX_POINT('',#4868);
#1441=VERTEX_POINT('',#4870);
#1442=VERTEX_POINT('',#4874);
#1443=VERTEX_POINT('',#4876);
#1444=VERTEX_POINT('',#4883);
#1445=VERTEX_POINT('',#4885);
#1446=VERTEX_POINT('',#4889);
#1447=VERTEX_POINT('',#4902);
#1448=VERTEX_POINT('',#4919);
#1449=VERTEX_POINT('',#4936);
#1450=VERTEX_POINT('',#4953);
#1451=VERTEX_POINT('',#4970);
#1452=VERTEX_POINT('',#4987);
#1453=VERTEX_POINT('',#5004);
#1454=VERTEX_POINT('',#5012);
#1455=VERTEX_POINT('',#5016);
#1456=VERTEX_POINT('',#5032);
#1457=VERTEX_POINT('',#5033);
#1458=VERTEX_POINT('',#5039);
#1459=VERTEX_POINT('',#5041);
#1460=VERTEX_POINT('',#5058);
#1461=VERTEX_POINT('',#5064);
#1462=VERTEX_POINT('',#5081);
#1463=VERTEX_POINT('',#5087);
#1464=VERTEX_POINT('',#5104);
#1465=VERTEX_POINT('',#5110);
#1466=VERTEX_POINT('',#5127);
#1467=VERTEX_POINT('',#5133);
#1468=VERTEX_POINT('',#5150);
#1469=VERTEX_POINT('',#5156);
#1470=VERTEX_POINT('',#5173);
#1471=VERTEX_POINT('',#5179);
#1472=VERTEX_POINT('',#5196);
#1473=VERTEX_POINT('',#5202);
#1474=VERTEX_POINT('',#5222);
#1475=VERTEX_POINT('',#5224);
#1476=VERTEX_POINT('',#5241);
#1477=VERTEX_POINT('',#5258);
#1478=VERTEX_POINT('',#5266);
#1479=VERTEX_POINT('',#5279);
#1480=VERTEX_POINT('',#5296);
#1481=VERTEX_POINT('',#5313);
#1482=VERTEX_POINT('',#5330);
#1483=VERTEX_POINT('',#5347);
#1484=VERTEX_POINT('',#5364);
#1485=VERTEX_POINT('',#5381);
#1486=VERTEX_POINT('',#5398);
#1487=VERTEX_POINT('',#5415);
#1488=VERTEX_POINT('',#5432);
#1489=VERTEX_POINT('',#5440);
#1490=VERTEX_POINT('',#5453);
#1491=VERTEX_POINT('',#5470);
#1492=VERTEX_POINT('',#5478);
#1493=VERTEX_POINT('',#5491);
#1494=VERTEX_POINT('',#5508);
#1495=VERTEX_POINT('',#5525);
#1496=VERTEX_POINT('',#5542);
#1497=VERTEX_POINT('',#5559);
#1498=VERTEX_POINT('',#5567);
#1499=VERTEX_POINT('',#5587);
#1500=VERTEX_POINT('',#5589);
#1501=VERTEX_POINT('',#5593);
#1502=VERTEX_POINT('',#5597);
#1503=VERTEX_POINT('',#5601);
#1504=VERTEX_POINT('',#5605);
#1505=VERTEX_POINT('',#5609);
#1506=VERTEX_POINT('',#5613);
#1507=VERTEX_POINT('',#5617);
#1508=VERTEX_POINT('',#5621);
#1509=VERTEX_POINT('',#5625);
#1510=VERTEX_POINT('',#5629);
#1511=VERTEX_POINT('',#5633);
#1512=VERTEX_POINT('',#5649);
#1513=VERTEX_POINT('',#5650);
#1514=VERTEX_POINT('',#5656);
#1515=VERTEX_POINT('',#5658);
#1516=VERTEX_POINT('',#5675);
#1517=VERTEX_POINT('',#5681);
#1518=VERTEX_POINT('',#5698);
#1519=VERTEX_POINT('',#5704);
#1520=VERTEX_POINT('',#5721);
#1521=VERTEX_POINT('',#5727);
#1522=VERTEX_POINT('',#5744);
#1523=VERTEX_POINT('',#5750);
#1524=VERTEX_POINT('',#5767);
#1525=VERTEX_POINT('',#5773);
#1526=VERTEX_POINT('',#5790);
#1527=VERTEX_POINT('',#5796);
#1528=VERTEX_POINT('',#5833);
#1529=VERTEX_POINT('',#5835);
#1530=VERTEX_POINT('',#5852);
#1531=VERTEX_POINT('',#5869);
#1532=VERTEX_POINT('',#5886);
#1533=VERTEX_POINT('',#5903);
#1534=VERTEX_POINT('',#5920);
#1535=VERTEX_POINT('',#5937);
#1536=VERTEX_POINT('',#5954);
#1537=VERTEX_POINT('',#5971);
#1538=VERTEX_POINT('',#5995);
#1539=VERTEX_POINT('',#5997);
#1540=VERTEX_POINT('',#6001);
#1541=VERTEX_POINT('',#6005);
#1542=VERTEX_POINT('',#6009);
#1543=VERTEX_POINT('',#6013);
#1544=VERTEX_POINT('',#6017);
#1545=VERTEX_POINT('',#6021);
#1546=VERTEX_POINT('',#6025);
#1547=VERTEX_POINT('',#6029);
#1548=VERTEX_POINT('',#6040);
#1549=VERTEX_POINT('',#6041);
#1550=VERTEX_POINT('',#6046);
#1551=VERTEX_POINT('',#6050);
#1552=VERTEX_POINT('',#6056);
#1553=VERTEX_POINT('',#6057);
#1554=VERTEX_POINT('',#6062);
#1555=VERTEX_POINT('',#6066);
#1556=EDGE_CURVE('',#1254,#1255,#1246,.T.);
#1557=EDGE_CURVE('',#1255,#1256,#720,.T.);
#1558=EDGE_CURVE('',#1256,#1257,#1247,.T.);
#1559=EDGE_CURVE('',#1257,#1254,#721,.T.);
#1560=EDGE_CURVE('',#1254,#1258,#722,.T.);
#1561=EDGE_CURVE('',#1259,#1258,#1248,.T.);
#1562=EDGE_CURVE('',#1259,#1260,#723,.T.);
#1563=EDGE_CURVE('',#1261,#1260,#1249,.T.);
#1564=EDGE_CURVE('',#1261,#1262,#724,.T.);
#1565=EDGE_CURVE('',#1263,#1262,#1250,.T.);
#1566=EDGE_CURVE('',#1263,#1255,#725,.T.);
#1567=EDGE_CURVE('',#1264,#1265,#726,.T.);
#1568=EDGE_CURVE('',#1265,#1266,#727,.T.);
#1569=EDGE_CURVE('',#1266,#1267,#728,.T.);
#1570=EDGE_CURVE('',#1267,#1264,#729,.T.);
#1571=EDGE_CURVE('',#1268,#1269,#730,.T.);
#1572=EDGE_CURVE('',#1269,#1270,#731,.T.);
#1573=EDGE_CURVE('',#1270,#1271,#732,.T.);
#1574=EDGE_CURVE('',#1271,#1268,#733,.T.);
#1575=EDGE_CURVE('',#1272,#1273,#734,.T.);
#1576=EDGE_CURVE('',#1273,#1274,#735,.T.);
#1577=EDGE_CURVE('',#1274,#1275,#736,.T.);
#1578=EDGE_CURVE('',#1275,#1276,#737,.T.);
#1579=EDGE_CURVE('',#1276,#1277,#738,.T.);
#1580=EDGE_CURVE('',#1277,#1278,#739,.T.);
#1581=EDGE_CURVE('',#1278,#1279,#740,.T.);
#1582=EDGE_CURVE('',#1279,#1280,#741,.T.);
#1583=EDGE_CURVE('',#1280,#1281,#742,.T.);
#1584=EDGE_CURVE('',#1281,#1272,#743,.T.);
#1585=EDGE_CURVE('',#1282,#1283,#106,.T.);
#1586=EDGE_CURVE('',#1283,#1284,#107,.T.);
#1587=EDGE_CURVE('',#1284,#1285,#108,.T.);
#1588=EDGE_CURVE('',#1285,#1286,#109,.T.);
#1589=EDGE_CURVE('',#1286,#1287,#110,.T.);
#1590=EDGE_CURVE('',#1287,#1288,#111,.T.);
#1591=EDGE_CURVE('',#1288,#1289,#112,.T.);
#1592=EDGE_CURVE('',#1289,#1290,#113,.T.);
#1593=EDGE_CURVE('',#1290,#1291,#114,.T.);
#1594=EDGE_CURVE('',#1291,#1282,#115,.T.);
#1595=EDGE_CURVE('',#1292,#1293,#744,.T.);
#1596=EDGE_CURVE('',#1293,#1294,#745,.T.);
#1597=EDGE_CURVE('',#1294,#1295,#746,.T.);
#1598=EDGE_CURVE('',#1295,#1296,#747,.T.);
#1599=EDGE_CURVE('',#1296,#1297,#748,.T.);
#1600=EDGE_CURVE('',#1297,#1298,#749,.T.);
#1601=EDGE_CURVE('',#1298,#1299,#750,.T.);
#1602=EDGE_CURVE('',#1299,#1300,#751,.T.);
#1603=EDGE_CURVE('',#1300,#1301,#752,.T.);
#1604=EDGE_CURVE('',#1301,#1302,#753,.T.);
#1605=EDGE_CURVE('',#1302,#1303,#754,.T.);
#1606=EDGE_CURVE('',#1303,#1304,#755,.T.);
#1607=EDGE_CURVE('',#1304,#1292,#756,.T.);
#1608=EDGE_CURVE('',#1305,#1306,#116,.T.);
#1609=EDGE_CURVE('',#1306,#1307,#117,.T.);
#1610=EDGE_CURVE('',#1307,#1308,#757,.T.);
#1611=EDGE_CURVE('',#1308,#1309,#118,.T.);
#1612=EDGE_CURVE('',#1309,#1310,#119,.T.);
#1613=EDGE_CURVE('',#1310,#1311,#120,.T.);
#1614=EDGE_CURVE('',#1311,#1312,#121,.T.);
#1615=EDGE_CURVE('',#1312,#1313,#122,.T.);
#1616=EDGE_CURVE('',#1313,#1314,#758,.T.);
#1617=EDGE_CURVE('',#1314,#1315,#123,.T.);
#1618=EDGE_CURVE('',#1315,#1316,#124,.T.);
#1619=EDGE_CURVE('',#1316,#1317,#759,.T.);
#1620=EDGE_CURVE('',#1317,#1318,#125,.T.);
#1621=EDGE_CURVE('',#1318,#1319,#126,.T.);
#1622=EDGE_CURVE('',#1319,#1320,#127,.T.);
#1623=EDGE_CURVE('',#1320,#1321,#128,.T.);
#1624=EDGE_CURVE('',#1321,#1322,#129,.T.);
#1625=EDGE_CURVE('',#1322,#1323,#130,.T.);
#1626=EDGE_CURVE('',#1323,#1324,#131,.T.);
#1627=EDGE_CURVE('',#1324,#1325,#132,.T.);
#1628=EDGE_CURVE('',#1325,#1326,#133,.T.);
#1629=EDGE_CURVE('',#1326,#1327,#134,.T.);
#1630=EDGE_CURVE('',#1327,#1328,#760,.T.);
#1631=EDGE_CURVE('',#1328,#1329,#135,.T.);
#1632=EDGE_CURVE('',#1329,#1305,#136,.T.);
#1633=EDGE_CURVE('',#1330,#1331,#761,.T.);
#1634=EDGE_CURVE('',#1331,#1332,#762,.T.);
#1635=EDGE_CURVE('',#1332,#1333,#763,.T.);
#1636=EDGE_CURVE('',#1333,#1334,#764,.T.);
#1637=EDGE_CURVE('',#1334,#1335,#137,.T.);
#1638=EDGE_CURVE('',#1335,#1336,#138,.T.);
#1639=EDGE_CURVE('',#1336,#1337,#139,.T.);
#1640=EDGE_CURVE('',#1337,#1338,#140,.T.);
#1641=EDGE_CURVE('',#1338,#1339,#141,.T.);
#1642=EDGE_CURVE('',#1339,#1340,#142,.T.);
#1643=EDGE_CURVE('',#1340,#1341,#143,.T.);
#1644=EDGE_CURVE('',#1341,#1330,#765,.T.);
#1645=EDGE_CURVE('',#1342,#1343,#766,.T.);
#1646=EDGE_CURVE('',#1343,#1344,#767,.T.);
#1647=EDGE_CURVE('',#1344,#1345,#768,.T.);
#1648=EDGE_CURVE('',#1345,#1346,#769,.T.);
#1649=EDGE_CURVE('',#1346,#1347,#144,.T.);
#1650=EDGE_CURVE('',#1347,#1348,#145,.T.);
#1651=EDGE_CURVE('',#1348,#1349,#146,.T.);
#1652=EDGE_CURVE('',#1349,#1350,#147,.T.);
#1653=EDGE_CURVE('',#1350,#1351,#148,.T.);
#1654=EDGE_CURVE('',#1351,#1352,#149,.T.);
#1655=EDGE_CURVE('',#1352,#1353,#150,.T.);
#1656=EDGE_CURVE('',#1353,#1342,#770,.T.);
#1657=EDGE_CURVE('',#1354,#1355,#151,.T.);
#1658=EDGE_CURVE('',#1355,#1356,#152,.T.);
#1659=EDGE_CURVE('',#1356,#1357,#771,.T.);
#1660=EDGE_CURVE('',#1357,#1358,#153,.T.);
#1661=EDGE_CURVE('',#1358,#1359,#154,.T.);
#1662=EDGE_CURVE('',#1359,#1360,#155,.T.);
#1663=EDGE_CURVE('',#1360,#1361,#156,.T.);
#1664=EDGE_CURVE('',#1361,#1362,#157,.T.);
#1665=EDGE_CURVE('',#1362,#1363,#158,.T.);
#1666=EDGE_CURVE('',#1363,#1364,#159,.T.);
#1667=EDGE_CURVE('',#1364,#1365,#160,.T.);
#1668=EDGE_CURVE('',#1365,#1366,#772,.T.);
#1669=EDGE_CURVE('',#1366,#1367,#161,.T.);
#1670=EDGE_CURVE('',#1367,#1354,#162,.T.);
#1671=EDGE_CURVE('',#1368,#1257,#773,.T.);
#1672=EDGE_CURVE('',#1258,#1368,#774,.T.);
#1673=EDGE_CURVE('',#1368,#1369,#1251,.T.);
#1674=EDGE_CURVE('',#1369,#1259,#775,.T.);
#1675=EDGE_CURVE('',#1260,#1370,#776,.T.);
#1676=EDGE_CURVE('',#1370,#1371,#1252,.T.);
#1677=EDGE_CURVE('',#1371,#1261,#777,.T.);
#1678=EDGE_CURVE('',#1372,#1371,#778,.T.);
#1679=EDGE_CURVE('',#1262,#1372,#779,.T.);
#1680=EDGE_CURVE('',#1372,#1373,#1253,.T.);
#1681=EDGE_CURVE('',#1373,#1263,#780,.T.);
#1682=EDGE_CURVE('',#1374,#1375,#163,.T.);
#1683=EDGE_CURVE('',#1374,#1376,#781,.T.);
#1684=EDGE_CURVE('',#1376,#1377,#164,.T.);
#1685=EDGE_CURVE('',#1375,#1377,#782,.T.);
#1686=EDGE_CURVE('',#1378,#1374,#165,.T.);
#1687=EDGE_CURVE('',#1378,#1379,#783,.T.);
#1688=EDGE_CURVE('',#1379,#1376,#166,.T.);
#1689=EDGE_CURVE('',#1380,#1378,#167,.T.);
#1690=EDGE_CURVE('',#1380,#1381,#784,.T.);
#1691=EDGE_CURVE('',#1381,#1379,#168,.T.);
#1692=EDGE_CURVE('',#1382,#1380,#169,.T.);
#1693=EDGE_CURVE('',#1382,#1383,#785,.T.);
#1694=EDGE_CURVE('',#1383,#1381,#170,.T.);
#1695=EDGE_CURVE('',#1375,#1382,#786,.T.);
#1696=EDGE_CURVE('',#1377,#1383,#787,.T.);
#1697=EDGE_CURVE('',#1354,#1384,#788,.T.);
#1698=EDGE_CURVE('',#1384,#1385,#171,.T.);
#1699=EDGE_CURVE('',#1355,#1385,#789,.T.);
#1700=EDGE_CURVE('',#1367,#1386,#790,.T.);
#1701=EDGE_CURVE('',#1386,#1384,#172,.T.);
#1702=EDGE_CURVE('',#1366,#1387,#791,.T.);
#1703=EDGE_CURVE('',#1387,#1386,#173,.T.);
#1704=EDGE_CURVE('',#1365,#1388,#792,.T.);
#1705=EDGE_CURVE('',#1388,#1387,#793,.T.);
#1706=EDGE_CURVE('',#1364,#1389,#794,.T.);
#1707=EDGE_CURVE('',#1389,#1388,#174,.T.);
#1708=EDGE_CURVE('',#1363,#1390,#795,.T.);
#1709=EDGE_CURVE('',#1390,#1389,#175,.T.);
#1710=EDGE_CURVE('',#1362,#1391,#796,.T.);
#1711=EDGE_CURVE('',#1391,#1390,#176,.T.);
#1712=EDGE_CURVE('',#1361,#1392,#797,.T.);
#1713=EDGE_CURVE('',#1392,#1391,#177,.T.);
#1714=EDGE_CURVE('',#1360,#1393,#798,.T.);
#1715=EDGE_CURVE('',#1393,#1392,#178,.T.);
#1716=EDGE_CURVE('',#1359,#1394,#799,.T.);
#1717=EDGE_CURVE('',#1394,#1393,#179,.T.);
#1718=EDGE_CURVE('',#1358,#1395,#800,.T.);
#1719=EDGE_CURVE('',#1395,#1394,#180,.T.);
#1720=EDGE_CURVE('',#1357,#1396,#801,.T.);
#1721=EDGE_CURVE('',#1396,#1395,#181,.T.);
#1722=EDGE_CURVE('',#1356,#1397,#802,.T.);
#1723=EDGE_CURVE('',#1397,#1396,#803,.T.);
#1724=EDGE_CURVE('',#1385,#1397,#182,.T.);
#1725=EDGE_CURVE('',#1398,#1399,#183,.T.);
#1726=EDGE_CURVE('',#1398,#1400,#804,.T.);
#1727=EDGE_CURVE('',#1400,#1401,#184,.T.);
#1728=EDGE_CURVE('',#1399,#1401,#805,.T.);
#1729=EDGE_CURVE('',#1402,#1398,#185,.T.);
#1730=EDGE_CURVE('',#1402,#1403,#806,.T.);
#1731=EDGE_CURVE('',#1403,#1400,#186,.T.);
#1732=EDGE_CURVE('',#1404,#1402,#187,.T.);
#1733=EDGE_CURVE('',#1404,#1405,#807,.T.);
#1734=EDGE_CURVE('',#1405,#1403,#188,.T.);
#1735=EDGE_CURVE('',#1406,#1404,#189,.T.);
#1736=EDGE_CURVE('',#1406,#1407,#808,.T.);
#1737=EDGE_CURVE('',#1407,#1405,#190,.T.);
#1738=EDGE_CURVE('',#1408,#1406,#191,.T.);
#1739=EDGE_CURVE('',#1408,#1409,#809,.T.);
#1740=EDGE_CURVE('',#1409,#1407,#192,.T.);
#1741=EDGE_CURVE('',#1410,#1408,#193,.T.);
#1742=EDGE_CURVE('',#1410,#1411,#810,.T.);
#1743=EDGE_CURVE('',#1411,#1409,#194,.T.);
#1744=EDGE_CURVE('',#1412,#1410,#195,.T.);
#1745=EDGE_CURVE('',#1412,#1413,#811,.T.);
#1746=EDGE_CURVE('',#1413,#1411,#196,.T.);
#1747=EDGE_CURVE('',#1399,#1412,#197,.T.);
#1748=EDGE_CURVE('',#1401,#1413,#198,.T.);
#1749=EDGE_CURVE('',#1342,#1414,#812,.T.);
#1750=EDGE_CURVE('',#1414,#1415,#813,.T.);
#1751=EDGE_CURVE('',#1343,#1415,#814,.T.);
#1752=EDGE_CURVE('',#1353,#1416,#815,.T.);
#1753=EDGE_CURVE('',#1416,#1414,#816,.T.);
#1754=EDGE_CURVE('',#1352,#1417,#817,.T.);
#1755=EDGE_CURVE('',#1417,#1416,#199,.T.);
#1756=EDGE_CURVE('',#1351,#1418,#818,.T.);
#1757=EDGE_CURVE('',#1418,#1417,#200,.T.);
#1758=EDGE_CURVE('',#1350,#1419,#819,.T.);
#1759=EDGE_CURVE('',#1419,#1418,#201,.T.);
#1760=EDGE_CURVE('',#1349,#1420,#820,.T.);
#1761=EDGE_CURVE('',#1420,#1419,#202,.T.);
#1762=EDGE_CURVE('',#1348,#1421,#821,.T.);
#1763=EDGE_CURVE('',#1421,#1420,#203,.T.);
#1764=EDGE_CURVE('',#1347,#1422,#822,.T.);
#1765=EDGE_CURVE('',#1422,#1421,#204,.T.);
#1766=EDGE_CURVE('',#1346,#1423,#823,.T.);
#1767=EDGE_CURVE('',#1423,#1422,#205,.T.);
#1768=EDGE_CURVE('',#1345,#1424,#824,.T.);
#1769=EDGE_CURVE('',#1424,#1423,#825,.T.);
#1770=EDGE_CURVE('',#1344,#1425,#826,.T.);
#1771=EDGE_CURVE('',#1425,#1424,#827,.T.);
#1772=EDGE_CURVE('',#1415,#1425,#828,.T.);
#1773=EDGE_CURVE('',#1426,#1427,#206,.T.);
#1774=EDGE_CURVE('',#1426,#1428,#829,.T.);
#1775=EDGE_CURVE('',#1428,#1429,#207,.T.);
#1776=EDGE_CURVE('',#1427,#1429,#830,.T.);
#1777=EDGE_CURVE('',#1430,#1426,#208,.T.);
#1778=EDGE_CURVE('',#1430,#1431,#831,.T.);
#1779=EDGE_CURVE('',#1431,#1428,#209,.T.);
#1780=EDGE_CURVE('',#1432,#1430,#210,.T.);
#1781=EDGE_CURVE('',#1432,#1433,#832,.T.);
#1782=EDGE_CURVE('',#1433,#1431,#211,.T.);
#1783=EDGE_CURVE('',#1434,#1432,#212,.T.);
#1784=EDGE_CURVE('',#1434,#1435,#833,.T.);
#1785=EDGE_CURVE('',#1435,#1433,#213,.T.);
#1786=EDGE_CURVE('',#1436,#1434,#214,.T.);
#1787=EDGE_CURVE('',#1436,#1437,#834,.T.);
#1788=EDGE_CURVE('',#1437,#1435,#215,.T.);
#1789=EDGE_CURVE('',#1438,#1436,#216,.T.);
#1790=EDGE_CURVE('',#1438,#1439,#835,.T.);
#1791=EDGE_CURVE('',#1439,#1437,#217,.T.);
#1792=EDGE_CURVE('',#1440,#1438,#836,.T.);
#1793=EDGE_CURVE('',#1440,#1441,#837,.T.);
#1794=EDGE_CURVE('',#1441,#1439,#838,.T.);
#1795=EDGE_CURVE('',#1442,#1440,#839,.T.);
#1796=EDGE_CURVE('',#1442,#1443,#840,.T.);
#1797=EDGE_CURVE('',#1443,#1441,#841,.T.);
#1798=EDGE_CURVE('',#1427,#1442,#842,.T.);
#1799=EDGE_CURVE('',#1429,#1443,#843,.T.);
#1800=EDGE_CURVE('',#1330,#1444,#844,.T.);
#1801=EDGE_CURVE('',#1444,#1445,#845,.T.);
#1802=EDGE_CURVE('',#1331,#1445,#846,.T.);
#1803=EDGE_CURVE('',#1341,#1446,#847,.T.);
#1804=EDGE_CURVE('',#1446,#1444,#848,.T.);
#1805=EDGE_CURVE('',#1340,#1447,#849,.T.);
#1806=EDGE_CURVE('',#1447,#1446,#218,.T.);
#1807=EDGE_CURVE('',#1339,#1448,#850,.T.);
#1808=EDGE_CURVE('',#1448,#1447,#219,.T.);
#1809=EDGE_CURVE('',#1338,#1449,#851,.T.);
#1810=EDGE_CURVE('',#1449,#1448,#220,.T.);
#1811=EDGE_CURVE('',#1337,#1450,#852,.T.);
#1812=EDGE_CURVE('',#1450,#1449,#221,.T.);
#1813=EDGE_CURVE('',#1336,#1451,#853,.T.);
#1814=EDGE_CURVE('',#1451,#1450,#222,.T.);
#1815=EDGE_CURVE('',#1335,#1452,#854,.T.);
#1816=EDGE_CURVE('',#1452,#1451,#223,.T.);
#1817=EDGE_CURVE('',#1334,#1453,#855,.T.);
#1818=EDGE_CURVE('',#1453,#1452,#224,.T.);
#1819=EDGE_CURVE('',#1333,#1454,#856,.T.);
#1820=EDGE_CURVE('',#1454,#1453,#857,.T.);
#1821=EDGE_CURVE('',#1332,#1455,#858,.T.);
#1822=EDGE_CURVE('',#1455,#1454,#859,.T.);
#1823=EDGE_CURVE('',#1445,#1455,#860,.T.);
#1824=EDGE_CURVE('',#1456,#1457,#225,.T.);
#1825=EDGE_CURVE('',#1456,#1458,#861,.T.);
#1826=EDGE_CURVE('',#1458,#1459,#226,.T.);
#1827=EDGE_CURVE('',#1457,#1459,#862,.T.);
#1828=EDGE_CURVE('',#1460,#1456,#227,.T.);
#1829=EDGE_CURVE('',#1460,#1461,#863,.T.);
#1830=EDGE_CURVE('',#1461,#1458,#228,.T.);
#1831=EDGE_CURVE('',#1462,#1460,#229,.T.);
#1832=EDGE_CURVE('',#1462,#1463,#864,.T.);
#1833=EDGE_CURVE('',#1463,#1461,#230,.T.);
#1834=EDGE_CURVE('',#1464,#1462,#231,.T.);
#1835=EDGE_CURVE('',#1464,#1465,#865,.T.);
#1836=EDGE_CURVE('',#1465,#1463,#232,.T.);
#1837=EDGE_CURVE('',#1466,#1464,#233,.T.);
#1838=EDGE_CURVE('',#1466,#1467,#866,.T.);
#1839=EDGE_CURVE('',#1467,#1465,#234,.T.);
#1840=EDGE_CURVE('',#1468,#1466,#235,.T.);
#1841=EDGE_CURVE('',#1468,#1469,#867,.T.);
#1842=EDGE_CURVE('',#1469,#1467,#236,.T.);
#1843=EDGE_CURVE('',#1470,#1468,#237,.T.);
#1844=EDGE_CURVE('',#1470,#1471,#868,.T.);
#1845=EDGE_CURVE('',#1471,#1469,#238,.T.);
#1846=EDGE_CURVE('',#1472,#1470,#239,.T.);
#1847=EDGE_CURVE('',#1472,#1473,#869,.T.);
#1848=EDGE_CURVE('',#1473,#1471,#240,.T.);
#1849=EDGE_CURVE('',#1457,#1472,#870,.T.);
#1850=EDGE_CURVE('',#1459,#1473,#871,.T.);
#1851=EDGE_CURVE('',#1305,#1474,#872,.T.);
#1852=EDGE_CURVE('',#1474,#1475,#241,.T.);
#1853=EDGE_CURVE('',#1306,#1475,#873,.T.);
#1854=EDGE_CURVE('',#1329,#1476,#874,.T.);
#1855=EDGE_CURVE('',#1476,#1474,#242,.T.);
#1856=EDGE_CURVE('',#1328,#1477,#875,.T.);
#1857=EDGE_CURVE('',#1477,#1476,#243,.T.);
#1858=EDGE_CURVE('',#1327,#1478,#876,.T.);
#1859=EDGE_CURVE('',#1478,#1477,#877,.T.);
#1860=EDGE_CURVE('',#1326,#1479,#878,.T.);
#1861=EDGE_CURVE('',#1479,#1478,#244,.T.);
#1862=EDGE_CURVE('',#1325,#1480,#879,.T.);
#1863=EDGE_CURVE('',#1480,#1479,#245,.T.);
#1864=EDGE_CURVE('',#1324,#1481,#880,.T.);
#1865=EDGE_CURVE('',#1481,#1480,#246,.T.);
#1866=EDGE_CURVE('',#1323,#1482,#881,.T.);
#1867=EDGE_CURVE('',#1482,#1481,#247,.T.);
#1868=EDGE_CURVE('',#1322,#1483,#882,.T.);
#1869=EDGE_CURVE('',#1483,#1482,#248,.T.);
#1870=EDGE_CURVE('',#1321,#1484,#883,.T.);
#1871=EDGE_CURVE('',#1484,#1483,#249,.T.);
#1872=EDGE_CURVE('',#1320,#1485,#884,.T.);
#1873=EDGE_CURVE('',#1485,#1484,#250,.T.);
#1874=EDGE_CURVE('',#1319,#1486,#885,.T.);
#1875=EDGE_CURVE('',#1486,#1485,#251,.T.);
#1876=EDGE_CURVE('',#1318,#1487,#886,.T.);
#1877=EDGE_CURVE('',#1487,#1486,#252,.T.);
#1878=EDGE_CURVE('',#1317,#1488,#887,.T.);
#1879=EDGE_CURVE('',#1488,#1487,#253,.T.);
#1880=EDGE_CURVE('',#1316,#1489,#888,.T.);
#1881=EDGE_CURVE('',#1489,#1488,#889,.T.);
#1882=EDGE_CURVE('',#1315,#1490,#890,.T.);
#1883=EDGE_CURVE('',#1490,#1489,#254,.T.);
#1884=EDGE_CURVE('',#1314,#1491,#891,.T.);
#1885=EDGE_CURVE('',#1491,#1490,#255,.T.);
#1886=EDGE_CURVE('',#1313,#1492,#892,.T.);
#1887=EDGE_CURVE('',#1492,#1491,#893,.T.);
#1888=EDGE_CURVE('',#1312,#1493,#894,.T.);
#1889=EDGE_CURVE('',#1493,#1492,#256,.T.);
#1890=EDGE_CURVE('',#1311,#1494,#895,.T.);
#1891=EDGE_CURVE('',#1494,#1493,#257,.T.);
#1892=EDGE_CURVE('',#1310,#1495,#896,.T.);
#1893=EDGE_CURVE('',#1495,#1494,#258,.T.);
#1894=EDGE_CURVE('',#1309,#1496,#897,.T.);
#1895=EDGE_CURVE('',#1496,#1495,#259,.T.);
#1896=EDGE_CURVE('',#1308,#1497,#898,.T.);
#1897=EDGE_CURVE('',#1497,#1496,#260,.T.);
#1898=EDGE_CURVE('',#1307,#1498,#899,.T.);
#1899=EDGE_CURVE('',#1498,#1497,#900,.T.);
#1900=EDGE_CURVE('',#1475,#1498,#261,.T.);
#1901=EDGE_CURVE('',#1292,#1499,#901,.T.);
#1902=EDGE_CURVE('',#1499,#1500,#902,.T.);
#1903=EDGE_CURVE('',#1293,#1500,#903,.T.);
#1904=EDGE_CURVE('',#1304,#1501,#904,.T.);
#1905=EDGE_CURVE('',#1501,#1499,#905,.T.);
#1906=EDGE_CURVE('',#1303,#1502,#906,.T.);
#1907=EDGE_CURVE('',#1502,#1501,#907,.T.);
#1908=EDGE_CURVE('',#1302,#1503,#908,.T.);
#1909=EDGE_CURVE('',#1503,#1502,#909,.T.);
#1910=EDGE_CURVE('',#1301,#1504,#910,.T.);
#1911=EDGE_CURVE('',#1504,#1503,#911,.T.);
#1912=EDGE_CURVE('',#1300,#1505,#912,.T.);
#1913=EDGE_CURVE('',#1505,#1504,#913,.T.);
#1914=EDGE_CURVE('',#1299,#1506,#914,.T.);
#1915=EDGE_CURVE('',#1506,#1505,#915,.T.);
#1916=EDGE_CURVE('',#1298,#1507,#916,.T.);
#1917=EDGE_CURVE('',#1507,#1506,#917,.T.);
#1918=EDGE_CURVE('',#1297,#1508,#918,.T.);
#1919=EDGE_CURVE('',#1508,#1507,#919,.T.);
#1920=EDGE_CURVE('',#1296,#1509,#920,.T.);
#1921=EDGE_CURVE('',#1509,#1508,#921,.T.);
#1922=EDGE_CURVE('',#1295,#1510,#922,.T.);
#1923=EDGE_CURVE('',#1510,#1509,#923,.T.);
#1924=EDGE_CURVE('',#1294,#1511,#924,.T.);
#1925=EDGE_CURVE('',#1511,#1510,#925,.T.);
#1926=EDGE_CURVE('',#1500,#1511,#926,.T.);
#1927=EDGE_CURVE('',#1512,#1513,#262,.T.);
#1928=EDGE_CURVE('',#1512,#1514,#927,.T.);
#1929=EDGE_CURVE('',#1514,#1515,#263,.T.);
#1930=EDGE_CURVE('',#1513,#1515,#928,.T.);
#1931=EDGE_CURVE('',#1516,#1512,#264,.T.);
#1932=EDGE_CURVE('',#1516,#1517,#929,.T.);
#1933=EDGE_CURVE('',#1517,#1514,#265,.T.);
#1934=EDGE_CURVE('',#1518,#1516,#266,.T.);
#1935=EDGE_CURVE('',#1518,#1519,#930,.T.);
#1936=EDGE_CURVE('',#1519,#1517,#267,.T.);
#1937=EDGE_CURVE('',#1520,#1518,#268,.T.);
#1938=EDGE_CURVE('',#1520,#1521,#931,.T.);
#1939=EDGE_CURVE('',#1521,#1519,#269,.T.);
#1940=EDGE_CURVE('',#1522,#1520,#270,.T.);
#1941=EDGE_CURVE('',#1522,#1523,#932,.T.);
#1942=EDGE_CURVE('',#1523,#1521,#271,.T.);
#1943=EDGE_CURVE('',#1524,#1522,#272,.T.);
#1944=EDGE_CURVE('',#1524,#1525,#933,.T.);
#1945=EDGE_CURVE('',#1525,#1523,#273,.T.);
#1946=EDGE_CURVE('',#1526,#1524,#274,.T.);
#1947=EDGE_CURVE('',#1526,#1527,#934,.T.);
#1948=EDGE_CURVE('',#1527,#1525,#275,.T.);
#1949=EDGE_CURVE('',#1513,#1526,#276,.T.);
#1950=EDGE_CURVE('',#1515,#1527,#277,.T.);
#1951=EDGE_CURVE('',#1282,#1528,#935,.T.);
#1952=EDGE_CURVE('',#1528,#1529,#278,.T.);
#1953=EDGE_CURVE('',#1283,#1529,#936,.T.);
#1954=EDGE_CURVE('',#1291,#1530,#937,.T.);
#1955=EDGE_CURVE('',#1530,#1528,#279,.T.);
#1956=EDGE_CURVE('',#1290,#1531,#938,.T.);
#1957=EDGE_CURVE('',#1531,#1530,#280,.T.);
#1958=EDGE_CURVE('',#1289,#1532,#939,.T.);
#1959=EDGE_CURVE('',#1532,#1531,#281,.T.);
#1960=EDGE_CURVE('',#1288,#1533,#940,.T.);
#1961=EDGE_CURVE('',#1533,#1532,#282,.T.);
#1962=EDGE_CURVE('',#1287,#1534,#941,.T.);
#1963=EDGE_CURVE('',#1534,#1533,#283,.T.);
#1964=EDGE_CURVE('',#1286,#1535,#942,.T.);
#1965=EDGE_CURVE('',#1535,#1534,#284,.T.);
#1966=EDGE_CURVE('',#1285,#1536,#943,.T.);
#1967=EDGE_CURVE('',#1536,#1535,#285,.T.);
#1968=EDGE_CURVE('',#1284,#1537,#944,.T.);
#1969=EDGE_CURVE('',#1537,#1536,#286,.T.);
#1970=EDGE_CURVE('',#1529,#1537,#287,.T.);
#1971=EDGE_CURVE('',#1272,#1538,#945,.T.);
#1972=EDGE_CURVE('',#1538,#1539,#946,.T.);
#1973=EDGE_CURVE('',#1273,#1539,#947,.T.);
#1974=EDGE_CURVE('',#1281,#1540,#948,.T.);
#1975=EDGE_CURVE('',#1540,#1538,#949,.T.);
#1976=EDGE_CURVE('',#1280,#1541,#950,.T.);
#1977=EDGE_CURVE('',#1541,#1540,#951,.T.);
#1978=EDGE_CURVE('',#1279,#1542,#952,.T.);
#1979=EDGE_CURVE('',#1542,#1541,#953,.T.);
#1980=EDGE_CURVE('',#1278,#1543,#954,.T.);
#1981=EDGE_CURVE('',#1543,#1542,#955,.T.);
#1982=EDGE_CURVE('',#1277,#1544,#956,.T.);
#1983=EDGE_CURVE('',#1544,#1543,#957,.T.);
#1984=EDGE_CURVE('',#1276,#1545,#958,.T.);
#1985=EDGE_CURVE('',#1545,#1544,#959,.T.);
#1986=EDGE_CURVE('',#1275,#1546,#960,.T.);
#1987=EDGE_CURVE('',#1546,#1545,#961,.T.);
#1988=EDGE_CURVE('',#1274,#1547,#962,.T.);
#1989=EDGE_CURVE('',#1547,#1546,#963,.T.);
#1990=EDGE_CURVE('',#1539,#1547,#964,.T.);
#1991=EDGE_CURVE('',#1548,#1549,#965,.T.);
#1992=EDGE_CURVE('',#1549,#1264,#966,.T.);
#1993=EDGE_CURVE('',#1548,#1267,#967,.T.);
#1994=EDGE_CURVE('',#1550,#1548,#968,.T.);
#1995=EDGE_CURVE('',#1550,#1266,#969,.T.);
#1996=EDGE_CURVE('',#1551,#1550,#970,.T.);
#1997=EDGE_CURVE('',#1551,#1265,#971,.T.);
#1998=EDGE_CURVE('',#1549,#1551,#972,.T.);
#1999=EDGE_CURVE('',#1552,#1553,#973,.T.);
#2000=EDGE_CURVE('',#1553,#1268,#974,.T.);
#2001=EDGE_CURVE('',#1552,#1271,#975,.T.);
#2002=EDGE_CURVE('',#1554,#1552,#976,.T.);
#2003=EDGE_CURVE('',#1554,#1270,#977,.T.);
#2004=EDGE_CURVE('',#1555,#1554,#978,.T.);
#2005=EDGE_CURVE('',#1555,#1269,#979,.T.);
#2006=EDGE_CURVE('',#1553,#1555,#980,.T.);
#2007=EDGE_CURVE('',#1256,#1373,#981,.T.);
#2008=EDGE_CURVE('',#1370,#1369,#982,.T.);
#2009=ORIENTED_EDGE('',*,*,#1556,.T.);
#2010=ORIENTED_EDGE('',*,*,#1557,.T.);
#2011=ORIENTED_EDGE('',*,*,#1558,.T.);
#2012=ORIENTED_EDGE('',*,*,#1559,.T.);
#2013=ORIENTED_EDGE('',*,*,#1556,.F.);
#2014=ORIENTED_EDGE('',*,*,#1560,.T.);
#2015=ORIENTED_EDGE('',*,*,#1561,.F.);
#2016=ORIENTED_EDGE('',*,*,#1562,.T.);
#2017=ORIENTED_EDGE('',*,*,#1563,.F.);
#2018=ORIENTED_EDGE('',*,*,#1564,.T.);
#2019=ORIENTED_EDGE('',*,*,#1565,.F.);
#2020=ORIENTED_EDGE('',*,*,#1566,.T.);
#2021=ORIENTED_EDGE('',*,*,#1567,.T.);
#2022=ORIENTED_EDGE('',*,*,#1568,.T.);
#2023=ORIENTED_EDGE('',*,*,#1569,.T.);
#2024=ORIENTED_EDGE('',*,*,#1570,.T.);
#2025=ORIENTED_EDGE('',*,*,#1571,.T.);
#2026=ORIENTED_EDGE('',*,*,#1572,.T.);
#2027=ORIENTED_EDGE('',*,*,#1573,.T.);
#2028=ORIENTED_EDGE('',*,*,#1574,.T.);
#2029=ORIENTED_EDGE('',*,*,#1575,.T.);
#2030=ORIENTED_EDGE('',*,*,#1576,.T.);
#2031=ORIENTED_EDGE('',*,*,#1577,.T.);
#2032=ORIENTED_EDGE('',*,*,#1578,.T.);
#2033=ORIENTED_EDGE('',*,*,#1579,.T.);
#2034=ORIENTED_EDGE('',*,*,#1580,.T.);
#2035=ORIENTED_EDGE('',*,*,#1581,.T.);
#2036=ORIENTED_EDGE('',*,*,#1582,.T.);
#2037=ORIENTED_EDGE('',*,*,#1583,.T.);
#2038=ORIENTED_EDGE('',*,*,#1584,.T.);
#2039=ORIENTED_EDGE('',*,*,#1585,.T.);
#2040=ORIENTED_EDGE('',*,*,#1586,.T.);
#2041=ORIENTED_EDGE('',*,*,#1587,.T.);
#2042=ORIENTED_EDGE('',*,*,#1588,.T.);
#2043=ORIENTED_EDGE('',*,*,#1589,.T.);
#2044=ORIENTED_EDGE('',*,*,#1590,.T.);
#2045=ORIENTED_EDGE('',*,*,#1591,.T.);
#2046=ORIENTED_EDGE('',*,*,#1592,.T.);
#2047=ORIENTED_EDGE('',*,*,#1593,.T.);
#2048=ORIENTED_EDGE('',*,*,#1594,.T.);
#2049=ORIENTED_EDGE('',*,*,#1595,.T.);
#2050=ORIENTED_EDGE('',*,*,#1596,.T.);
#2051=ORIENTED_EDGE('',*,*,#1597,.T.);
#2052=ORIENTED_EDGE('',*,*,#1598,.T.);
#2053=ORIENTED_EDGE('',*,*,#1599,.T.);
#2054=ORIENTED_EDGE('',*,*,#1600,.T.);
#2055=ORIENTED_EDGE('',*,*,#1601,.T.);
#2056=ORIENTED_EDGE('',*,*,#1602,.T.);
#2057=ORIENTED_EDGE('',*,*,#1603,.T.);
#2058=ORIENTED_EDGE('',*,*,#1604,.T.);
#2059=ORIENTED_EDGE('',*,*,#1605,.T.);
#2060=ORIENTED_EDGE('',*,*,#1606,.T.);
#2061=ORIENTED_EDGE('',*,*,#1607,.T.);
#2062=ORIENTED_EDGE('',*,*,#1608,.T.);
#2063=ORIENTED_EDGE('',*,*,#1609,.T.);
#2064=ORIENTED_EDGE('',*,*,#1610,.T.);
#2065=ORIENTED_EDGE('',*,*,#1611,.T.);
#2066=ORIENTED_EDGE('',*,*,#1612,.T.);
#2067=ORIENTED_EDGE('',*,*,#1613,.T.);
#2068=ORIENTED_EDGE('',*,*,#1614,.T.);
#2069=ORIENTED_EDGE('',*,*,#1615,.T.);
#2070=ORIENTED_EDGE('',*,*,#1616,.T.);
#2071=ORIENTED_EDGE('',*,*,#1617,.T.);
#2072=ORIENTED_EDGE('',*,*,#1618,.T.);
#2073=ORIENTED_EDGE('',*,*,#1619,.T.);
#2074=ORIENTED_EDGE('',*,*,#1620,.T.);
#2075=ORIENTED_EDGE('',*,*,#1621,.T.);
#2076=ORIENTED_EDGE('',*,*,#1622,.T.);
#2077=ORIENTED_EDGE('',*,*,#1623,.T.);
#2078=ORIENTED_EDGE('',*,*,#1624,.T.);
#2079=ORIENTED_EDGE('',*,*,#1625,.T.);
#2080=ORIENTED_EDGE('',*,*,#1626,.T.);
#2081=ORIENTED_EDGE('',*,*,#1627,.T.);
#2082=ORIENTED_EDGE('',*,*,#1628,.T.);
#2083=ORIENTED_EDGE('',*,*,#1629,.T.);
#2084=ORIENTED_EDGE('',*,*,#1630,.T.);
#2085=ORIENTED_EDGE('',*,*,#1631,.T.);
#2086=ORIENTED_EDGE('',*,*,#1632,.T.);
#2087=ORIENTED_EDGE('',*,*,#1633,.T.);
#2088=ORIENTED_EDGE('',*,*,#1634,.T.);
#2089=ORIENTED_EDGE('',*,*,#1635,.T.);
#2090=ORIENTED_EDGE('',*,*,#1636,.T.);
#2091=ORIENTED_EDGE('',*,*,#1637,.T.);
#2092=ORIENTED_EDGE('',*,*,#1638,.T.);
#2093=ORIENTED_EDGE('',*,*,#1639,.T.);
#2094=ORIENTED_EDGE('',*,*,#1640,.T.);
#2095=ORIENTED_EDGE('',*,*,#1641,.T.);
#2096=ORIENTED_EDGE('',*,*,#1642,.T.);
#2097=ORIENTED_EDGE('',*,*,#1643,.T.);
#2098=ORIENTED_EDGE('',*,*,#1644,.T.);
#2099=ORIENTED_EDGE('',*,*,#1645,.T.);
#2100=ORIENTED_EDGE('',*,*,#1646,.T.);
#2101=ORIENTED_EDGE('',*,*,#1647,.T.);
#2102=ORIENTED_EDGE('',*,*,#1648,.T.);
#2103=ORIENTED_EDGE('',*,*,#1649,.T.);
#2104=ORIENTED_EDGE('',*,*,#1650,.T.);
#2105=ORIENTED_EDGE('',*,*,#1651,.T.);
#2106=ORIENTED_EDGE('',*,*,#1652,.T.);
#2107=ORIENTED_EDGE('',*,*,#1653,.T.);
#2108=ORIENTED_EDGE('',*,*,#1654,.T.);
#2109=ORIENTED_EDGE('',*,*,#1655,.T.);
#2110=ORIENTED_EDGE('',*,*,#1656,.T.);
#2111=ORIENTED_EDGE('',*,*,#1657,.T.);
#2112=ORIENTED_EDGE('',*,*,#1658,.T.);
#2113=ORIENTED_EDGE('',*,*,#1659,.T.);
#2114=ORIENTED_EDGE('',*,*,#1660,.T.);
#2115=ORIENTED_EDGE('',*,*,#1661,.T.);
#2116=ORIENTED_EDGE('',*,*,#1662,.T.);
#2117=ORIENTED_EDGE('',*,*,#1663,.T.);
#2118=ORIENTED_EDGE('',*,*,#1664,.T.);
#2119=ORIENTED_EDGE('',*,*,#1665,.T.);
#2120=ORIENTED_EDGE('',*,*,#1666,.T.);
#2121=ORIENTED_EDGE('',*,*,#1667,.T.);
#2122=ORIENTED_EDGE('',*,*,#1668,.T.);
#2123=ORIENTED_EDGE('',*,*,#1669,.T.);
#2124=ORIENTED_EDGE('',*,*,#1670,.T.);
#2125=ORIENTED_EDGE('',*,*,#1559,.F.);
#2126=ORIENTED_EDGE('',*,*,#1671,.F.);
#2127=ORIENTED_EDGE('',*,*,#1672,.F.);
#2128=ORIENTED_EDGE('',*,*,#1560,.F.);
#2129=ORIENTED_EDGE('',*,*,#1561,.T.);
#2130=ORIENTED_EDGE('',*,*,#1672,.T.);
#2131=ORIENTED_EDGE('',*,*,#1673,.T.);
#2132=ORIENTED_EDGE('',*,*,#1674,.T.);
#2133=ORIENTED_EDGE('',*,*,#1563,.T.);
#2134=ORIENTED_EDGE('',*,*,#1675,.T.);
#2135=ORIENTED_EDGE('',*,*,#1676,.T.);
#2136=ORIENTED_EDGE('',*,*,#1677,.T.);
#2137=ORIENTED_EDGE('',*,*,#1677,.F.);
#2138=ORIENTED_EDGE('',*,*,#1678,.F.);
#2139=ORIENTED_EDGE('',*,*,#1679,.F.);
#2140=ORIENTED_EDGE('',*,*,#1564,.F.);
#2141=ORIENTED_EDGE('',*,*,#1565,.T.);
#2142=ORIENTED_EDGE('',*,*,#1679,.T.);
#2143=ORIENTED_EDGE('',*,*,#1680,.T.);
#2144=ORIENTED_EDGE('',*,*,#1681,.T.);
#2145=ORIENTED_EDGE('',*,*,#1682,.F.);
#2146=ORIENTED_EDGE('',*,*,#1683,.T.);
#2147=ORIENTED_EDGE('',*,*,#1684,.T.);
#2148=ORIENTED_EDGE('',*,*,#1685,.F.);
#2149=ORIENTED_EDGE('',*,*,#1686,.F.);
#2150=ORIENTED_EDGE('',*,*,#1687,.T.);
#2151=ORIENTED_EDGE('',*,*,#1688,.T.);
#2152=ORIENTED_EDGE('',*,*,#1683,.F.);
#2153=ORIENTED_EDGE('',*,*,#1689,.F.);
#2154=ORIENTED_EDGE('',*,*,#1690,.T.);
#2155=ORIENTED_EDGE('',*,*,#1691,.T.);
#2156=ORIENTED_EDGE('',*,*,#1687,.F.);
#2157=ORIENTED_EDGE('',*,*,#1692,.F.);
#2158=ORIENTED_EDGE('',*,*,#1693,.T.);
#2159=ORIENTED_EDGE('',*,*,#1694,.T.);
#2160=ORIENTED_EDGE('',*,*,#1690,.F.);
#2161=ORIENTED_EDGE('',*,*,#1695,.F.);
#2162=ORIENTED_EDGE('',*,*,#1685,.T.);
#2163=ORIENTED_EDGE('',*,*,#1696,.T.);
#2164=ORIENTED_EDGE('',*,*,#1693,.F.);
#2165=ORIENTED_EDGE('',*,*,#1657,.F.);
#2166=ORIENTED_EDGE('',*,*,#1697,.T.);
#2167=ORIENTED_EDGE('',*,*,#1698,.T.);
#2168=ORIENTED_EDGE('',*,*,#1699,.F.);
#2169=ORIENTED_EDGE('',*,*,#1670,.F.);
#2170=ORIENTED_EDGE('',*,*,#1700,.T.);
#2171=ORIENTED_EDGE('',*,*,#1701,.T.);
#2172=ORIENTED_EDGE('',*,*,#1697,.F.);
#2173=ORIENTED_EDGE('',*,*,#1669,.F.);
#2174=ORIENTED_EDGE('',*,*,#1702,.T.);
#2175=ORIENTED_EDGE('',*,*,#1703,.T.);
#2176=ORIENTED_EDGE('',*,*,#1700,.F.);
#2177=ORIENTED_EDGE('',*,*,#1668,.F.);
#2178=ORIENTED_EDGE('',*,*,#1704,.T.);
#2179=ORIENTED_EDGE('',*,*,#1705,.T.);
#2180=ORIENTED_EDGE('',*,*,#1702,.F.);
#2181=ORIENTED_EDGE('',*,*,#1667,.F.);
#2182=ORIENTED_EDGE('',*,*,#1706,.T.);
#2183=ORIENTED_EDGE('',*,*,#1707,.T.);
#2184=ORIENTED_EDGE('',*,*,#1704,.F.);
#2185=ORIENTED_EDGE('',*,*,#1666,.F.);
#2186=ORIENTED_EDGE('',*,*,#1708,.T.);
#2187=ORIENTED_EDGE('',*,*,#1709,.T.);
#2188=ORIENTED_EDGE('',*,*,#1706,.F.);
#2189=ORIENTED_EDGE('',*,*,#1665,.F.);
#2190=ORIENTED_EDGE('',*,*,#1710,.T.);
#2191=ORIENTED_EDGE('',*,*,#1711,.T.);
#2192=ORIENTED_EDGE('',*,*,#1708,.F.);
#2193=ORIENTED_EDGE('',*,*,#1664,.F.);
#2194=ORIENTED_EDGE('',*,*,#1712,.T.);
#2195=ORIENTED_EDGE('',*,*,#1713,.T.);
#2196=ORIENTED_EDGE('',*,*,#1710,.F.);
#2197=ORIENTED_EDGE('',*,*,#1663,.F.);
#2198=ORIENTED_EDGE('',*,*,#1714,.T.);
#2199=ORIENTED_EDGE('',*,*,#1715,.T.);
#2200=ORIENTED_EDGE('',*,*,#1712,.F.);
#2201=ORIENTED_EDGE('',*,*,#1662,.F.);
#2202=ORIENTED_EDGE('',*,*,#1716,.T.);
#2203=ORIENTED_EDGE('',*,*,#1717,.T.);
#2204=ORIENTED_EDGE('',*,*,#1714,.F.);
#2205=ORIENTED_EDGE('',*,*,#1661,.F.);
#2206=ORIENTED_EDGE('',*,*,#1718,.T.);
#2207=ORIENTED_EDGE('',*,*,#1719,.T.);
#2208=ORIENTED_EDGE('',*,*,#1716,.F.);
#2209=ORIENTED_EDGE('',*,*,#1660,.F.);
#2210=ORIENTED_EDGE('',*,*,#1720,.T.);
#2211=ORIENTED_EDGE('',*,*,#1721,.T.);
#2212=ORIENTED_EDGE('',*,*,#1718,.F.);
#2213=ORIENTED_EDGE('',*,*,#1659,.F.);
#2214=ORIENTED_EDGE('',*,*,#1722,.T.);
#2215=ORIENTED_EDGE('',*,*,#1723,.T.);
#2216=ORIENTED_EDGE('',*,*,#1720,.F.);
#2217=ORIENTED_EDGE('',*,*,#1658,.F.);
#2218=ORIENTED_EDGE('',*,*,#1699,.T.);
#2219=ORIENTED_EDGE('',*,*,#1724,.T.);
#2220=ORIENTED_EDGE('',*,*,#1722,.F.);
#2221=ORIENTED_EDGE('',*,*,#1724,.F.);
#2222=ORIENTED_EDGE('',*,*,#1698,.F.);
#2223=ORIENTED_EDGE('',*,*,#1701,.F.);
#2224=ORIENTED_EDGE('',*,*,#1703,.F.);
#2225=ORIENTED_EDGE('',*,*,#1705,.F.);
#2226=ORIENTED_EDGE('',*,*,#1707,.F.);
#2227=ORIENTED_EDGE('',*,*,#1709,.F.);
#2228=ORIENTED_EDGE('',*,*,#1711,.F.);
#2229=ORIENTED_EDGE('',*,*,#1713,.F.);
#2230=ORIENTED_EDGE('',*,*,#1715,.F.);
#2231=ORIENTED_EDGE('',*,*,#1717,.F.);
#2232=ORIENTED_EDGE('',*,*,#1719,.F.);
#2233=ORIENTED_EDGE('',*,*,#1721,.F.);
#2234=ORIENTED_EDGE('',*,*,#1723,.F.);
#2235=ORIENTED_EDGE('',*,*,#1696,.F.);
#2236=ORIENTED_EDGE('',*,*,#1684,.F.);
#2237=ORIENTED_EDGE('',*,*,#1688,.F.);
#2238=ORIENTED_EDGE('',*,*,#1691,.F.);
#2239=ORIENTED_EDGE('',*,*,#1694,.F.);
#2240=ORIENTED_EDGE('',*,*,#1725,.F.);
#2241=ORIENTED_EDGE('',*,*,#1726,.T.);
#2242=ORIENTED_EDGE('',*,*,#1727,.T.);
#2243=ORIENTED_EDGE('',*,*,#1728,.F.);
#2244=ORIENTED_EDGE('',*,*,#1729,.F.);
#2245=ORIENTED_EDGE('',*,*,#1730,.T.);
#2246=ORIENTED_EDGE('',*,*,#1731,.T.);
#2247=ORIENTED_EDGE('',*,*,#1726,.F.);
#2248=ORIENTED_EDGE('',*,*,#1732,.F.);
#2249=ORIENTED_EDGE('',*,*,#1733,.T.);
#2250=ORIENTED_EDGE('',*,*,#1734,.T.);
#2251=ORIENTED_EDGE('',*,*,#1730,.F.);
#2252=ORIENTED_EDGE('',*,*,#1735,.F.);
#2253=ORIENTED_EDGE('',*,*,#1736,.T.);
#2254=ORIENTED_EDGE('',*,*,#1737,.T.);
#2255=ORIENTED_EDGE('',*,*,#1733,.F.);
#2256=ORIENTED_EDGE('',*,*,#1738,.F.);
#2257=ORIENTED_EDGE('',*,*,#1739,.T.);
#2258=ORIENTED_EDGE('',*,*,#1740,.T.);
#2259=ORIENTED_EDGE('',*,*,#1736,.F.);
#2260=ORIENTED_EDGE('',*,*,#1741,.F.);
#2261=ORIENTED_EDGE('',*,*,#1742,.T.);
#2262=ORIENTED_EDGE('',*,*,#1743,.T.);
#2263=ORIENTED_EDGE('',*,*,#1739,.F.);
#2264=ORIENTED_EDGE('',*,*,#1744,.F.);
#2265=ORIENTED_EDGE('',*,*,#1745,.T.);
#2266=ORIENTED_EDGE('',*,*,#1746,.T.);
#2267=ORIENTED_EDGE('',*,*,#1742,.F.);
#2268=ORIENTED_EDGE('',*,*,#1747,.F.);
#2269=ORIENTED_EDGE('',*,*,#1728,.T.);
#2270=ORIENTED_EDGE('',*,*,#1748,.T.);
#2271=ORIENTED_EDGE('',*,*,#1745,.F.);
#2272=ORIENTED_EDGE('',*,*,#1645,.F.);
#2273=ORIENTED_EDGE('',*,*,#1749,.T.);
#2274=ORIENTED_EDGE('',*,*,#1750,.T.);
#2275=ORIENTED_EDGE('',*,*,#1751,.F.);
#2276=ORIENTED_EDGE('',*,*,#1656,.F.);
#2277=ORIENTED_EDGE('',*,*,#1752,.T.);
#2278=ORIENTED_EDGE('',*,*,#1753,.T.);
#2279=ORIENTED_EDGE('',*,*,#1749,.F.);
#2280=ORIENTED_EDGE('',*,*,#1655,.F.);
#2281=ORIENTED_EDGE('',*,*,#1754,.T.);
#2282=ORIENTED_EDGE('',*,*,#1755,.T.);
#2283=ORIENTED_EDGE('',*,*,#1752,.F.);
#2284=ORIENTED_EDGE('',*,*,#1654,.F.);
#2285=ORIENTED_EDGE('',*,*,#1756,.T.);
#2286=ORIENTED_EDGE('',*,*,#1757,.T.);
#2287=ORIENTED_EDGE('',*,*,#1754,.F.);
#2288=ORIENTED_EDGE('',*,*,#1653,.F.);
#2289=ORIENTED_EDGE('',*,*,#1758,.T.);
#2290=ORIENTED_EDGE('',*,*,#1759,.T.);
#2291=ORIENTED_EDGE('',*,*,#1756,.F.);
#2292=ORIENTED_EDGE('',*,*,#1652,.F.);
#2293=ORIENTED_EDGE('',*,*,#1760,.T.);
#2294=ORIENTED_EDGE('',*,*,#1761,.T.);
#2295=ORIENTED_EDGE('',*,*,#1758,.F.);
#2296=ORIENTED_EDGE('',*,*,#1651,.F.);
#2297=ORIENTED_EDGE('',*,*,#1762,.T.);
#2298=ORIENTED_EDGE('',*,*,#1763,.T.);
#2299=ORIENTED_EDGE('',*,*,#1760,.F.);
#2300=ORIENTED_EDGE('',*,*,#1650,.F.);
#2301=ORIENTED_EDGE('',*,*,#1764,.T.);
#2302=ORIENTED_EDGE('',*,*,#1765,.T.);
#2303=ORIENTED_EDGE('',*,*,#1762,.F.);
#2304=ORIENTED_EDGE('',*,*,#1649,.F.);
#2305=ORIENTED_EDGE('',*,*,#1766,.T.);
#2306=ORIENTED_EDGE('',*,*,#1767,.T.);
#2307=ORIENTED_EDGE('',*,*,#1764,.F.);
#2308=ORIENTED_EDGE('',*,*,#1648,.F.);
#2309=ORIENTED_EDGE('',*,*,#1768,.T.);
#2310=ORIENTED_EDGE('',*,*,#1769,.T.);
#2311=ORIENTED_EDGE('',*,*,#1766,.F.);
#2312=ORIENTED_EDGE('',*,*,#1647,.F.);
#2313=ORIENTED_EDGE('',*,*,#1770,.T.);
#2314=ORIENTED_EDGE('',*,*,#1771,.T.);
#2315=ORIENTED_EDGE('',*,*,#1768,.F.);
#2316=ORIENTED_EDGE('',*,*,#1646,.F.);
#2317=ORIENTED_EDGE('',*,*,#1751,.T.);
#2318=ORIENTED_EDGE('',*,*,#1772,.T.);
#2319=ORIENTED_EDGE('',*,*,#1770,.F.);
#2320=ORIENTED_EDGE('',*,*,#1772,.F.);
#2321=ORIENTED_EDGE('',*,*,#1750,.F.);
#2322=ORIENTED_EDGE('',*,*,#1753,.F.);
#2323=ORIENTED_EDGE('',*,*,#1755,.F.);
#2324=ORIENTED_EDGE('',*,*,#1757,.F.);
#2325=ORIENTED_EDGE('',*,*,#1759,.F.);
#2326=ORIENTED_EDGE('',*,*,#1761,.F.);
#2327=ORIENTED_EDGE('',*,*,#1763,.F.);
#2328=ORIENTED_EDGE('',*,*,#1765,.F.);
#2329=ORIENTED_EDGE('',*,*,#1767,.F.);
#2330=ORIENTED_EDGE('',*,*,#1769,.F.);
#2331=ORIENTED_EDGE('',*,*,#1771,.F.);
#2332=ORIENTED_EDGE('',*,*,#1748,.F.);
#2333=ORIENTED_EDGE('',*,*,#1727,.F.);
#2334=ORIENTED_EDGE('',*,*,#1731,.F.);
#2335=ORIENTED_EDGE('',*,*,#1734,.F.);
#2336=ORIENTED_EDGE('',*,*,#1737,.F.);
#2337=ORIENTED_EDGE('',*,*,#1740,.F.);
#2338=ORIENTED_EDGE('',*,*,#1743,.F.);
#2339=ORIENTED_EDGE('',*,*,#1746,.F.);
#2340=ORIENTED_EDGE('',*,*,#1773,.F.);
#2341=ORIENTED_EDGE('',*,*,#1774,.T.);
#2342=ORIENTED_EDGE('',*,*,#1775,.T.);
#2343=ORIENTED_EDGE('',*,*,#1776,.F.);
#2344=ORIENTED_EDGE('',*,*,#1777,.F.);
#2345=ORIENTED_EDGE('',*,*,#1778,.T.);
#2346=ORIENTED_EDGE('',*,*,#1779,.T.);
#2347=ORIENTED_EDGE('',*,*,#1774,.F.);
#2348=ORIENTED_EDGE('',*,*,#1780,.F.);
#2349=ORIENTED_EDGE('',*,*,#1781,.T.);
#2350=ORIENTED_EDGE('',*,*,#1782,.T.);
#2351=ORIENTED_EDGE('',*,*,#1778,.F.);
#2352=ORIENTED_EDGE('',*,*,#1783,.F.);
#2353=ORIENTED_EDGE('',*,*,#1784,.T.);
#2354=ORIENTED_EDGE('',*,*,#1785,.T.);
#2355=ORIENTED_EDGE('',*,*,#1781,.F.);
#2356=ORIENTED_EDGE('',*,*,#1786,.F.);
#2357=ORIENTED_EDGE('',*,*,#1787,.T.);
#2358=ORIENTED_EDGE('',*,*,#1788,.T.);
#2359=ORIENTED_EDGE('',*,*,#1784,.F.);
#2360=ORIENTED_EDGE('',*,*,#1789,.F.);
#2361=ORIENTED_EDGE('',*,*,#1790,.T.);
#2362=ORIENTED_EDGE('',*,*,#1791,.T.);
#2363=ORIENTED_EDGE('',*,*,#1787,.F.);
#2364=ORIENTED_EDGE('',*,*,#1792,.F.);
#2365=ORIENTED_EDGE('',*,*,#1793,.T.);
#2366=ORIENTED_EDGE('',*,*,#1794,.T.);
#2367=ORIENTED_EDGE('',*,*,#1790,.F.);
#2368=ORIENTED_EDGE('',*,*,#1795,.F.);
#2369=ORIENTED_EDGE('',*,*,#1796,.T.);
#2370=ORIENTED_EDGE('',*,*,#1797,.T.);
#2371=ORIENTED_EDGE('',*,*,#1793,.F.);
#2372=ORIENTED_EDGE('',*,*,#1798,.F.);
#2373=ORIENTED_EDGE('',*,*,#1776,.T.);
#2374=ORIENTED_EDGE('',*,*,#1799,.T.);
#2375=ORIENTED_EDGE('',*,*,#1796,.F.);
#2376=ORIENTED_EDGE('',*,*,#1633,.F.);
#2377=ORIENTED_EDGE('',*,*,#1800,.T.);
#2378=ORIENTED_EDGE('',*,*,#1801,.T.);
#2379=ORIENTED_EDGE('',*,*,#1802,.F.);
#2380=ORIENTED_EDGE('',*,*,#1644,.F.);
#2381=ORIENTED_EDGE('',*,*,#1803,.T.);
#2382=ORIENTED_EDGE('',*,*,#1804,.T.);
#2383=ORIENTED_EDGE('',*,*,#1800,.F.);
#2384=ORIENTED_EDGE('',*,*,#1643,.F.);
#2385=ORIENTED_EDGE('',*,*,#1805,.T.);
#2386=ORIENTED_EDGE('',*,*,#1806,.T.);
#2387=ORIENTED_EDGE('',*,*,#1803,.F.);
#2388=ORIENTED_EDGE('',*,*,#1642,.F.);
#2389=ORIENTED_EDGE('',*,*,#1807,.T.);
#2390=ORIENTED_EDGE('',*,*,#1808,.T.);
#2391=ORIENTED_EDGE('',*,*,#1805,.F.);
#2392=ORIENTED_EDGE('',*,*,#1641,.F.);
#2393=ORIENTED_EDGE('',*,*,#1809,.T.);
#2394=ORIENTED_EDGE('',*,*,#1810,.T.);
#2395=ORIENTED_EDGE('',*,*,#1807,.F.);
#2396=ORIENTED_EDGE('',*,*,#1640,.F.);
#2397=ORIENTED_EDGE('',*,*,#1811,.T.);
#2398=ORIENTED_EDGE('',*,*,#1812,.T.);
#2399=ORIENTED_EDGE('',*,*,#1809,.F.);
#2400=ORIENTED_EDGE('',*,*,#1639,.F.);
#2401=ORIENTED_EDGE('',*,*,#1813,.T.);
#2402=ORIENTED_EDGE('',*,*,#1814,.T.);
#2403=ORIENTED_EDGE('',*,*,#1811,.F.);
#2404=ORIENTED_EDGE('',*,*,#1638,.F.);
#2405=ORIENTED_EDGE('',*,*,#1815,.T.);
#2406=ORIENTED_EDGE('',*,*,#1816,.T.);
#2407=ORIENTED_EDGE('',*,*,#1813,.F.);
#2408=ORIENTED_EDGE('',*,*,#1637,.F.);
#2409=ORIENTED_EDGE('',*,*,#1817,.T.);
#2410=ORIENTED_EDGE('',*,*,#1818,.T.);
#2411=ORIENTED_EDGE('',*,*,#1815,.F.);
#2412=ORIENTED_EDGE('',*,*,#1636,.F.);
#2413=ORIENTED_EDGE('',*,*,#1819,.T.);
#2414=ORIENTED_EDGE('',*,*,#1820,.T.);
#2415=ORIENTED_EDGE('',*,*,#1817,.F.);
#2416=ORIENTED_EDGE('',*,*,#1635,.F.);
#2417=ORIENTED_EDGE('',*,*,#1821,.T.);
#2418=ORIENTED_EDGE('',*,*,#1822,.T.);
#2419=ORIENTED_EDGE('',*,*,#1819,.F.);
#2420=ORIENTED_EDGE('',*,*,#1634,.F.);
#2421=ORIENTED_EDGE('',*,*,#1802,.T.);
#2422=ORIENTED_EDGE('',*,*,#1823,.T.);
#2423=ORIENTED_EDGE('',*,*,#1821,.F.);
#2424=ORIENTED_EDGE('',*,*,#1823,.F.);
#2425=ORIENTED_EDGE('',*,*,#1801,.F.);
#2426=ORIENTED_EDGE('',*,*,#1804,.F.);
#2427=ORIENTED_EDGE('',*,*,#1806,.F.);
#2428=ORIENTED_EDGE('',*,*,#1808,.F.);
#2429=ORIENTED_EDGE('',*,*,#1810,.F.);
#2430=ORIENTED_EDGE('',*,*,#1812,.F.);
#2431=ORIENTED_EDGE('',*,*,#1814,.F.);
#2432=ORIENTED_EDGE('',*,*,#1816,.F.);
#2433=ORIENTED_EDGE('',*,*,#1818,.F.);
#2434=ORIENTED_EDGE('',*,*,#1820,.F.);
#2435=ORIENTED_EDGE('',*,*,#1822,.F.);
#2436=ORIENTED_EDGE('',*,*,#1799,.F.);
#2437=ORIENTED_EDGE('',*,*,#1775,.F.);
#2438=ORIENTED_EDGE('',*,*,#1779,.F.);
#2439=ORIENTED_EDGE('',*,*,#1782,.F.);
#2440=ORIENTED_EDGE('',*,*,#1785,.F.);
#2441=ORIENTED_EDGE('',*,*,#1788,.F.);
#2442=ORIENTED_EDGE('',*,*,#1791,.F.);
#2443=ORIENTED_EDGE('',*,*,#1794,.F.);
#2444=ORIENTED_EDGE('',*,*,#1797,.F.);
#2445=ORIENTED_EDGE('',*,*,#1824,.F.);
#2446=ORIENTED_EDGE('',*,*,#1825,.T.);
#2447=ORIENTED_EDGE('',*,*,#1826,.T.);
#2448=ORIENTED_EDGE('',*,*,#1827,.F.);
#2449=ORIENTED_EDGE('',*,*,#1828,.F.);
#2450=ORIENTED_EDGE('',*,*,#1829,.T.);
#2451=ORIENTED_EDGE('',*,*,#1830,.T.);
#2452=ORIENTED_EDGE('',*,*,#1825,.F.);
#2453=ORIENTED_EDGE('',*,*,#1831,.F.);
#2454=ORIENTED_EDGE('',*,*,#1832,.T.);
#2455=ORIENTED_EDGE('',*,*,#1833,.T.);
#2456=ORIENTED_EDGE('',*,*,#1829,.F.);
#2457=ORIENTED_EDGE('',*,*,#1834,.F.);
#2458=ORIENTED_EDGE('',*,*,#1835,.T.);
#2459=ORIENTED_EDGE('',*,*,#1836,.T.);
#2460=ORIENTED_EDGE('',*,*,#1832,.F.);
#2461=ORIENTED_EDGE('',*,*,#1837,.F.);
#2462=ORIENTED_EDGE('',*,*,#1838,.T.);
#2463=ORIENTED_EDGE('',*,*,#1839,.T.);
#2464=ORIENTED_EDGE('',*,*,#1835,.F.);
#2465=ORIENTED_EDGE('',*,*,#1840,.F.);
#2466=ORIENTED_EDGE('',*,*,#1841,.T.);
#2467=ORIENTED_EDGE('',*,*,#1842,.T.);
#2468=ORIENTED_EDGE('',*,*,#1838,.F.);
#2469=ORIENTED_EDGE('',*,*,#1843,.F.);
#2470=ORIENTED_EDGE('',*,*,#1844,.T.);
#2471=ORIENTED_EDGE('',*,*,#1845,.T.);
#2472=ORIENTED_EDGE('',*,*,#1841,.F.);
#2473=ORIENTED_EDGE('',*,*,#1846,.F.);
#2474=ORIENTED_EDGE('',*,*,#1847,.T.);
#2475=ORIENTED_EDGE('',*,*,#1848,.T.);
#2476=ORIENTED_EDGE('',*,*,#1844,.F.);
#2477=ORIENTED_EDGE('',*,*,#1849,.F.);
#2478=ORIENTED_EDGE('',*,*,#1827,.T.);
#2479=ORIENTED_EDGE('',*,*,#1850,.T.);
#2480=ORIENTED_EDGE('',*,*,#1847,.F.);
#2481=ORIENTED_EDGE('',*,*,#1608,.F.);
#2482=ORIENTED_EDGE('',*,*,#1851,.T.);
#2483=ORIENTED_EDGE('',*,*,#1852,.T.);
#2484=ORIENTED_EDGE('',*,*,#1853,.F.);
#2485=ORIENTED_EDGE('',*,*,#1632,.F.);
#2486=ORIENTED_EDGE('',*,*,#1854,.T.);
#2487=ORIENTED_EDGE('',*,*,#1855,.T.);
#2488=ORIENTED_EDGE('',*,*,#1851,.F.);
#2489=ORIENTED_EDGE('',*,*,#1631,.F.);
#2490=ORIENTED_EDGE('',*,*,#1856,.T.);
#2491=ORIENTED_EDGE('',*,*,#1857,.T.);
#2492=ORIENTED_EDGE('',*,*,#1854,.F.);
#2493=ORIENTED_EDGE('',*,*,#1630,.F.);
#2494=ORIENTED_EDGE('',*,*,#1858,.T.);
#2495=ORIENTED_EDGE('',*,*,#1859,.T.);
#2496=ORIENTED_EDGE('',*,*,#1856,.F.);
#2497=ORIENTED_EDGE('',*,*,#1629,.F.);
#2498=ORIENTED_EDGE('',*,*,#1860,.T.);
#2499=ORIENTED_EDGE('',*,*,#1861,.T.);
#2500=ORIENTED_EDGE('',*,*,#1858,.F.);
#2501=ORIENTED_EDGE('',*,*,#1628,.F.);
#2502=ORIENTED_EDGE('',*,*,#1862,.T.);
#2503=ORIENTED_EDGE('',*,*,#1863,.T.);
#2504=ORIENTED_EDGE('',*,*,#1860,.F.);
#2505=ORIENTED_EDGE('',*,*,#1627,.F.);
#2506=ORIENTED_EDGE('',*,*,#1864,.T.);
#2507=ORIENTED_EDGE('',*,*,#1865,.T.);
#2508=ORIENTED_EDGE('',*,*,#1862,.F.);
#2509=ORIENTED_EDGE('',*,*,#1626,.F.);
#2510=ORIENTED_EDGE('',*,*,#1866,.T.);
#2511=ORIENTED_EDGE('',*,*,#1867,.T.);
#2512=ORIENTED_EDGE('',*,*,#1864,.F.);
#2513=ORIENTED_EDGE('',*,*,#1625,.F.);
#2514=ORIENTED_EDGE('',*,*,#1868,.T.);
#2515=ORIENTED_EDGE('',*,*,#1869,.T.);
#2516=ORIENTED_EDGE('',*,*,#1866,.F.);
#2517=ORIENTED_EDGE('',*,*,#1624,.F.);
#2518=ORIENTED_EDGE('',*,*,#1870,.T.);
#2519=ORIENTED_EDGE('',*,*,#1871,.T.);
#2520=ORIENTED_EDGE('',*,*,#1868,.F.);
#2521=ORIENTED_EDGE('',*,*,#1623,.F.);
#2522=ORIENTED_EDGE('',*,*,#1872,.T.);
#2523=ORIENTED_EDGE('',*,*,#1873,.T.);
#2524=ORIENTED_EDGE('',*,*,#1870,.F.);
#2525=ORIENTED_EDGE('',*,*,#1622,.F.);
#2526=ORIENTED_EDGE('',*,*,#1874,.T.);
#2527=ORIENTED_EDGE('',*,*,#1875,.T.);
#2528=ORIENTED_EDGE('',*,*,#1872,.F.);
#2529=ORIENTED_EDGE('',*,*,#1621,.F.);
#2530=ORIENTED_EDGE('',*,*,#1876,.T.);
#2531=ORIENTED_EDGE('',*,*,#1877,.T.);
#2532=ORIENTED_EDGE('',*,*,#1874,.F.);
#2533=ORIENTED_EDGE('',*,*,#1620,.F.);
#2534=ORIENTED_EDGE('',*,*,#1878,.T.);
#2535=ORIENTED_EDGE('',*,*,#1879,.T.);
#2536=ORIENTED_EDGE('',*,*,#1876,.F.);
#2537=ORIENTED_EDGE('',*,*,#1619,.F.);
#2538=ORIENTED_EDGE('',*,*,#1880,.T.);
#2539=ORIENTED_EDGE('',*,*,#1881,.T.);
#2540=ORIENTED_EDGE('',*,*,#1878,.F.);
#2541=ORIENTED_EDGE('',*,*,#1618,.F.);
#2542=ORIENTED_EDGE('',*,*,#1882,.T.);
#2543=ORIENTED_EDGE('',*,*,#1883,.T.);
#2544=ORIENTED_EDGE('',*,*,#1880,.F.);
#2545=ORIENTED_EDGE('',*,*,#1617,.F.);
#2546=ORIENTED_EDGE('',*,*,#1884,.T.);
#2547=ORIENTED_EDGE('',*,*,#1885,.T.);
#2548=ORIENTED_EDGE('',*,*,#1882,.F.);
#2549=ORIENTED_EDGE('',*,*,#1616,.F.);
#2550=ORIENTED_EDGE('',*,*,#1886,.T.);
#2551=ORIENTED_EDGE('',*,*,#1887,.T.);
#2552=ORIENTED_EDGE('',*,*,#1884,.F.);
#2553=ORIENTED_EDGE('',*,*,#1615,.F.);
#2554=ORIENTED_EDGE('',*,*,#1888,.T.);
#2555=ORIENTED_EDGE('',*,*,#1889,.T.);
#2556=ORIENTED_EDGE('',*,*,#1886,.F.);
#2557=ORIENTED_EDGE('',*,*,#1614,.F.);
#2558=ORIENTED_EDGE('',*,*,#1890,.T.);
#2559=ORIENTED_EDGE('',*,*,#1891,.T.);
#2560=ORIENTED_EDGE('',*,*,#1888,.F.);
#2561=ORIENTED_EDGE('',*,*,#1613,.F.);
#2562=ORIENTED_EDGE('',*,*,#1892,.T.);
#2563=ORIENTED_EDGE('',*,*,#1893,.T.);
#2564=ORIENTED_EDGE('',*,*,#1890,.F.);
#2565=ORIENTED_EDGE('',*,*,#1612,.F.);
#2566=ORIENTED_EDGE('',*,*,#1894,.T.);
#2567=ORIENTED_EDGE('',*,*,#1895,.T.);
#2568=ORIENTED_EDGE('',*,*,#1892,.F.);
#2569=ORIENTED_EDGE('',*,*,#1611,.F.);
#2570=ORIENTED_EDGE('',*,*,#1896,.T.);
#2571=ORIENTED_EDGE('',*,*,#1897,.T.);
#2572=ORIENTED_EDGE('',*,*,#1894,.F.);
#2573=ORIENTED_EDGE('',*,*,#1610,.F.);
#2574=ORIENTED_EDGE('',*,*,#1898,.T.);
#2575=ORIENTED_EDGE('',*,*,#1899,.T.);
#2576=ORIENTED_EDGE('',*,*,#1896,.F.);
#2577=ORIENTED_EDGE('',*,*,#1609,.F.);
#2578=ORIENTED_EDGE('',*,*,#1853,.T.);
#2579=ORIENTED_EDGE('',*,*,#1900,.T.);
#2580=ORIENTED_EDGE('',*,*,#1898,.F.);
#2581=ORIENTED_EDGE('',*,*,#1900,.F.);
#2582=ORIENTED_EDGE('',*,*,#1852,.F.);
#2583=ORIENTED_EDGE('',*,*,#1855,.F.);
#2584=ORIENTED_EDGE('',*,*,#1857,.F.);
#2585=ORIENTED_EDGE('',*,*,#1859,.F.);
#2586=ORIENTED_EDGE('',*,*,#1861,.F.);
#2587=ORIENTED_EDGE('',*,*,#1863,.F.);
#2588=ORIENTED_EDGE('',*,*,#1865,.F.);
#2589=ORIENTED_EDGE('',*,*,#1867,.F.);
#2590=ORIENTED_EDGE('',*,*,#1869,.F.);
#2591=ORIENTED_EDGE('',*,*,#1871,.F.);
#2592=ORIENTED_EDGE('',*,*,#1873,.F.);
#2593=ORIENTED_EDGE('',*,*,#1875,.F.);
#2594=ORIENTED_EDGE('',*,*,#1877,.F.);
#2595=ORIENTED_EDGE('',*,*,#1879,.F.);
#2596=ORIENTED_EDGE('',*,*,#1881,.F.);
#2597=ORIENTED_EDGE('',*,*,#1883,.F.);
#2598=ORIENTED_EDGE('',*,*,#1885,.F.);
#2599=ORIENTED_EDGE('',*,*,#1887,.F.);
#2600=ORIENTED_EDGE('',*,*,#1889,.F.);
#2601=ORIENTED_EDGE('',*,*,#1891,.F.);
#2602=ORIENTED_EDGE('',*,*,#1893,.F.);
#2603=ORIENTED_EDGE('',*,*,#1895,.F.);
#2604=ORIENTED_EDGE('',*,*,#1897,.F.);
#2605=ORIENTED_EDGE('',*,*,#1899,.F.);
#2606=ORIENTED_EDGE('',*,*,#1850,.F.);
#2607=ORIENTED_EDGE('',*,*,#1826,.F.);
#2608=ORIENTED_EDGE('',*,*,#1830,.F.);
#2609=ORIENTED_EDGE('',*,*,#1833,.F.);
#2610=ORIENTED_EDGE('',*,*,#1836,.F.);
#2611=ORIENTED_EDGE('',*,*,#1839,.F.);
#2612=ORIENTED_EDGE('',*,*,#1842,.F.);
#2613=ORIENTED_EDGE('',*,*,#1845,.F.);
#2614=ORIENTED_EDGE('',*,*,#1848,.F.);
#2615=ORIENTED_EDGE('',*,*,#1595,.F.);
#2616=ORIENTED_EDGE('',*,*,#1901,.T.);
#2617=ORIENTED_EDGE('',*,*,#1902,.T.);
#2618=ORIENTED_EDGE('',*,*,#1903,.F.);
#2619=ORIENTED_EDGE('',*,*,#1607,.F.);
#2620=ORIENTED_EDGE('',*,*,#1904,.T.);
#2621=ORIENTED_EDGE('',*,*,#1905,.T.);
#2622=ORIENTED_EDGE('',*,*,#1901,.F.);
#2623=ORIENTED_EDGE('',*,*,#1606,.F.);
#2624=ORIENTED_EDGE('',*,*,#1906,.T.);
#2625=ORIENTED_EDGE('',*,*,#1907,.T.);
#2626=ORIENTED_EDGE('',*,*,#1904,.F.);
#2627=ORIENTED_EDGE('',*,*,#1605,.F.);
#2628=ORIENTED_EDGE('',*,*,#1908,.T.);
#2629=ORIENTED_EDGE('',*,*,#1909,.T.);
#2630=ORIENTED_EDGE('',*,*,#1906,.F.);
#2631=ORIENTED_EDGE('',*,*,#1604,.F.);
#2632=ORIENTED_EDGE('',*,*,#1910,.T.);
#2633=ORIENTED_EDGE('',*,*,#1911,.T.);
#2634=ORIENTED_EDGE('',*,*,#1908,.F.);
#2635=ORIENTED_EDGE('',*,*,#1603,.F.);
#2636=ORIENTED_EDGE('',*,*,#1912,.T.);
#2637=ORIENTED_EDGE('',*,*,#1913,.T.);
#2638=ORIENTED_EDGE('',*,*,#1910,.F.);
#2639=ORIENTED_EDGE('',*,*,#1602,.F.);
#2640=ORIENTED_EDGE('',*,*,#1914,.T.);
#2641=ORIENTED_EDGE('',*,*,#1915,.T.);
#2642=ORIENTED_EDGE('',*,*,#1912,.F.);
#2643=ORIENTED_EDGE('',*,*,#1601,.F.);
#2644=ORIENTED_EDGE('',*,*,#1916,.T.);
#2645=ORIENTED_EDGE('',*,*,#1917,.T.);
#2646=ORIENTED_EDGE('',*,*,#1914,.F.);
#2647=ORIENTED_EDGE('',*,*,#1600,.F.);
#2648=ORIENTED_EDGE('',*,*,#1918,.T.);
#2649=ORIENTED_EDGE('',*,*,#1919,.T.);
#2650=ORIENTED_EDGE('',*,*,#1916,.F.);
#2651=ORIENTED_EDGE('',*,*,#1599,.F.);
#2652=ORIENTED_EDGE('',*,*,#1920,.T.);
#2653=ORIENTED_EDGE('',*,*,#1921,.T.);
#2654=ORIENTED_EDGE('',*,*,#1918,.F.);
#2655=ORIENTED_EDGE('',*,*,#1598,.F.);
#2656=ORIENTED_EDGE('',*,*,#1922,.T.);
#2657=ORIENTED_EDGE('',*,*,#1923,.T.);
#2658=ORIENTED_EDGE('',*,*,#1920,.F.);
#2659=ORIENTED_EDGE('',*,*,#1597,.F.);
#2660=ORIENTED_EDGE('',*,*,#1924,.T.);
#2661=ORIENTED_EDGE('',*,*,#1925,.T.);
#2662=ORIENTED_EDGE('',*,*,#1922,.F.);
#2663=ORIENTED_EDGE('',*,*,#1596,.F.);
#2664=ORIENTED_EDGE('',*,*,#1903,.T.);
#2665=ORIENTED_EDGE('',*,*,#1926,.T.);
#2666=ORIENTED_EDGE('',*,*,#1924,.F.);
#2667=ORIENTED_EDGE('',*,*,#1926,.F.);
#2668=ORIENTED_EDGE('',*,*,#1902,.F.);
#2669=ORIENTED_EDGE('',*,*,#1905,.F.);
#2670=ORIENTED_EDGE('',*,*,#1907,.F.);
#2671=ORIENTED_EDGE('',*,*,#1909,.F.);
#2672=ORIENTED_EDGE('',*,*,#1911,.F.);
#2673=ORIENTED_EDGE('',*,*,#1913,.F.);
#2674=ORIENTED_EDGE('',*,*,#1915,.F.);
#2675=ORIENTED_EDGE('',*,*,#1917,.F.);
#2676=ORIENTED_EDGE('',*,*,#1919,.F.);
#2677=ORIENTED_EDGE('',*,*,#1921,.F.);
#2678=ORIENTED_EDGE('',*,*,#1923,.F.);
#2679=ORIENTED_EDGE('',*,*,#1925,.F.);
#2680=ORIENTED_EDGE('',*,*,#1927,.F.);
#2681=ORIENTED_EDGE('',*,*,#1928,.T.);
#2682=ORIENTED_EDGE('',*,*,#1929,.T.);
#2683=ORIENTED_EDGE('',*,*,#1930,.F.);
#2684=ORIENTED_EDGE('',*,*,#1931,.F.);
#2685=ORIENTED_EDGE('',*,*,#1932,.T.);
#2686=ORIENTED_EDGE('',*,*,#1933,.T.);
#2687=ORIENTED_EDGE('',*,*,#1928,.F.);
#2688=ORIENTED_EDGE('',*,*,#1934,.F.);
#2689=ORIENTED_EDGE('',*,*,#1935,.T.);
#2690=ORIENTED_EDGE('',*,*,#1936,.T.);
#2691=ORIENTED_EDGE('',*,*,#1932,.F.);
#2692=ORIENTED_EDGE('',*,*,#1937,.F.);
#2693=ORIENTED_EDGE('',*,*,#1938,.T.);
#2694=ORIENTED_EDGE('',*,*,#1939,.T.);
#2695=ORIENTED_EDGE('',*,*,#1935,.F.);
#2696=ORIENTED_EDGE('',*,*,#1940,.F.);
#2697=ORIENTED_EDGE('',*,*,#1941,.T.);
#2698=ORIENTED_EDGE('',*,*,#1942,.T.);
#2699=ORIENTED_EDGE('',*,*,#1938,.F.);
#2700=ORIENTED_EDGE('',*,*,#1943,.F.);
#2701=ORIENTED_EDGE('',*,*,#1944,.T.);
#2702=ORIENTED_EDGE('',*,*,#1945,.T.);
#2703=ORIENTED_EDGE('',*,*,#1941,.F.);
#2704=ORIENTED_EDGE('',*,*,#1946,.F.);
#2705=ORIENTED_EDGE('',*,*,#1947,.T.);
#2706=ORIENTED_EDGE('',*,*,#1948,.T.);
#2707=ORIENTED_EDGE('',*,*,#1944,.F.);
#2708=ORIENTED_EDGE('',*,*,#1949,.F.);
#2709=ORIENTED_EDGE('',*,*,#1930,.T.);
#2710=ORIENTED_EDGE('',*,*,#1950,.T.);
#2711=ORIENTED_EDGE('',*,*,#1947,.F.);
#2712=ORIENTED_EDGE('',*,*,#1585,.F.);
#2713=ORIENTED_EDGE('',*,*,#1951,.T.);
#2714=ORIENTED_EDGE('',*,*,#1952,.T.);
#2715=ORIENTED_EDGE('',*,*,#1953,.F.);
#2716=ORIENTED_EDGE('',*,*,#1594,.F.);
#2717=ORIENTED_EDGE('',*,*,#1954,.T.);
#2718=ORIENTED_EDGE('',*,*,#1955,.T.);
#2719=ORIENTED_EDGE('',*,*,#1951,.F.);
#2720=ORIENTED_EDGE('',*,*,#1593,.F.);
#2721=ORIENTED_EDGE('',*,*,#1956,.T.);
#2722=ORIENTED_EDGE('',*,*,#1957,.T.);
#2723=ORIENTED_EDGE('',*,*,#1954,.F.);
#2724=ORIENTED_EDGE('',*,*,#1592,.F.);
#2725=ORIENTED_EDGE('',*,*,#1958,.T.);
#2726=ORIENTED_EDGE('',*,*,#1959,.T.);
#2727=ORIENTED_EDGE('',*,*,#1956,.F.);
#2728=ORIENTED_EDGE('',*,*,#1591,.F.);
#2729=ORIENTED_EDGE('',*,*,#1960,.T.);
#2730=ORIENTED_EDGE('',*,*,#1961,.T.);
#2731=ORIENTED_EDGE('',*,*,#1958,.F.);
#2732=ORIENTED_EDGE('',*,*,#1590,.F.);
#2733=ORIENTED_EDGE('',*,*,#1962,.T.);
#2734=ORIENTED_EDGE('',*,*,#1963,.T.);
#2735=ORIENTED_EDGE('',*,*,#1960,.F.);
#2736=ORIENTED_EDGE('',*,*,#1589,.F.);
#2737=ORIENTED_EDGE('',*,*,#1964,.T.);
#2738=ORIENTED_EDGE('',*,*,#1965,.T.);
#2739=ORIENTED_EDGE('',*,*,#1962,.F.);
#2740=ORIENTED_EDGE('',*,*,#1588,.F.);
#2741=ORIENTED_EDGE('',*,*,#1966,.T.);
#2742=ORIENTED_EDGE('',*,*,#1967,.T.);
#2743=ORIENTED_EDGE('',*,*,#1964,.F.);
#2744=ORIENTED_EDGE('',*,*,#1587,.F.);
#2745=ORIENTED_EDGE('',*,*,#1968,.T.);
#2746=ORIENTED_EDGE('',*,*,#1969,.T.);
#2747=ORIENTED_EDGE('',*,*,#1966,.F.);
#2748=ORIENTED_EDGE('',*,*,#1586,.F.);
#2749=ORIENTED_EDGE('',*,*,#1953,.T.);
#2750=ORIENTED_EDGE('',*,*,#1970,.T.);
#2751=ORIENTED_EDGE('',*,*,#1968,.F.);
#2752=ORIENTED_EDGE('',*,*,#1970,.F.);
#2753=ORIENTED_EDGE('',*,*,#1952,.F.);
#2754=ORIENTED_EDGE('',*,*,#1955,.F.);
#2755=ORIENTED_EDGE('',*,*,#1957,.F.);
#2756=ORIENTED_EDGE('',*,*,#1959,.F.);
#2757=ORIENTED_EDGE('',*,*,#1961,.F.);
#2758=ORIENTED_EDGE('',*,*,#1963,.F.);
#2759=ORIENTED_EDGE('',*,*,#1965,.F.);
#2760=ORIENTED_EDGE('',*,*,#1967,.F.);
#2761=ORIENTED_EDGE('',*,*,#1969,.F.);
#2762=ORIENTED_EDGE('',*,*,#1950,.F.);
#2763=ORIENTED_EDGE('',*,*,#1929,.F.);
#2764=ORIENTED_EDGE('',*,*,#1933,.F.);
#2765=ORIENTED_EDGE('',*,*,#1936,.F.);
#2766=ORIENTED_EDGE('',*,*,#1939,.F.);
#2767=ORIENTED_EDGE('',*,*,#1942,.F.);
#2768=ORIENTED_EDGE('',*,*,#1945,.F.);
#2769=ORIENTED_EDGE('',*,*,#1948,.F.);
#2770=ORIENTED_EDGE('',*,*,#1575,.F.);
#2771=ORIENTED_EDGE('',*,*,#1971,.T.);
#2772=ORIENTED_EDGE('',*,*,#1972,.T.);
#2773=ORIENTED_EDGE('',*,*,#1973,.F.);
#2774=ORIENTED_EDGE('',*,*,#1584,.F.);
#2775=ORIENTED_EDGE('',*,*,#1974,.T.);
#2776=ORIENTED_EDGE('',*,*,#1975,.T.);
#2777=ORIENTED_EDGE('',*,*,#1971,.F.);
#2778=ORIENTED_EDGE('',*,*,#1583,.F.);
#2779=ORIENTED_EDGE('',*,*,#1976,.T.);
#2780=ORIENTED_EDGE('',*,*,#1977,.T.);
#2781=ORIENTED_EDGE('',*,*,#1974,.F.);
#2782=ORIENTED_EDGE('',*,*,#1582,.F.);
#2783=ORIENTED_EDGE('',*,*,#1978,.T.);
#2784=ORIENTED_EDGE('',*,*,#1979,.T.);
#2785=ORIENTED_EDGE('',*,*,#1976,.F.);
#2786=ORIENTED_EDGE('',*,*,#1581,.F.);
#2787=ORIENTED_EDGE('',*,*,#1980,.T.);
#2788=ORIENTED_EDGE('',*,*,#1981,.T.);
#2789=ORIENTED_EDGE('',*,*,#1978,.F.);
#2790=ORIENTED_EDGE('',*,*,#1580,.F.);
#2791=ORIENTED_EDGE('',*,*,#1982,.T.);
#2792=ORIENTED_EDGE('',*,*,#1983,.T.);
#2793=ORIENTED_EDGE('',*,*,#1980,.F.);
#2794=ORIENTED_EDGE('',*,*,#1579,.F.);
#2795=ORIENTED_EDGE('',*,*,#1984,.T.);
#2796=ORIENTED_EDGE('',*,*,#1985,.T.);
#2797=ORIENTED_EDGE('',*,*,#1982,.F.);
#2798=ORIENTED_EDGE('',*,*,#1578,.F.);
#2799=ORIENTED_EDGE('',*,*,#1986,.T.);
#2800=ORIENTED_EDGE('',*,*,#1987,.T.);
#2801=ORIENTED_EDGE('',*,*,#1984,.F.);
#2802=ORIENTED_EDGE('',*,*,#1577,.F.);
#2803=ORIENTED_EDGE('',*,*,#1988,.T.);
#2804=ORIENTED_EDGE('',*,*,#1989,.T.);
#2805=ORIENTED_EDGE('',*,*,#1986,.F.);
#2806=ORIENTED_EDGE('',*,*,#1576,.F.);
#2807=ORIENTED_EDGE('',*,*,#1973,.T.);
#2808=ORIENTED_EDGE('',*,*,#1990,.T.);
#2809=ORIENTED_EDGE('',*,*,#1988,.F.);
#2810=ORIENTED_EDGE('',*,*,#1990,.F.);
#2811=ORIENTED_EDGE('',*,*,#1972,.F.);
#2812=ORIENTED_EDGE('',*,*,#1975,.F.);
#2813=ORIENTED_EDGE('',*,*,#1977,.F.);
#2814=ORIENTED_EDGE('',*,*,#1979,.F.);
#2815=ORIENTED_EDGE('',*,*,#1981,.F.);
#2816=ORIENTED_EDGE('',*,*,#1983,.F.);
#2817=ORIENTED_EDGE('',*,*,#1985,.F.);
#2818=ORIENTED_EDGE('',*,*,#1987,.F.);
#2819=ORIENTED_EDGE('',*,*,#1989,.F.);
#2820=ORIENTED_EDGE('',*,*,#1927,.T.);
#2821=ORIENTED_EDGE('',*,*,#1949,.T.);
#2822=ORIENTED_EDGE('',*,*,#1946,.T.);
#2823=ORIENTED_EDGE('',*,*,#1943,.T.);
#2824=ORIENTED_EDGE('',*,*,#1940,.T.);
#2825=ORIENTED_EDGE('',*,*,#1937,.T.);
#2826=ORIENTED_EDGE('',*,*,#1934,.T.);
#2827=ORIENTED_EDGE('',*,*,#1931,.T.);
#2828=ORIENTED_EDGE('',*,*,#1824,.T.);
#2829=ORIENTED_EDGE('',*,*,#1849,.T.);
#2830=ORIENTED_EDGE('',*,*,#1846,.T.);
#2831=ORIENTED_EDGE('',*,*,#1843,.T.);
#2832=ORIENTED_EDGE('',*,*,#1840,.T.);
#2833=ORIENTED_EDGE('',*,*,#1837,.T.);
#2834=ORIENTED_EDGE('',*,*,#1834,.T.);
#2835=ORIENTED_EDGE('',*,*,#1831,.T.);
#2836=ORIENTED_EDGE('',*,*,#1828,.T.);
#2837=ORIENTED_EDGE('',*,*,#1773,.T.);
#2838=ORIENTED_EDGE('',*,*,#1798,.T.);
#2839=ORIENTED_EDGE('',*,*,#1795,.T.);
#2840=ORIENTED_EDGE('',*,*,#1792,.T.);
#2841=ORIENTED_EDGE('',*,*,#1789,.T.);
#2842=ORIENTED_EDGE('',*,*,#1786,.T.);
#2843=ORIENTED_EDGE('',*,*,#1783,.T.);
#2844=ORIENTED_EDGE('',*,*,#1780,.T.);
#2845=ORIENTED_EDGE('',*,*,#1777,.T.);
#2846=ORIENTED_EDGE('',*,*,#1725,.T.);
#2847=ORIENTED_EDGE('',*,*,#1747,.T.);
#2848=ORIENTED_EDGE('',*,*,#1744,.T.);
#2849=ORIENTED_EDGE('',*,*,#1741,.T.);
#2850=ORIENTED_EDGE('',*,*,#1738,.T.);
#2851=ORIENTED_EDGE('',*,*,#1735,.T.);
#2852=ORIENTED_EDGE('',*,*,#1732,.T.);
#2853=ORIENTED_EDGE('',*,*,#1729,.T.);
#2854=ORIENTED_EDGE('',*,*,#1991,.T.);
#2855=ORIENTED_EDGE('',*,*,#1992,.T.);
#2856=ORIENTED_EDGE('',*,*,#1570,.F.);
#2857=ORIENTED_EDGE('',*,*,#1993,.F.);
#2858=ORIENTED_EDGE('',*,*,#1994,.T.);
#2859=ORIENTED_EDGE('',*,*,#1993,.T.);
#2860=ORIENTED_EDGE('',*,*,#1569,.F.);
#2861=ORIENTED_EDGE('',*,*,#1995,.F.);
#2862=ORIENTED_EDGE('',*,*,#1996,.T.);
#2863=ORIENTED_EDGE('',*,*,#1995,.T.);
#2864=ORIENTED_EDGE('',*,*,#1568,.F.);
#2865=ORIENTED_EDGE('',*,*,#1997,.F.);
#2866=ORIENTED_EDGE('',*,*,#1998,.T.);
#2867=ORIENTED_EDGE('',*,*,#1997,.T.);
#2868=ORIENTED_EDGE('',*,*,#1567,.F.);
#2869=ORIENTED_EDGE('',*,*,#1992,.F.);
#2870=ORIENTED_EDGE('',*,*,#1999,.T.);
#2871=ORIENTED_EDGE('',*,*,#2000,.T.);
#2872=ORIENTED_EDGE('',*,*,#1574,.F.);
#2873=ORIENTED_EDGE('',*,*,#2001,.F.);
#2874=ORIENTED_EDGE('',*,*,#2002,.T.);
#2875=ORIENTED_EDGE('',*,*,#2001,.T.);
#2876=ORIENTED_EDGE('',*,*,#1573,.F.);
#2877=ORIENTED_EDGE('',*,*,#2003,.F.);
#2878=ORIENTED_EDGE('',*,*,#2004,.T.);
#2879=ORIENTED_EDGE('',*,*,#2003,.T.);
#2880=ORIENTED_EDGE('',*,*,#1572,.F.);
#2881=ORIENTED_EDGE('',*,*,#2005,.F.);
#2882=ORIENTED_EDGE('',*,*,#2006,.T.);
#2883=ORIENTED_EDGE('',*,*,#2005,.T.);
#2884=ORIENTED_EDGE('',*,*,#1571,.F.);
#2885=ORIENTED_EDGE('',*,*,#2000,.F.);
#2886=ORIENTED_EDGE('',*,*,#1557,.F.);
#2887=ORIENTED_EDGE('',*,*,#1566,.F.);
#2888=ORIENTED_EDGE('',*,*,#1681,.F.);
#2889=ORIENTED_EDGE('',*,*,#2007,.F.);
#2890=ORIENTED_EDGE('',*,*,#1674,.F.);
#2891=ORIENTED_EDGE('',*,*,#2008,.F.);
#2892=ORIENTED_EDGE('',*,*,#1675,.F.);
#2893=ORIENTED_EDGE('',*,*,#1562,.F.);
#2894=ORIENTED_EDGE('',*,*,#1682,.T.);
#2895=ORIENTED_EDGE('',*,*,#1695,.T.);
#2896=ORIENTED_EDGE('',*,*,#1692,.T.);
#2897=ORIENTED_EDGE('',*,*,#1689,.T.);
#2898=ORIENTED_EDGE('',*,*,#1686,.T.);
#2899=ORIENTED_EDGE('',*,*,#1558,.F.);
#2900=ORIENTED_EDGE('',*,*,#2007,.T.);
#2901=ORIENTED_EDGE('',*,*,#1680,.F.);
#2902=ORIENTED_EDGE('',*,*,#1678,.T.);
#2903=ORIENTED_EDGE('',*,*,#1676,.F.);
#2904=ORIENTED_EDGE('',*,*,#2008,.T.);
#2905=ORIENTED_EDGE('',*,*,#1673,.F.);
#2906=ORIENTED_EDGE('',*,*,#1671,.T.);
#2907=ORIENTED_EDGE('',*,*,#2006,.F.);
#2908=ORIENTED_EDGE('',*,*,#1999,.F.);
#2909=ORIENTED_EDGE('',*,*,#2002,.F.);
#2910=ORIENTED_EDGE('',*,*,#2004,.F.);
#2911=ORIENTED_EDGE('',*,*,#1998,.F.);
#2912=ORIENTED_EDGE('',*,*,#1991,.F.);
#2913=ORIENTED_EDGE('',*,*,#1994,.F.);
#2914=ORIENTED_EDGE('',*,*,#1996,.F.);
#2915=CYLINDRICAL_SURFACE('',#3098,5.);
#2916=CYLINDRICAL_SURFACE('',#3106,5.);
#2917=CYLINDRICAL_SURFACE('',#3108,5.);
#2918=CYLINDRICAL_SURFACE('',#3111,5.);
#2919=ADVANCED_FACE('',(#374),#2915,.T.);
#2920=ADVANCED_FACE('',(#375,#288,#289,#290,#291,#292,#293,#294,#295,#296),
#304,.T.);
#2921=ADVANCED_FACE('',(#376),#305,.T.);
#2922=ADVANCED_FACE('',(#377),#2916,.T.);
#2923=ADVANCED_FACE('',(#378),#2917,.T.);
#2924=ADVANCED_FACE('',(#379),#306,.T.);
#2925=ADVANCED_FACE('',(#380),#2918,.T.);
#2926=ADVANCED_FACE('',(#381),#15,.F.);
#2927=ADVANCED_FACE('',(#382),#16,.F.);
#2928=ADVANCED_FACE('',(#383),#17,.F.);
#2929=ADVANCED_FACE('',(#384),#18,.F.);
#2930=ADVANCED_FACE('',(#385),#307,.F.);
#2931=ADVANCED_FACE('',(#386),#19,.F.);
#2932=ADVANCED_FACE('',(#387),#20,.F.);
#2933=ADVANCED_FACE('',(#388),#21,.F.);
#2934=ADVANCED_FACE('',(#389),#308,.F.);
#2935=ADVANCED_FACE('',(#390),#22,.F.);
#2936=ADVANCED_FACE('',(#391),#23,.F.);
#2937=ADVANCED_FACE('',(#392),#24,.F.);
#2938=ADVANCED_FACE('',(#393),#25,.F.);
#2939=ADVANCED_FACE('',(#394),#26,.F.);
#2940=ADVANCED_FACE('',(#395),#27,.F.);
#2941=ADVANCED_FACE('',(#396),#28,.F.);
#2942=ADVANCED_FACE('',(#397),#29,.F.);
#2943=ADVANCED_FACE('',(#398),#309,.F.);
#2944=ADVANCED_FACE('',(#399),#30,.F.);
#2945=ADVANCED_FACE('',(#400,#297),#310,.T.);
#2946=ADVANCED_FACE('',(#401),#31,.F.);
#2947=ADVANCED_FACE('',(#402),#32,.F.);
#2948=ADVANCED_FACE('',(#403),#33,.F.);
#2949=ADVANCED_FACE('',(#404),#34,.F.);
#2950=ADVANCED_FACE('',(#405),#35,.F.);
#2951=ADVANCED_FACE('',(#406),#36,.F.);
#2952=ADVANCED_FACE('',(#407),#37,.F.);
#2953=ADVANCED_FACE('',(#408),#38,.F.);
#2954=ADVANCED_FACE('',(#409),#311,.F.);
#2955=ADVANCED_FACE('',(#410),#312,.F.);
#2956=ADVANCED_FACE('',(#411),#39,.F.);
#2957=ADVANCED_FACE('',(#412),#40,.F.);
#2958=ADVANCED_FACE('',(#413),#41,.F.);
#2959=ADVANCED_FACE('',(#414),#42,.F.);
#2960=ADVANCED_FACE('',(#415),#43,.F.);
#2961=ADVANCED_FACE('',(#416),#44,.F.);
#2962=ADVANCED_FACE('',(#417),#45,.F.);
#2963=ADVANCED_FACE('',(#418),#313,.F.);
#2964=ADVANCED_FACE('',(#419),#314,.F.);
#2965=ADVANCED_FACE('',(#420),#315,.F.);
#2966=ADVANCED_FACE('',(#421,#298),#316,.T.);
#2967=ADVANCED_FACE('',(#422),#46,.F.);
#2968=ADVANCED_FACE('',(#423),#47,.F.);
#2969=ADVANCED_FACE('',(#424),#48,.F.);
#2970=ADVANCED_FACE('',(#425),#49,.F.);
#2971=ADVANCED_FACE('',(#426),#50,.F.);
#2972=ADVANCED_FACE('',(#427),#51,.F.);
#2973=ADVANCED_FACE('',(#428),#317,.F.);
#2974=ADVANCED_FACE('',(#429),#318,.F.);
#2975=ADVANCED_FACE('',(#430),#319,.F.);
#2976=ADVANCED_FACE('',(#431),#320,.F.);
#2977=ADVANCED_FACE('',(#432),#321,.F.);
#2978=ADVANCED_FACE('',(#433),#52,.F.);
#2979=ADVANCED_FACE('',(#434),#53,.F.);
#2980=ADVANCED_FACE('',(#435),#54,.F.);
#2981=ADVANCED_FACE('',(#436),#55,.F.);
#2982=ADVANCED_FACE('',(#437),#56,.F.);
#2983=ADVANCED_FACE('',(#438),#57,.F.);
#2984=ADVANCED_FACE('',(#439),#58,.F.);
#2985=ADVANCED_FACE('',(#440),#322,.F.);
#2986=ADVANCED_FACE('',(#441),#323,.F.);
#2987=ADVANCED_FACE('',(#442),#324,.F.);
#2988=ADVANCED_FACE('',(#443,#299),#325,.T.);
#2989=ADVANCED_FACE('',(#444),#59,.F.);
#2990=ADVANCED_FACE('',(#445),#60,.F.);
#2991=ADVANCED_FACE('',(#446),#61,.F.);
#2992=ADVANCED_FACE('',(#447),#62,.F.);
#2993=ADVANCED_FACE('',(#448),#63,.F.);
#2994=ADVANCED_FACE('',(#449),#64,.F.);
#2995=ADVANCED_FACE('',(#450),#65,.F.);
#2996=ADVANCED_FACE('',(#451),#66,.F.);
#2997=ADVANCED_FACE('',(#452),#326,.F.);
#2998=ADVANCED_FACE('',(#453),#67,.F.);
#2999=ADVANCED_FACE('',(#454),#68,.F.);
#3000=ADVANCED_FACE('',(#455),#69,.F.);
#3001=ADVANCED_FACE('',(#456),#327,.F.);
#3002=ADVANCED_FACE('',(#457),#70,.F.);
#3003=ADVANCED_FACE('',(#458),#71,.F.);
#3004=ADVANCED_FACE('',(#459),#72,.F.);
#3005=ADVANCED_FACE('',(#460),#73,.F.);
#3006=ADVANCED_FACE('',(#461),#74,.F.);
#3007=ADVANCED_FACE('',(#462),#75,.F.);
#3008=ADVANCED_FACE('',(#463),#76,.F.);
#3009=ADVANCED_FACE('',(#464),#77,.F.);
#3010=ADVANCED_FACE('',(#465),#78,.F.);
#3011=ADVANCED_FACE('',(#466),#79,.F.);
#3012=ADVANCED_FACE('',(#467),#328,.F.);
#3013=ADVANCED_FACE('',(#468),#80,.F.);
#3014=ADVANCED_FACE('',(#469),#81,.F.);
#3015=ADVANCED_FACE('',(#470),#329,.F.);
#3016=ADVANCED_FACE('',(#471),#82,.F.);
#3017=ADVANCED_FACE('',(#472),#83,.F.);
#3018=ADVANCED_FACE('',(#473),#84,.F.);
#3019=ADVANCED_FACE('',(#474),#85,.F.);
#3020=ADVANCED_FACE('',(#475),#86,.F.);
#3021=ADVANCED_FACE('',(#476),#330,.F.);
#3022=ADVANCED_FACE('',(#477),#87,.F.);
#3023=ADVANCED_FACE('',(#478,#300),#331,.T.);
#3024=ADVANCED_FACE('',(#479),#332,.F.);
#3025=ADVANCED_FACE('',(#480),#333,.F.);
#3026=ADVANCED_FACE('',(#481),#334,.F.);
#3027=ADVANCED_FACE('',(#482),#335,.F.);
#3028=ADVANCED_FACE('',(#483),#336,.F.);
#3029=ADVANCED_FACE('',(#484),#337,.F.);
#3030=ADVANCED_FACE('',(#485),#338,.F.);
#3031=ADVANCED_FACE('',(#486),#339,.F.);
#3032=ADVANCED_FACE('',(#487),#340,.F.);
#3033=ADVANCED_FACE('',(#488),#341,.F.);
#3034=ADVANCED_FACE('',(#489),#342,.F.);
#3035=ADVANCED_FACE('',(#490),#343,.F.);
#3036=ADVANCED_FACE('',(#491),#344,.F.);
#3037=ADVANCED_FACE('',(#492),#345,.F.);
#3038=ADVANCED_FACE('',(#493),#88,.F.);
#3039=ADVANCED_FACE('',(#494),#89,.F.);
#3040=ADVANCED_FACE('',(#495),#90,.F.);
#3041=ADVANCED_FACE('',(#496),#91,.F.);
#3042=ADVANCED_FACE('',(#497),#92,.F.);
#3043=ADVANCED_FACE('',(#498),#93,.F.);
#3044=ADVANCED_FACE('',(#499),#94,.F.);
#3045=ADVANCED_FACE('',(#500),#95,.F.);
#3046=ADVANCED_FACE('',(#501),#96,.F.);
#3047=ADVANCED_FACE('',(#502),#97,.F.);
#3048=ADVANCED_FACE('',(#503),#98,.F.);
#3049=ADVANCED_FACE('',(#504),#99,.F.);
#3050=ADVANCED_FACE('',(#505),#100,.F.);
#3051=ADVANCED_FACE('',(#506),#101,.F.);
#3052=ADVANCED_FACE('',(#507),#102,.F.);
#3053=ADVANCED_FACE('',(#508),#103,.F.);
#3054=ADVANCED_FACE('',(#509),#104,.F.);
#3055=ADVANCED_FACE('',(#510),#105,.F.);
#3056=ADVANCED_FACE('',(#511,#301),#346,.T.);
#3057=ADVANCED_FACE('',(#512),#347,.F.);
#3058=ADVANCED_FACE('',(#513),#348,.F.);
#3059=ADVANCED_FACE('',(#514),#349,.F.);
#3060=ADVANCED_FACE('',(#515),#350,.F.);
#3061=ADVANCED_FACE('',(#516),#351,.F.);
#3062=ADVANCED_FACE('',(#517),#352,.F.);
#3063=ADVANCED_FACE('',(#518),#353,.F.);
#3064=ADVANCED_FACE('',(#519),#354,.F.);
#3065=ADVANCED_FACE('',(#520),#355,.F.);
#3066=ADVANCED_FACE('',(#521),#356,.F.);
#3067=ADVANCED_FACE('',(#522),#357,.F.);
#3068=ADVANCED_FACE('',(#523),#358,.T.);
#3069=ADVANCED_FACE('',(#524),#359,.T.);
#3070=ADVANCED_FACE('',(#525),#360,.T.);
#3071=ADVANCED_FACE('',(#526),#361,.T.);
#3072=ADVANCED_FACE('',(#527),#362,.T.);
#3073=ADVANCED_FACE('',(#528),#363,.T.);
#3074=ADVANCED_FACE('',(#529),#364,.T.);
#3075=ADVANCED_FACE('',(#530),#365,.T.);
#3076=ADVANCED_FACE('',(#531),#366,.T.);
#3077=ADVANCED_FACE('',(#532),#367,.T.);
#3078=ADVANCED_FACE('',(#533),#368,.T.);
#3079=ADVANCED_FACE('',(#534),#369,.T.);
#3080=ADVANCED_FACE('',(#535),#370,.T.);
#3081=ADVANCED_FACE('',(#536),#371,.T.);
#3082=ADVANCED_FACE('',(#537),#372,.T.);
#3083=ADVANCED_FACE('',(#538,#302,#303),#373,.F.);
#3084=CLOSED_SHELL('',(#2919,#2920,#2921,#2922,#2923,#2924,#2925,#2926,
#2927,#2928,#2929,#2930,#2931,#2932,#2933,#2934,#2935,#2936,#2937,#2938,
#2939,#2940,#2941,#2942,#2943,#2944,#2945,#2946,#2947,#2948,#2949,#2950,
#2951,#2952,#2953,#2954,#2955,#2956,#2957,#2958,#2959,#2960,#2961,#2962,
#2963,#2964,#2965,#2966,#2967,#2968,#2969,#2970,#2971,#2972,#2973,#2974,
#2975,#2976,#2977,#2978,#2979,#2980,#2981,#2982,#2983,#2984,#2985,#2986,
#2987,#2988,#2989,#2990,#2991,#2992,#2993,#2994,#2995,#2996,#2997,#2998,
#2999,#3000,#3001,#3002,#3003,#3004,#3005,#3006,#3007,#3008,#3009,#3010,
#3011,#3012,#3013,#3014,#3015,#3016,#3017,#3018,#3019,#3020,#3021,#3022,
#3023,#3024,#3025,#3026,#3027,#3028,#3029,#3030,#3031,#3032,#3033,#3034,
#3035,#3036,#3037,#3038,#3039,#3040,#3041,#3042,#3043,#3044,#3045,#3046,
#3047,#3048,#3049,#3050,#3051,#3052,#3053,#3054,#3055,#3056,#3057,#3058,
#3059,#3060,#3061,#3062,#3063,#3064,#3065,#3066,#3067,#3068,#3069,#3070,
#3071,#3072,#3073,#3074,#3075,#3076,#3077,#3078,#3079,#3080,#3081,#3082,
#3083));
#3085=DERIVED_UNIT_ELEMENT(#3087,1.);
#3086=DERIVED_UNIT_ELEMENT(#6082,-3.);
#3087=(
MASS_UNIT()
NAMED_UNIT(*)
SI_UNIT(.KILO.,.GRAM.)
);
#3088=DERIVED_UNIT((#3085,#3086));
#3089=MEASURE_REPRESENTATION_ITEM('density measure',
POSITIVE_RATIO_MEASURE(7850.),#3088);
#3090=PROPERTY_DEFINITION_REPRESENTATION(#3095,#3092);
#3091=PROPERTY_DEFINITION_REPRESENTATION(#3096,#3093);
#3092=REPRESENTATION('material name',(#3094),#6079);
#3093=REPRESENTATION('density',(#3089),#6079);
#3094=DESCRIPTIVE_REPRESENTATION_ITEM('Acero','Acero');
#3095=PROPERTY_DEFINITION('material property','material name',#6089);
#3096=PROPERTY_DEFINITION('material property','density of part',#6089);
#3097=AXIS2_PLACEMENT_3D('',#3609,#3180,#3181);
#3098=AXIS2_PLACEMENT_3D('',#3610,#3182,#3183);
#3099=AXIS2_PLACEMENT_3D('',#3613,#3184,#3185);
#3100=AXIS2_PLACEMENT_3D('',#3617,#3187,#3188);
#3101=AXIS2_PLACEMENT_3D('',#3619,#3190,#3191);
#3102=AXIS2_PLACEMENT_3D('',#3623,#3193,#3194);
#3103=AXIS2_PLACEMENT_3D('',#3627,#3196,#3197);
#3104=AXIS2_PLACEMENT_3D('',#3631,#3199,#3200);
#3105=AXIS2_PLACEMENT_3D('',#4069,#3249,#3250);
#3106=AXIS2_PLACEMENT_3D('',#4073,#3253,#3254);
#3107=AXIS2_PLACEMENT_3D('',#4075,#3255,#3256);
#3108=AXIS2_PLACEMENT_3D('',#4077,#3258,#3259);
#3109=AXIS2_PLACEMENT_3D('',#4081,#3261,#3262);
#3110=AXIS2_PLACEMENT_3D('',#4083,#3264,#3265);
#3111=AXIS2_PLACEMENT_3D('',#4087,#3268,#3269);
#3112=AXIS2_PLACEMENT_3D('',#4089,#3270,#3271);
#3113=AXIS2_PLACEMENT_3D('',#4186,#3278,#3279);
#3114=AXIS2_PLACEMENT_3D('',#4242,#3286,#3287);
#3115=AXIS2_PLACEMENT_3D('',#4382,#3298,#3299);
#3116=AXIS2_PLACEMENT_3D('',#4401,#3302,#3303);
#3117=AXIS2_PLACEMENT_3D('',#4586,#3312,#3313);
#3118=AXIS2_PLACEMENT_3D('',#4592,#3317,#3318);
#3119=AXIS2_PLACEMENT_3D('',#4715,#3328,#3329);
#3120=AXIS2_PLACEMENT_3D('',#4719,#3332,#3333);
#3121=AXIS2_PLACEMENT_3D('',#4723,#3336,#3337);
#3122=AXIS2_PLACEMENT_3D('',#4725,#3339,#3340);
#3123=AXIS2_PLACEMENT_3D('',#4867,#3348,#3349);
#3124=AXIS2_PLACEMENT_3D('',#4873,#3353,#3354);
#3125=AXIS2_PLACEMENT_3D('',#4879,#3358,#3359);
#3126=AXIS2_PLACEMENT_3D('',#4882,#3362,#3363);
#3127=AXIS2_PLACEMENT_3D('',#4888,#3367,#3368);
#3128=AXIS2_PLACEMENT_3D('',#5011,#3378,#3379);
#3129=AXIS2_PLACEMENT_3D('',#5015,#3382,#3383);
#3130=AXIS2_PLACEMENT_3D('',#5019,#3386,#3387);
#3131=AXIS2_PLACEMENT_3D('',#5021,#3389,#3390);
#3132=AXIS2_PLACEMENT_3D('',#5209,#3400,#3401);
#3133=AXIS2_PLACEMENT_3D('',#5265,#3408,#3409);
#3134=AXIS2_PLACEMENT_3D('',#5439,#3422,#3423);
#3135=AXIS2_PLACEMENT_3D('',#5477,#3428,#3429);
#3136=AXIS2_PLACEMENT_3D('',#5566,#3437,#3438);
#3137=AXIS2_PLACEMENT_3D('',#5585,#3441,#3442);
#3138=AXIS2_PLACEMENT_3D('',#5586,#3443,#3444);
#3139=AXIS2_PLACEMENT_3D('',#5592,#3448,#3449);
#3140=AXIS2_PLACEMENT_3D('',#5596,#3452,#3453);
#3141=AXIS2_PLACEMENT_3D('',#5600,#3456,#3457);
#3142=AXIS2_PLACEMENT_3D('',#5604,#3460,#3461);
#3143=AXIS2_PLACEMENT_3D('',#5608,#3464,#3465);
#3144=AXIS2_PLACEMENT_3D('',#5612,#3468,#3469);
#3145=AXIS2_PLACEMENT_3D('',#5616,#3472,#3473);
#3146=AXIS2_PLACEMENT_3D('',#5620,#3476,#3477);
#3147=AXIS2_PLACEMENT_3D('',#5624,#3480,#3481);
#3148=AXIS2_PLACEMENT_3D('',#5628,#3484,#3485);
#3149=AXIS2_PLACEMENT_3D('',#5632,#3488,#3489);
#3150=AXIS2_PLACEMENT_3D('',#5636,#3492,#3493);
#3151=AXIS2_PLACEMENT_3D('',#5638,#3495,#3496);
#3152=AXIS2_PLACEMENT_3D('',#5993,#3515,#3516);
#3153=AXIS2_PLACEMENT_3D('',#5994,#3517,#3518);
#3154=AXIS2_PLACEMENT_3D('',#6000,#3522,#3523);
#3155=AXIS2_PLACEMENT_3D('',#6004,#3526,#3527);
#3156=AXIS2_PLACEMENT_3D('',#6008,#3530,#3531);
#3157=AXIS2_PLACEMENT_3D('',#6012,#3534,#3535);
#3158=AXIS2_PLACEMENT_3D('',#6016,#3538,#3539);
#3159=AXIS2_PLACEMENT_3D('',#6020,#3542,#3543);
#3160=AXIS2_PLACEMENT_3D('',#6024,#3546,#3547);
#3161=AXIS2_PLACEMENT_3D('',#6028,#3550,#3551);
#3162=AXIS2_PLACEMENT_3D('',#6032,#3554,#3555);
#3163=AXIS2_PLACEMENT_3D('',#6034,#3557,#3558);
#3164=AXIS2_PLACEMENT_3D('',#6035,#3559,#3560);
#3165=AXIS2_PLACEMENT_3D('',#6036,#3561,#3562);
#3166=AXIS2_PLACEMENT_3D('',#6037,#3563,#3564);
#3167=AXIS2_PLACEMENT_3D('',#6038,#3565,#3566);
#3168=AXIS2_PLACEMENT_3D('',#6039,#3567,#3568);
#3169=AXIS2_PLACEMENT_3D('',#6045,#3572,#3573);
#3170=AXIS2_PLACEMENT_3D('',#6049,#3576,#3577);
#3171=AXIS2_PLACEMENT_3D('',#6053,#3580,#3581);
#3172=AXIS2_PLACEMENT_3D('',#6055,#3583,#3584);
#3173=AXIS2_PLACEMENT_3D('',#6061,#3588,#3589);
#3174=AXIS2_PLACEMENT_3D('',#6065,#3592,#3593);
#3175=AXIS2_PLACEMENT_3D('',#6069,#3596,#3597);
#3176=AXIS2_PLACEMENT_3D('',#6071,#3599,#3600);
#3177=AXIS2_PLACEMENT_3D('',#6073,#3602,#3603);
#3178=AXIS2_PLACEMENT_3D('',#6075,#3605,#3606);
#3179=AXIS2_PLACEMENT_3D('',#6076,#3607,#3608);
#3180=DIRECTION('axis',(0.,0.,1.));
#3181=DIRECTION('refdir',(1.,0.,0.));
#3182=DIRECTION('center_axis',(0.,0.,1.));
#3183=DIRECTION('ref_axis',(0.707106781186547,-0.707106781186547,0.));
#3184=DIRECTION('center_axis',(0.,0.,-1.));
#3185=DIRECTION('ref_axis',(0.707106781186547,-0.707106781186547,0.));
#3186=DIRECTION('',(0.,0.,-1.));
#3187=DIRECTION('center_axis',(0.,0.,1.));
#3188=DIRECTION('ref_axis',(0.707106781186547,-0.707106781186547,0.));
#3189=DIRECTION('',(0.,0.,1.));
#3190=DIRECTION('center_axis',(0.,0.,1.));
#3191=DIRECTION('ref_axis',(1.,0.,0.));
#3192=DIRECTION('',(0.,1.,0.));
#3193=DIRECTION('center_axis',(0.,0.,-1.));
#3194=DIRECTION('ref_axis',(0.707106781186547,0.707106781186547,0.));
#3195=DIRECTION('',(-1.,0.,0.));
#3196=DIRECTION('center_axis',(0.,0.,-1.));
#3197=DIRECTION('ref_axis',(-0.707106781186547,0.707106781186547,0.));
#3198=DIRECTION('',(0.,-1.,0.));
#3199=DIRECTION('center_axis',(0.,0.,-1.));
#3200=DIRECTION('ref_axis',(-0.707106781186547,-0.707106781186547,0.));
#3201=DIRECTION('',(1.,0.,0.));
#3202=DIRECTION('',(0.,1.,0.));
#3203=DIRECTION('',(1.,0.,0.));
#3204=DIRECTION('',(0.,-1.,0.));
#3205=DIRECTION('',(-1.,0.,0.));
#3206=DIRECTION('',(0.,-1.,0.));
#3207=DIRECTION('',(-1.,0.,0.));
#3208=DIRECTION('',(0.,1.,0.));
#3209=DIRECTION('',(1.,0.,0.));
#3210=DIRECTION('',(0.,-1.,0.));
#3211=DIRECTION('',(-1.,0.,0.));
#3212=DIRECTION('',(0.,1.,0.));
#3213=DIRECTION('',(1.,0.,0.));
#3214=DIRECTION('',(0.522541609314372,-0.852613785095659,0.));
#3215=DIRECTION('',(0.,1.,0.));
#3216=DIRECTION('',(1.,0.,0.));
#3217=DIRECTION('',(0.,-1.,0.));
#3218=DIRECTION('',(-1.,0.,0.));
#3219=DIRECTION('',(-0.525833739133245,0.850587372813134,0.));
#3220=DIRECTION('',(-0.254841441270981,-0.966982853938439,0.));
#3221=DIRECTION('',(-1.,0.,0.));
#3222=DIRECTION('',(-0.301646948735681,0.95341969683789,0.));
#3223=DIRECTION('',(1.,0.,0.));
#3224=DIRECTION('',(0.274903316863911,-0.961471874979825,0.));
#3225=DIRECTION('',(0.254288223929589,0.967128481211641,0.));
#3226=DIRECTION('',(1.,0.,0.));
#3227=DIRECTION('',(0.246465095718157,-0.969151668518731,0.));
#3228=DIRECTION('',(0.280000092562969,0.959999973002463,0.));
#3229=DIRECTION('',(1.,0.,0.));
#3230=DIRECTION('',(-0.305719201652302,-0.9521217200238,0.));
#3231=DIRECTION('',(-1.,0.,0.));
#3232=DIRECTION('',(-0.258807107951835,0.965929024759898,0.));
#3233=DIRECTION('',(-0.984116014586795,0.177526532760045,0.));
#3234=DIRECTION('',(-0.00914685385529904,-0.999958166657261,0.));
#3235=DIRECTION('',(-1.,0.,0.));
#3236=DIRECTION('',(0.,1.,0.));
#3237=DIRECTION('',(-9.19748459994903E-17,-1.,0.));
#3238=DIRECTION('',(-1.,0.,0.));
#3239=DIRECTION('',(5.55111512312578E-17,1.,0.));
#3240=DIRECTION('',(1.,0.,0.));
#3241=DIRECTION('',(-1.,0.,0.));
#3242=DIRECTION('',(1.,0.,0.));
#3243=DIRECTION('',(0.,-1.,0.));
#3244=DIRECTION('',(-1.,0.,0.));
#3245=DIRECTION('',(0.,1.,0.));
#3246=DIRECTION('',(0.,1.,0.));
#3247=DIRECTION('',(0.986202879318204,-0.165541175616474,0.));
#3248=DIRECTION('',(-1.,0.,0.));
#3249=DIRECTION('center_axis',(1.,0.,0.));
#3250=DIRECTION('ref_axis',(0.,1.,0.));
#3251=DIRECTION('',(0.,-1.,0.));
#3252=DIRECTION('',(0.,0.,-1.));
#3253=DIRECTION('center_axis',(0.,0.,1.));
#3254=DIRECTION('ref_axis',(0.707106781186547,0.707106781186547,0.));
#3255=DIRECTION('center_axis',(0.,0.,1.));
#3256=DIRECTION('ref_axis',(0.707106781186547,0.707106781186547,0.));
#3257=DIRECTION('',(0.,0.,1.));
#3258=DIRECTION('center_axis',(0.,0.,1.));
#3259=DIRECTION('ref_axis',(-0.707106781186547,0.707106781186547,0.));
#3260=DIRECTION('',(0.,0.,-1.));
#3261=DIRECTION('center_axis',(0.,0.,1.));
#3262=DIRECTION('ref_axis',(-0.707106781186547,0.707106781186547,0.));
#3263=DIRECTION('',(0.,0.,1.));
#3264=DIRECTION('center_axis',(-1.,0.,0.));
#3265=DIRECTION('ref_axis',(0.,-1.,0.));
#3266=DIRECTION('',(0.,1.,0.));
#3267=DIRECTION('',(0.,0.,-1.));
#3268=DIRECTION('center_axis',(0.,0.,1.));
#3269=DIRECTION('ref_axis',(-0.707106781186547,-0.707106781186547,0.));
#3270=DIRECTION('center_axis',(0.,0.,1.));
#3271=DIRECTION('ref_axis',(-0.707106781186547,-0.707106781186547,0.));
#3272=DIRECTION('',(0.,0.,1.));
#3273=DIRECTION('',(0.,0.,-1.));
#3274=DIRECTION('',(0.,0.,-1.));
#3275=DIRECTION('',(0.,0.,-1.));
#3276=DIRECTION('',(0.,0.,-1.));
#3277=DIRECTION('',(0.,0.,-1.));
#3278=DIRECTION('center_axis',(0.,1.,0.));
#3279=DIRECTION('ref_axis',(1.,0.,0.));
#3280=DIRECTION('',(1.,0.,0.));
#3281=DIRECTION('',(1.,0.,0.));
#3282=DIRECTION('',(0.,0.,-1.));
#3283=DIRECTION('',(0.,0.,-1.));
#3284=DIRECTION('',(0.,0.,-1.));
#3285=DIRECTION('',(0.,0.,-1.));
#3286=DIRECTION('center_axis',(0.,-1.,0.));
#3287=DIRECTION('ref_axis',(-1.,0.,0.));
#3288=DIRECTION('',(0.,0.,-1.));
#3289=DIRECTION('',(-1.,0.,0.));
#3290=DIRECTION('',(0.,0.,-1.));
#3291=DIRECTION('',(0.,0.,-1.));
#3292=DIRECTION('',(0.,0.,-1.));
#3293=DIRECTION('',(0.,0.,-1.));
#3294=DIRECTION('',(0.,0.,-1.));
#3295=DIRECTION('',(0.,0.,-1.));
#3296=DIRECTION('',(0.,0.,-1.));
#3297=DIRECTION('',(0.,0.,-1.));
#3298=DIRECTION('center_axis',(0.165541175616474,0.986202879318204,0.));
#3299=DIRECTION('ref_axis',(0.986202879318204,-0.165541175616474,0.));
#3300=DIRECTION('',(0.,0.,-1.));
#3301=DIRECTION('',(0.986202879318204,-0.165541175616474,0.));
#3302=DIRECTION('center_axis',(0.,0.,1.));
#3303=DIRECTION('ref_axis',(-1.,0.,0.));
#3304=DIRECTION('',(0.,0.,-1.));
#3305=DIRECTION('',(0.,0.,-1.));
#3306=DIRECTION('',(0.,0.,-1.));
#3307=DIRECTION('',(0.,0.,-1.));
#3308=DIRECTION('',(0.,0.,-1.));
#3309=DIRECTION('',(0.,0.,-1.));
#3310=DIRECTION('',(0.,0.,-1.));
#3311=DIRECTION('',(0.,0.,-1.));
#3312=DIRECTION('center_axis',(0.,1.,0.));
#3313=DIRECTION('ref_axis',(1.,0.,0.));
#3314=DIRECTION('',(0.,0.,-1.));
#3315=DIRECTION('',(1.,0.,0.));
#3316=DIRECTION('',(0.,0.,-1.));
#3317=DIRECTION('center_axis',(-1.,0.,0.));
#3318=DIRECTION('ref_axis',(0.,1.,0.));
#3319=DIRECTION('',(0.,0.,-1.));
#3320=DIRECTION('',(0.,1.,0.));
#3321=DIRECTION('',(0.,0.,-1.));
#3322=DIRECTION('',(0.,0.,-1.));
#3323=DIRECTION('',(0.,0.,-1.));
#3324=DIRECTION('',(0.,0.,-1.));
#3325=DIRECTION('',(0.,0.,-1.));
#3326=DIRECTION('',(0.,0.,-1.));
#3327=DIRECTION('',(0.,0.,-1.));
#3328=DIRECTION('center_axis',(-1.,0.,0.));
#3329=DIRECTION('ref_axis',(0.,1.,0.));
#3330=DIRECTION('',(0.,0.,-1.));
#3331=DIRECTION('',(0.,1.,0.));
#3332=DIRECTION('center_axis',(0.,-1.,0.));
#3333=DIRECTION('ref_axis',(-1.,0.,0.));
#3334=DIRECTION('',(0.,0.,-1.));
#3335=DIRECTION('',(-1.,0.,0.));
#3336=DIRECTION('center_axis',(1.,0.,0.));
#3337=DIRECTION('ref_axis',(0.,-1.,0.));
#3338=DIRECTION('',(0.,-1.,0.));
#3339=DIRECTION('center_axis',(0.,0.,1.));
#3340=DIRECTION('ref_axis',(-1.,0.,0.));
#3341=DIRECTION('',(0.,0.,-1.));
#3342=DIRECTION('',(0.,0.,-1.));
#3343=DIRECTION('',(0.,0.,-1.));
#3344=DIRECTION('',(0.,0.,-1.));
#3345=DIRECTION('',(0.,0.,-1.));
#3346=DIRECTION('',(0.,0.,-1.));
#3347=DIRECTION('',(0.,0.,-1.));
#3348=DIRECTION('center_axis',(0.,1.,0.));
#3349=DIRECTION('ref_axis',(1.,0.,0.));
#3350=DIRECTION('',(1.,0.,0.));
#3351=DIRECTION('',(0.,0.,-1.));
#3352=DIRECTION('',(1.,0.,0.));
#3353=DIRECTION('center_axis',(1.,-7.33587952342393E-17,0.));
#3354=DIRECTION('ref_axis',(-7.33587952342393E-17,-1.,0.));
#3355=DIRECTION('',(-7.33587952342393E-17,-1.,0.));
#3356=DIRECTION('',(0.,0.,-1.));
#3357=DIRECTION('',(-7.33587952342393E-17,-1.,0.));
#3358=DIRECTION('center_axis',(0.,-1.,0.));
#3359=DIRECTION('ref_axis',(-1.,0.,0.));
#3360=DIRECTION('',(-1.,0.,0.));
#3361=DIRECTION('',(-1.,0.,0.));
#3362=DIRECTION('center_axis',(1.,-9.19748459994903E-17,0.));
#3363=DIRECTION('ref_axis',(-9.19748459994903E-17,-1.,0.));
#3364=DIRECTION('',(0.,0.,-1.));
#3365=DIRECTION('',(-9.19748459994903E-17,-1.,0.));
#3366=DIRECTION('',(0.,0.,-1.));
#3367=DIRECTION('center_axis',(0.,-1.,0.));
#3368=DIRECTION('ref_axis',(-1.,0.,0.));
#3369=DIRECTION('',(0.,0.,-1.));
#3370=DIRECTION('',(-1.,0.,0.));
#3371=DIRECTION('',(0.,0.,-1.));
#3372=DIRECTION('',(0.,0.,-1.));
#3373=DIRECTION('',(0.,0.,-1.));
#3374=DIRECTION('',(0.,0.,-1.));
#3375=DIRECTION('',(0.,0.,-1.));
#3376=DIRECTION('',(0.,0.,-1.));
#3377=DIRECTION('',(0.,0.,-1.));
#3378=DIRECTION('center_axis',(0.,1.,0.));
#3379=DIRECTION('ref_axis',(1.,0.,0.));
#3380=DIRECTION('',(0.,0.,-1.));
#3381=DIRECTION('',(1.,0.,0.));
#3382=DIRECTION('center_axis',(-1.,5.55111512312578E-17,0.));
#3383=DIRECTION('ref_axis',(5.55111512312578E-17,1.,0.));
#3384=DIRECTION('',(0.,0.,-1.));
#3385=DIRECTION('',(5.55111512312578E-17,1.,0.));
#3386=DIRECTION('center_axis',(0.,-1.,0.));
#3387=DIRECTION('ref_axis',(-1.,0.,0.));
#3388=DIRECTION('',(-1.,0.,0.));
#3389=DIRECTION('center_axis',(0.,0.,1.));
#3390=DIRECTION('ref_axis',(-1.,0.,0.));
#3391=DIRECTION('',(0.,0.,-1.));
#3392=DIRECTION('',(0.,0.,-1.));
#3393=DIRECTION('',(0.,0.,-1.));
#3394=DIRECTION('',(0.,0.,-1.));
#3395=DIRECTION('',(0.,0.,-1.));
#3396=DIRECTION('',(0.,0.,-1.));
#3397=DIRECTION('',(0.,0.,-1.));
#3398=DIRECTION('',(0.,0.,-1.));
#3399=DIRECTION('',(0.,0.,-1.));
#3400=DIRECTION('center_axis',(-1.,0.,0.));
#3401=DIRECTION('ref_axis',(0.,1.,0.));
#3402=DIRECTION('',(0.,1.,0.));
#3403=DIRECTION('',(0.,1.,0.));
#3404=DIRECTION('',(0.,0.,-1.));
#3405=DIRECTION('',(0.,0.,-1.));
#3406=DIRECTION('',(0.,0.,-1.));
#3407=DIRECTION('',(0.,0.,-1.));
#3408=DIRECTION('center_axis',(-1.,0.,0.));
#3409=DIRECTION('ref_axis',(0.,1.,0.));
#3410=DIRECTION('',(0.,0.,-1.));
#3411=DIRECTION('',(0.,1.,0.));
#3412=DIRECTION('',(0.,0.,-1.));
#3413=DIRECTION('',(0.,0.,-1.));
#3414=DIRECTION('',(0.,0.,-1.));
#3415=DIRECTION('',(0.,0.,-1.));
#3416=DIRECTION('',(0.,0.,-1.));
#3417=DIRECTION('',(0.,0.,-1.));
#3418=DIRECTION('',(0.,0.,-1.));
#3419=DIRECTION('',(0.,0.,-1.));
#3420=DIRECTION('',(0.,0.,-1.));
#3421=DIRECTION('',(0.,0.,-1.));
#3422=DIRECTION('center_axis',(0.,-1.,0.));
#3423=DIRECTION('ref_axis',(-1.,0.,0.));
#3424=DIRECTION('',(0.,0.,-1.));
#3425=DIRECTION('',(-1.,0.,0.));
#3426=DIRECTION('',(0.,0.,-1.));
#3427=DIRECTION('',(0.,0.,-1.));
#3428=DIRECTION('center_axis',(0.999958166657261,-0.00914685385529904,0.));
#3429=DIRECTION('ref_axis',(-0.00914685385529904,-0.999958166657261,0.));
#3430=DIRECTION('',(0.,0.,-1.));
#3431=DIRECTION('',(-0.00914685385529903,-0.999958166657261,0.));
#3432=DIRECTION('',(0.,0.,-1.));
#3433=DIRECTION('',(0.,0.,-1.));
#3434=DIRECTION('',(0.,0.,-1.));
#3435=DIRECTION('',(0.,0.,-1.));
#3436=DIRECTION('',(0.,0.,-1.));
#3437=DIRECTION('center_axis',(-0.177526532760045,-0.984116014586795,0.));
#3438=DIRECTION('ref_axis',(-0.984116014586795,0.177526532760045,0.));
#3439=DIRECTION('',(0.,0.,-1.));
#3440=DIRECTION('',(-0.984116014586795,0.177526532760045,0.));
#3441=DIRECTION('center_axis',(0.,0.,1.));
#3442=DIRECTION('ref_axis',(-1.,0.,0.));
#3443=DIRECTION('center_axis',(0.966982853938439,-0.254841441270981,0.));
#3444=DIRECTION('ref_axis',(-0.254841441270981,-0.966982853938439,0.));
#3445=DIRECTION('',(0.,0.,-1.));
#3446=DIRECTION('',(-0.254841441270981,-0.966982853938439,0.));
#3447=DIRECTION('',(0.,0.,-1.));
#3448=DIRECTION('center_axis',(-0.965929024759898,-0.258807107951835,0.));
#3449=DIRECTION('ref_axis',(-0.258807107951835,0.965929024759898,0.));
#3450=DIRECTION('',(0.,0.,-1.));
#3451=DIRECTION('',(-0.258807107951835,0.965929024759898,0.));
#3452=DIRECTION('center_axis',(0.,-1.,0.));
#3453=DIRECTION('ref_axis',(-1.,0.,0.));
#3454=DIRECTION('',(0.,0.,-1.));
#3455=DIRECTION('',(-1.,0.,0.));
#3456=DIRECTION('center_axis',(0.9521217200238,-0.305719201652302,0.));
#3457=DIRECTION('ref_axis',(-0.305719201652302,-0.9521217200238,0.));
#3458=DIRECTION('',(0.,0.,-1.));
#3459=DIRECTION('',(-0.305719201652302,-0.9521217200238,0.));
#3460=DIRECTION('center_axis',(0.,1.,0.));
#3461=DIRECTION('ref_axis',(1.,0.,0.));
#3462=DIRECTION('',(0.,0.,-1.));
#3463=DIRECTION('',(1.,0.,0.));
#3464=DIRECTION('center_axis',(-0.959999973002463,0.280000092562969,0.));
#3465=DIRECTION('ref_axis',(0.280000092562969,0.959999973002463,0.));
#3466=DIRECTION('',(0.,0.,-1.));
#3467=DIRECTION('',(0.280000092562969,0.959999973002463,0.));
#3468=DIRECTION('center_axis',(0.969151668518731,0.246465095718157,0.));
#3469=DIRECTION('ref_axis',(0.246465095718157,-0.969151668518731,0.));
#3470=DIRECTION('',(0.,0.,-1.));
#3471=DIRECTION('',(0.246465095718157,-0.969151668518731,0.));
#3472=DIRECTION('center_axis',(0.,1.,0.));
#3473=DIRECTION('ref_axis',(1.,0.,0.));
#3474=DIRECTION('',(0.,0.,-1.));
#3475=DIRECTION('',(1.,0.,0.));
#3476=DIRECTION('center_axis',(-0.967128481211641,0.254288223929589,0.));
#3477=DIRECTION('ref_axis',(0.254288223929589,0.967128481211641,0.));
#3478=DIRECTION('',(0.,0.,-1.));
#3479=DIRECTION('',(0.254288223929589,0.967128481211641,0.));
#3480=DIRECTION('center_axis',(0.961471874979825,0.274903316863911,0.));
#3481=DIRECTION('ref_axis',(0.274903316863911,-0.961471874979825,0.));
#3482=DIRECTION('',(0.,0.,-1.));
#3483=DIRECTION('',(0.274903316863911,-0.961471874979825,0.));
#3484=DIRECTION('center_axis',(0.,1.,0.));
#3485=DIRECTION('ref_axis',(1.,0.,0.));
#3486=DIRECTION('',(0.,0.,-1.));
#3487=DIRECTION('',(1.,0.,0.));
#3488=DIRECTION('center_axis',(-0.95341969683789,-0.301646948735681,0.));
#3489=DIRECTION('ref_axis',(-0.301646948735681,0.95341969683789,0.));
#3490=DIRECTION('',(0.,0.,-1.));
#3491=DIRECTION('',(-0.301646948735681,0.95341969683789,0.));
#3492=DIRECTION('center_axis',(0.,-1.,0.));
#3493=DIRECTION('ref_axis',(-1.,0.,0.));
#3494=DIRECTION('',(-1.,0.,0.));
#3495=DIRECTION('center_axis',(0.,0.,-1.));
#3496=DIRECTION('ref_axis',(-1.,0.,0.));
#3497=DIRECTION('',(0.,0.,-1.));
#3498=DIRECTION('',(0.,0.,-1.));
#3499=DIRECTION('',(0.,0.,-1.));
#3500=DIRECTION('',(0.,0.,-1.));
#3501=DIRECTION('',(0.,0.,-1.));
#3502=DIRECTION('',(0.,0.,-1.));
#3503=DIRECTION('',(0.,0.,-1.));
#3504=DIRECTION('',(0.,0.,-1.));
#3505=DIRECTION('',(0.,0.,-1.));
#3506=DIRECTION('',(0.,0.,-1.));
#3507=DIRECTION('',(0.,0.,-1.));
#3508=DIRECTION('',(0.,0.,-1.));
#3509=DIRECTION('',(0.,0.,-1.));
#3510=DIRECTION('',(0.,0.,-1.));
#3511=DIRECTION('',(0.,0.,-1.));
#3512=DIRECTION('',(0.,0.,-1.));
#3513=DIRECTION('',(0.,0.,-1.));
#3514=DIRECTION('',(0.,0.,-1.));
#3515=DIRECTION('center_axis',(0.,0.,1.));
#3516=DIRECTION('ref_axis',(-1.,0.,0.));
#3517=DIRECTION('center_axis',(1.,0.,0.));
#3518=DIRECTION('ref_axis',(0.,-1.,0.));
#3519=DIRECTION('',(0.,0.,-1.));
#3520=DIRECTION('',(0.,-1.,0.));
#3521=DIRECTION('',(0.,0.,-1.));
#3522=DIRECTION('center_axis',(-0.850587372813134,-0.525833739133245,0.));
#3523=DIRECTION('ref_axis',(-0.525833739133245,0.850587372813134,0.));
#3524=DIRECTION('',(0.,0.,-1.));
#3525=DIRECTION('',(-0.525833739133245,0.850587372813134,0.));
#3526=DIRECTION('center_axis',(0.,-1.,0.));
#3527=DIRECTION('ref_axis',(-1.,0.,0.));
#3528=DIRECTION('',(0.,0.,-1.));
#3529=DIRECTION('',(-1.,0.,0.));
#3530=DIRECTION('center_axis',(1.,0.,0.));
#3531=DIRECTION('ref_axis',(0.,-1.,0.));
#3532=DIRECTION('',(0.,0.,-1.));
#3533=DIRECTION('',(0.,-1.,0.));
#3534=DIRECTION('center_axis',(0.,1.,0.));
#3535=DIRECTION('ref_axis',(1.,0.,0.));
#3536=DIRECTION('',(0.,0.,-1.));
#3537=DIRECTION('',(1.,0.,0.));
#3538=DIRECTION('center_axis',(-1.,0.,0.));
#3539=DIRECTION('ref_axis',(0.,1.,0.));
#3540=DIRECTION('',(0.,0.,-1.));
#3541=DIRECTION('',(0.,1.,0.));
#3542=DIRECTION('center_axis',(0.852613785095659,0.522541609314372,0.));
#3543=DIRECTION('ref_axis',(0.522541609314372,-0.852613785095659,0.));
#3544=DIRECTION('',(0.,0.,-1.));
#3545=DIRECTION('',(0.522541609314372,-0.852613785095659,0.));
#3546=DIRECTION('center_axis',(0.,1.,0.));
#3547=DIRECTION('ref_axis',(1.,0.,0.));
#3548=DIRECTION('',(0.,0.,-1.));
#3549=DIRECTION('',(1.,0.,0.));
#3550=DIRECTION('center_axis',(-1.,0.,0.));
#3551=DIRECTION('ref_axis',(0.,1.,0.));
#3552=DIRECTION('',(0.,0.,-1.));
#3553=DIRECTION('',(0.,1.,0.));
#3554=DIRECTION('center_axis',(0.,-1.,0.));
#3555=DIRECTION('ref_axis',(-1.,0.,0.));
#3556=DIRECTION('',(-1.,0.,0.));
#3557=DIRECTION('center_axis',(0.,0.,-1.));
#3558=DIRECTION('ref_axis',(-1.,0.,0.));
#3559=DIRECTION('center_axis',(0.,0.,1.));
#3560=DIRECTION('ref_axis',(1.,0.,0.));
#3561=DIRECTION('center_axis',(0.,0.,1.));
#3562=DIRECTION('ref_axis',(1.,0.,0.));
#3563=DIRECTION('center_axis',(0.,0.,1.));
#3564=DIRECTION('ref_axis',(1.,0.,0.));
#3565=DIRECTION('center_axis',(0.,0.,1.));
#3566=DIRECTION('ref_axis',(1.,0.,0.));
#3567=DIRECTION('center_axis',(0.,1.,0.));
#3568=DIRECTION('ref_axis',(-1.,0.,0.));
#3569=DIRECTION('',(-1.,0.,0.));
#3570=DIRECTION('',(0.,0.,1.));
#3571=DIRECTION('',(0.,0.,1.));
#3572=DIRECTION('center_axis',(-1.,0.,0.));
#3573=DIRECTION('ref_axis',(0.,-1.,0.));
#3574=DIRECTION('',(0.,-1.,0.));
#3575=DIRECTION('',(0.,0.,1.));
#3576=DIRECTION('center_axis',(0.,-1.,0.));
#3577=DIRECTION('ref_axis',(1.,0.,0.));
#3578=DIRECTION('',(1.,0.,0.));
#3579=DIRECTION('',(0.,0.,1.));
#3580=DIRECTION('center_axis',(1.,0.,0.));
#3581=DIRECTION('ref_axis',(0.,1.,0.));
#3582=DIRECTION('',(0.,1.,0.));
#3583=DIRECTION('center_axis',(0.,-1.,0.));
#3584=DIRECTION('ref_axis',(1.,0.,0.));
#3585=DIRECTION('',(1.,0.,0.));
#3586=DIRECTION('',(0.,0.,1.));
#3587=DIRECTION('',(0.,0.,1.));
#3588=DIRECTION('center_axis',(1.,0.,0.));
#3589=DIRECTION('ref_axis',(0.,1.,0.));
#3590=DIRECTION('',(0.,1.,0.));
#3591=DIRECTION('',(0.,0.,1.));
#3592=DIRECTION('center_axis',(0.,1.,0.));
#3593=DIRECTION('ref_axis',(-1.,0.,0.));
#3594=DIRECTION('',(-1.,0.,0.));
#3595=DIRECTION('',(0.,0.,1.));
#3596=DIRECTION('center_axis',(-1.,0.,0.));
#3597=DIRECTION('ref_axis',(0.,-1.,0.));
#3598=DIRECTION('',(0.,-1.,0.));
#3599=DIRECTION('center_axis',(0.,-1.,0.));
#3600=DIRECTION('ref_axis',(1.,0.,0.));
#3601=DIRECTION('',(-1.,0.,0.));
#3602=DIRECTION('center_axis',(0.,1.,0.));
#3603=DIRECTION('ref_axis',(-1.,0.,0.));
#3604=DIRECTION('',(1.,0.,0.));
#3605=DIRECTION('center_axis',(0.,0.,1.));
#3606=DIRECTION('ref_axis',(1.,0.,0.));
#3607=DIRECTION('center_axis',(0.,0.,1.));
#3608=DIRECTION('ref_axis',(1.,0.,0.));
#3609=CARTESIAN_POINT('',(0.,0.,0.));
#3610=CARTESIAN_POINT('Origin',(55.5,-50.5,-5.));
#3611=CARTESIAN_POINT('',(60.5,-50.5,-2.));
#3612=CARTESIAN_POINT('',(55.5,-55.5,-2.));
#3613=CARTESIAN_POINT('Origin',(55.5,-50.5,-2.));
#3614=CARTESIAN_POINT('',(55.5,-55.5,-5.));
#3615=CARTESIAN_POINT('',(55.5,-55.5,-5.));
#3616=CARTESIAN_POINT('',(60.5,-50.5,-5.));
#3617=CARTESIAN_POINT('Origin',(55.5,-50.5,-5.));
#3618=CARTESIAN_POINT('',(60.5,-50.5,-5.));
#3619=CARTESIAN_POINT('Origin',(0.,0.,-2.));
#3620=CARTESIAN_POINT('',(60.5,50.5,-2.));
#3621=CARTESIAN_POINT('',(60.5,55.5,-2.));
#3622=CARTESIAN_POINT('',(55.5,55.5,-2.));
#3623=CARTESIAN_POINT('Origin',(55.5,50.5,-2.));
#3624=CARTESIAN_POINT('',(-55.5,55.5,-2.));
#3625=CARTESIAN_POINT('',(-60.5,55.5,-2.));
#3626=CARTESIAN_POINT('',(-60.5,50.5,-2.));
#3627=CARTESIAN_POINT('Origin',(-55.5,50.5,-2.));
#3628=CARTESIAN_POINT('',(-60.5,-50.5,-2.));
#3629=CARTESIAN_POINT('',(-60.5,-55.5,-2.));
#3630=CARTESIAN_POINT('',(-55.5,-55.5,-2.));
#3631=CARTESIAN_POINT('Origin',(-55.5,-50.5,-2.));
#3632=CARTESIAN_POINT('',(60.5,-55.5,-2.));
#3633=CARTESIAN_POINT('',(-45.585,-34.875,-2.));
#3634=CARTESIAN_POINT('',(-45.585,18.195,-2.));
#3635=CARTESIAN_POINT('',(-45.585,18.195,-2.));
#3636=CARTESIAN_POINT('',(45.585,18.195,-2.));
#3637=CARTESIAN_POINT('',(45.585,18.195,-2.));
#3638=CARTESIAN_POINT('',(45.585,-34.875,-2.));
#3639=CARTESIAN_POINT('',(45.585,-34.875,-2.));
#3640=CARTESIAN_POINT('',(-45.585,-34.875,-2.));
#3641=CARTESIAN_POINT('',(46.85,41.98,-2.));
#3642=CARTESIAN_POINT('',(46.85,27.78,-2.));
#3643=CARTESIAN_POINT('',(46.85,27.78,-2.));
#3644=CARTESIAN_POINT('',(29.35,27.78,-2.));
#3645=CARTESIAN_POINT('',(29.35,27.78,-2.));
#3646=CARTESIAN_POINT('',(29.35,41.98,-2.));
#3647=CARTESIAN_POINT('',(29.35,41.98,-2.));
#3648=CARTESIAN_POINT('',(46.85,41.98,-2.));
#3649=CARTESIAN_POINT('',(-37.8712816933687,36.3605453989664,-2.));
#3650=CARTESIAN_POINT('',(-37.8712816933687,29.8393991015116,-2.));
#3651=CARTESIAN_POINT('',(-37.8712816933687,18.1802726994832,-2.));
#3652=CARTESIAN_POINT('',(-39.7471346358354,29.8393991015116,-2.));
#3653=CARTESIAN_POINT('',(-18.9356408466843,29.8393991015116,-2.));
#3654=CARTESIAN_POINT('',(-39.7471346358354,39.8393991015116,-2.));
#3655=CARTESIAN_POINT('',(-39.7471346358354,14.9196995507558,-2.));
#3656=CARTESIAN_POINT('',(-37.7826048831041,39.8393991015116,-2.));
#3657=CARTESIAN_POINT('',(-19.8735673179177,39.8393991015116,-2.));
#3658=CARTESIAN_POINT('',(-33.6898358563478,33.1613638422648,-2.));
#3659=CARTESIAN_POINT('',(-23.7495921512392,16.9421984033511,-2.));
#3660=CARTESIAN_POINT('',(-33.6898358563478,39.8393991015116,-2.));
#3661=CARTESIAN_POINT('',(-33.6898358563478,16.5806819211324,-2.));
#3662=CARTESIAN_POINT('',(-31.8139829138811,39.8393991015116,-2.));
#3663=CARTESIAN_POINT('',(-16.8449179281739,39.8393991015116,-2.));
#3664=CARTESIAN_POINT('',(-31.8139829138811,29.8393991015116,-2.));
#3665=CARTESIAN_POINT('',(-31.8139829138811,19.9196995507558,-2.));
#3666=CARTESIAN_POINT('',(-33.8399042586381,29.8393991015116,-2.));
#3667=CARTESIAN_POINT('',(-15.9069914569405,29.8393991015116,-2.));
#3668=CARTESIAN_POINT('',(-22.4884212277501,11.4772678607674,-2.));
#3669=CARTESIAN_POINT('',(-20.5213489035661,30.1258924029032,-2.));
#3670=CARTESIAN_POINT('',(-21.8958379725511,31.4458110354105,-2.));
#3671=CARTESIAN_POINT('Ctrl Pts',(-20.5213489035661,30.1258924029032,-2.));
#3672=CARTESIAN_POINT('Ctrl Pts',(-20.804129451457,30.2926215127191,-2.));
#3673=CARTESIAN_POINT('Ctrl Pts',(-21.3665441502313,30.6242245977736,-2.));
#3674=CARTESIAN_POINT('Ctrl Pts',(-21.7200659509726,31.1729722019399,-2.));
#3675=CARTESIAN_POINT('Ctrl Pts',(-21.8958379725511,31.4458110354105,-2.));
#3676=CARTESIAN_POINT('',(-22.36650605002,33.5638191721598,-2.));
#3677=CARTESIAN_POINT('Ctrl Pts',(-21.8958379725511,31.4458110354105,-2.));
#3678=CARTESIAN_POINT('Ctrl Pts',(-22.0329801145493,31.7627806323377,-2.));
#3679=CARTESIAN_POINT('Ctrl Pts',(-22.3249855311161,32.4376777707454,-2.));
#3680=CARTESIAN_POINT('Ctrl Pts',(-22.3521170278155,33.1735525267003,-2.));
#3681=CARTESIAN_POINT('Ctrl Pts',(-22.36650605002,33.5638191721598,-2.));
#3682=CARTESIAN_POINT('',(-21.8958379725511,35.4123868963877,-2.));
#3683=CARTESIAN_POINT('Ctrl Pts',(-22.36650605002,33.5638191721598,-2.));
#3684=CARTESIAN_POINT('Ctrl Pts',(-22.3457727072194,33.8817016061456,-2.));
#3685=CARTESIAN_POINT('Ctrl Pts',(-22.3036906430954,34.5269014226695,-2.));
#3686=CARTESIAN_POINT('Ctrl Pts',(-22.0331078004909,35.1143615372347,-2.));
#3687=CARTESIAN_POINT('Ctrl Pts',(-21.8958379725511,35.4123868963877,-2.));
#3688=CARTESIAN_POINT('',(-20.5622758368547,36.7766436360041,-2.));
#3689=CARTESIAN_POINT('Ctrl Pts',(-21.8958379725511,35.4123868963877,-2.));
#3690=CARTESIAN_POINT('Ctrl Pts',(-21.7236606504268,35.6920497964816,-2.));
#3691=CARTESIAN_POINT('Ctrl Pts',(-21.3817817869366,36.2473542539147,-2.));
#3692=CARTESIAN_POINT('Ctrl Pts',(-20.8341224939341,36.6010676696133,-2.));
#3693=CARTESIAN_POINT('Ctrl Pts',(-20.5622758368547,36.7766436360041,-2.));
#3694=CARTESIAN_POINT('',(-18.6352648238237,37.247311713473,-2.));
#3695=CARTESIAN_POINT('Ctrl Pts',(-20.5622758368547,36.7766436360041,-2.));
#3696=CARTESIAN_POINT('Ctrl Pts',(-20.2627170197963,36.913905076547,-2.));
#3697=CARTESIAN_POINT('Ctrl Pts',(-19.6508815863304,37.1942554057324,-2.));
#3698=CARTESIAN_POINT('Ctrl Pts',(-18.978462779316,37.22938288735,-2.));
#3699=CARTESIAN_POINT('Ctrl Pts',(-18.6352648238237,37.247311713473,-2.));
#3700=CARTESIAN_POINT('',(-15.9408583144243,36.1797812006632,-2.));
#3701=CARTESIAN_POINT('Ctrl Pts',(-18.6352648238237,37.247311713473,-2.));
#3702=CARTESIAN_POINT('Ctrl Pts',(-18.116884548019,37.2076811301221,-2.));
#3703=CARTESIAN_POINT('Ctrl Pts',(-17.1065949115865,37.1304436858867,-2.));
#3704=CARTESIAN_POINT('Ctrl Pts',(-16.3225898595076,36.4910846805578,-2.));
#3705=CARTESIAN_POINT('Ctrl Pts',(-15.9408583144243,36.1797812006632,-2.));
#3706=CARTESIAN_POINT('',(-14.8903812865312,33.4819641134897,-2.));
#3707=CARTESIAN_POINT('Ctrl Pts',(-15.9408583144243,36.1797812006632,-2.));
#3708=CARTESIAN_POINT('Ctrl Pts',(-15.6345174017868,35.7943106237709,-2.));
#3709=CARTESIAN_POINT('Ctrl Pts',(-15.0069322864727,35.0046165722439,-2.));
#3710=CARTESIAN_POINT('Ctrl Pts',(-14.9298418431745,33.9974870487442,-2.));
#3711=CARTESIAN_POINT('Ctrl Pts',(-14.8903812865312,33.4819641134897,-2.));
#3712=CARTESIAN_POINT('',(-15.9510912398393,30.756861212031,-2.));
#3713=CARTESIAN_POINT('Ctrl Pts',(-14.8903812865312,33.4819641134897,-2.));
#3714=CARTESIAN_POINT('Ctrl Pts',(-14.9303812484042,32.9617864447985,-2.));
#3715=CARTESIAN_POINT('Ctrl Pts',(-15.008587930947,31.9447512303568,-2.));
#3716=CARTESIAN_POINT('Ctrl Pts',(-15.6417629351987,31.1467251011032,-2.));
#3717=CARTESIAN_POINT('Ctrl Pts',(-15.9510912398393,30.756861212031,-2.));
#3718=CARTESIAN_POINT('',(-18.6216225127275,29.6756877920786,-2.));
#3719=CARTESIAN_POINT('Ctrl Pts',(-15.9510912398393,30.756861212031,-2.));
#3720=CARTESIAN_POINT('Ctrl Pts',(-16.3320035786788,30.4415453580535,-2.));
#3721=CARTESIAN_POINT('Ctrl Pts',(-17.1071335296457,29.7998996629383,-2.));
#3722=CARTESIAN_POINT('Ctrl Pts',(-18.1110487112789,29.7175628587171,-2.));
#3723=CARTESIAN_POINT('Ctrl Pts',(-18.6216225127275,29.6756877920786,-2.));
#3724=CARTESIAN_POINT('Ctrl Pts',(-18.6216225127275,29.6756877920786,-2.));
#3725=CARTESIAN_POINT('Ctrl Pts',(-18.9502916205204,29.6947142837145,-2.));
#3726=CARTESIAN_POINT('Ctrl Pts',(-19.6099972058659,29.7329043128476,-2.));
#3727=CARTESIAN_POINT('Ctrl Pts',(-20.216839115281,29.9945833589815,-2.));
#3728=CARTESIAN_POINT('Ctrl Pts',(-20.5213489035661,30.1258924029032,-2.));
#3729=CARTESIAN_POINT('',(-8.94904513159346,34.4983353636423,-2.));
#3730=CARTESIAN_POINT('',(-10.1768745879228,29.8393991015116,-2.));
#3731=CARTESIAN_POINT('',(-12.9091169125252,19.4720449242683,-2.));
#3732=CARTESIAN_POINT('',(-12.0390858153398,29.8393991015116,-2.));
#3733=CARTESIAN_POINT('',(-5.0884372939614,29.8393991015116,-2.));
#3734=CARTESIAN_POINT('',(-14.3310369948442,37.0836010000864,-2.));
#3735=CARTESIAN_POINT('',(-7.20051426205318,14.5460588479515,-2.));
#3736=CARTESIAN_POINT('',(-12.4688257674272,37.0836010000864,-2.));
#3737=CARTESIAN_POINT('',(-7.16551849742209,37.0836010000864,-2.));
#3738=CARTESIAN_POINT('',(-11.1113919714982,32.3359885237375,-2.));
#3739=CARTESIAN_POINT('',(-7.09686294971114,18.2952094244829,-2.));
#3740=CARTESIAN_POINT('',(-9.86309666433882,37.0836010000864,-2.));
#3741=CARTESIAN_POINT('',(-14.7283316413002,18.5797660945844,-2.));
#3742=CARTESIAN_POINT('',(-8.01452655592512,37.0836010000864,-2.));
#3743=CARTESIAN_POINT('',(-4.93154833216941,37.0836010000864,-2.));
#3744=CARTESIAN_POINT('',(-6.80716056624006,32.3359885237375,-2.));
#3745=CARTESIAN_POINT('',(-3.3421725338463,18.710939819754,-2.));
#3746=CARTESIAN_POINT('',(-5.42243976393293,37.0836010000864,-2.));
#3747=CARTESIAN_POINT('',(-10.8862778676846,18.3504485068893,-2.));
#3748=CARTESIAN_POINT('',(-3.53294391432356,37.0836010000864,-2.));
#3749=CARTESIAN_POINT('',(-2.71121988196647,37.0836010000864,-2.));
#3750=CARTESIAN_POINT('',(-5.85900325575422,29.8393991015116,-2.));
#3751=CARTESIAN_POINT('',(-8.76502434546529,20.7889836110644,-2.));
#3752=CARTESIAN_POINT('',(-7.70074863234114,29.8393991015116,-2.));
#3753=CARTESIAN_POINT('',(-2.92950162787711,29.8393991015116,-2.));
#3754=CARTESIAN_POINT('',(-3.71308104370208,14.9564853537268,-2.));
#3755=CARTESIAN_POINT('',(9.48888282975603,35.7807364485422,-2.));
#3756=CARTESIAN_POINT('',(8.6907909413283,35.5795081875483,-2.));
#3757=CARTESIAN_POINT('Ctrl Pts',(9.48888282975603,35.7807364485422,-2.));
#3758=CARTESIAN_POINT('Ctrl Pts',(9.33380128652483,35.7762815266281,-2.));
#3759=CARTESIAN_POINT('Ctrl Pts',(9.05192938751362,35.7681843844813,-2.));
#3760=CARTESIAN_POINT('Ctrl Pts',(8.80283669926371,35.6380463125057,-2.));
#3761=CARTESIAN_POINT('Ctrl Pts',(8.6907909413283,35.5795081875483,-2.));
#3762=CARTESIAN_POINT('',(8.22694759568621,34.8735054752985,-2.));
#3763=CARTESIAN_POINT('Ctrl Pts',(8.6907909413283,35.5795081875483,-2.));
#3764=CARTESIAN_POINT('Ctrl Pts',(8.5972995677511,35.4919722011267,-2.));
#3765=CARTESIAN_POINT('Ctrl Pts',(8.38672286551541,35.294809204774,-2.));
#3766=CARTESIAN_POINT('Ctrl Pts',(8.28404099747097,35.0240523222923,-2.));
#3767=CARTESIAN_POINT('Ctrl Pts',(8.22694759568621,34.8735054752985,-2.));
#3768=CARTESIAN_POINT('',(6.48751716813494,35.1872845909754,-2.));
#3769=CARTESIAN_POINT('',(7.28943027749621,35.0426259818585,-2.));
#3770=CARTESIAN_POINT('',(7.49706726273943,36.7425372622172,-2.));
#3771=CARTESIAN_POINT('Ctrl Pts',(6.48751716813494,35.1872845909754,-2.));
#3772=CARTESIAN_POINT('Ctrl Pts',(6.59504350350492,35.508896970627,-2.));
#3773=CARTESIAN_POINT('Ctrl Pts',(6.79802071121654,36.116003895294,-2.));
#3774=CARTESIAN_POINT('Ctrl Pts',(7.27348038331988,36.5421433970913,-2.));
#3775=CARTESIAN_POINT('Ctrl Pts',(7.49706726273943,36.7425372622172,-2.));
#3776=CARTESIAN_POINT('',(9.62531070908953,37.247311713473,-2.));
#3777=CARTESIAN_POINT('Ctrl Pts',(7.49706726273943,36.7425372622172,-2.));
#3778=CARTESIAN_POINT('Ctrl Pts',(7.78853272640332,36.8891761877074,-2.));
#3779=CARTESIAN_POINT('Ctrl Pts',(8.45496853484078,37.224466103806,-2.));
#3780=CARTESIAN_POINT('Ctrl Pts',(9.20391545688366,37.239085887164,-2.));
#3781=CARTESIAN_POINT('Ctrl Pts',(9.62531070908953,37.247311713473,-2.));
#3782=CARTESIAN_POINT('',(11.5352676411574,36.9437649271647,-2.));
#3783=CARTESIAN_POINT('Ctrl Pts',(9.62531070908953,37.247311713473,-2.));
#3784=CARTESIAN_POINT('Ctrl Pts',(10.0021606108875,37.2445166683216,-2.));
#3785=CARTESIAN_POINT('Ctrl Pts',(10.6557404660606,37.2396691542411,-2.));
#3786=CARTESIAN_POINT('Ctrl Pts',(11.2736434898045,37.031784597827,-2.));
#3787=CARTESIAN_POINT('Ctrl Pts',(11.5352676411574,36.9437649271647,-2.));
#3788=CARTESIAN_POINT('',(12.4186227818434,36.1729600451151,-2.));
#3789=CARTESIAN_POINT('Ctrl Pts',(11.5352676411574,36.9437649271647,-2.));
#3790=CARTESIAN_POINT('Ctrl Pts',(11.7252569379792,36.842140357031,-2.));
#3791=CARTESIAN_POINT('Ctrl Pts',(12.0797871749769,36.6525034483367,-2.));
#3792=CARTESIAN_POINT('Ctrl Pts',(12.3112149122282,36.3249710329932,-2.));
#3793=CARTESIAN_POINT('Ctrl Pts',(12.4186227818434,36.1729600451151,-2.));
#3794=CARTESIAN_POINT('',(12.6744220753615,34.4574072382609,-2.));
#3795=CARTESIAN_POINT('Ctrl Pts',(12.4186227818434,36.1729600451151,-2.));
#3796=CARTESIAN_POINT('Ctrl Pts',(12.4924589759176,35.9538306924271,-2.));
#3797=CARTESIAN_POINT('Ctrl Pts',(12.6792301465766,35.3995355226872,-2.));
#3798=CARTESIAN_POINT('Ctrl Pts',(12.6762338480431,34.8124190947745,-2.));
#3799=CARTESIAN_POINT('Ctrl Pts',(12.6744220753615,34.4574072382609,-2.));
#3800=CARTESIAN_POINT('',(12.6539562245314,32.2200264952341,-2.));
#3801=CARTESIAN_POINT('',(12.5163100313396,17.1721819391872,-2.));
#3802=CARTESIAN_POINT('',(12.7460477848952,30.8114316485087,-2.));
#3803=CARTESIAN_POINT('Ctrl Pts',(12.6539562245314,32.2200264952341,-2.));
#3804=CARTESIAN_POINT('Ctrl Pts',(12.6542618419061,31.9429396815689,-2.));
#3805=CARTESIAN_POINT('Ctrl Pts',(12.6547821614576,31.4711939675747,-2.));
#3806=CARTESIAN_POINT('Ctrl Pts',(12.7193888069794,31.0041503133371,-2.));
#3807=CARTESIAN_POINT('Ctrl Pts',(12.7460477848952,30.8114316485087,-2.));
#3808=CARTESIAN_POINT('',(13.0905197163527,29.8393991015116,-2.));
#3809=CARTESIAN_POINT('Ctrl Pts',(12.7460477848952,30.8114316485087,-2.));
#3810=CARTESIAN_POINT('Ctrl Pts',(12.7855449474142,30.6532296035569,-2.));
#3811=CARTESIAN_POINT('Ctrl Pts',(12.8691683856985,30.3182840505411,-2.));
#3812=CARTESIAN_POINT('Ctrl Pts',(13.0140623251943,30.0048116777975,-2.));
#3813=CARTESIAN_POINT('Ctrl Pts',(13.0905197163527,29.8393991015116,-2.));
#3814=CARTESIAN_POINT('',(11.194205095381,29.8393991015116,-2.));
#3815=CARTESIAN_POINT('',(6.54525985817636,29.8393991015116,-2.));
#3816=CARTESIAN_POINT('',(11.0100267430251,30.4055657408396,-2.));
#3817=CARTESIAN_POINT('Ctrl Pts',(11.194205095381,29.8393991015116,-2.));
#3818=CARTESIAN_POINT('Ctrl Pts',(11.1656422570203,29.9181789211478,-2.));
#3819=CARTESIAN_POINT('Ctrl Pts',(11.0979673553713,30.1048346196636,-2.));
#3820=CARTESIAN_POINT('Ctrl Pts',(11.0422360936487,30.2954192014084,-2.));
#3821=CARTESIAN_POINT('Ctrl Pts',(11.0100267430251,30.4055657408396,-2.));
#3822=CARTESIAN_POINT('',(10.9418151875441,30.6306674502054,-2.));
#3823=CARTESIAN_POINT('Ctrl Pts',(11.0100267430251,30.4055657408396,-2.));
#3824=CARTESIAN_POINT('Ctrl Pts',(10.9968861740622,30.4529004022941,-2.));
#3825=CARTESIAN_POINT('Ctrl Pts',(10.975905924379,30.5284749850072,-2.));
#3826=CARTESIAN_POINT('Ctrl Pts',(10.9510886482556,30.6028687606196,-2.));
#3827=CARTESIAN_POINT('Ctrl Pts',(10.9418151875441,30.6306674502054,-2.));
#3828=CARTESIAN_POINT('',(9.89133815965105,29.9144330046335,-2.));
#3829=CARTESIAN_POINT('Ctrl Pts',(10.9418151875441,30.6306674502054,-2.));
#3830=CARTESIAN_POINT('Ctrl Pts',(10.7782748887911,30.4827594576781,-2.));
#3831=CARTESIAN_POINT('Ctrl Pts',(10.4608649657509,30.1956897575301,-2.));
#3832=CARTESIAN_POINT('Ctrl Pts',(10.0772848576842,30.0062614557977,-2.));
#3833=CARTESIAN_POINT('Ctrl Pts',(9.89133815965105,29.9144330046335,-2.));
#3834=CARTESIAN_POINT('',(8.69761448106218,29.6756877920786,-2.));
#3835=CARTESIAN_POINT('Ctrl Pts',(9.89133815965105,29.9144330046335,-2.));
#3836=CARTESIAN_POINT('Ctrl Pts',(9.70063770036684,29.8448016082226,-2.));
#3837=CARTESIAN_POINT('Ctrl Pts',(9.31504307900578,29.7040075480786,-2.));
#3838=CARTESIAN_POINT('Ctrl Pts',(8.90491087105586,29.6851959088128,-2.));
#3839=CARTESIAN_POINT('Ctrl Pts',(8.69761448106218,29.6756877920786,-2.));
#3840=CARTESIAN_POINT('',(6.93431358537127,30.2827825567881,-2.));
#3841=CARTESIAN_POINT('Ctrl Pts',(8.69761448106218,29.6756877920786,-2.));
#3842=CARTESIAN_POINT('Ctrl Pts',(8.3525628100566,29.6937555694392,-2.));
#3843=CARTESIAN_POINT('Ctrl Pts',(7.70440599468382,29.7276946980363,-2.));
#3844=CARTESIAN_POINT('Ctrl Pts',(7.17969181006614,30.1059122595574,-2.));
#3845=CARTESIAN_POINT('Ctrl Pts',(6.93431358537127,30.2827825567881,-2.));
#3846=CARTESIAN_POINT('',(6.28970127305437,31.8175711653391,-2.));
#3847=CARTESIAN_POINT('Ctrl Pts',(6.93431358537127,30.2827825567881,-2.));
#3848=CARTESIAN_POINT('Ctrl Pts',(6.74631029897357,30.5004968739587,-2.));
#3849=CARTESIAN_POINT('Ctrl Pts',(6.36527652829941,30.9417471775612,-2.));
#3850=CARTESIAN_POINT('Ctrl Pts',(6.3151136341158,31.5230732462582,-2.));
#3851=CARTESIAN_POINT('Ctrl Pts',(6.28970127305437,31.8175711653391,-2.));
#3852=CARTESIAN_POINT('',(6.58301811417986,32.9123868963877,-2.));
#3853=CARTESIAN_POINT('Ctrl Pts',(6.28970127305437,31.8175711653391,-2.));
#3854=CARTESIAN_POINT('Ctrl Pts',(6.30077143899052,32.0147533766798,-2.));
#3855=CARTESIAN_POINT('Ctrl Pts',(6.32241937618232,32.4003472468229,-2.));
#3856=CARTESIAN_POINT('Ctrl Pts',(6.49747914629198,32.7443149268993,-2.));
#3857=CARTESIAN_POINT('Ctrl Pts',(6.58301811417986,32.9123868963877,-2.));
#3858=CARTESIAN_POINT('',(7.40498047074724,33.6490860006968,-2.));
#3859=CARTESIAN_POINT('Ctrl Pts',(6.58301811417986,32.9123868963877,-2.));
#3860=CARTESIAN_POINT('Ctrl Pts',(6.69155355989269,33.0637676700603,-2.));
#3861=CARTESIAN_POINT('Ctrl Pts',(6.91105808262432,33.3699235462122,-2.));
#3862=CARTESIAN_POINT('Ctrl Pts',(7.23912724806829,33.555346591752,-2.));
#3863=CARTESIAN_POINT('Ctrl Pts',(7.40498047074724,33.6490860006968,-2.));
#3864=CARTESIAN_POINT('',(8.92953853806902,34.0958800337473,-2.));
#3865=CARTESIAN_POINT('Ctrl Pts',(7.40498047074724,33.6490860006968,-2.));
#3866=CARTESIAN_POINT('Ctrl Pts',(7.61835623756088,33.7348378179833,-2.));
#3867=CARTESIAN_POINT('Ctrl Pts',(8.11164161155151,33.9330801858597,-2.));
#3868=CARTESIAN_POINT('Ctrl Pts',(8.63344607369857,34.0369437465486,-2.));
#3869=CARTESIAN_POINT('Ctrl Pts',(8.92953853806902,34.0958800337473,-2.));
#3870=CARTESIAN_POINT('',(10.791749765486,34.5665481112162,-2.));
#3871=CARTESIAN_POINT('Ctrl Pts',(8.92953853806902,34.0958800337473,-2.));
#3872=CARTESIAN_POINT('Ctrl Pts',(9.31143583542925,34.1667232908161,-2.));
#3873=CARTESIAN_POINT('Ctrl Pts',(9.94264263433069,34.2838143145736,-2.));
#3874=CARTESIAN_POINT('Ctrl Pts',(10.551333460283,34.4864948267121,-2.));
#3875=CARTESIAN_POINT('Ctrl Pts',(10.791749765486,34.5665481112162,-2.));
#3876=CARTESIAN_POINT('',(10.791749765486,34.7575440428415,-2.));
#3877=CARTESIAN_POINT('',(10.791749765486,17.2832740556081,-2.));
#3878=CARTESIAN_POINT('',(10.518894006819,35.5454018137613,-2.));
#3879=CARTESIAN_POINT('Ctrl Pts',(10.791749765486,34.7575440428415,-2.));
#3880=CARTESIAN_POINT('Ctrl Pts',(10.7869829130299,34.9220487765485,-2.));
#3881=CARTESIAN_POINT('Ctrl Pts',(10.7784740217892,35.2156917832458,-2.));
#3882=CARTESIAN_POINT('Ctrl Pts',(10.5981825572979,35.444692094637,-2.));
#3883=CARTESIAN_POINT('Ctrl Pts',(10.518894006819,35.5454018137613,-2.));
#3884=CARTESIAN_POINT('Ctrl Pts',(10.518894006819,35.5454018137613,-2.));
#3885=CARTESIAN_POINT('Ctrl Pts',(10.3899968770317,35.6134257107297,-2.));
#3886=CARTESIAN_POINT('Ctrl Pts',(10.070351225736,35.7821148265074,-2.));
#3887=CARTESIAN_POINT('Ctrl Pts',(9.70619376853041,35.7812515867882,-2.));
#3888=CARTESIAN_POINT('Ctrl Pts',(9.48888282975603,35.7807364485422,-2.));
#3889=CARTESIAN_POINT('',(-0.490651319413891,33.6115684530893,-2.));
#3890=CARTESIAN_POINT('',(-0.490651319413891,29.8393991015116,-2.));
#3891=CARTESIAN_POINT('',(-0.490651319413892,16.8057842265447,-2.));
#3892=CARTESIAN_POINT('',(-2.50975150862287,29.8393991015116,-2.));
#3893=CARTESIAN_POINT('',(-0.245325659706945,29.8393991015116,-2.));
#3894=CARTESIAN_POINT('',(-2.50975150862287,39.8393991015116,-2.));
#3895=CARTESIAN_POINT('',(-2.50975150862288,14.9196995507558,-2.));
#3896=CARTESIAN_POINT('',(0.730356981367359,39.8393991015116,-2.));
#3897=CARTESIAN_POINT('',(-1.25487575431144,39.8393991015116,-2.));
#3898=CARTESIAN_POINT('',(3.13144664964129,39.6893306992212,-2.));
#3899=CARTESIAN_POINT('Ctrl Pts',(0.730356981367359,39.8393991015116,-2.));
#3900=CARTESIAN_POINT('Ctrl Pts',(1.23865166257579,39.8432689699219,-2.));
#3901=CARTESIAN_POINT('Ctrl Pts',(2.04328691498254,39.8493950079472,-2.));
#3902=CARTESIAN_POINT('Ctrl Pts',(2.83855567927656,39.7324138874796,-2.));
#3903=CARTESIAN_POINT('Ctrl Pts',(3.13144664964129,39.6893306992212,-2.));
#3904=CARTESIAN_POINT('',(4.57074146470476,38.7104769966761,-2.));
#3905=CARTESIAN_POINT('Ctrl Pts',(3.13144664964129,39.6893306992212,-2.));
#3906=CARTESIAN_POINT('Ctrl Pts',(3.40799721752129,39.5900231940951,-2.));
#3907=CARTESIAN_POINT('Ctrl Pts',(3.97148360444129,39.3876789078891,-2.));
#3908=CARTESIAN_POINT('Ctrl Pts',(4.36854949024103,38.9389676025041,-2.));
#3909=CARTESIAN_POINT('Ctrl Pts',(4.57074146470476,38.7104769966761,-2.));
#3910=CARTESIAN_POINT('',(5.15054683885027,36.7630007288614,-2.));
#3911=CARTESIAN_POINT('Ctrl Pts',(4.57074146470476,38.7104769966761,-2.));
#3912=CARTESIAN_POINT('Ctrl Pts',(4.73968017055284,38.4299739857954,-2.));
#3913=CARTESIAN_POINT('Ctrl Pts',(5.09963057866942,37.8323183287478,-2.));
#3914=CARTESIAN_POINT('Ctrl Pts',(5.13289480553079,37.1337198240043,-2.));
#3915=CARTESIAN_POINT('Ctrl Pts',(5.15054683885027,36.7630007288614,-2.));
#3916=CARTESIAN_POINT('',(4.81630783280779,35.2145698092142,-2.));
#3917=CARTESIAN_POINT('Ctrl Pts',(5.15054683885027,36.7630007288614,-2.));
#3918=CARTESIAN_POINT('Ctrl Pts',(5.14076909523429,36.4764270523905,-2.));
#3919=CARTESIAN_POINT('Ctrl Pts',(5.12244536644834,35.9393810291891,-2.));
#3920=CARTESIAN_POINT('Ctrl Pts',(4.91367570307076,35.4450979773627,-2.));
#3921=CARTESIAN_POINT('Ctrl Pts',(4.81630783280779,35.2145698092142,-2.));
#3922=CARTESIAN_POINT('',(3.96705608567644,34.2288943550745,-2.));
#3923=CARTESIAN_POINT('Ctrl Pts',(4.81630783280779,35.2145698092142,-2.));
#3924=CARTESIAN_POINT('Ctrl Pts',(4.70033404032227,35.0187139428203,-2.));
#3925=CARTESIAN_POINT('Ctrl Pts',(4.47571597553685,34.6393802611029,-2.));
#3926=CARTESIAN_POINT('Ctrl Pts',(4.13288035512541,34.3627136847349,-2.));
#3927=CARTESIAN_POINT('Ctrl Pts',(3.96705608567644,34.2288943550745,-2.));
#3928=CARTESIAN_POINT('',(2.91998844346453,33.7548151037851,-2.));
#3929=CARTESIAN_POINT('Ctrl Pts',(3.96705608567644,34.2288943550745,-2.));
#3930=CARTESIAN_POINT('Ctrl Pts',(3.7981393126109,34.1203948129018,-2.));
#3931=CARTESIAN_POINT('Ctrl Pts',(3.47215039712067,33.911003836256,-2.));
#3932=CARTESIAN_POINT('Ctrl Pts',(3.09952943441198,33.8056014348914,-2.));
#3933=CARTESIAN_POINT('Ctrl Pts',(2.91998844346453,33.7548151037851,-2.));
#3934=CARTESIAN_POINT('',(0.825853159040699,33.6115684530893,-2.));
#3935=CARTESIAN_POINT('Ctrl Pts',(2.91998844346453,33.7548151037851,-2.));
#3936=CARTESIAN_POINT('Ctrl Pts',(2.62539951300826,33.713272375718,-2.));
#3937=CARTESIAN_POINT('Ctrl Pts',(1.93113343954834,33.6153674522326,-2.));
#3938=CARTESIAN_POINT('Ctrl Pts',(1.22967235009492,33.6129564347515,-2.));
#3939=CARTESIAN_POINT('Ctrl Pts',(0.825853159040699,33.6115684530893,-2.));
#3940=CARTESIAN_POINT('',(0.41292657952035,33.6115684530893,-2.));
#3941=CARTESIAN_POINT('',(19.2910669346755,39.8393991015116,-2.));
#3942=CARTESIAN_POINT('',(21.2078474064772,39.8393991015116,-2.));
#3943=CARTESIAN_POINT('',(9.64553346733773,39.8393991015116,-2.));
#3944=CARTESIAN_POINT('',(21.2078474064772,29.8393991015116,-2.));
#3945=CARTESIAN_POINT('',(21.2078474064772,19.9196995507558,-2.));
#3946=CARTESIAN_POINT('',(19.427494814009,29.8393991015116,-2.));
#3947=CARTESIAN_POINT('',(10.6039237032386,29.8393991015116,-2.));
#3948=CARTESIAN_POINT('',(19.427494814009,30.9035196325937,-2.));
#3949=CARTESIAN_POINT('',(19.427494814009,14.9196995507558,-2.));
#3950=CARTESIAN_POINT('',(18.380427171797,29.9792351744333,-2.));
#3951=CARTESIAN_POINT('Ctrl Pts',(19.427494814009,30.9035196325937,-2.));
#3952=CARTESIAN_POINT('Ctrl Pts',(19.2763985279492,30.7115567963792,-2.));
#3953=CARTESIAN_POINT('Ctrl Pts',(18.9834757480503,30.3394080885084,-2.));
#3954=CARTESIAN_POINT('Ctrl Pts',(18.5771572650972,30.096732924665,-2.));
#3955=CARTESIAN_POINT('Ctrl Pts',(18.380427171797,29.9792351744333,-2.));
#3956=CARTESIAN_POINT('',(17.1628282566969,29.6756877920786,-2.));
#3957=CARTESIAN_POINT('Ctrl Pts',(18.380427171797,29.9792351744333,-2.));
#3958=CARTESIAN_POINT('Ctrl Pts',(18.1814561975088,29.890716974939,-2.));
#3959=CARTESIAN_POINT('Ctrl Pts',(17.7932015202798,29.7179902488599,-2.));
#3960=CARTESIAN_POINT('Ctrl Pts',(17.3694281808972,29.6895520925961,-2.));
#3961=CARTESIAN_POINT('Ctrl Pts',(17.1628282566969,29.6756877920786,-2.));
#3962=CARTESIAN_POINT('',(15.0243566533034,30.6818273089091,-2.));
#3963=CARTESIAN_POINT('Ctrl Pts',(17.1628282566969,29.6756877920786,-2.));
#3964=CARTESIAN_POINT('Ctrl Pts',(16.7586760096642,29.721023595871,-2.));
#3965=CARTESIAN_POINT('Ctrl Pts',(15.9330312237518,29.813640351787,-2.));
#3966=CARTESIAN_POINT('Ctrl Pts',(15.3314596034757,30.3884078774599,-2.));
#3967=CARTESIAN_POINT('Ctrl Pts',(15.0243566533034,30.6818273089091,-2.));
#3968=CARTESIAN_POINT('',(14.1341779728835,33.4887852690378,-2.));
#3969=CARTESIAN_POINT('Ctrl Pts',(15.0243566533034,30.6818273089091,-2.));
#3970=CARTESIAN_POINT('Ctrl Pts',(14.7651626022213,31.0712029075265,-2.));
#3971=CARTESIAN_POINT('Ctrl Pts',(14.2015930099063,31.9178282311173,-2.));
#3972=CARTESIAN_POINT('Ctrl Pts',(14.1578194308373,32.9378738344451,-2.));
#3973=CARTESIAN_POINT('Ctrl Pts',(14.1341779728835,33.4887852690378,-2.));
#3974=CARTESIAN_POINT('',(15.0004814167922,36.2889220736185,-2.));
#3975=CARTESIAN_POINT('Ctrl Pts',(14.1341779728835,33.4887852690378,-2.));
#3976=CARTESIAN_POINT('Ctrl Pts',(14.154030058609,34.0463286934065,-2.));
#3977=CARTESIAN_POINT('Ctrl Pts',(14.1902266504722,35.0629055940367,-2.));
#3978=CARTESIAN_POINT('Ctrl Pts',(14.7484270345068,35.9075323684567,-2.));
#3979=CARTESIAN_POINT('Ctrl Pts',(15.0004814167922,36.2889220736185,-2.));
#3980=CARTESIAN_POINT('',(17.1901128788893,37.2473123095194,-2.));
#3981=CARTESIAN_POINT('Ctrl Pts',(15.0004814167922,36.2889220736185,-2.));
#3982=CARTESIAN_POINT('Ctrl Pts',(15.3097865582754,36.5684488328543,-2.));
#3983=CARTESIAN_POINT('Ctrl Pts',(15.9326659949912,37.1313604918873,-2.));
#3984=CARTESIAN_POINT('Ctrl Pts',(16.7690530796076,37.2084855012592,-2.));
#3985=CARTESIAN_POINT('Ctrl Pts',(17.1901128788893,37.2473123095194,-2.));
#3986=CARTESIAN_POINT('',(19.2910669346755,36.2377628109614,-2.));
#3987=CARTESIAN_POINT('Ctrl Pts',(17.1901128788893,37.2473123095194,-2.));
#3988=CARTESIAN_POINT('Ctrl Pts',(17.5852242942628,37.2005733125201,-2.));
#3989=CARTESIAN_POINT('Ctrl Pts',(18.3990542513833,37.1043027558017,-2.));
#3990=CARTESIAN_POINT('Ctrl Pts',(18.9880344371217,36.5321417683837,-2.));
#3991=CARTESIAN_POINT('Ctrl Pts',(19.2910669346755,36.2377628109614,-2.));
#3992=CARTESIAN_POINT('',(19.2910669346755,18.1188814054807,-2.));
#3993=CARTESIAN_POINT('',(-26.7184855441148,31.1081578753153,-2.));
#3994=CARTESIAN_POINT('',(-25.9613229731615,31.3537230513254,-2.));
#3995=CARTESIAN_POINT('Ctrl Pts',(-26.7184855441148,31.1081578753153,-2.));
#3996=CARTESIAN_POINT('Ctrl Pts',(-26.5764340766615,31.1167938035126,-2.));
#3997=CARTESIAN_POINT('Ctrl Pts',(-26.3024361946902,31.1334513296707,-2.));
#3998=CARTESIAN_POINT('Ctrl Pts',(-26.0721969697039,31.2821268640077,-2.));
#3999=CARTESIAN_POINT('Ctrl Pts',(-25.9613229731615,31.3537230513254,-2.));
#4000=CARTESIAN_POINT('',(-25.4974760512407,32.1449925921122,-2.));
#4001=CARTESIAN_POINT('Ctrl Pts',(-25.9613229731615,31.3537230513254,-2.));
#4002=CARTESIAN_POINT('Ctrl Pts',(-25.8632688996973,31.4555906034831,-2.));
#4003=CARTESIAN_POINT('Ctrl Pts',(-25.6459828058382,31.6813272987306,-2.));
#4004=CARTESIAN_POINT('Ctrl Pts',(-25.5500936062636,31.9807109461168,-2.));
#4005=CARTESIAN_POINT('Ctrl Pts',(-25.4974760512407,32.1449925921122,-2.));
#4006=CARTESIAN_POINT('',(-23.587516734987,31.8243923208872,-2.));
#4007=CARTESIAN_POINT('',(-10.4741524373707,29.6232207489534,-2.));
#4008=CARTESIAN_POINT('',(-24.7505452136094,30.2248015425364,-2.));
#4009=CARTESIAN_POINT('Ctrl Pts',(-23.587516734987,31.8243923208872,-2.));
#4010=CARTESIAN_POINT('Ctrl Pts',(-23.7226658418342,31.4989538625284,-2.));
#4011=CARTESIAN_POINT('Ctrl Pts',(-23.983034602546,30.871987025177,-2.));
#4012=CARTESIAN_POINT('Ctrl Pts',(-24.5012965084574,30.4349747195793,-2.));
#4013=CARTESIAN_POINT('Ctrl Pts',(-24.7505452136094,30.2248015425364,-2.));
#4014=CARTESIAN_POINT('',(-26.7389490107591,29.6756877920786,-2.));
#4015=CARTESIAN_POINT('Ctrl Pts',(-24.7505452136094,30.2248015425364,-2.));
#4016=CARTESIAN_POINT('Ctrl Pts',(-25.0421976133764,30.0647811469944,-2.));
#4017=CARTESIAN_POINT('Ctrl Pts',(-25.6604059025161,29.7255899212938,-2.));
#4018=CARTESIAN_POINT('Ctrl Pts',(-26.3661526961341,29.692936365382,-2.));
#4019=CARTESIAN_POINT('Ctrl Pts',(-26.7389490107591,29.6756877920786,-2.));
#4020=CARTESIAN_POINT('',(-29.5356752375657,30.9103407881418,-2.));
#4021=CARTESIAN_POINT('Ctrl Pts',(-26.7389490107591,29.6756877920786,-2.));
#4022=CARTESIAN_POINT('Ctrl Pts',(-27.3169923377133,29.7132168171157,-2.));
#4023=CARTESIAN_POINT('Ctrl Pts',(-28.4060325357826,29.7839219268434,-2.));
#4024=CARTESIAN_POINT('Ctrl Pts',(-29.1749061671445,30.5506013016174,-2.));
#4025=CARTESIAN_POINT('Ctrl Pts',(-29.5356752375657,30.9103407881418,-2.));
#4026=CARTESIAN_POINT('',(-30.2519096831376,33.4069302103678,-2.));
#4027=CARTESIAN_POINT('Ctrl Pts',(-29.5356752375657,30.9103407881418,-2.));
#4028=CARTESIAN_POINT('Ctrl Pts',(-29.7443968741495,31.2744356844944,-2.));
#4029=CARTESIAN_POINT('Ctrl Pts',(-30.1868179060906,32.0461967841356,-2.));
#4030=CARTESIAN_POINT('Ctrl Pts',(-30.229410867358,32.9365959827457,-2.));
#4031=CARTESIAN_POINT('Ctrl Pts',(-30.2519096831376,33.4069302103678,-2.));
#4032=CARTESIAN_POINT('',(-29.310572336107,36.2275298855463,-2.));
#4033=CARTESIAN_POINT('Ctrl Pts',(-30.2519096831376,33.4069302103678,-2.));
#4034=CARTESIAN_POINT('Ctrl Pts',(-30.2252618245367,33.9602038166601,-2.));
#4035=CARTESIAN_POINT('Ctrl Pts',(-30.1755370626808,34.9926094116493,-2.));
#4036=CARTESIAN_POINT('Ctrl Pts',(-29.5847516049978,35.8360808677205,-2.));
#4037=CARTESIAN_POINT('Ctrl Pts',(-29.310572336107,36.2275298855463,-2.));
#4038=CARTESIAN_POINT('',(-26.9299449423845,37.247311713473,-2.));
#4039=CARTESIAN_POINT('Ctrl Pts',(-29.310572336107,36.2275298855463,-2.));
#4040=CARTESIAN_POINT('Ctrl Pts',(-28.9736091723871,36.52495709377,-2.));
#4041=CARTESIAN_POINT('Ctrl Pts',(-28.2926347392227,37.1260326602854,-2.));
#4042=CARTESIAN_POINT('Ctrl Pts',(-27.3872982944129,37.2066073788292,-2.));
#4043=CARTESIAN_POINT('Ctrl Pts',(-26.9299449423845,37.247311713473,-2.));
#4044=CARTESIAN_POINT('',(-24.3787850836809,36.1797812006632,-2.));
#4045=CARTESIAN_POINT('Ctrl Pts',(-26.9299449423845,37.247311713473,-2.));
#4046=CARTESIAN_POINT('Ctrl Pts',(-26.4258386167708,37.2098652262807,-2.));
#4047=CARTESIAN_POINT('Ctrl Pts',(-25.4539358006145,37.137669452278,-2.));
#4048=CARTESIAN_POINT('Ctrl Pts',(-24.7281300683215,36.4910245001164,-2.));
#4049=CARTESIAN_POINT('Ctrl Pts',(-24.3787850836809,36.1797812006632,-2.));
#4050=CARTESIAN_POINT('',(-23.4851970175798,32.9089763186136,-2.));
#4051=CARTESIAN_POINT('Ctrl Pts',(-24.3787850836809,36.1797812006632,-2.));
#4052=CARTESIAN_POINT('Ctrl Pts',(-24.109603358029,35.7408726303704,-2.));
#4053=CARTESIAN_POINT('Ctrl Pts',(-23.4981109424154,34.7438166035101,-2.));
#4054=CARTESIAN_POINT('Ctrl Pts',(-23.4898317000365,33.56748271288,-2.));
#4055=CARTESIAN_POINT('Ctrl Pts',(-23.4851970175798,32.9089763186136,-2.));
#4056=CARTESIAN_POINT('',(-28.2873799304063,32.9089763186136,-2.));
#4057=CARTESIAN_POINT('',(-11.7425985087899,32.9089763186136,-2.));
#4058=CARTESIAN_POINT('',(-27.8235330084855,31.5822365305582,-2.));
#4059=CARTESIAN_POINT('Ctrl Pts',(-28.2873799304063,32.9089763186136,-2.));
#4060=CARTESIAN_POINT('Ctrl Pts',(-28.2691510032286,32.6475939956881,-2.));
#4061=CARTESIAN_POINT('Ctrl Pts',(-28.2352323606739,32.1612387925008,-2.));
#4062=CARTESIAN_POINT('Ctrl Pts',(-27.9537418266368,31.7653585098223,-2.));
#4063=CARTESIAN_POINT('Ctrl Pts',(-27.8235330084855,31.5822365305582,-2.));
#4064=CARTESIAN_POINT('Ctrl Pts',(-27.8235330084855,31.5822365305582,-2.));
#4065=CARTESIAN_POINT('Ctrl Pts',(-27.666049929001,31.4439650477075,-2.));
#4066=CARTESIAN_POINT('Ctrl Pts',(-27.3493621047614,31.1659104452593,-2.));
#4067=CARTESIAN_POINT('Ctrl Pts',(-26.9295385177342,31.1274783769493,-2.));
#4068=CARTESIAN_POINT('Ctrl Pts',(-26.7184855441148,31.1081578753153,-2.));
#4069=CARTESIAN_POINT('Origin',(60.5,-55.5,-5.));
#4070=CARTESIAN_POINT('',(60.5,50.5,-5.));
#4071=CARTESIAN_POINT('',(60.5,55.5,-5.));
#4072=CARTESIAN_POINT('',(60.5,50.5,-5.));
#4073=CARTESIAN_POINT('Origin',(55.5,50.5,-5.));
#4074=CARTESIAN_POINT('',(55.5,55.5,-5.));
#4075=CARTESIAN_POINT('Origin',(55.5,50.5,-5.));
#4076=CARTESIAN_POINT('',(55.5,55.5,-5.));
#4077=CARTESIAN_POINT('Origin',(-55.5,50.5,-5.));
#4078=CARTESIAN_POINT('',(-55.5,55.5,-5.));
#4079=CARTESIAN_POINT('',(-55.5,55.5,-5.));
#4080=CARTESIAN_POINT('',(-60.5,50.5,-5.));
#4081=CARTESIAN_POINT('Origin',(-55.5,50.5,-5.));
#4082=CARTESIAN_POINT('',(-60.5,50.5,-5.));
#4083=CARTESIAN_POINT('Origin',(-60.5,55.5,-5.));
#4084=CARTESIAN_POINT('',(-60.5,-50.5,-5.));
#4085=CARTESIAN_POINT('',(-60.5,-55.5,-5.));
#4086=CARTESIAN_POINT('',(-60.5,-50.5,-5.));
#4087=CARTESIAN_POINT('Origin',(-55.5,-50.5,-5.));
#4088=CARTESIAN_POINT('',(-55.5,-55.5,-5.));
#4089=CARTESIAN_POINT('Origin',(-55.5,-50.5,-5.));
#4090=CARTESIAN_POINT('',(-55.5,-55.5,-5.));
#4091=CARTESIAN_POINT('Ctrl Pts',(-27.8508176306779,35.3237100861231,-2.));
#4092=CARTESIAN_POINT('Ctrl Pts',(-27.8508176306779,35.3237100861231,-3.));
#4093=CARTESIAN_POINT('Ctrl Pts',(-27.969690000891,35.1498793019047,-2.));
#4094=CARTESIAN_POINT('Ctrl Pts',(-27.969690000891,35.1498793019047,-3.));
#4095=CARTESIAN_POINT('Ctrl Pts',(-28.2246997897249,34.7769705132865,-2.));
#4096=CARTESIAN_POINT('Ctrl Pts',(-28.2246997897249,34.7769705132865,-3.));
#4097=CARTESIAN_POINT('Ctrl Pts',(-28.2433289455025,34.3240362653747,-2.));
#4098=CARTESIAN_POINT('Ctrl Pts',(-28.2433289455025,34.3240362653747,-3.));
#4099=CARTESIAN_POINT('Ctrl Pts',(-28.2532741526658,34.0822365305582,-2.));
#4100=CARTESIAN_POINT('Ctrl Pts',(-28.2532741526658,34.0822365305582,-3.));
#4101=CARTESIAN_POINT('',(-27.8508176306779,35.3237100861231,-2.));
#4102=CARTESIAN_POINT('',(-28.2532741526658,34.0822365305582,-2.));
#4103=CARTESIAN_POINT('Ctrl Pts',(-27.8508176306779,35.3237100861231,-2.));
#4104=CARTESIAN_POINT('Ctrl Pts',(-27.969690000891,35.1498793019047,-2.));
#4105=CARTESIAN_POINT('Ctrl Pts',(-28.2246997897249,34.7769705132865,-2.));
#4106=CARTESIAN_POINT('Ctrl Pts',(-28.2433289455025,34.3240362653747,-2.));
#4107=CARTESIAN_POINT('Ctrl Pts',(-28.2532741526658,34.0822365305582,-2.));
#4108=CARTESIAN_POINT('',(-27.8508176306779,35.3237100861231,-3.));
#4109=CARTESIAN_POINT('',(-27.8508176306779,35.3237100861231,-2.));
#4110=CARTESIAN_POINT('',(-28.2532741526658,34.0822365305582,-3.));
#4111=CARTESIAN_POINT('Ctrl Pts',(-27.8508176306779,35.3237100861231,-3.));
#4112=CARTESIAN_POINT('Ctrl Pts',(-27.969690000891,35.1498793019047,-3.));
#4113=CARTESIAN_POINT('Ctrl Pts',(-28.2246997897249,34.7769705132865,-3.));
#4114=CARTESIAN_POINT('Ctrl Pts',(-28.2433289455025,34.3240362653747,-3.));
#4115=CARTESIAN_POINT('Ctrl Pts',(-28.2532741526658,34.0822365305582,-3.));
#4116=CARTESIAN_POINT('',(-28.2532741526658,34.0822365305582,-2.));
#4117=CARTESIAN_POINT('Ctrl Pts',(-26.8139829138811,35.7807364485422,-2.));
#4118=CARTESIAN_POINT('Ctrl Pts',(-26.8139829138811,35.7807364485422,-3.));
#4119=CARTESIAN_POINT('Ctrl Pts',(-27.0136258979004,35.7621914367006,-2.));
#4120=CARTESIAN_POINT('Ctrl Pts',(-27.0136258979004,35.7621914367006,-3.));
#4121=CARTESIAN_POINT('Ctrl Pts',(-27.4103441421627,35.7253399311304,-2.));
#4122=CARTESIAN_POINT('Ctrl Pts',(-27.4103441421627,35.7253399311304,-3.));
#4123=CARTESIAN_POINT('Ctrl Pts',(-27.704628043354,35.4570077824192,-2.));
#4124=CARTESIAN_POINT('Ctrl Pts',(-27.704628043354,35.4570077824192,-3.));
#4125=CARTESIAN_POINT('Ctrl Pts',(-27.8508176306779,35.3237100861231,-2.));
#4126=CARTESIAN_POINT('Ctrl Pts',(-27.8508176306779,35.3237100861231,-3.));
#4127=CARTESIAN_POINT('',(-26.8139829138811,35.7807364485422,-2.));
#4128=CARTESIAN_POINT('Ctrl Pts',(-26.8139829138811,35.7807364485422,-2.));
#4129=CARTESIAN_POINT('Ctrl Pts',(-27.0136258979004,35.7621914367006,-2.));
#4130=CARTESIAN_POINT('Ctrl Pts',(-27.4103441421627,35.7253399311304,-2.));
#4131=CARTESIAN_POINT('Ctrl Pts',(-27.704628043354,35.4570077824192,-2.));
#4132=CARTESIAN_POINT('Ctrl Pts',(-27.8508176306779,35.3237100861231,-2.));
#4133=CARTESIAN_POINT('',(-26.8139829138811,35.7807364485422,-3.));
#4134=CARTESIAN_POINT('',(-26.8139829138811,35.7807364485422,-2.));
#4135=CARTESIAN_POINT('Ctrl Pts',(-26.8139829138811,35.7807364485422,-3.));
#4136=CARTESIAN_POINT('Ctrl Pts',(-27.0136258979004,35.7621914367006,-3.));
#4137=CARTESIAN_POINT('Ctrl Pts',(-27.4103441421627,35.7253399311304,-3.));
#4138=CARTESIAN_POINT('Ctrl Pts',(-27.704628043354,35.4570077824192,-3.));
#4139=CARTESIAN_POINT('Ctrl Pts',(-27.8508176306779,35.3237100861231,-3.));
#4140=CARTESIAN_POINT('Ctrl Pts',(-25.8180763224657,35.3475847265879,-2.));
#4141=CARTESIAN_POINT('Ctrl Pts',(-25.8180763224657,35.3475847265879,-3.));
#4142=CARTESIAN_POINT('Ctrl Pts',(-25.9614525322647,35.473919926399,-2.));
#4143=CARTESIAN_POINT('Ctrl Pts',(-25.9614525322647,35.473919926399,-3.));
#4144=CARTESIAN_POINT('Ctrl Pts',(-26.246933584707,35.7254700674798,-2.));
#4145=CARTESIAN_POINT('Ctrl Pts',(-26.246933584707,35.7254700674798,-3.));
#4146=CARTESIAN_POINT('Ctrl Pts',(-26.6255284849128,35.7623690971525,-2.));
#4147=CARTESIAN_POINT('Ctrl Pts',(-26.6255284849128,35.7623690971525,-3.));
#4148=CARTESIAN_POINT('Ctrl Pts',(-26.8139829138811,35.7807364485422,-2.));
#4149=CARTESIAN_POINT('Ctrl Pts',(-26.8139829138811,35.7807364485422,-3.));
#4150=CARTESIAN_POINT('',(-25.8180763224657,35.3475847265879,-2.));
#4151=CARTESIAN_POINT('Ctrl Pts',(-25.8180763224657,35.3475847265879,-2.));
#4152=CARTESIAN_POINT('Ctrl Pts',(-25.9614525322647,35.473919926399,-2.));
#4153=CARTESIAN_POINT('Ctrl Pts',(-26.246933584707,35.7254700674798,-2.));
#4154=CARTESIAN_POINT('Ctrl Pts',(-26.6255284849128,35.7623690971525,-2.));
#4155=CARTESIAN_POINT('Ctrl Pts',(-26.8139829138811,35.7807364485422,-2.));
#4156=CARTESIAN_POINT('',(-25.8180763224657,35.3475847265879,-3.));
#4157=CARTESIAN_POINT('',(-25.8180763224657,35.3475847265879,-2.));
#4158=CARTESIAN_POINT('Ctrl Pts',(-25.8180763224657,35.3475847265879,-3.));
#4159=CARTESIAN_POINT('Ctrl Pts',(-25.9614525322647,35.473919926399,-3.));
#4160=CARTESIAN_POINT('Ctrl Pts',(-26.246933584707,35.7254700674798,-3.));
#4161=CARTESIAN_POINT('Ctrl Pts',(-26.6255284849128,35.7623690971525,-3.));
#4162=CARTESIAN_POINT('Ctrl Pts',(-26.8139829138811,35.7807364485422,-3.));
#4163=CARTESIAN_POINT('Ctrl Pts',(-25.3883351782854,34.0822365305582,-2.));
#4164=CARTESIAN_POINT('Ctrl Pts',(-25.3883351782854,34.0822365305582,-3.));
#4165=CARTESIAN_POINT('Ctrl Pts',(-25.4041648965203,34.3347759166497,-2.));
#4166=CARTESIAN_POINT('Ctrl Pts',(-25.4041648965203,34.3347759166497,-3.));
#4167=CARTESIAN_POINT('Ctrl Pts',(-25.4331727190449,34.7975521697385,-2.));
#4168=CARTESIAN_POINT('Ctrl Pts',(-25.4331727190449,34.7975521697385,-3.));
#4169=CARTESIAN_POINT('Ctrl Pts',(-25.697839546593,35.1757647158818,-2.));
#4170=CARTESIAN_POINT('Ctrl Pts',(-25.697839546593,35.1757647158818,-3.));
#4171=CARTESIAN_POINT('Ctrl Pts',(-25.8180763224657,35.3475847265879,-2.));
#4172=CARTESIAN_POINT('Ctrl Pts',(-25.8180763224657,35.3475847265879,-3.));
#4173=CARTESIAN_POINT('',(-25.3883351782854,34.0822365305582,-2.));
#4174=CARTESIAN_POINT('Ctrl Pts',(-25.3883351782854,34.0822365305582,-2.));
#4175=CARTESIAN_POINT('Ctrl Pts',(-25.4041648965203,34.3347759166497,-2.));
#4176=CARTESIAN_POINT('Ctrl Pts',(-25.4331727190449,34.7975521697385,-2.));
#4177=CARTESIAN_POINT('Ctrl Pts',(-25.697839546593,35.1757647158818,-2.));
#4178=CARTESIAN_POINT('Ctrl Pts',(-25.8180763224657,35.3475847265879,-2.));
#4179=CARTESIAN_POINT('',(-25.3883351782854,34.0822365305582,-3.));
#4180=CARTESIAN_POINT('',(-25.3883351782854,34.0822365305582,-2.));
#4181=CARTESIAN_POINT('Ctrl Pts',(-25.3883351782854,34.0822365305582,-3.));
#4182=CARTESIAN_POINT('Ctrl Pts',(-25.4041648965203,34.3347759166497,-3.));
#4183=CARTESIAN_POINT('Ctrl Pts',(-25.4331727190449,34.7975521697385,-3.));
#4184=CARTESIAN_POINT('Ctrl Pts',(-25.697839546593,35.1757647158818,-3.));
#4185=CARTESIAN_POINT('Ctrl Pts',(-25.8180763224657,35.3475847265879,-3.));
#4186=CARTESIAN_POINT('Origin',(-28.2532741526658,34.0822365305582,-2.));
#4187=CARTESIAN_POINT('',(-14.1266370763329,34.0822365305582,-2.));
#4188=CARTESIAN_POINT('',(-28.2532741526658,34.0822365305582,-3.));
#4189=CARTESIAN_POINT('Ctrl Pts',(-26.7184855441148,31.1081578753153,-2.));
#4190=CARTESIAN_POINT('Ctrl Pts',(-26.7184855441148,31.1081578753153,-3.));
#4191=CARTESIAN_POINT('Ctrl Pts',(-26.5764340766615,31.1167938035126,-2.));
#4192=CARTESIAN_POINT('Ctrl Pts',(-26.5764340766615,31.1167938035126,-3.));
#4193=CARTESIAN_POINT('Ctrl Pts',(-26.3024361946902,31.1334513296707,-2.));
#4194=CARTESIAN_POINT('Ctrl Pts',(-26.3024361946902,31.1334513296707,-3.));
#4195=CARTESIAN_POINT('Ctrl Pts',(-26.0721969697039,31.2821268640077,-2.));
#4196=CARTESIAN_POINT('Ctrl Pts',(-26.0721969697039,31.2821268640077,-3.));
#4197=CARTESIAN_POINT('Ctrl Pts',(-25.9613229731615,31.3537230513254,-2.));
#4198=CARTESIAN_POINT('Ctrl Pts',(-25.9613229731615,31.3537230513254,-3.));
#4199=CARTESIAN_POINT('',(-26.7184855441148,31.1081578753153,-3.));
#4200=CARTESIAN_POINT('',(-26.7184855441148,31.1081578753153,-2.));
#4201=CARTESIAN_POINT('',(-25.9613229731615,31.3537230513254,-3.));
#4202=CARTESIAN_POINT('Ctrl Pts',(-26.7184855441148,31.1081578753153,-3.));
#4203=CARTESIAN_POINT('Ctrl Pts',(-26.5764340766615,31.1167938035126,-3.));
#4204=CARTESIAN_POINT('Ctrl Pts',(-26.3024361946902,31.1334513296707,-3.));
#4205=CARTESIAN_POINT('Ctrl Pts',(-26.0721969697039,31.2821268640077,-3.));
#4206=CARTESIAN_POINT('Ctrl Pts',(-25.9613229731615,31.3537230513254,-3.));
#4207=CARTESIAN_POINT('',(-25.9613229731615,31.3537230513254,-2.));
#4208=CARTESIAN_POINT('Ctrl Pts',(-27.8235330084855,31.5822365305582,-2.));
#4209=CARTESIAN_POINT('Ctrl Pts',(-27.8235330084855,31.5822365305582,-3.));
#4210=CARTESIAN_POINT('Ctrl Pts',(-27.666049929001,31.4439650477075,-2.));
#4211=CARTESIAN_POINT('Ctrl Pts',(-27.666049929001,31.4439650477075,-3.));
#4212=CARTESIAN_POINT('Ctrl Pts',(-27.3493621047614,31.1659104452593,-2.));
#4213=CARTESIAN_POINT('Ctrl Pts',(-27.3493621047614,31.1659104452593,-3.));
#4214=CARTESIAN_POINT('Ctrl Pts',(-26.9295385177342,31.1274783769493,-2.));
#4215=CARTESIAN_POINT('Ctrl Pts',(-26.9295385177342,31.1274783769493,-3.));
#4216=CARTESIAN_POINT('Ctrl Pts',(-26.7184855441148,31.1081578753153,-2.));
#4217=CARTESIAN_POINT('Ctrl Pts',(-26.7184855441148,31.1081578753153,-3.));
#4218=CARTESIAN_POINT('',(-27.8235330084855,31.5822365305582,-3.));
#4219=CARTESIAN_POINT('',(-27.8235330084855,31.5822365305582,-2.));
#4220=CARTESIAN_POINT('Ctrl Pts',(-27.8235330084855,31.5822365305582,-3.));
#4221=CARTESIAN_POINT('Ctrl Pts',(-27.666049929001,31.4439650477075,-3.));
#4222=CARTESIAN_POINT('Ctrl Pts',(-27.3493621047614,31.1659104452593,-3.));
#4223=CARTESIAN_POINT('Ctrl Pts',(-26.9295385177342,31.1274783769493,-3.));
#4224=CARTESIAN_POINT('Ctrl Pts',(-26.7184855441148,31.1081578753153,-3.));
#4225=CARTESIAN_POINT('Ctrl Pts',(-28.2873799304063,32.9089763186136,-2.));
#4226=CARTESIAN_POINT('Ctrl Pts',(-28.2873799304063,32.9089763186136,-3.));
#4227=CARTESIAN_POINT('Ctrl Pts',(-28.2691510032286,32.6475939956881,-2.));
#4228=CARTESIAN_POINT('Ctrl Pts',(-28.2691510032286,32.6475939956881,-3.));
#4229=CARTESIAN_POINT('Ctrl Pts',(-28.2352323606739,32.1612387925008,-2.));
#4230=CARTESIAN_POINT('Ctrl Pts',(-28.2352323606739,32.1612387925008,-3.));
#4231=CARTESIAN_POINT('Ctrl Pts',(-27.9537418266368,31.7653585098223,-2.));
#4232=CARTESIAN_POINT('Ctrl Pts',(-27.9537418266368,31.7653585098223,-3.));
#4233=CARTESIAN_POINT('Ctrl Pts',(-27.8235330084855,31.5822365305582,-2.));
#4234=CARTESIAN_POINT('Ctrl Pts',(-27.8235330084855,31.5822365305582,-3.));
#4235=CARTESIAN_POINT('',(-28.2873799304063,32.9089763186136,-3.));
#4236=CARTESIAN_POINT('',(-28.2873799304063,32.9089763186136,-2.));
#4237=CARTESIAN_POINT('Ctrl Pts',(-28.2873799304063,32.9089763186136,-3.));
#4238=CARTESIAN_POINT('Ctrl Pts',(-28.2691510032286,32.6475939956881,-3.));
#4239=CARTESIAN_POINT('Ctrl Pts',(-28.2352323606739,32.1612387925008,-3.));
#4240=CARTESIAN_POINT('Ctrl Pts',(-27.9537418266368,31.7653585098223,-3.));
#4241=CARTESIAN_POINT('Ctrl Pts',(-27.8235330084855,31.5822365305582,-3.));
#4242=CARTESIAN_POINT('Origin',(-23.4851970175798,32.9089763186136,-2.));
#4243=CARTESIAN_POINT('',(-23.4851970175798,32.9089763186136,-3.));
#4244=CARTESIAN_POINT('',(-23.4851970175798,32.9089763186136,-2.));
#4245=CARTESIAN_POINT('',(-23.4851970175798,32.9089763186136,-3.));
#4246=CARTESIAN_POINT('Ctrl Pts',(-24.3787850836809,36.1797812006632,-2.));
#4247=CARTESIAN_POINT('Ctrl Pts',(-24.3787850836809,36.1797812006632,-3.));
#4248=CARTESIAN_POINT('Ctrl Pts',(-24.109603358029,35.7408726303704,-2.));
#4249=CARTESIAN_POINT('Ctrl Pts',(-24.109603358029,35.7408726303704,-3.));
#4250=CARTESIAN_POINT('Ctrl Pts',(-23.4981109424154,34.7438166035101,-2.));
#4251=CARTESIAN_POINT('Ctrl Pts',(-23.4981109424154,34.7438166035101,-3.));
#4252=CARTESIAN_POINT('Ctrl Pts',(-23.4898317000365,33.56748271288,-2.));
#4253=CARTESIAN_POINT('Ctrl Pts',(-23.4898317000365,33.56748271288,-3.));
#4254=CARTESIAN_POINT('Ctrl Pts',(-23.4851970175798,32.9089763186136,-2.));
#4255=CARTESIAN_POINT('Ctrl Pts',(-23.4851970175798,32.9089763186136,-3.));
#4256=CARTESIAN_POINT('',(-24.3787850836809,36.1797812006632,-3.));
#4257=CARTESIAN_POINT('',(-24.3787850836809,36.1797812006632,-2.));
#4258=CARTESIAN_POINT('Ctrl Pts',(-24.3787850836809,36.1797812006632,-3.));
#4259=CARTESIAN_POINT('Ctrl Pts',(-24.109603358029,35.7408726303704,-3.));
#4260=CARTESIAN_POINT('Ctrl Pts',(-23.4981109424154,34.7438166035101,-3.));
#4261=CARTESIAN_POINT('Ctrl Pts',(-23.4898317000365,33.56748271288,-3.));
#4262=CARTESIAN_POINT('Ctrl Pts',(-23.4851970175798,32.9089763186136,-3.));
#4263=CARTESIAN_POINT('Ctrl Pts',(-26.9299449423845,37.247311713473,-2.));
#4264=CARTESIAN_POINT('Ctrl Pts',(-26.9299449423845,37.247311713473,-3.));
#4265=CARTESIAN_POINT('Ctrl Pts',(-26.4258386167708,37.2098652262807,-2.));
#4266=CARTESIAN_POINT('Ctrl Pts',(-26.4258386167708,37.2098652262807,-3.));
#4267=CARTESIAN_POINT('Ctrl Pts',(-25.4539358006145,37.137669452278,-2.));
#4268=CARTESIAN_POINT('Ctrl Pts',(-25.4539358006145,37.137669452278,-3.));
#4269=CARTESIAN_POINT('Ctrl Pts',(-24.7281300683215,36.4910245001164,-2.));
#4270=CARTESIAN_POINT('Ctrl Pts',(-24.7281300683215,36.4910245001164,-3.));
#4271=CARTESIAN_POINT('Ctrl Pts',(-24.3787850836809,36.1797812006632,-2.));
#4272=CARTESIAN_POINT('Ctrl Pts',(-24.3787850836809,36.1797812006632,-3.));
#4273=CARTESIAN_POINT('',(-26.9299449423845,37.247311713473,-3.));
#4274=CARTESIAN_POINT('',(-26.9299449423845,37.247311713473,-2.));
#4275=CARTESIAN_POINT('Ctrl Pts',(-26.9299449423845,37.247311713473,-3.));
#4276=CARTESIAN_POINT('Ctrl Pts',(-26.4258386167708,37.2098652262807,-3.));
#4277=CARTESIAN_POINT('Ctrl Pts',(-25.4539358006145,37.137669452278,-3.));
#4278=CARTESIAN_POINT('Ctrl Pts',(-24.7281300683215,36.4910245001164,-3.));
#4279=CARTESIAN_POINT('Ctrl Pts',(-24.3787850836809,36.1797812006632,-3.));
#4280=CARTESIAN_POINT('Ctrl Pts',(-29.310572336107,36.2275298855463,-2.));
#4281=CARTESIAN_POINT('Ctrl Pts',(-29.310572336107,36.2275298855463,-3.));
#4282=CARTESIAN_POINT('Ctrl Pts',(-28.9736091723871,36.52495709377,-2.));
#4283=CARTESIAN_POINT('Ctrl Pts',(-28.9736091723871,36.52495709377,-3.));
#4284=CARTESIAN_POINT('Ctrl Pts',(-28.2926347392227,37.1260326602854,-2.));
#4285=CARTESIAN_POINT('Ctrl Pts',(-28.2926347392227,37.1260326602854,-3.));
#4286=CARTESIAN_POINT('Ctrl Pts',(-27.3872982944129,37.2066073788292,-2.));
#4287=CARTESIAN_POINT('Ctrl Pts',(-27.3872982944129,37.2066073788292,-3.));
#4288=CARTESIAN_POINT('Ctrl Pts',(-26.9299449423845,37.247311713473,-2.));
#4289=CARTESIAN_POINT('Ctrl Pts',(-26.9299449423845,37.247311713473,-3.));
#4290=CARTESIAN_POINT('',(-29.310572336107,36.2275298855463,-3.));
#4291=CARTESIAN_POINT('',(-29.310572336107,36.2275298855463,-2.));
#4292=CARTESIAN_POINT('Ctrl Pts',(-29.310572336107,36.2275298855463,-3.));
#4293=CARTESIAN_POINT('Ctrl Pts',(-28.9736091723871,36.52495709377,-3.));
#4294=CARTESIAN_POINT('Ctrl Pts',(-28.2926347392227,37.1260326602854,-3.));
#4295=CARTESIAN_POINT('Ctrl Pts',(-27.3872982944129,37.2066073788292,-3.));
#4296=CARTESIAN_POINT('Ctrl Pts',(-26.9299449423845,37.247311713473,-3.));
#4297=CARTESIAN_POINT('Ctrl Pts',(-30.2519096831376,33.4069302103678,-2.));
#4298=CARTESIAN_POINT('Ctrl Pts',(-30.2519096831376,33.4069302103678,-3.));
#4299=CARTESIAN_POINT('Ctrl Pts',(-30.2252618245367,33.9602038166601,-2.));
#4300=CARTESIAN_POINT('Ctrl Pts',(-30.2252618245367,33.9602038166601,-3.));
#4301=CARTESIAN_POINT('Ctrl Pts',(-30.1755370626808,34.9926094116493,-2.));
#4302=CARTESIAN_POINT('Ctrl Pts',(-30.1755370626808,34.9926094116493,-3.));
#4303=CARTESIAN_POINT('Ctrl Pts',(-29.5847516049978,35.8360808677205,-2.));
#4304=CARTESIAN_POINT('Ctrl Pts',(-29.5847516049978,35.8360808677205,-3.));
#4305=CARTESIAN_POINT('Ctrl Pts',(-29.310572336107,36.2275298855463,-2.));
#4306=CARTESIAN_POINT('Ctrl Pts',(-29.310572336107,36.2275298855463,-3.));
#4307=CARTESIAN_POINT('',(-30.2519096831376,33.4069302103678,-3.));
#4308=CARTESIAN_POINT('',(-30.2519096831376,33.4069302103678,-2.));
#4309=CARTESIAN_POINT('Ctrl Pts',(-30.2519096831376,33.4069302103678,-3.));
#4310=CARTESIAN_POINT('Ctrl Pts',(-30.2252618245367,33.9602038166601,-3.));
#4311=CARTESIAN_POINT('Ctrl Pts',(-30.1755370626808,34.9926094116493,-3.));
#4312=CARTESIAN_POINT('Ctrl Pts',(-29.5847516049978,35.8360808677205,-3.));
#4313=CARTESIAN_POINT('Ctrl Pts',(-29.310572336107,36.2275298855463,-3.));
#4314=CARTESIAN_POINT('Ctrl Pts',(-29.5356752375657,30.9103407881418,-2.));
#4315=CARTESIAN_POINT('Ctrl Pts',(-29.5356752375657,30.9103407881418,-3.));
#4316=CARTESIAN_POINT('Ctrl Pts',(-29.7443968741495,31.2744356844944,-2.));
#4317=CARTESIAN_POINT('Ctrl Pts',(-29.7443968741495,31.2744356844944,-3.));
#4318=CARTESIAN_POINT('Ctrl Pts',(-30.1868179060906,32.0461967841356,-2.));
#4319=CARTESIAN_POINT('Ctrl Pts',(-30.1868179060906,32.0461967841356,-3.));
#4320=CARTESIAN_POINT('Ctrl Pts',(-30.229410867358,32.9365959827457,-2.));
#4321=CARTESIAN_POINT('Ctrl Pts',(-30.229410867358,32.9365959827457,-3.));
#4322=CARTESIAN_POINT('Ctrl Pts',(-30.2519096831376,33.4069302103678,-2.));
#4323=CARTESIAN_POINT('Ctrl Pts',(-30.2519096831376,33.4069302103678,-3.));
#4324=CARTESIAN_POINT('',(-29.5356752375657,30.9103407881418,-3.));
#4325=CARTESIAN_POINT('',(-29.5356752375657,30.9103407881418,-2.));
#4326=CARTESIAN_POINT('Ctrl Pts',(-29.5356752375657,30.9103407881418,-3.));
#4327=CARTESIAN_POINT('Ctrl Pts',(-29.7443968741495,31.2744356844944,-3.));
#4328=CARTESIAN_POINT('Ctrl Pts',(-30.1868179060906,32.0461967841356,-3.));
#4329=CARTESIAN_POINT('Ctrl Pts',(-30.229410867358,32.9365959827457,-3.));
#4330=CARTESIAN_POINT('Ctrl Pts',(-30.2519096831376,33.4069302103678,-3.));
#4331=CARTESIAN_POINT('Ctrl Pts',(-26.7389490107591,29.6756877920786,-2.));
#4332=CARTESIAN_POINT('Ctrl Pts',(-26.7389490107591,29.6756877920786,-3.));
#4333=CARTESIAN_POINT('Ctrl Pts',(-27.3169923377133,29.7132168171157,-2.));
#4334=CARTESIAN_POINT('Ctrl Pts',(-27.3169923377133,29.7132168171157,-3.));
#4335=CARTESIAN_POINT('Ctrl Pts',(-28.4060325357826,29.7839219268434,-2.));
#4336=CARTESIAN_POINT('Ctrl Pts',(-28.4060325357826,29.7839219268434,-3.));
#4337=CARTESIAN_POINT('Ctrl Pts',(-29.1749061671445,30.5506013016174,-2.));
#4338=CARTESIAN_POINT('Ctrl Pts',(-29.1749061671445,30.5506013016174,-3.));
#4339=CARTESIAN_POINT('Ctrl Pts',(-29.5356752375657,30.9103407881418,-2.));
#4340=CARTESIAN_POINT('Ctrl Pts',(-29.5356752375657,30.9103407881418,-3.));
#4341=CARTESIAN_POINT('',(-26.7389490107591,29.6756877920786,-3.));
#4342=CARTESIAN_POINT('',(-26.7389490107591,29.6756877920786,-2.));
#4343=CARTESIAN_POINT('Ctrl Pts',(-26.7389490107591,29.6756877920786,-3.));
#4344=CARTESIAN_POINT('Ctrl Pts',(-27.3169923377133,29.7132168171157,-3.));
#4345=CARTESIAN_POINT('Ctrl Pts',(-28.4060325357826,29.7839219268434,-3.));
#4346=CARTESIAN_POINT('Ctrl Pts',(-29.1749061671445,30.5506013016174,-3.));
#4347=CARTESIAN_POINT('Ctrl Pts',(-29.5356752375657,30.9103407881418,-3.));
#4348=CARTESIAN_POINT('Ctrl Pts',(-24.7505452136094,30.2248015425364,-2.));
#4349=CARTESIAN_POINT('Ctrl Pts',(-24.7505452136094,30.2248015425364,-3.));
#4350=CARTESIAN_POINT('Ctrl Pts',(-25.0421976133764,30.0647811469944,-2.));
#4351=CARTESIAN_POINT('Ctrl Pts',(-25.0421976133764,30.0647811469944,-3.));
#4352=CARTESIAN_POINT('Ctrl Pts',(-25.6604059025161,29.7255899212938,-2.));
#4353=CARTESIAN_POINT('Ctrl Pts',(-25.6604059025161,29.7255899212938,-3.));
#4354=CARTESIAN_POINT('Ctrl Pts',(-26.3661526961341,29.692936365382,-2.));
#4355=CARTESIAN_POINT('Ctrl Pts',(-26.3661526961341,29.692936365382,-3.));
#4356=CARTESIAN_POINT('Ctrl Pts',(-26.7389490107591,29.6756877920786,-2.));
#4357=CARTESIAN_POINT('Ctrl Pts',(-26.7389490107591,29.6756877920786,-3.));
#4358=CARTESIAN_POINT('',(-24.7505452136094,30.2248015425364,-3.));
#4359=CARTESIAN_POINT('',(-24.7505452136094,30.2248015425364,-2.));
#4360=CARTESIAN_POINT('Ctrl Pts',(-24.7505452136094,30.2248015425364,-3.));
#4361=CARTESIAN_POINT('Ctrl Pts',(-25.0421976133764,30.0647811469944,-3.));
#4362=CARTESIAN_POINT('Ctrl Pts',(-25.6604059025161,29.7255899212938,-3.));
#4363=CARTESIAN_POINT('Ctrl Pts',(-26.3661526961341,29.692936365382,-3.));
#4364=CARTESIAN_POINT('Ctrl Pts',(-26.7389490107591,29.6756877920786,-3.));
#4365=CARTESIAN_POINT('Ctrl Pts',(-23.587516734987,31.8243923208872,-2.));
#4366=CARTESIAN_POINT('Ctrl Pts',(-23.587516734987,31.8243923208872,-3.));
#4367=CARTESIAN_POINT('Ctrl Pts',(-23.7226658418342,31.4989538625284,-2.));
#4368=CARTESIAN_POINT('Ctrl Pts',(-23.7226658418342,31.4989538625284,-3.));
#4369=CARTESIAN_POINT('Ctrl Pts',(-23.983034602546,30.871987025177,-2.));
#4370=CARTESIAN_POINT('Ctrl Pts',(-23.983034602546,30.871987025177,-3.));
#4371=CARTESIAN_POINT('Ctrl Pts',(-24.5012965084574,30.4349747195793,-2.));
#4372=CARTESIAN_POINT('Ctrl Pts',(-24.5012965084574,30.4349747195793,-3.));
#4373=CARTESIAN_POINT('Ctrl Pts',(-24.7505452136094,30.2248015425364,-2.));
#4374=CARTESIAN_POINT('Ctrl Pts',(-24.7505452136094,30.2248015425364,-3.));
#4375=CARTESIAN_POINT('',(-23.587516734987,31.8243923208872,-3.));
#4376=CARTESIAN_POINT('',(-23.587516734987,31.8243923208872,-2.));
#4377=CARTESIAN_POINT('Ctrl Pts',(-23.587516734987,31.8243923208872,-3.));
#4378=CARTESIAN_POINT('Ctrl Pts',(-23.7226658418342,31.4989538625284,-3.));
#4379=CARTESIAN_POINT('Ctrl Pts',(-23.983034602546,30.871987025177,-3.));
#4380=CARTESIAN_POINT('Ctrl Pts',(-24.5012965084574,30.4349747195793,-3.));
#4381=CARTESIAN_POINT('Ctrl Pts',(-24.7505452136094,30.2248015425364,-3.));
#4382=CARTESIAN_POINT('Origin',(-25.4974760512407,32.1449925921122,-2.));
#4383=CARTESIAN_POINT('',(-25.4974760512407,32.1449925921122,-3.));
#4384=CARTESIAN_POINT('',(-25.4974760512407,32.1449925921122,-2.));
#4385=CARTESIAN_POINT('',(-25.4974760512407,32.1449925921122,-3.));
#4386=CARTESIAN_POINT('Ctrl Pts',(-25.9613229731615,31.3537230513254,-2.));
#4387=CARTESIAN_POINT('Ctrl Pts',(-25.9613229731615,31.3537230513254,-3.));
#4388=CARTESIAN_POINT('Ctrl Pts',(-25.8632688996973,31.4555906034831,-2.));
#4389=CARTESIAN_POINT('Ctrl Pts',(-25.8632688996973,31.4555906034831,-3.));
#4390=CARTESIAN_POINT('Ctrl Pts',(-25.6459828058382,31.6813272987306,-2.));
#4391=CARTESIAN_POINT('Ctrl Pts',(-25.6459828058382,31.6813272987306,-3.));
#4392=CARTESIAN_POINT('Ctrl Pts',(-25.5500936062636,31.9807109461168,-2.));
#4393=CARTESIAN_POINT('Ctrl Pts',(-25.5500936062636,31.9807109461168,-3.));
#4394=CARTESIAN_POINT('Ctrl Pts',(-25.4974760512407,32.1449925921122,-2.));
#4395=CARTESIAN_POINT('Ctrl Pts',(-25.4974760512407,32.1449925921122,-3.));
#4396=CARTESIAN_POINT('Ctrl Pts',(-25.9613229731615,31.3537230513254,-3.));
#4397=CARTESIAN_POINT('Ctrl Pts',(-25.8632688996973,31.4555906034831,-3.));
#4398=CARTESIAN_POINT('Ctrl Pts',(-25.6459828058382,31.6813272987306,-3.));
#4399=CARTESIAN_POINT('Ctrl Pts',(-25.5500936062636,31.9807109461168,-3.));
#4400=CARTESIAN_POINT('Ctrl Pts',(-25.4974760512407,32.1449925921122,-3.));
#4401=CARTESIAN_POINT('Origin',(-9.26964361467909,34.7625414000129,-3.));
#4402=CARTESIAN_POINT('Ctrl Pts',(17.6948879261916,35.7807364485422,-2.));
#4403=CARTESIAN_POINT('Ctrl Pts',(17.6948879261916,35.7807364485422,-3.));
#4404=CARTESIAN_POINT('Ctrl Pts',(17.475844509333,35.757067023332,-2.));
#4405=CARTESIAN_POINT('Ctrl Pts',(17.475844509333,35.757067023332,-3.));
#4406=CARTESIAN_POINT('Ctrl Pts',(17.0323927174541,35.7091484454866,-2.));
#4407=CARTESIAN_POINT('Ctrl Pts',(17.0323927174541,35.7091484454866,-3.));
#4408=CARTESIAN_POINT('Ctrl Pts',(16.7136324493778,35.3966061788104,-2.));
#4409=CARTESIAN_POINT('Ctrl Pts',(16.7136324493778,35.3966061788104,-3.));
#4410=CARTESIAN_POINT('Ctrl Pts',(16.5523241063063,35.238444449679,-2.));
#4411=CARTESIAN_POINT('Ctrl Pts',(16.5523241063063,35.238444449679,-3.));
#4412=CARTESIAN_POINT('',(17.6948879261916,35.7807364485422,-2.));
#4413=CARTESIAN_POINT('',(16.5523241063063,35.238444449679,-2.));
#4414=CARTESIAN_POINT('Ctrl Pts',(17.6948879261916,35.7807364485422,-2.));
#4415=CARTESIAN_POINT('Ctrl Pts',(17.475844509333,35.757067023332,-2.));
#4416=CARTESIAN_POINT('Ctrl Pts',(17.0323927174541,35.7091484454866,-2.));
#4417=CARTESIAN_POINT('Ctrl Pts',(16.7136324493778,35.3966061788104,-2.));
#4418=CARTESIAN_POINT('Ctrl Pts',(16.5523241063063,35.238444449679,-2.));
#4419=CARTESIAN_POINT('',(17.6948879261916,35.7807364485422,-3.));
#4420=CARTESIAN_POINT('',(17.6948879261916,35.7807364485422,-2.));
#4421=CARTESIAN_POINT('',(16.5523241063063,35.238444449679,-3.));
#4422=CARTESIAN_POINT('Ctrl Pts',(17.6948879261916,35.7807364485422,-3.));
#4423=CARTESIAN_POINT('Ctrl Pts',(17.475844509333,35.757067023332,-3.));
#4424=CARTESIAN_POINT('Ctrl Pts',(17.0323927174541,35.7091484454866,-3.));
#4425=CARTESIAN_POINT('Ctrl Pts',(16.7136324493778,35.3966061788104,-3.));
#4426=CARTESIAN_POINT('Ctrl Pts',(16.5523241063063,35.238444449679,-3.));
#4427=CARTESIAN_POINT('',(16.5523241063063,35.238444449679,-2.));
#4428=CARTESIAN_POINT('Ctrl Pts',(18.8476846714919,35.2316232941309,-2.));
#4429=CARTESIAN_POINT('Ctrl Pts',(18.8476846714919,35.2316232941309,-3.));
#4430=CARTESIAN_POINT('Ctrl Pts',(18.687462096452,35.391780790311,-2.));
#4431=CARTESIAN_POINT('Ctrl Pts',(18.687462096452,35.391780790311,-3.));
#4432=CARTESIAN_POINT('Ctrl Pts',(18.3679976174214,35.7111155099488,-2.));
#4433=CARTESIAN_POINT('Ctrl Pts',(18.3679976174214,35.7111155099488,-3.));
#4434=CARTESIAN_POINT('Ctrl Pts',(17.9187981823063,35.7575770104974,-2.));
#4435=CARTESIAN_POINT('Ctrl Pts',(17.9187981823063,35.7575770104974,-3.));
#4436=CARTESIAN_POINT('Ctrl Pts',(17.6948879261916,35.7807364485422,-2.));
#4437=CARTESIAN_POINT('Ctrl Pts',(17.6948879261916,35.7807364485422,-3.));
#4438=CARTESIAN_POINT('',(18.8476846714919,35.2316232941309,-2.));
#4439=CARTESIAN_POINT('Ctrl Pts',(18.8476846714919,35.2316232941309,-2.));
#4440=CARTESIAN_POINT('Ctrl Pts',(18.687462096452,35.391780790311,-2.));
#4441=CARTESIAN_POINT('Ctrl Pts',(18.3679976174214,35.7111155099488,-2.));
#4442=CARTESIAN_POINT('Ctrl Pts',(17.9187981823063,35.7575770104974,-2.));
#4443=CARTESIAN_POINT('Ctrl Pts',(17.6948879261916,35.7807364485422,-2.));
#4444=CARTESIAN_POINT('',(18.8476846714919,35.2316232941309,-3.));
#4445=CARTESIAN_POINT('',(18.8476846714919,35.2316232941309,-2.));
#4446=CARTESIAN_POINT('Ctrl Pts',(18.8476846714919,35.2316232941309,-3.));
#4447=CARTESIAN_POINT('Ctrl Pts',(18.687462096452,35.391780790311,-3.));
#4448=CARTESIAN_POINT('Ctrl Pts',(18.3679976174214,35.7111155099488,-3.));
#4449=CARTESIAN_POINT('Ctrl Pts',(17.9187981823063,35.7575770104974,-3.));
#4450=CARTESIAN_POINT('Ctrl Pts',(17.6948879261916,35.7807364485422,-3.));
#4451=CARTESIAN_POINT('Ctrl Pts',(19.2978904744093,33.4342160246531,-2.));
#4452=CARTESIAN_POINT('Ctrl Pts',(19.2978904744093,33.4342160246531,-3.));
#4453=CARTESIAN_POINT('Ctrl Pts',(19.2932949612421,33.8011762947499,-2.));
#4454=CARTESIAN_POINT('Ctrl Pts',(19.2932949612421,33.8011762947499,-3.));
#4455=CARTESIAN_POINT('Ctrl Pts',(19.2852986025317,34.4397004041051,-2.));
#4456=CARTESIAN_POINT('Ctrl Pts',(19.2852986025317,34.4397004041051,-3.));
#4457=CARTESIAN_POINT('Ctrl Pts',(18.9782655888715,34.9953190767862,-2.));
#4458=CARTESIAN_POINT('Ctrl Pts',(18.9782655888715,34.9953190767862,-3.));
#4459=CARTESIAN_POINT('Ctrl Pts',(18.8476846714919,35.2316232941309,-2.));
#4460=CARTESIAN_POINT('Ctrl Pts',(18.8476846714919,35.2316232941309,-3.));
#4461=CARTESIAN_POINT('',(19.2978904744093,33.4342160246531,-2.));
#4462=CARTESIAN_POINT('Ctrl Pts',(19.2978904744093,33.4342160246531,-2.));
#4463=CARTESIAN_POINT('Ctrl Pts',(19.2932949612421,33.8011762947499,-2.));
#4464=CARTESIAN_POINT('Ctrl Pts',(19.2852986025317,34.4397004041051,-2.));
#4465=CARTESIAN_POINT('Ctrl Pts',(18.9782655888715,34.9953190767862,-2.));
#4466=CARTESIAN_POINT('Ctrl Pts',(18.8476846714919,35.2316232941309,-2.));
#4467=CARTESIAN_POINT('',(19.2978904744093,33.4342160246531,-3.));
#4468=CARTESIAN_POINT('',(19.2978904744093,33.4342160246531,-2.));
#4469=CARTESIAN_POINT('Ctrl Pts',(19.2978904744093,33.4342160246531,-3.));
#4470=CARTESIAN_POINT('Ctrl Pts',(19.2932949612421,33.8011762947499,-3.));
#4471=CARTESIAN_POINT('Ctrl Pts',(19.2852986025317,34.4397004041051,-3.));
#4472=CARTESIAN_POINT('Ctrl Pts',(18.9782655888715,34.9953190767862,-3.));
#4473=CARTESIAN_POINT('Ctrl Pts',(18.8476846714919,35.2316232941309,-3.));
#4474=CARTESIAN_POINT('Ctrl Pts',(18.8340423603957,31.7527689955393,-2.));
#4475=CARTESIAN_POINT('Ctrl Pts',(18.8340423603957,31.7527689955393,-3.));
#4476=CARTESIAN_POINT('Ctrl Pts',(18.9688738507333,31.9810713380053,-2.));
#4477=CARTESIAN_POINT('Ctrl Pts',(18.9688738507333,31.9810713380053,-3.));
#4478=CARTESIAN_POINT('Ctrl Pts',(19.2735353483674,32.4969369818169,-2.));
#4479=CARTESIAN_POINT('Ctrl Pts',(19.2735353483674,32.4969369818169,-3.));
#4480=CARTESIAN_POINT('Ctrl Pts',(19.2891732872934,33.0987450941313,-2.));
#4481=CARTESIAN_POINT('Ctrl Pts',(19.2891732872934,33.0987450941313,-3.));
#4482=CARTESIAN_POINT('Ctrl Pts',(19.2978904744093,33.4342160246531,-2.));
#4483=CARTESIAN_POINT('Ctrl Pts',(19.2978904744093,33.4342160246531,-3.));
#4484=CARTESIAN_POINT('',(18.8340423603957,31.7527689955393,-2.));
#4485=CARTESIAN_POINT('Ctrl Pts',(18.8340423603957,31.7527689955393,-2.));
#4486=CARTESIAN_POINT('Ctrl Pts',(18.9688738507333,31.9810713380053,-2.));
#4487=CARTESIAN_POINT('Ctrl Pts',(19.2735353483674,32.4969369818169,-2.));
#4488=CARTESIAN_POINT('Ctrl Pts',(19.2891732872934,33.0987450941313,-2.));
#4489=CARTESIAN_POINT('Ctrl Pts',(19.2978904744093,33.4342160246531,-2.));
#4490=CARTESIAN_POINT('',(18.8340423603957,31.7527689955393,-3.));
#4491=CARTESIAN_POINT('',(18.8340423603957,31.7527689955393,-2.));
#4492=CARTESIAN_POINT('Ctrl Pts',(18.8340423603957,31.7527689955393,-3.));
#4493=CARTESIAN_POINT('Ctrl Pts',(18.9688738507333,31.9810713380053,-3.));
#4494=CARTESIAN_POINT('Ctrl Pts',(19.2735353483674,32.4969369818169,-3.));
#4495=CARTESIAN_POINT('Ctrl Pts',(19.2891732872934,33.0987450941313,-3.));
#4496=CARTESIAN_POINT('Ctrl Pts',(19.2978904744093,33.4342160246531,-3.));
#4497=CARTESIAN_POINT('Ctrl Pts',(17.7085302372878,31.1900129339853,-2.));
#4498=CARTESIAN_POINT('Ctrl Pts',(17.7085302372878,31.1900129339853,-3.));
#4499=CARTESIAN_POINT('Ctrl Pts',(17.9228867562598,31.2159916846291,-2.));
#4500=CARTESIAN_POINT('Ctrl Pts',(17.9228867562598,31.2159916846291,-3.));
#4501=CARTESIAN_POINT('Ctrl Pts',(18.3640125882046,31.269453543618,-2.));
#4502=CARTESIAN_POINT('Ctrl Pts',(18.3640125882046,31.269453543618,-3.));
#4503=CARTESIAN_POINT('Ctrl Pts',(18.6744539439689,31.5886697146637,-2.));
#4504=CARTESIAN_POINT('Ctrl Pts',(18.6744539439689,31.5886697146637,-3.));
#4505=CARTESIAN_POINT('Ctrl Pts',(18.8340423603957,31.7527689955393,-2.));
#4506=CARTESIAN_POINT('Ctrl Pts',(18.8340423603957,31.7527689955393,-3.));
#4507=CARTESIAN_POINT('',(17.7085302372878,31.1900129339853,-2.));
#4508=CARTESIAN_POINT('Ctrl Pts',(17.7085302372878,31.1900129339853,-2.));
#4509=CARTESIAN_POINT('Ctrl Pts',(17.9228867562598,31.2159916846291,-2.));
#4510=CARTESIAN_POINT('Ctrl Pts',(18.3640125882046,31.269453543618,-2.));
#4511=CARTESIAN_POINT('Ctrl Pts',(18.6744539439689,31.5886697146637,-2.));
#4512=CARTESIAN_POINT('Ctrl Pts',(18.8340423603957,31.7527689955393,-2.));
#4513=CARTESIAN_POINT('',(17.7085302372878,31.1900129339853,-3.));
#4514=CARTESIAN_POINT('',(17.7085302372878,31.1900129339853,-2.));
#4515=CARTESIAN_POINT('Ctrl Pts',(17.7085302372878,31.1900129339853,-3.));
#4516=CARTESIAN_POINT('Ctrl Pts',(17.9228867562598,31.2159916846291,-3.));
#4517=CARTESIAN_POINT('Ctrl Pts',(18.3640125882046,31.269453543618,-3.));
#4518=CARTESIAN_POINT('Ctrl Pts',(18.6744539439689,31.5886697146637,-3.));
#4519=CARTESIAN_POINT('Ctrl Pts',(18.8340423603957,31.7527689955393,-3.));
#4520=CARTESIAN_POINT('Ctrl Pts',(16.4124868412917,31.9403543493906,-2.));
#4521=CARTESIAN_POINT('Ctrl Pts',(16.4124868412917,31.9403543493906,-3.));
#4522=CARTESIAN_POINT('Ctrl Pts',(16.5799149198871,31.7215247447618,-2.));
#4523=CARTESIAN_POINT('Ctrl Pts',(16.5799149198871,31.7215247447618,-3.));
#4524=CARTESIAN_POINT('Ctrl Pts',(16.9089426085086,31.2914833824229,-2.));
#4525=CARTESIAN_POINT('Ctrl Pts',(16.9089426085086,31.2914833824229,-3.));
#4526=CARTESIAN_POINT('Ctrl Pts',(17.4451672948903,31.2234346064888,-2.));
#4527=CARTESIAN_POINT('Ctrl Pts',(17.4451672948903,31.2234346064888,-3.));
#4528=CARTESIAN_POINT('Ctrl Pts',(17.7085302372878,31.1900129339853,-2.));
#4529=CARTESIAN_POINT('Ctrl Pts',(17.7085302372878,31.1900129339853,-3.));
#4530=CARTESIAN_POINT('',(16.4124868412917,31.9403543493906,-2.));
#4531=CARTESIAN_POINT('Ctrl Pts',(16.4124868412917,31.9403543493906,-2.));
#4532=CARTESIAN_POINT('Ctrl Pts',(16.5799149198871,31.7215247447618,-2.));
#4533=CARTESIAN_POINT('Ctrl Pts',(16.9089426085086,31.2914833824229,-2.));
#4534=CARTESIAN_POINT('Ctrl Pts',(17.4451672948903,31.2234346064888,-2.));
#4535=CARTESIAN_POINT('Ctrl Pts',(17.7085302372878,31.1900129339853,-2.));
#4536=CARTESIAN_POINT('',(16.4124868412917,31.9403543493906,-3.));
#4537=CARTESIAN_POINT('',(16.4124868412917,31.9403543493906,-2.));
#4538=CARTESIAN_POINT('Ctrl Pts',(16.4124868412917,31.9403543493906,-3.));
#4539=CARTESIAN_POINT('Ctrl Pts',(16.5799149198871,31.7215247447618,-3.));
#4540=CARTESIAN_POINT('Ctrl Pts',(16.9089426085086,31.2914833824229,-3.));
#4541=CARTESIAN_POINT('Ctrl Pts',(17.4451672948903,31.2234346064888,-3.));
#4542=CARTESIAN_POINT('Ctrl Pts',(17.7085302372878,31.1900129339853,-3.));
#4543=CARTESIAN_POINT('Ctrl Pts',(16.0918853779738,33.6183896086374,-2.));
#4544=CARTESIAN_POINT('Ctrl Pts',(16.0918853779738,33.6183896086374,-3.));
#4545=CARTESIAN_POINT('Ctrl Pts',(16.0939041577065,33.2800130309278,-2.));
#4546=CARTESIAN_POINT('Ctrl Pts',(16.0939041577065,33.2800130309278,-3.));
#4547=CARTESIAN_POINT('Ctrl Pts',(16.0973729000415,32.698601824312,-2.));
#4548=CARTESIAN_POINT('Ctrl Pts',(16.0973729000415,32.698601824312,-3.));
#4549=CARTESIAN_POINT('Ctrl Pts',(16.3195958392692,32.1638746653977,-2.));
#4550=CARTESIAN_POINT('Ctrl Pts',(16.3195958392692,32.1638746653977,-3.));
#4551=CARTESIAN_POINT('Ctrl Pts',(16.4124868412917,31.9403543493906,-2.));
#4552=CARTESIAN_POINT('Ctrl Pts',(16.4124868412917,31.9403543493906,-3.));
#4553=CARTESIAN_POINT('',(16.0918853779738,33.6183896086374,-2.));
#4554=CARTESIAN_POINT('Ctrl Pts',(16.0918853779738,33.6183896086374,-2.));
#4555=CARTESIAN_POINT('Ctrl Pts',(16.0939041577065,33.2800130309278,-2.));
#4556=CARTESIAN_POINT('Ctrl Pts',(16.0973729000415,32.698601824312,-2.));
#4557=CARTESIAN_POINT('Ctrl Pts',(16.3195958392692,32.1638746653977,-2.));
#4558=CARTESIAN_POINT('Ctrl Pts',(16.4124868412917,31.9403543493906,-2.));
#4559=CARTESIAN_POINT('',(16.0918853779738,33.6183896086374,-3.));
#4560=CARTESIAN_POINT('',(16.0918853779738,33.6183896086374,-2.));
#4561=CARTESIAN_POINT('Ctrl Pts',(16.0918853779738,33.6183896086374,-3.));
#4562=CARTESIAN_POINT('Ctrl Pts',(16.0939041577065,33.2800130309278,-3.));
#4563=CARTESIAN_POINT('Ctrl Pts',(16.0973729000415,32.698601824312,-3.));
#4564=CARTESIAN_POINT('Ctrl Pts',(16.3195958392692,32.1638746653977,-3.));
#4565=CARTESIAN_POINT('Ctrl Pts',(16.4124868412917,31.9403543493906,-3.));
#4566=CARTESIAN_POINT('Ctrl Pts',(16.5523241063063,35.238444449679,-2.));
#4567=CARTESIAN_POINT('Ctrl Pts',(16.5523241063063,35.238444449679,-3.));
#4568=CARTESIAN_POINT('Ctrl Pts',(16.4184622438796,35.0187921414683,-2.));
#4569=CARTESIAN_POINT('Ctrl Pts',(16.4184622438796,35.0187921414683,-3.));
#4570=CARTESIAN_POINT('Ctrl Pts',(16.1169489852746,34.5240426885017,-2.));
#4571=CARTESIAN_POINT('Ctrl Pts',(16.1169489852746,34.5240426885017,-3.));
#4572=CARTESIAN_POINT('Ctrl Pts',(16.1008416126654,33.9420158702162,-2.));
#4573=CARTESIAN_POINT('Ctrl Pts',(16.1008416126654,33.9420158702162,-3.));
#4574=CARTESIAN_POINT('Ctrl Pts',(16.0918853779738,33.6183896086374,-2.));
#4575=CARTESIAN_POINT('Ctrl Pts',(16.0918853779738,33.6183896086374,-3.));
#4576=CARTESIAN_POINT('Ctrl Pts',(16.5523241063063,35.238444449679,-2.));
#4577=CARTESIAN_POINT('Ctrl Pts',(16.4184622438796,35.0187921414683,-2.));
#4578=CARTESIAN_POINT('Ctrl Pts',(16.1169489852746,34.5240426885017,-2.));
#4579=CARTESIAN_POINT('Ctrl Pts',(16.1008416126654,33.9420158702162,-2.));
#4580=CARTESIAN_POINT('Ctrl Pts',(16.0918853779738,33.6183896086374,-2.));
#4581=CARTESIAN_POINT('Ctrl Pts',(16.5523241063063,35.238444449679,-3.));
#4582=CARTESIAN_POINT('Ctrl Pts',(16.4184622438796,35.0187921414683,-3.));
#4583=CARTESIAN_POINT('Ctrl Pts',(16.1169489852746,34.5240426885017,-3.));
#4584=CARTESIAN_POINT('Ctrl Pts',(16.1008416126654,33.9420158702162,-3.));
#4585=CARTESIAN_POINT('Ctrl Pts',(16.0918853779738,33.6183896086374,-3.));
#4586=CARTESIAN_POINT('Origin',(19.2910669346755,39.8393991015116,-2.));
#4587=CARTESIAN_POINT('',(19.2910669346755,39.8393991015116,-3.));
#4588=CARTESIAN_POINT('',(19.2910669346755,39.8393991015116,-2.));
#4589=CARTESIAN_POINT('',(21.2078474064772,39.8393991015116,-3.));
#4590=CARTESIAN_POINT('',(19.2910669346755,39.8393991015116,-3.));
#4591=CARTESIAN_POINT('',(21.2078474064772,39.8393991015116,-2.));
#4592=CARTESIAN_POINT('Origin',(19.2910669346755,36.2377628109614,-2.));
#4593=CARTESIAN_POINT('',(19.2910669346755,36.2377628109614,-3.));
#4594=CARTESIAN_POINT('',(19.2910669346755,36.2377628109614,-2.));
#4595=CARTESIAN_POINT('',(19.2910669346755,36.2377628109614,-3.));
#4596=CARTESIAN_POINT('Ctrl Pts',(17.1901128788893,37.2473123095194,-2.));
#4597=CARTESIAN_POINT('Ctrl Pts',(17.1901128788893,37.2473123095194,-3.));
#4598=CARTESIAN_POINT('Ctrl Pts',(17.5852242942628,37.2005733125201,-2.));
#4599=CARTESIAN_POINT('Ctrl Pts',(17.5852242942628,37.2005733125201,-3.));
#4600=CARTESIAN_POINT('Ctrl Pts',(18.3990542513833,37.1043027558017,-2.));
#4601=CARTESIAN_POINT('Ctrl Pts',(18.3990542513833,37.1043027558017,-3.));
#4602=CARTESIAN_POINT('Ctrl Pts',(18.9880344371217,36.5321417683837,-2.));
#4603=CARTESIAN_POINT('Ctrl Pts',(18.9880344371217,36.5321417683837,-3.));
#4604=CARTESIAN_POINT('Ctrl Pts',(19.2910669346755,36.2377628109614,-2.));
#4605=CARTESIAN_POINT('Ctrl Pts',(19.2910669346755,36.2377628109614,-3.));
#4606=CARTESIAN_POINT('',(17.1901128788893,37.2473123095194,-3.));
#4607=CARTESIAN_POINT('',(17.1901128788893,37.2473123095194,-2.));
#4608=CARTESIAN_POINT('Ctrl Pts',(17.1901128788893,37.2473123095194,-3.));
#4609=CARTESIAN_POINT('Ctrl Pts',(17.5852242942628,37.2005733125201,-3.));
#4610=CARTESIAN_POINT('Ctrl Pts',(18.3990542513833,37.1043027558017,-3.));
#4611=CARTESIAN_POINT('Ctrl Pts',(18.9880344371217,36.5321417683837,-3.));
#4612=CARTESIAN_POINT('Ctrl Pts',(19.2910669346755,36.2377628109614,-3.));
#4613=CARTESIAN_POINT('Ctrl Pts',(15.0004814167922,36.2889220736185,-2.));
#4614=CARTESIAN_POINT('Ctrl Pts',(15.0004814167922,36.2889220736185,-3.));
#4615=CARTESIAN_POINT('Ctrl Pts',(15.3097865582754,36.5684488328543,-2.));
#4616=CARTESIAN_POINT('Ctrl Pts',(15.3097865582754,36.5684488328543,-3.));
#4617=CARTESIAN_POINT('Ctrl Pts',(15.9326659949912,37.1313604918873,-2.));
#4618=CARTESIAN_POINT('Ctrl Pts',(15.9326659949912,37.1313604918873,-3.));
#4619=CARTESIAN_POINT('Ctrl Pts',(16.7690530796076,37.2084855012592,-2.));
#4620=CARTESIAN_POINT('Ctrl Pts',(16.7690530796076,37.2084855012592,-3.));
#4621=CARTESIAN_POINT('Ctrl Pts',(17.1901128788893,37.2473123095194,-2.));
#4622=CARTESIAN_POINT('Ctrl Pts',(17.1901128788893,37.2473123095194,-3.));
#4623=CARTESIAN_POINT('',(15.0004814167922,36.2889220736185,-3.));
#4624=CARTESIAN_POINT('',(15.0004814167922,36.2889220736185,-2.));
#4625=CARTESIAN_POINT('Ctrl Pts',(15.0004814167922,36.2889220736185,-3.));
#4626=CARTESIAN_POINT('Ctrl Pts',(15.3097865582754,36.5684488328543,-3.));
#4627=CARTESIAN_POINT('Ctrl Pts',(15.9326659949912,37.1313604918873,-3.));
#4628=CARTESIAN_POINT('Ctrl Pts',(16.7690530796076,37.2084855012592,-3.));
#4629=CARTESIAN_POINT('Ctrl Pts',(17.1901128788893,37.2473123095194,-3.));
#4630=CARTESIAN_POINT('Ctrl Pts',(14.1341779728835,33.4887852690378,-2.));
#4631=CARTESIAN_POINT('Ctrl Pts',(14.1341779728835,33.4887852690378,-3.));
#4632=CARTESIAN_POINT('Ctrl Pts',(14.154030058609,34.0463286934065,-2.));
#4633=CARTESIAN_POINT('Ctrl Pts',(14.154030058609,34.0463286934065,-3.));
#4634=CARTESIAN_POINT('Ctrl Pts',(14.1902266504722,35.0629055940367,-2.));
#4635=CARTESIAN_POINT('Ctrl Pts',(14.1902266504722,35.0629055940367,-3.));
#4636=CARTESIAN_POINT('Ctrl Pts',(14.7484270345068,35.9075323684567,-2.));
#4637=CARTESIAN_POINT('Ctrl Pts',(14.7484270345068,35.9075323684567,-3.));
#4638=CARTESIAN_POINT('Ctrl Pts',(15.0004814167922,36.2889220736185,-2.));
#4639=CARTESIAN_POINT('Ctrl Pts',(15.0004814167922,36.2889220736185,-3.));
#4640=CARTESIAN_POINT('',(14.1341779728835,33.4887852690378,-3.));
#4641=CARTESIAN_POINT('',(14.1341779728835,33.4887852690378,-2.));
#4642=CARTESIAN_POINT('Ctrl Pts',(14.1341779728835,33.4887852690378,-3.));
#4643=CARTESIAN_POINT('Ctrl Pts',(14.154030058609,34.0463286934065,-3.));
#4644=CARTESIAN_POINT('Ctrl Pts',(14.1902266504722,35.0629055940367,-3.));
#4645=CARTESIAN_POINT('Ctrl Pts',(14.7484270345068,35.9075323684567,-3.));
#4646=CARTESIAN_POINT('Ctrl Pts',(15.0004814167922,36.2889220736185,-3.));
#4647=CARTESIAN_POINT('Ctrl Pts',(15.0243566533034,30.6818273089091,-2.));
#4648=CARTESIAN_POINT('Ctrl Pts',(15.0243566533034,30.6818273089091,-3.));
#4649=CARTESIAN_POINT('Ctrl Pts',(14.7651626022213,31.0712029075265,-2.));
#4650=CARTESIAN_POINT('Ctrl Pts',(14.7651626022213,31.0712029075265,-3.));
#4651=CARTESIAN_POINT('Ctrl Pts',(14.2015930099063,31.9178282311173,-2.));
#4652=CARTESIAN_POINT('Ctrl Pts',(14.2015930099063,31.9178282311173,-3.));
#4653=CARTESIAN_POINT('Ctrl Pts',(14.1578194308373,32.9378738344451,-2.));
#4654=CARTESIAN_POINT('Ctrl Pts',(14.1578194308373,32.9378738344451,-3.));
#4655=CARTESIAN_POINT('Ctrl Pts',(14.1341779728835,33.4887852690378,-2.));
#4656=CARTESIAN_POINT('Ctrl Pts',(14.1341779728835,33.4887852690378,-3.));
#4657=CARTESIAN_POINT('',(15.0243566533034,30.6818273089091,-3.));
#4658=CARTESIAN_POINT('',(15.0243566533034,30.6818273089091,-2.));
#4659=CARTESIAN_POINT('Ctrl Pts',(15.0243566533034,30.6818273089091,-3.));
#4660=CARTESIAN_POINT('Ctrl Pts',(14.7651626022213,31.0712029075265,-3.));
#4661=CARTESIAN_POINT('Ctrl Pts',(14.2015930099063,31.9178282311173,-3.));
#4662=CARTESIAN_POINT('Ctrl Pts',(14.1578194308373,32.9378738344451,-3.));
#4663=CARTESIAN_POINT('Ctrl Pts',(14.1341779728835,33.4887852690378,-3.));
#4664=CARTESIAN_POINT('Ctrl Pts',(17.1628282566969,29.6756877920786,-2.));
#4665=CARTESIAN_POINT('Ctrl Pts',(17.1628282566969,29.6756877920786,-3.));
#4666=CARTESIAN_POINT('Ctrl Pts',(16.7586760096642,29.721023595871,-2.));
#4667=CARTESIAN_POINT('Ctrl Pts',(16.7586760096642,29.721023595871,-3.));
#4668=CARTESIAN_POINT('Ctrl Pts',(15.9330312237518,29.813640351787,-2.));
#4669=CARTESIAN_POINT('Ctrl Pts',(15.9330312237518,29.813640351787,-3.));
#4670=CARTESIAN_POINT('Ctrl Pts',(15.3314596034757,30.3884078774599,-2.));
#4671=CARTESIAN_POINT('Ctrl Pts',(15.3314596034757,30.3884078774599,-3.));
#4672=CARTESIAN_POINT('Ctrl Pts',(15.0243566533034,30.6818273089091,-2.));
#4673=CARTESIAN_POINT('Ctrl Pts',(15.0243566533034,30.6818273089091,-3.));
#4674=CARTESIAN_POINT('',(17.1628282566969,29.6756877920786,-3.));
#4675=CARTESIAN_POINT('',(17.1628282566969,29.6756877920786,-2.));
#4676=CARTESIAN_POINT('Ctrl Pts',(17.1628282566969,29.6756877920786,-3.));
#4677=CARTESIAN_POINT('Ctrl Pts',(16.7586760096642,29.721023595871,-3.));
#4678=CARTESIAN_POINT('Ctrl Pts',(15.9330312237518,29.813640351787,-3.));
#4679=CARTESIAN_POINT('Ctrl Pts',(15.3314596034757,30.3884078774599,-3.));
#4680=CARTESIAN_POINT('Ctrl Pts',(15.0243566533034,30.6818273089091,-3.));
#4681=CARTESIAN_POINT('Ctrl Pts',(18.380427171797,29.9792351744333,-2.));
#4682=CARTESIAN_POINT('Ctrl Pts',(18.380427171797,29.9792351744333,-3.));
#4683=CARTESIAN_POINT('Ctrl Pts',(18.1814561975088,29.890716974939,-2.));
#4684=CARTESIAN_POINT('Ctrl Pts',(18.1814561975088,29.890716974939,-3.));
#4685=CARTESIAN_POINT('Ctrl Pts',(17.7932015202798,29.7179902488599,-2.));
#4686=CARTESIAN_POINT('Ctrl Pts',(17.7932015202798,29.7179902488599,-3.));
#4687=CARTESIAN_POINT('Ctrl Pts',(17.3694281808972,29.6895520925961,-2.));
#4688=CARTESIAN_POINT('Ctrl Pts',(17.3694281808972,29.6895520925961,-3.));
#4689=CARTESIAN_POINT('Ctrl Pts',(17.1628282566969,29.6756877920786,-2.));
#4690=CARTESIAN_POINT('Ctrl Pts',(17.1628282566969,29.6756877920786,-3.));
#4691=CARTESIAN_POINT('',(18.380427171797,29.9792351744333,-3.));
#4692=CARTESIAN_POINT('',(18.380427171797,29.9792351744333,-2.));
#4693=CARTESIAN_POINT('Ctrl Pts',(18.380427171797,29.9792351744333,-3.));
#4694=CARTESIAN_POINT('Ctrl Pts',(18.1814561975088,29.890716974939,-3.));
#4695=CARTESIAN_POINT('Ctrl Pts',(17.7932015202798,29.7179902488599,-3.));
#4696=CARTESIAN_POINT('Ctrl Pts',(17.3694281808972,29.6895520925961,-3.));
#4697=CARTESIAN_POINT('Ctrl Pts',(17.1628282566969,29.6756877920786,-3.));
#4698=CARTESIAN_POINT('Ctrl Pts',(19.427494814009,30.9035196325937,-2.));
#4699=CARTESIAN_POINT('Ctrl Pts',(19.427494814009,30.9035196325937,-3.));
#4700=CARTESIAN_POINT('Ctrl Pts',(19.2763985279492,30.7115567963792,-2.));
#4701=CARTESIAN_POINT('Ctrl Pts',(19.2763985279492,30.7115567963792,-3.));
#4702=CARTESIAN_POINT('Ctrl Pts',(18.9834757480503,30.3394080885084,-2.));
#4703=CARTESIAN_POINT('Ctrl Pts',(18.9834757480503,30.3394080885084,-3.));
#4704=CARTESIAN_POINT('Ctrl Pts',(18.5771572650972,30.096732924665,-2.));
#4705=CARTESIAN_POINT('Ctrl Pts',(18.5771572650972,30.096732924665,-3.));
#4706=CARTESIAN_POINT('Ctrl Pts',(18.380427171797,29.9792351744333,-2.));
#4707=CARTESIAN_POINT('Ctrl Pts',(18.380427171797,29.9792351744333,-3.));
#4708=CARTESIAN_POINT('',(19.427494814009,30.9035196325937,-3.));
#4709=CARTESIAN_POINT('',(19.427494814009,30.9035196325937,-2.));
#4710=CARTESIAN_POINT('Ctrl Pts',(19.427494814009,30.9035196325937,-3.));
#4711=CARTESIAN_POINT('Ctrl Pts',(19.2763985279492,30.7115567963792,-3.));
#4712=CARTESIAN_POINT('Ctrl Pts',(18.9834757480503,30.3394080885084,-3.));
#4713=CARTESIAN_POINT('Ctrl Pts',(18.5771572650972,30.096732924665,-3.));
#4714=CARTESIAN_POINT('Ctrl Pts',(18.380427171797,29.9792351744333,-3.));
#4715=CARTESIAN_POINT('Origin',(19.427494814009,29.8393991015116,-2.));
#4716=CARTESIAN_POINT('',(19.427494814009,29.8393991015116,-3.));
#4717=CARTESIAN_POINT('',(19.427494814009,29.8393991015116,-2.));
#4718=CARTESIAN_POINT('',(19.427494814009,29.8393991015116,-3.));
#4719=CARTESIAN_POINT('Origin',(21.2078474064772,29.8393991015116,-2.));
#4720=CARTESIAN_POINT('',(21.2078474064772,29.8393991015116,-3.));
#4721=CARTESIAN_POINT('',(21.2078474064772,29.8393991015116,-2.));
#4722=CARTESIAN_POINT('',(21.2078474064772,29.8393991015116,-3.));
#4723=CARTESIAN_POINT('Origin',(21.2078474064772,39.8393991015116,-2.));
#4724=CARTESIAN_POINT('',(21.2078474064772,39.8393991015116,-3.));
#4725=CARTESIAN_POINT('Origin',(-9.26964361467909,34.7625414000129,-3.));
#4726=CARTESIAN_POINT('Ctrl Pts',(1.93772297105242,38.0795081875483,-2.));
#4727=CARTESIAN_POINT('Ctrl Pts',(1.93772297105242,38.0795081875483,-3.));
#4728=CARTESIAN_POINT('Ctrl Pts',(1.75653470635284,38.0991208743867,-2.));
#4729=CARTESIAN_POINT('Ctrl Pts',(1.75653470635284,38.0991208743867,-3.));
#4730=CARTESIAN_POINT('Ctrl Pts',(1.27388582608486,38.1513651042064,-2.));
#4731=CARTESIAN_POINT('Ctrl Pts',(1.27388582608486,38.1513651042064,-3.));
#4732=CARTESIAN_POINT('Ctrl Pts',(0.788168049530711,38.1491219811,-2.));
#4733=CARTESIAN_POINT('Ctrl Pts',(0.788168049530711,38.1491219811,-3.));
#4734=CARTESIAN_POINT('Ctrl Pts',(0.484790613264332,38.1477209351221,-2.));
#4735=CARTESIAN_POINT('Ctrl Pts',(0.484790613264332,38.1477209351221,-3.));
#4736=CARTESIAN_POINT('',(1.93772297105242,38.0795081875483,-2.));
#4737=CARTESIAN_POINT('',(0.484790613264332,38.1477209351221,-2.));
#4738=CARTESIAN_POINT('Ctrl Pts',(1.93772297105242,38.0795081875483,-2.));
#4739=CARTESIAN_POINT('Ctrl Pts',(1.75653470635284,38.0991208743867,-2.));
#4740=CARTESIAN_POINT('Ctrl Pts',(1.27388582608486,38.1513651042064,-2.));
#4741=CARTESIAN_POINT('Ctrl Pts',(0.788168049530711,38.1491219811,-2.));
#4742=CARTESIAN_POINT('Ctrl Pts',(0.484790613264332,38.1477209351221,-2.));
#4743=CARTESIAN_POINT('',(1.93772297105242,38.0795081875483,-3.));
#4744=CARTESIAN_POINT('',(1.93772297105242,38.0795081875483,-2.));
#4745=CARTESIAN_POINT('',(0.484790613264332,38.1477209351221,-3.));
#4746=CARTESIAN_POINT('Ctrl Pts',(1.93772297105242,38.0795081875483,-3.));
#4747=CARTESIAN_POINT('Ctrl Pts',(1.75653470635284,38.0991208743867,-3.));
#4748=CARTESIAN_POINT('Ctrl Pts',(1.27388582608486,38.1513651042064,-3.));
#4749=CARTESIAN_POINT('Ctrl Pts',(0.788168049530711,38.1491219811,-3.));
#4750=CARTESIAN_POINT('Ctrl Pts',(0.484790613264332,38.1477209351221,-3.));
#4751=CARTESIAN_POINT('',(0.484790613264332,38.1477209351221,-2.));
#4752=CARTESIAN_POINT('Ctrl Pts',(2.74945717057634,37.6361247322718,-2.));
#4753=CARTESIAN_POINT('Ctrl Pts',(2.74945717057634,37.6361247322718,-3.));
#4754=CARTESIAN_POINT('Ctrl Pts',(2.63455231455029,37.7434406125408,-2.));
#4755=CARTESIAN_POINT('Ctrl Pts',(2.63455231455029,37.7434406125408,-3.));
#4756=CARTESIAN_POINT('Ctrl Pts',(2.40203951648686,37.9605969317856,-2.));
#4757=CARTESIAN_POINT('Ctrl Pts',(2.40203951648686,37.9605969317856,-3.));
#4758=CARTESIAN_POINT('Ctrl Pts',(2.09369006213856,38.0395650865732,-2.));
#4759=CARTESIAN_POINT('Ctrl Pts',(2.09369006213856,38.0395650865732,-3.));
#4760=CARTESIAN_POINT('Ctrl Pts',(1.93772297105242,38.0795081875483,-2.));
#4761=CARTESIAN_POINT('Ctrl Pts',(1.93772297105242,38.0795081875483,-3.));
#4762=CARTESIAN_POINT('',(2.74945717057634,37.6361247322718,-2.));
#4763=CARTESIAN_POINT('Ctrl Pts',(2.74945717057634,37.6361247322718,-2.));
#4764=CARTESIAN_POINT('Ctrl Pts',(2.63455231455029,37.7434406125408,-2.));
#4765=CARTESIAN_POINT('Ctrl Pts',(2.40203951648686,37.9605969317856,-2.));
#4766=CARTESIAN_POINT('Ctrl Pts',(2.09369006213856,38.0395650865732,-2.));
#4767=CARTESIAN_POINT('Ctrl Pts',(1.93772297105242,38.0795081875483,-2.));
#4768=CARTESIAN_POINT('',(2.74945717057634,37.6361247322718,-3.));
#4769=CARTESIAN_POINT('',(2.74945717057634,37.6361247322718,-2.));
#4770=CARTESIAN_POINT('Ctrl Pts',(2.74945717057634,37.6361247322718,-3.));
#4771=CARTESIAN_POINT('Ctrl Pts',(2.63455231455029,37.7434406125408,-3.));
#4772=CARTESIAN_POINT('Ctrl Pts',(2.40203951648686,37.9605969317856,-3.));
#4773=CARTESIAN_POINT('Ctrl Pts',(2.09369006213856,38.0395650865732,-3.));
#4774=CARTESIAN_POINT('Ctrl Pts',(1.93772297105242,38.0795081875483,-3.));
#4775=CARTESIAN_POINT('Ctrl Pts',(3.07005863389421,36.7357155106226,-2.));
#4776=CARTESIAN_POINT('Ctrl Pts',(3.07005863389421,36.7357155106226,-3.));
#4777=CARTESIAN_POINT('Ctrl Pts',(3.05876245651512,36.9073128055687,-2.));
#4778=CARTESIAN_POINT('Ctrl Pts',(3.05876245651512,36.9073128055687,-3.));
#4779=CARTESIAN_POINT('Ctrl Pts',(3.03696627541999,37.2384129282525,-2.));
#4780=CARTESIAN_POINT('Ctrl Pts',(3.03696627541999,37.2384129282525,-3.));
#4781=CARTESIAN_POINT('Ctrl Pts',(2.84293095662575,37.5068222947074,-2.));
#4782=CARTESIAN_POINT('Ctrl Pts',(2.84293095662575,37.5068222947074,-3.));
#4783=CARTESIAN_POINT('Ctrl Pts',(2.74945717057634,37.6361247322718,-2.));
#4784=CARTESIAN_POINT('Ctrl Pts',(2.74945717057634,37.6361247322718,-3.));
#4785=CARTESIAN_POINT('',(3.07005863389421,36.7357155106226,-2.));
#4786=CARTESIAN_POINT('Ctrl Pts',(3.07005863389421,36.7357155106226,-2.));
#4787=CARTESIAN_POINT('Ctrl Pts',(3.05876245651512,36.9073128055687,-2.));
#4788=CARTESIAN_POINT('Ctrl Pts',(3.03696627541999,37.2384129282525,-2.));
#4789=CARTESIAN_POINT('Ctrl Pts',(2.84293095662575,37.5068222947074,-2.));
#4790=CARTESIAN_POINT('Ctrl Pts',(2.74945717057634,37.6361247322718,-2.));
#4791=CARTESIAN_POINT('',(3.07005863389421,36.7357155106226,-3.));
#4792=CARTESIAN_POINT('',(3.07005863389421,36.7357155106226,-2.));
#4793=CARTESIAN_POINT('Ctrl Pts',(3.07005863389421,36.7357155106226,-3.));
#4794=CARTESIAN_POINT('Ctrl Pts',(3.05876245651512,36.9073128055687,-3.));
#4795=CARTESIAN_POINT('Ctrl Pts',(3.03696627541999,37.2384129282525,-3.));
#4796=CARTESIAN_POINT('Ctrl Pts',(2.84293095662575,37.5068222947074,-3.));
#4797=CARTESIAN_POINT('Ctrl Pts',(2.74945717057634,37.6361247322718,-3.));
#4798=CARTESIAN_POINT('Ctrl Pts',(2.84154396256853,35.958089473025,-2.));
#4799=CARTESIAN_POINT('Ctrl Pts',(2.84154396256853,35.958089473025,-3.));
#4800=CARTESIAN_POINT('Ctrl Pts',(2.90818253266207,36.0757652777666,-2.));
#4801=CARTESIAN_POINT('Ctrl Pts',(2.90818253266207,36.0757652777666,-3.));
#4802=CARTESIAN_POINT('Ctrl Pts',(3.04477549508845,36.3169722357341,-2.));
#4803=CARTESIAN_POINT('Ctrl Pts',(3.04477549508845,36.3169722357341,-3.));
#4804=CARTESIAN_POINT('Ctrl Pts',(3.0614956260867,36.5938936442887,-2.));
#4805=CARTESIAN_POINT('Ctrl Pts',(3.0614956260867,36.5938936442887,-3.));
#4806=CARTESIAN_POINT('Ctrl Pts',(3.07005863389421,36.7357155106226,-2.));
#4807=CARTESIAN_POINT('Ctrl Pts',(3.07005863389421,36.7357155106226,-3.));
#4808=CARTESIAN_POINT('',(2.84154396256853,35.958089473025,-2.));
#4809=CARTESIAN_POINT('Ctrl Pts',(2.84154396256853,35.958089473025,-2.));
#4810=CARTESIAN_POINT('Ctrl Pts',(2.90818253266207,36.0757652777666,-2.));
#4811=CARTESIAN_POINT('Ctrl Pts',(3.04477549508845,36.3169722357341,-2.));
#4812=CARTESIAN_POINT('Ctrl Pts',(3.0614956260867,36.5938936442887,-2.));
#4813=CARTESIAN_POINT('Ctrl Pts',(3.07005863389421,36.7357155106226,-2.));
#4814=CARTESIAN_POINT('',(2.84154396256853,35.958089473025,-3.));
#4815=CARTESIAN_POINT('',(2.84154396256853,35.958089473025,-2.));
#4816=CARTESIAN_POINT('Ctrl Pts',(2.84154396256853,35.958089473025,-3.));
#4817=CARTESIAN_POINT('Ctrl Pts',(2.90818253266207,36.0757652777666,-3.));
#4818=CARTESIAN_POINT('Ctrl Pts',(3.04477549508845,36.3169722357341,-3.));
#4819=CARTESIAN_POINT('Ctrl Pts',(3.0614956260867,36.5938936442887,-3.));
#4820=CARTESIAN_POINT('Ctrl Pts',(3.07005863389421,36.7357155106226,-3.));
#4821=CARTESIAN_POINT('Ctrl Pts',(2.21057396134783,35.4669573328653,-2.));
#4822=CARTESIAN_POINT('Ctrl Pts',(2.21057396134783,35.4669573328653,-3.));
#4823=CARTESIAN_POINT('Ctrl Pts',(2.33679071801005,35.5256506242296,-2.));
#4824=CARTESIAN_POINT('Ctrl Pts',(2.33679071801005,35.5256506242296,-3.));
#4825=CARTESIAN_POINT('Ctrl Pts',(2.58493264265083,35.6410415332322,-2.));
#4826=CARTESIAN_POINT('Ctrl Pts',(2.58493264265083,35.6410415332322,-3.));
#4827=CARTESIAN_POINT('Ctrl Pts',(2.75699881140496,35.8536324054082,-2.));
#4828=CARTESIAN_POINT('Ctrl Pts',(2.75699881140496,35.8536324054082,-3.));
#4829=CARTESIAN_POINT('Ctrl Pts',(2.84154396256853,35.958089473025,-2.));
#4830=CARTESIAN_POINT('Ctrl Pts',(2.84154396256853,35.958089473025,-3.));
#4831=CARTESIAN_POINT('',(2.21057396134783,35.4669573328653,-2.));
#4832=CARTESIAN_POINT('Ctrl Pts',(2.21057396134783,35.4669573328653,-2.));
#4833=CARTESIAN_POINT('Ctrl Pts',(2.33679071801005,35.5256506242296,-2.));
#4834=CARTESIAN_POINT('Ctrl Pts',(2.58493264265083,35.6410415332322,-2.));
#4835=CARTESIAN_POINT('Ctrl Pts',(2.75699881140496,35.8536324054082,-2.));
#4836=CARTESIAN_POINT('Ctrl Pts',(2.84154396256853,35.958089473025,-2.));
#4837=CARTESIAN_POINT('',(2.21057396134783,35.4669573328653,-3.));
#4838=CARTESIAN_POINT('',(2.21057396134783,35.4669573328653,-2.));
#4839=CARTESIAN_POINT('Ctrl Pts',(2.21057396134783,35.4669573328653,-3.));
#4840=CARTESIAN_POINT('Ctrl Pts',(2.33679071801005,35.5256506242296,-3.));
#4841=CARTESIAN_POINT('Ctrl Pts',(2.58493264265083,35.6410415332322,-3.));
#4842=CARTESIAN_POINT('Ctrl Pts',(2.75699881140496,35.8536324054082,-3.));
#4843=CARTESIAN_POINT('Ctrl Pts',(2.84154396256853,35.958089473025,-3.));
#4844=CARTESIAN_POINT('Ctrl Pts',(0.614394952863941,35.3100677750269,-2.));
#4845=CARTESIAN_POINT('Ctrl Pts',(0.614394952863941,35.3100677750269,-3.));
#4846=CARTESIAN_POINT('Ctrl Pts',(0.9482069210849,35.3073918026149,-2.));
#4847=CARTESIAN_POINT('Ctrl Pts',(0.9482069210849,35.3073918026149,-3.));
#4848=CARTESIAN_POINT('Ctrl Pts',(1.48689026493369,35.3030734979878,-2.));
#4849=CARTESIAN_POINT('Ctrl Pts',(1.48689026493369,35.3030734979878,-3.));
#4850=CARTESIAN_POINT('Ctrl Pts',(2.01117764185683,35.421802476316,-2.));
#4851=CARTESIAN_POINT('Ctrl Pts',(2.01117764185683,35.421802476316,-3.));
#4852=CARTESIAN_POINT('Ctrl Pts',(2.21057396134783,35.4669573328653,-2.));
#4853=CARTESIAN_POINT('Ctrl Pts',(2.21057396134783,35.4669573328653,-3.));
#4854=CARTESIAN_POINT('',(0.614394952863941,35.3100677750269,-2.));
#4855=CARTESIAN_POINT('Ctrl Pts',(0.614394952863941,35.3100677750269,-2.));
#4856=CARTESIAN_POINT('Ctrl Pts',(0.9482069210849,35.3073918026149,-2.));
#4857=CARTESIAN_POINT('Ctrl Pts',(1.48689026493369,35.3030734979878,-2.));
#4858=CARTESIAN_POINT('Ctrl Pts',(2.01117764185683,35.421802476316,-2.));
#4859=CARTESIAN_POINT('Ctrl Pts',(2.21057396134783,35.4669573328653,-2.));
#4860=CARTESIAN_POINT('',(0.614394952863941,35.3100677750269,-3.));
#4861=CARTESIAN_POINT('',(0.614394952863941,35.3100677750269,-2.));
#4862=CARTESIAN_POINT('Ctrl Pts',(0.614394952863941,35.3100677750269,-3.));
#4863=CARTESIAN_POINT('Ctrl Pts',(0.9482069210849,35.3073918026149,-3.));
#4864=CARTESIAN_POINT('Ctrl Pts',(1.48689026493369,35.3030734979878,-3.));
#4865=CARTESIAN_POINT('Ctrl Pts',(2.01117764185683,35.421802476316,-3.));
#4866=CARTESIAN_POINT('Ctrl Pts',(2.21057396134783,35.4669573328653,-3.));
#4867=CARTESIAN_POINT('Origin',(-0.490651319413891,35.3100677750269,-2.));
#4868=CARTESIAN_POINT('',(-0.490651319413891,35.3100677750269,-2.));
#4869=CARTESIAN_POINT('',(-0.245325659706945,35.3100677750269,-2.));
#4870=CARTESIAN_POINT('',(-0.490651319413891,35.3100677750269,-3.));
#4871=CARTESIAN_POINT('',(-0.490651319413891,35.3100677750269,-2.));
#4872=CARTESIAN_POINT('',(-0.490651319413891,35.3100677750269,-3.));
#4873=CARTESIAN_POINT('Origin',(-0.490651319413891,38.1477209351221,-2.));
#4874=CARTESIAN_POINT('',(-0.490651319413891,38.1477209351221,-2.));
#4875=CARTESIAN_POINT('',(-0.490651319413892,19.0738604675611,-2.));
#4876=CARTESIAN_POINT('',(-0.490651319413891,38.1477209351221,-3.));
#4877=CARTESIAN_POINT('',(-0.490651319413891,38.1477209351221,-2.));
#4878=CARTESIAN_POINT('',(-0.490651319413891,38.1477209351221,-3.));
#4879=CARTESIAN_POINT('Origin',(0.484790613264332,38.1477209351221,-2.));
#4880=CARTESIAN_POINT('',(0.242395306632166,38.1477209351221,-2.));
#4881=CARTESIAN_POINT('',(0.484790613264332,38.1477209351221,-3.));
#4882=CARTESIAN_POINT('Origin',(-0.490651319413891,33.6115684530893,-2.));
#4883=CARTESIAN_POINT('',(-0.490651319413891,33.6115684530893,-3.));
#4884=CARTESIAN_POINT('',(-0.490651319413891,33.6115684530893,-2.));
#4885=CARTESIAN_POINT('',(-0.490651319413891,29.8393991015116,-3.));
#4886=CARTESIAN_POINT('',(-0.490651319413891,33.6115684530893,-3.));
#4887=CARTESIAN_POINT('',(-0.490651319413891,29.8393991015116,-2.));
#4888=CARTESIAN_POINT('Origin',(0.825853159040699,33.6115684530893,-2.));
#4889=CARTESIAN_POINT('',(0.825853159040699,33.6115684530893,-3.));
#4890=CARTESIAN_POINT('',(0.825853159040699,33.6115684530893,-2.));
#4891=CARTESIAN_POINT('',(0.825853159040699,33.6115684530893,-3.));
#4892=CARTESIAN_POINT('Ctrl Pts',(2.91998844346453,33.7548151037851,-2.));
#4893=CARTESIAN_POINT('Ctrl Pts',(2.91998844346453,33.7548151037851,-3.));
#4894=CARTESIAN_POINT('Ctrl Pts',(2.62539951300826,33.713272375718,-2.));
#4895=CARTESIAN_POINT('Ctrl Pts',(2.62539951300826,33.713272375718,-3.));
#4896=CARTESIAN_POINT('Ctrl Pts',(1.93113343954834,33.6153674522326,-2.));
#4897=CARTESIAN_POINT('Ctrl Pts',(1.93113343954834,33.6153674522326,-3.));
#4898=CARTESIAN_POINT('Ctrl Pts',(1.22967235009492,33.6129564347515,-2.));
#4899=CARTESIAN_POINT('Ctrl Pts',(1.22967235009492,33.6129564347515,-3.));
#4900=CARTESIAN_POINT('Ctrl Pts',(0.825853159040699,33.6115684530893,-2.));
#4901=CARTESIAN_POINT('Ctrl Pts',(0.825853159040699,33.6115684530893,-3.));
#4902=CARTESIAN_POINT('',(2.91998844346453,33.7548151037851,-3.));
#4903=CARTESIAN_POINT('',(2.91998844346453,33.7548151037851,-2.));
#4904=CARTESIAN_POINT('Ctrl Pts',(2.91998844346453,33.7548151037851,-3.));
#4905=CARTESIAN_POINT('Ctrl Pts',(2.62539951300826,33.713272375718,-3.));
#4906=CARTESIAN_POINT('Ctrl Pts',(1.93113343954834,33.6153674522326,-3.));
#4907=CARTESIAN_POINT('Ctrl Pts',(1.22967235009492,33.6129564347515,-3.));
#4908=CARTESIAN_POINT('Ctrl Pts',(0.825853159040699,33.6115684530893,-3.));
#4909=CARTESIAN_POINT('Ctrl Pts',(3.96705608567644,34.2288943550745,-2.));
#4910=CARTESIAN_POINT('Ctrl Pts',(3.96705608567644,34.2288943550745,-3.));
#4911=CARTESIAN_POINT('Ctrl Pts',(3.7981393126109,34.1203948129018,-2.));
#4912=CARTESIAN_POINT('Ctrl Pts',(3.7981393126109,34.1203948129018,-3.));
#4913=CARTESIAN_POINT('Ctrl Pts',(3.47215039712067,33.911003836256,-2.));
#4914=CARTESIAN_POINT('Ctrl Pts',(3.47215039712067,33.911003836256,-3.));
#4915=CARTESIAN_POINT('Ctrl Pts',(3.09952943441198,33.8056014348914,-2.));
#4916=CARTESIAN_POINT('Ctrl Pts',(3.09952943441198,33.8056014348914,-3.));
#4917=CARTESIAN_POINT('Ctrl Pts',(2.91998844346453,33.7548151037851,-2.));
#4918=CARTESIAN_POINT('Ctrl Pts',(2.91998844346453,33.7548151037851,-3.));
#4919=CARTESIAN_POINT('',(3.96705608567644,34.2288943550745,-3.));
#4920=CARTESIAN_POINT('',(3.96705608567644,34.2288943550745,-2.));
#4921=CARTESIAN_POINT('Ctrl Pts',(3.96705608567644,34.2288943550745,-3.));
#4922=CARTESIAN_POINT('Ctrl Pts',(3.7981393126109,34.1203948129018,-3.));
#4923=CARTESIAN_POINT('Ctrl Pts',(3.47215039712067,33.911003836256,-3.));
#4924=CARTESIAN_POINT('Ctrl Pts',(3.09952943441198,33.8056014348914,-3.));
#4925=CARTESIAN_POINT('Ctrl Pts',(2.91998844346453,33.7548151037851,-3.));
#4926=CARTESIAN_POINT('Ctrl Pts',(4.81630783280779,35.2145698092142,-2.));
#4927=CARTESIAN_POINT('Ctrl Pts',(4.81630783280779,35.2145698092142,-3.));
#4928=CARTESIAN_POINT('Ctrl Pts',(4.70033404032227,35.0187139428203,-2.));
#4929=CARTESIAN_POINT('Ctrl Pts',(4.70033404032227,35.0187139428203,-3.));
#4930=CARTESIAN_POINT('Ctrl Pts',(4.47571597553685,34.6393802611029,-2.));
#4931=CARTESIAN_POINT('Ctrl Pts',(4.47571597553685,34.6393802611029,-3.));
#4932=CARTESIAN_POINT('Ctrl Pts',(4.13288035512541,34.3627136847349,-2.));
#4933=CARTESIAN_POINT('Ctrl Pts',(4.13288035512541,34.3627136847349,-3.));
#4934=CARTESIAN_POINT('Ctrl Pts',(3.96705608567644,34.2288943550745,-2.));
#4935=CARTESIAN_POINT('Ctrl Pts',(3.96705608567644,34.2288943550745,-3.));
#4936=CARTESIAN_POINT('',(4.81630783280779,35.2145698092142,-3.));
#4937=CARTESIAN_POINT('',(4.81630783280779,35.2145698092142,-2.));
#4938=CARTESIAN_POINT('Ctrl Pts',(4.81630783280779,35.2145698092142,-3.));
#4939=CARTESIAN_POINT('Ctrl Pts',(4.70033404032227,35.0187139428203,-3.));
#4940=CARTESIAN_POINT('Ctrl Pts',(4.47571597553685,34.6393802611029,-3.));
#4941=CARTESIAN_POINT('Ctrl Pts',(4.13288035512541,34.3627136847349,-3.));
#4942=CARTESIAN_POINT('Ctrl Pts',(3.96705608567644,34.2288943550745,-3.));
#4943=CARTESIAN_POINT('Ctrl Pts',(5.15054683885027,36.7630007288614,-2.));
#4944=CARTESIAN_POINT('Ctrl Pts',(5.15054683885027,36.7630007288614,-3.));
#4945=CARTESIAN_POINT('Ctrl Pts',(5.14076909523429,36.4764270523905,-2.));
#4946=CARTESIAN_POINT('Ctrl Pts',(5.14076909523429,36.4764270523905,-3.));
#4947=CARTESIAN_POINT('Ctrl Pts',(5.12244536644834,35.9393810291891,-2.));
#4948=CARTESIAN_POINT('Ctrl Pts',(5.12244536644834,35.9393810291891,-3.));
#4949=CARTESIAN_POINT('Ctrl Pts',(4.91367570307076,35.4450979773627,-2.));
#4950=CARTESIAN_POINT('Ctrl Pts',(4.91367570307076,35.4450979773627,-3.));
#4951=CARTESIAN_POINT('Ctrl Pts',(4.81630783280779,35.2145698092142,-2.));
#4952=CARTESIAN_POINT('Ctrl Pts',(4.81630783280779,35.2145698092142,-3.));
#4953=CARTESIAN_POINT('',(5.15054683885027,36.7630007288614,-3.));
#4954=CARTESIAN_POINT('',(5.15054683885027,36.7630007288614,-2.));
#4955=CARTESIAN_POINT('Ctrl Pts',(5.15054683885027,36.7630007288614,-3.));
#4956=CARTESIAN_POINT('Ctrl Pts',(5.14076909523429,36.4764270523905,-3.));
#4957=CARTESIAN_POINT('Ctrl Pts',(5.12244536644834,35.9393810291891,-3.));
#4958=CARTESIAN_POINT('Ctrl Pts',(4.91367570307076,35.4450979773627,-3.));
#4959=CARTESIAN_POINT('Ctrl Pts',(4.81630783280779,35.2145698092142,-3.));
#4960=CARTESIAN_POINT('Ctrl Pts',(4.57074146470476,38.7104769966761,-2.));
#4961=CARTESIAN_POINT('Ctrl Pts',(4.57074146470476,38.7104769966761,-3.));
#4962=CARTESIAN_POINT('Ctrl Pts',(4.73968017055284,38.4299739857954,-2.));
#4963=CARTESIAN_POINT('Ctrl Pts',(4.73968017055284,38.4299739857954,-3.));
#4964=CARTESIAN_POINT('Ctrl Pts',(5.09963057866942,37.8323183287478,-2.));
#4965=CARTESIAN_POINT('Ctrl Pts',(5.09963057866942,37.8323183287478,-3.));
#4966=CARTESIAN_POINT('Ctrl Pts',(5.13289480553079,37.1337198240043,-2.));
#4967=CARTESIAN_POINT('Ctrl Pts',(5.13289480553079,37.1337198240043,-3.));
#4968=CARTESIAN_POINT('Ctrl Pts',(5.15054683885027,36.7630007288614,-2.));
#4969=CARTESIAN_POINT('Ctrl Pts',(5.15054683885027,36.7630007288614,-3.));
#4970=CARTESIAN_POINT('',(4.57074146470476,38.7104769966761,-3.));
#4971=CARTESIAN_POINT('',(4.57074146470476,38.7104769966761,-2.));
#4972=CARTESIAN_POINT('Ctrl Pts',(4.57074146470476,38.7104769966761,-3.));
#4973=CARTESIAN_POINT('Ctrl Pts',(4.73968017055284,38.4299739857954,-3.));
#4974=CARTESIAN_POINT('Ctrl Pts',(5.09963057866942,37.8323183287478,-3.));
#4975=CARTESIAN_POINT('Ctrl Pts',(5.13289480553079,37.1337198240043,-3.));
#4976=CARTESIAN_POINT('Ctrl Pts',(5.15054683885027,36.7630007288614,-3.));
#4977=CARTESIAN_POINT('Ctrl Pts',(3.13144664964129,39.6893306992212,-2.));
#4978=CARTESIAN_POINT('Ctrl Pts',(3.13144664964129,39.6893306992212,-3.));
#4979=CARTESIAN_POINT('Ctrl Pts',(3.40799721752129,39.5900231940951,-2.));
#4980=CARTESIAN_POINT('Ctrl Pts',(3.40799721752129,39.5900231940951,-3.));
#4981=CARTESIAN_POINT('Ctrl Pts',(3.97148360444129,39.3876789078891,-2.));
#4982=CARTESIAN_POINT('Ctrl Pts',(3.97148360444129,39.3876789078891,-3.));
#4983=CARTESIAN_POINT('Ctrl Pts',(4.36854949024103,38.9389676025041,-2.));
#4984=CARTESIAN_POINT('Ctrl Pts',(4.36854949024103,38.9389676025041,-3.));
#4985=CARTESIAN_POINT('Ctrl Pts',(4.57074146470476,38.7104769966761,-2.));
#4986=CARTESIAN_POINT('Ctrl Pts',(4.57074146470476,38.7104769966761,-3.));
#4987=CARTESIAN_POINT('',(3.13144664964129,39.6893306992212,-3.));
#4988=CARTESIAN_POINT('',(3.13144664964129,39.6893306992212,-2.));
#4989=CARTESIAN_POINT('Ctrl Pts',(3.13144664964129,39.6893306992212,-3.));
#4990=CARTESIAN_POINT('Ctrl Pts',(3.40799721752129,39.5900231940951,-3.));
#4991=CARTESIAN_POINT('Ctrl Pts',(3.97148360444129,39.3876789078891,-3.));
#4992=CARTESIAN_POINT('Ctrl Pts',(4.36854949024103,38.9389676025041,-3.));
#4993=CARTESIAN_POINT('Ctrl Pts',(4.57074146470476,38.7104769966761,-3.));
#4994=CARTESIAN_POINT('Ctrl Pts',(0.730356981367359,39.8393991015116,-2.));
#4995=CARTESIAN_POINT('Ctrl Pts',(0.730356981367359,39.8393991015116,-3.));
#4996=CARTESIAN_POINT('Ctrl Pts',(1.23865166257579,39.8432689699219,-2.));
#4997=CARTESIAN_POINT('Ctrl Pts',(1.23865166257579,39.8432689699219,-3.));
#4998=CARTESIAN_POINT('Ctrl Pts',(2.04328691498254,39.8493950079472,-2.));
#4999=CARTESIAN_POINT('Ctrl Pts',(2.04328691498254,39.8493950079472,-3.));
#5000=CARTESIAN_POINT('Ctrl Pts',(2.83855567927656,39.7324138874796,-2.));
#5001=CARTESIAN_POINT('Ctrl Pts',(2.83855567927656,39.7324138874796,-3.));
#5002=CARTESIAN_POINT('Ctrl Pts',(3.13144664964129,39.6893306992212,-2.));
#5003=CARTESIAN_POINT('Ctrl Pts',(3.13144664964129,39.6893306992212,-3.));
#5004=CARTESIAN_POINT('',(0.730356981367359,39.8393991015116,-3.));
#5005=CARTESIAN_POINT('',(0.730356981367359,39.8393991015116,-2.));
#5006=CARTESIAN_POINT('Ctrl Pts',(0.730356981367359,39.8393991015116,-3.));
#5007=CARTESIAN_POINT('Ctrl Pts',(1.23865166257579,39.8432689699219,-3.));
#5008=CARTESIAN_POINT('Ctrl Pts',(2.04328691498254,39.8493950079472,-3.));
#5009=CARTESIAN_POINT('Ctrl Pts',(2.83855567927656,39.7324138874796,-3.));
#5010=CARTESIAN_POINT('Ctrl Pts',(3.13144664964129,39.6893306992212,-3.));
#5011=CARTESIAN_POINT('Origin',(-2.50975150862287,39.8393991015116,-2.));
#5012=CARTESIAN_POINT('',(-2.50975150862287,39.8393991015116,-3.));
#5013=CARTESIAN_POINT('',(-2.50975150862287,39.8393991015116,-2.));
#5014=CARTESIAN_POINT('',(-2.50975150862287,39.8393991015116,-3.));
#5015=CARTESIAN_POINT('Origin',(-2.50975150862287,29.8393991015116,-2.));
#5016=CARTESIAN_POINT('',(-2.50975150862287,29.8393991015116,-3.));
#5017=CARTESIAN_POINT('',(-2.50975150862287,29.8393991015116,-2.));
#5018=CARTESIAN_POINT('',(-2.50975150862287,29.8393991015116,-3.));
#5019=CARTESIAN_POINT('Origin',(-0.490651319413891,29.8393991015116,-2.));
#5020=CARTESIAN_POINT('',(-0.490651319413891,29.8393991015116,-3.));
#5021=CARTESIAN_POINT('Origin',(-9.26964361467909,34.7625414000129,-3.));
#5022=CARTESIAN_POINT('Ctrl Pts',(10.7167146702712,32.0017459414164,-2.));
#5023=CARTESIAN_POINT('Ctrl Pts',(10.7167146702712,32.0017459414164,-3.));
#5024=CARTESIAN_POINT('Ctrl Pts',(10.7383274570273,32.120279349931,-2.));
#5025=CARTESIAN_POINT('Ctrl Pts',(10.7383274570273,32.120279349931,-3.));
#5026=CARTESIAN_POINT('Ctrl Pts',(10.7945856625934,32.4288224794176,-2.));
#5027=CARTESIAN_POINT('Ctrl Pts',(10.7945856625934,32.4288224794176,-3.));
#5028=CARTESIAN_POINT('Ctrl Pts',(10.7928305897508,32.742865451124,-2.));
#5029=CARTESIAN_POINT('Ctrl Pts',(10.7928305897508,32.742865451124,-3.));
#5030=CARTESIAN_POINT('Ctrl Pts',(10.791749765486,32.9362621328989,-2.));
#5031=CARTESIAN_POINT('Ctrl Pts',(10.791749765486,32.9362621328989,-3.));
#5032=CARTESIAN_POINT('',(10.7167146702712,32.0017459414164,-2.));
#5033=CARTESIAN_POINT('',(10.791749765486,32.9362621328989,-2.));
#5034=CARTESIAN_POINT('Ctrl Pts',(10.7167146702712,32.0017459414164,-2.));
#5035=CARTESIAN_POINT('Ctrl Pts',(10.7383274570273,32.120279349931,-2.));
#5036=CARTESIAN_POINT('Ctrl Pts',(10.7945856625934,32.4288224794176,-2.));
#5037=CARTESIAN_POINT('Ctrl Pts',(10.7928305897508,32.742865451124,-2.));
#5038=CARTESIAN_POINT('Ctrl Pts',(10.791749765486,32.9362621328989,-2.));
#5039=CARTESIAN_POINT('',(10.7167146702712,32.0017459414164,-3.));
#5040=CARTESIAN_POINT('',(10.7167146702712,32.0017459414164,-2.));
#5041=CARTESIAN_POINT('',(10.791749765486,32.9362621328989,-3.));
#5042=CARTESIAN_POINT('Ctrl Pts',(10.7167146702712,32.0017459414164,-3.));
#5043=CARTESIAN_POINT('Ctrl Pts',(10.7383274570273,32.120279349931,-3.));
#5044=CARTESIAN_POINT('Ctrl Pts',(10.7945856625934,32.4288224794176,-3.));
#5045=CARTESIAN_POINT('Ctrl Pts',(10.7928305897508,32.742865451124,-3.));
#5046=CARTESIAN_POINT('Ctrl Pts',(10.791749765486,32.9362621328989,-3.));
#5047=CARTESIAN_POINT('',(10.791749765486,32.9362621328989,-2.));
#5048=CARTESIAN_POINT('Ctrl Pts',(10.2596853276198,31.3673665545145,-2.));
#5049=CARTESIAN_POINT('Ctrl Pts',(10.2596853276198,31.3673665545145,-3.));
#5050=CARTESIAN_POINT('Ctrl Pts',(10.3651389063086,31.4567376439858,-2.));
#5051=CARTESIAN_POINT('Ctrl Pts',(10.3651389063086,31.4567376439858,-3.));
#5052=CARTESIAN_POINT('Ctrl Pts',(10.5702448468522,31.630563336687,-2.));
#5053=CARTESIAN_POINT('Ctrl Pts',(10.5702448468522,31.630563336687,-3.));
#5054=CARTESIAN_POINT('Ctrl Pts',(10.6688207696644,31.880373618006,-2.));
#5055=CARTESIAN_POINT('Ctrl Pts',(10.6688207696644,31.880373618006,-3.));
#5056=CARTESIAN_POINT('Ctrl Pts',(10.7167146702712,32.0017459414164,-2.));
#5057=CARTESIAN_POINT('Ctrl Pts',(10.7167146702712,32.0017459414164,-3.));
#5058=CARTESIAN_POINT('',(10.2596853276198,31.3673665545145,-2.));
#5059=CARTESIAN_POINT('Ctrl Pts',(10.2596853276198,31.3673665545145,-2.));
#5060=CARTESIAN_POINT('Ctrl Pts',(10.3651389063086,31.4567376439858,-2.));
#5061=CARTESIAN_POINT('Ctrl Pts',(10.5702448468522,31.630563336687,-2.));
#5062=CARTESIAN_POINT('Ctrl Pts',(10.6688207696644,31.880373618006,-2.));
#5063=CARTESIAN_POINT('Ctrl Pts',(10.7167146702712,32.0017459414164,-2.));
#5064=CARTESIAN_POINT('',(10.2596853276198,31.3673665545145,-3.));
#5065=CARTESIAN_POINT('',(10.2596853276198,31.3673665545145,-2.));
#5066=CARTESIAN_POINT('Ctrl Pts',(10.2596853276198,31.3673665545145,-3.));
#5067=CARTESIAN_POINT('Ctrl Pts',(10.3651389063086,31.4567376439858,-3.));
#5068=CARTESIAN_POINT('Ctrl Pts',(10.5702448468522,31.630563336687,-3.));
#5069=CARTESIAN_POINT('Ctrl Pts',(10.6688207696644,31.880373618006,-3.));
#5070=CARTESIAN_POINT('Ctrl Pts',(10.7167146702712,32.0017459414164,-3.));
#5071=CARTESIAN_POINT('Ctrl Pts',(9.27060108384539,31.0263028166453,-2.));
#5072=CARTESIAN_POINT('Ctrl Pts',(9.27060108384539,31.0263028166453,-3.));
#5073=CARTESIAN_POINT('Ctrl Pts',(9.44368243868881,31.0421838258071,-2.));
#5074=CARTESIAN_POINT('Ctrl Pts',(9.44368243868881,31.0421838258071,-3.));
#5075=CARTESIAN_POINT('Ctrl Pts',(9.80083043641224,31.0749537947568,-2.));
#5076=CARTESIAN_POINT('Ctrl Pts',(9.80083043641224,31.0749537947568,-3.));
#5077=CARTESIAN_POINT('Ctrl Pts',(10.103629166058,31.2679172215034,-2.));
#5078=CARTESIAN_POINT('Ctrl Pts',(10.103629166058,31.2679172215034,-3.));
#5079=CARTESIAN_POINT('Ctrl Pts',(10.2596853276198,31.3673665545145,-2.));
#5080=CARTESIAN_POINT('Ctrl Pts',(10.2596853276198,31.3673665545145,-3.));
#5081=CARTESIAN_POINT('',(9.27060108384539,31.0263028166453,-2.));
#5082=CARTESIAN_POINT('Ctrl Pts',(9.27060108384539,31.0263028166453,-2.));
#5083=CARTESIAN_POINT('Ctrl Pts',(9.44368243868881,31.0421838258071,-2.));
#5084=CARTESIAN_POINT('Ctrl Pts',(9.80083043641224,31.0749537947568,-2.));
#5085=CARTESIAN_POINT('Ctrl Pts',(10.103629166058,31.2679172215034,-2.));
#5086=CARTESIAN_POINT('Ctrl Pts',(10.2596853276198,31.3673665545145,-2.));
#5087=CARTESIAN_POINT('',(9.27060108384539,31.0263028166453,-3.));
#5088=CARTESIAN_POINT('',(9.27060108384539,31.0263028166453,-2.));
#5089=CARTESIAN_POINT('Ctrl Pts',(9.27060108384539,31.0263028166453,-3.));
#5090=CARTESIAN_POINT('Ctrl Pts',(9.44368243868881,31.0421838258071,-3.));
#5091=CARTESIAN_POINT('Ctrl Pts',(9.80083043641224,31.0749537947568,-3.));
#5092=CARTESIAN_POINT('Ctrl Pts',(10.103629166058,31.2679172215034,-3.));
#5093=CARTESIAN_POINT('Ctrl Pts',(10.2596853276198,31.3673665545145,-3.));
#5094=CARTESIAN_POINT('Ctrl Pts',(8.50661735734392,31.319617273585,-2.));
#5095=CARTESIAN_POINT('Ctrl Pts',(8.50661735734392,31.319617273585,-3.));
#5096=CARTESIAN_POINT('Ctrl Pts',(8.6155399761636,31.2340855635088,-2.));
#5097=CARTESIAN_POINT('Ctrl Pts',(8.6155399761636,31.2340855635088,-3.));
#5098=CARTESIAN_POINT('Ctrl Pts',(8.83965904971016,31.0580956008286,-2.));
#5099=CARTESIAN_POINT('Ctrl Pts',(8.83965904971016,31.0580956008286,-3.));
#5100=CARTESIAN_POINT('Ctrl Pts',(9.12429774554026,31.0370963575199,-2.));
#5101=CARTESIAN_POINT('Ctrl Pts',(9.12429774554026,31.0370963575199,-3.));
#5102=CARTESIAN_POINT('Ctrl Pts',(9.27060108384539,31.0263028166453,-2.));
#5103=CARTESIAN_POINT('Ctrl Pts',(9.27060108384539,31.0263028166453,-3.));
#5104=CARTESIAN_POINT('',(8.50661735734392,31.319617273585,-2.));
#5105=CARTESIAN_POINT('Ctrl Pts',(8.50661735734392,31.319617273585,-2.));
#5106=CARTESIAN_POINT('Ctrl Pts',(8.6155399761636,31.2340855635088,-2.));
#5107=CARTESIAN_POINT('Ctrl Pts',(8.83965904971016,31.0580956008286,-2.));
#5108=CARTESIAN_POINT('Ctrl Pts',(9.12429774554026,31.0370963575199,-2.));
#5109=CARTESIAN_POINT('Ctrl Pts',(9.27060108384539,31.0263028166453,-2.));
#5110=CARTESIAN_POINT('',(8.50661735734392,31.319617273585,-3.));
#5111=CARTESIAN_POINT('',(8.50661735734392,31.319617273585,-2.));
#5112=CARTESIAN_POINT('Ctrl Pts',(8.50661735734392,31.319617273585,-3.));
#5113=CARTESIAN_POINT('Ctrl Pts',(8.6155399761636,31.2340855635088,-3.));
#5114=CARTESIAN_POINT('Ctrl Pts',(8.83965904971016,31.0580956008286,-3.));
#5115=CARTESIAN_POINT('Ctrl Pts',(9.12429774554026,31.0370963575199,-3.));
#5116=CARTESIAN_POINT('Ctrl Pts',(9.27060108384539,31.0263028166453,-3.));
#5117=CARTESIAN_POINT('Ctrl Pts',(8.20648174485613,32.0153882525126,-2.));
#5118=CARTESIAN_POINT('Ctrl Pts',(8.20648174485613,32.0153882525126,-3.));
#5119=CARTESIAN_POINT('Ctrl Pts',(8.21956762614921,31.8852219569895,-2.));
#5120=CARTESIAN_POINT('Ctrl Pts',(8.21956762614921,31.8852219569895,-3.));
#5121=CARTESIAN_POINT('Ctrl Pts',(8.24605173586798,31.6217824243273,-2.));
#5122=CARTESIAN_POINT('Ctrl Pts',(8.24605173586798,31.6217824243273,-3.));
#5123=CARTESIAN_POINT('Ctrl Pts',(8.41908192489829,31.4211278143478,-2.));
#5124=CARTESIAN_POINT('Ctrl Pts',(8.41908192489829,31.4211278143478,-3.));
#5125=CARTESIAN_POINT('Ctrl Pts',(8.50661735734392,31.319617273585,-2.));
#5126=CARTESIAN_POINT('Ctrl Pts',(8.50661735734392,31.319617273585,-3.));
#5127=CARTESIAN_POINT('',(8.20648174485613,32.0153882525126,-2.));
#5128=CARTESIAN_POINT('Ctrl Pts',(8.20648174485613,32.0153882525126,-2.));
#5129=CARTESIAN_POINT('Ctrl Pts',(8.21956762614921,31.8852219569895,-2.));
#5130=CARTESIAN_POINT('Ctrl Pts',(8.24605173586798,31.6217824243273,-2.));
#5131=CARTESIAN_POINT('Ctrl Pts',(8.41908192489829,31.4211278143478,-2.));
#5132=CARTESIAN_POINT('Ctrl Pts',(8.50661735734392,31.319617273585,-2.));
#5133=CARTESIAN_POINT('',(8.20648174485613,32.0153882525126,-3.));
#5134=CARTESIAN_POINT('',(8.20648174485613,32.0153882525126,-2.));
#5135=CARTESIAN_POINT('Ctrl Pts',(8.20648174485613,32.0153882525126,-3.));
#5136=CARTESIAN_POINT('Ctrl Pts',(8.21956762614921,31.8852219569895,-3.));
#5137=CARTESIAN_POINT('Ctrl Pts',(8.24605173586798,31.6217824243273,-3.));
#5138=CARTESIAN_POINT('Ctrl Pts',(8.41908192489829,31.4211278143478,-3.));
#5139=CARTESIAN_POINT('Ctrl Pts',(8.50661735734392,31.319617273585,-3.));
#5140=CARTESIAN_POINT('Ctrl Pts',(8.58165245255877,32.6906957647959,-2.));
#5141=CARTESIAN_POINT('Ctrl Pts',(8.58165245255877,32.6906957647959,-3.));
#5142=CARTESIAN_POINT('Ctrl Pts',(8.4722657903224,32.5985641058969,-2.));
#5143=CARTESIAN_POINT('Ctrl Pts',(8.4722657903224,32.5985641058969,-3.));
#5144=CARTESIAN_POINT('Ctrl Pts',(8.26080601454672,32.420460674141,-2.));
#5145=CARTESIAN_POINT('Ctrl Pts',(8.26080601454672,32.420460674141,-3.));
#5146=CARTESIAN_POINT('Ctrl Pts',(8.22416744079758,32.1472627852764,-2.));
#5147=CARTESIAN_POINT('Ctrl Pts',(8.22416744079758,32.1472627852764,-3.));
#5148=CARTESIAN_POINT('Ctrl Pts',(8.20648174485613,32.0153882525126,-2.));
#5149=CARTESIAN_POINT('Ctrl Pts',(8.20648174485613,32.0153882525126,-3.));
#5150=CARTESIAN_POINT('',(8.58165245255877,32.6906957647959,-2.));
#5151=CARTESIAN_POINT('Ctrl Pts',(8.58165245255877,32.6906957647959,-2.));
#5152=CARTESIAN_POINT('Ctrl Pts',(8.4722657903224,32.5985641058969,-2.));
#5153=CARTESIAN_POINT('Ctrl Pts',(8.26080601454672,32.420460674141,-2.));
#5154=CARTESIAN_POINT('Ctrl Pts',(8.22416744079758,32.1472627852764,-2.));
#5155=CARTESIAN_POINT('Ctrl Pts',(8.20648174485613,32.0153882525126,-2.));
#5156=CARTESIAN_POINT('',(8.58165245255877,32.6906957647959,-3.));
#5157=CARTESIAN_POINT('',(8.58165245255877,32.6906957647959,-2.));
#5158=CARTESIAN_POINT('Ctrl Pts',(8.58165245255877,32.6906957647959,-3.));
#5159=CARTESIAN_POINT('Ctrl Pts',(8.4722657903224,32.5985641058969,-3.));
#5160=CARTESIAN_POINT('Ctrl Pts',(8.26080601454672,32.420460674141,-3.));
#5161=CARTESIAN_POINT('Ctrl Pts',(8.22416744079758,32.1472627852764,-3.));
#5162=CARTESIAN_POINT('Ctrl Pts',(8.20648174485613,32.0153882525126,-3.));
#5163=CARTESIAN_POINT('Ctrl Pts',(9.62531070908953,33.0249383471171,-2.));
#5164=CARTESIAN_POINT('Ctrl Pts',(9.62531070908953,33.0249383471171,-3.));
#5165=CARTESIAN_POINT('Ctrl Pts',(9.40176937404947,32.9790818511107,-2.));
#5166=CARTESIAN_POINT('Ctrl Pts',(9.40176937404947,32.9790818511107,-3.));
#5167=CARTESIAN_POINT('Ctrl Pts',(9.04111502800072,32.9050984664435,-2.));
#5168=CARTESIAN_POINT('Ctrl Pts',(9.04111502800072,32.9050984664435,-3.));
#5169=CARTESIAN_POINT('Ctrl Pts',(8.70821418118851,32.7497542779236,-2.));
#5170=CARTESIAN_POINT('Ctrl Pts',(8.70821418118851,32.7497542779236,-3.));
#5171=CARTESIAN_POINT('Ctrl Pts',(8.58165245255877,32.6906957647959,-2.));
#5172=CARTESIAN_POINT('Ctrl Pts',(8.58165245255877,32.6906957647959,-3.));
#5173=CARTESIAN_POINT('',(9.62531070908953,33.0249383471171,-2.));
#5174=CARTESIAN_POINT('Ctrl Pts',(9.62531070908953,33.0249383471171,-2.));
#5175=CARTESIAN_POINT('Ctrl Pts',(9.40176937404947,32.9790818511107,-2.));
#5176=CARTESIAN_POINT('Ctrl Pts',(9.04111502800072,32.9050984664435,-2.));
#5177=CARTESIAN_POINT('Ctrl Pts',(8.70821418118851,32.7497542779236,-2.));
#5178=CARTESIAN_POINT('Ctrl Pts',(8.58165245255877,32.6906957647959,-2.));
#5179=CARTESIAN_POINT('',(9.62531070908953,33.0249383471171,-3.));
#5180=CARTESIAN_POINT('',(9.62531070908953,33.0249383471171,-2.));
#5181=CARTESIAN_POINT('Ctrl Pts',(9.62531070908953,33.0249383471171,-3.));
#5182=CARTESIAN_POINT('Ctrl Pts',(9.40176937404947,32.9790818511107,-3.));
#5183=CARTESIAN_POINT('Ctrl Pts',(9.04111502800072,32.9050984664435,-3.));
#5184=CARTESIAN_POINT('Ctrl Pts',(8.70821418118851,32.7497542779236,-3.));
#5185=CARTESIAN_POINT('Ctrl Pts',(8.58165245255877,32.6906957647959,-3.));
#5186=CARTESIAN_POINT('Ctrl Pts',(10.791749765486,33.3182528040568,-2.));
#5187=CARTESIAN_POINT('Ctrl Pts',(10.791749765486,33.3182528040568,-3.));
#5188=CARTESIAN_POINT('Ctrl Pts',(10.6335766278834,33.2716988221371,-2.));
#5189=CARTESIAN_POINT('Ctrl Pts',(10.6335766278834,33.2716988221371,-3.));
#5190=CARTESIAN_POINT('Ctrl Pts',(10.2487341030846,33.1584308411579,-2.));
#5191=CARTESIAN_POINT('Ctrl Pts',(10.2487341030846,33.1584308411579,-3.));
#5192=CARTESIAN_POINT('Ctrl Pts',(9.85639533051522,33.0744200681203,-2.));
#5193=CARTESIAN_POINT('Ctrl Pts',(9.85639533051522,33.0744200681203,-3.));
#5194=CARTESIAN_POINT('Ctrl Pts',(9.62531070908953,33.0249383471171,-2.));
#5195=CARTESIAN_POINT('Ctrl Pts',(9.62531070908953,33.0249383471171,-3.));
#5196=CARTESIAN_POINT('',(10.791749765486,33.3182528040568,-2.));
#5197=CARTESIAN_POINT('Ctrl Pts',(10.791749765486,33.3182528040568,-2.));
#5198=CARTESIAN_POINT('Ctrl Pts',(10.6335766278834,33.2716988221371,-2.));
#5199=CARTESIAN_POINT('Ctrl Pts',(10.2487341030846,33.1584308411579,-2.));
#5200=CARTESIAN_POINT('Ctrl Pts',(9.85639533051522,33.0744200681203,-2.));
#5201=CARTESIAN_POINT('Ctrl Pts',(9.62531070908953,33.0249383471171,-2.));
#5202=CARTESIAN_POINT('',(10.791749765486,33.3182528040568,-3.));
#5203=CARTESIAN_POINT('',(10.791749765486,33.3182528040568,-2.));
#5204=CARTESIAN_POINT('Ctrl Pts',(10.791749765486,33.3182528040568,-3.));
#5205=CARTESIAN_POINT('Ctrl Pts',(10.6335766278834,33.2716988221371,-3.));
#5206=CARTESIAN_POINT('Ctrl Pts',(10.2487341030846,33.1584308411579,-3.));
#5207=CARTESIAN_POINT('Ctrl Pts',(9.85639533051522,33.0744200681203,-3.));
#5208=CARTESIAN_POINT('Ctrl Pts',(9.62531070908953,33.0249383471171,-3.));
#5209=CARTESIAN_POINT('Origin',(10.791749765486,32.9362621328989,-2.));
#5210=CARTESIAN_POINT('',(10.791749765486,16.4681310664495,-2.));
#5211=CARTESIAN_POINT('',(10.791749765486,32.9362621328989,-3.));
#5212=CARTESIAN_POINT('Ctrl Pts',(9.48888282975603,35.7807364485422,-2.));
#5213=CARTESIAN_POINT('Ctrl Pts',(9.48888282975603,35.7807364485422,-3.));
#5214=CARTESIAN_POINT('Ctrl Pts',(9.33380128652483,35.7762815266281,-2.));
#5215=CARTESIAN_POINT('Ctrl Pts',(9.33380128652483,35.7762815266281,-3.));
#5216=CARTESIAN_POINT('Ctrl Pts',(9.05192938751362,35.7681843844813,-2.));
#5217=CARTESIAN_POINT('Ctrl Pts',(9.05192938751362,35.7681843844813,-3.));
#5218=CARTESIAN_POINT('Ctrl Pts',(8.80283669926371,35.6380463125057,-2.));
#5219=CARTESIAN_POINT('Ctrl Pts',(8.80283669926371,35.6380463125057,-3.));
#5220=CARTESIAN_POINT('Ctrl Pts',(8.6907909413283,35.5795081875483,-2.));
#5221=CARTESIAN_POINT('Ctrl Pts',(8.6907909413283,35.5795081875483,-3.));
#5222=CARTESIAN_POINT('',(9.48888282975603,35.7807364485422,-3.));
#5223=CARTESIAN_POINT('',(9.48888282975603,35.7807364485422,-2.));
#5224=CARTESIAN_POINT('',(8.6907909413283,35.5795081875483,-3.));
#5225=CARTESIAN_POINT('Ctrl Pts',(9.48888282975603,35.7807364485422,-3.));
#5226=CARTESIAN_POINT('Ctrl Pts',(9.33380128652483,35.7762815266281,-3.));
#5227=CARTESIAN_POINT('Ctrl Pts',(9.05192938751362,35.7681843844813,-3.));
#5228=CARTESIAN_POINT('Ctrl Pts',(8.80283669926371,35.6380463125057,-3.));
#5229=CARTESIAN_POINT('Ctrl Pts',(8.6907909413283,35.5795081875483,-3.));
#5230=CARTESIAN_POINT('',(8.6907909413283,35.5795081875483,-2.));
#5231=CARTESIAN_POINT('Ctrl Pts',(10.518894006819,35.5454018137613,-2.));
#5232=CARTESIAN_POINT('Ctrl Pts',(10.518894006819,35.5454018137613,-3.));
#5233=CARTESIAN_POINT('Ctrl Pts',(10.3899968770317,35.6134257107297,-2.));
#5234=CARTESIAN_POINT('Ctrl Pts',(10.3899968770317,35.6134257107297,-3.));
#5235=CARTESIAN_POINT('Ctrl Pts',(10.070351225736,35.7821148265074,-2.));
#5236=CARTESIAN_POINT('Ctrl Pts',(10.070351225736,35.7821148265074,-3.));
#5237=CARTESIAN_POINT('Ctrl Pts',(9.70619376853041,35.7812515867882,-2.));
#5238=CARTESIAN_POINT('Ctrl Pts',(9.70619376853041,35.7812515867882,-3.));
#5239=CARTESIAN_POINT('Ctrl Pts',(9.48888282975603,35.7807364485422,-2.));
#5240=CARTESIAN_POINT('Ctrl Pts',(9.48888282975603,35.7807364485422,-3.));
#5241=CARTESIAN_POINT('',(10.518894006819,35.5454018137613,-3.));
#5242=CARTESIAN_POINT('',(10.518894006819,35.5454018137613,-2.));
#5243=CARTESIAN_POINT('Ctrl Pts',(10.518894006819,35.5454018137613,-3.));
#5244=CARTESIAN_POINT('Ctrl Pts',(10.3899968770317,35.6134257107297,-3.));
#5245=CARTESIAN_POINT('Ctrl Pts',(10.070351225736,35.7821148265074,-3.));
#5246=CARTESIAN_POINT('Ctrl Pts',(9.70619376853041,35.7812515867882,-3.));
#5247=CARTESIAN_POINT('Ctrl Pts',(9.48888282975603,35.7807364485422,-3.));
#5248=CARTESIAN_POINT('Ctrl Pts',(10.791749765486,34.7575440428415,-2.));
#5249=CARTESIAN_POINT('Ctrl Pts',(10.791749765486,34.7575440428415,-3.));
#5250=CARTESIAN_POINT('Ctrl Pts',(10.7869829130299,34.9220487765485,-2.));
#5251=CARTESIAN_POINT('Ctrl Pts',(10.7869829130299,34.9220487765485,-3.));
#5252=CARTESIAN_POINT('Ctrl Pts',(10.7784740217892,35.2156917832458,-2.));
#5253=CARTESIAN_POINT('Ctrl Pts',(10.7784740217892,35.2156917832458,-3.));
#5254=CARTESIAN_POINT('Ctrl Pts',(10.5981825572979,35.444692094637,-2.));
#5255=CARTESIAN_POINT('Ctrl Pts',(10.5981825572979,35.444692094637,-3.));
#5256=CARTESIAN_POINT('Ctrl Pts',(10.518894006819,35.5454018137613,-2.));
#5257=CARTESIAN_POINT('Ctrl Pts',(10.518894006819,35.5454018137613,-3.));
#5258=CARTESIAN_POINT('',(10.791749765486,34.7575440428415,-3.));
#5259=CARTESIAN_POINT('',(10.791749765486,34.7575440428415,-2.));
#5260=CARTESIAN_POINT('Ctrl Pts',(10.791749765486,34.7575440428415,-3.));
#5261=CARTESIAN_POINT('Ctrl Pts',(10.7869829130299,34.9220487765485,-3.));
#5262=CARTESIAN_POINT('Ctrl Pts',(10.7784740217892,35.2156917832458,-3.));
#5263=CARTESIAN_POINT('Ctrl Pts',(10.5981825572979,35.444692094637,-3.));
#5264=CARTESIAN_POINT('Ctrl Pts',(10.518894006819,35.5454018137613,-3.));
#5265=CARTESIAN_POINT('Origin',(10.791749765486,34.5665481112162,-2.));
#5266=CARTESIAN_POINT('',(10.791749765486,34.5665481112162,-3.));
#5267=CARTESIAN_POINT('',(10.791749765486,34.5665481112162,-2.));
#5268=CARTESIAN_POINT('',(10.791749765486,34.5665481112162,-3.));
#5269=CARTESIAN_POINT('Ctrl Pts',(8.92953853806902,34.0958800337473,-2.));
#5270=CARTESIAN_POINT('Ctrl Pts',(8.92953853806902,34.0958800337473,-3.));
#5271=CARTESIAN_POINT('Ctrl Pts',(9.31143583542925,34.1667232908161,-2.));
#5272=CARTESIAN_POINT('Ctrl Pts',(9.31143583542925,34.1667232908161,-3.));
#5273=CARTESIAN_POINT('Ctrl Pts',(9.94264263433069,34.2838143145736,-2.));
#5274=CARTESIAN_POINT('Ctrl Pts',(9.94264263433069,34.2838143145736,-3.));
#5275=CARTESIAN_POINT('Ctrl Pts',(10.551333460283,34.4864948267121,-2.));
#5276=CARTESIAN_POINT('Ctrl Pts',(10.551333460283,34.4864948267121,-3.));
#5277=CARTESIAN_POINT('Ctrl Pts',(10.791749765486,34.5665481112162,-2.));
#5278=CARTESIAN_POINT('Ctrl Pts',(10.791749765486,34.5665481112162,-3.));
#5279=CARTESIAN_POINT('',(8.92953853806902,34.0958800337473,-3.));
#5280=CARTESIAN_POINT('',(8.92953853806902,34.0958800337473,-2.));
#5281=CARTESIAN_POINT('Ctrl Pts',(8.92953853806902,34.0958800337473,-3.));
#5282=CARTESIAN_POINT('Ctrl Pts',(9.31143583542925,34.1667232908161,-3.));
#5283=CARTESIAN_POINT('Ctrl Pts',(9.94264263433069,34.2838143145736,-3.));
#5284=CARTESIAN_POINT('Ctrl Pts',(10.551333460283,34.4864948267121,-3.));
#5285=CARTESIAN_POINT('Ctrl Pts',(10.791749765486,34.5665481112162,-3.));
#5286=CARTESIAN_POINT('Ctrl Pts',(7.40498047074724,33.6490860006968,-2.));
#5287=CARTESIAN_POINT('Ctrl Pts',(7.40498047074724,33.6490860006968,-3.));
#5288=CARTESIAN_POINT('Ctrl Pts',(7.61835623756088,33.7348378179833,-2.));
#5289=CARTESIAN_POINT('Ctrl Pts',(7.61835623756088,33.7348378179833,-3.));
#5290=CARTESIAN_POINT('Ctrl Pts',(8.11164161155151,33.9330801858597,-2.));
#5291=CARTESIAN_POINT('Ctrl Pts',(8.11164161155151,33.9330801858597,-3.));
#5292=CARTESIAN_POINT('Ctrl Pts',(8.63344607369857,34.0369437465486,-2.));
#5293=CARTESIAN_POINT('Ctrl Pts',(8.63344607369857,34.0369437465486,-3.));
#5294=CARTESIAN_POINT('Ctrl Pts',(8.92953853806902,34.0958800337473,-2.));
#5295=CARTESIAN_POINT('Ctrl Pts',(8.92953853806902,34.0958800337473,-3.));
#5296=CARTESIAN_POINT('',(7.40498047074724,33.6490860006968,-3.));
#5297=CARTESIAN_POINT('',(7.40498047074724,33.6490860006968,-2.));
#5298=CARTESIAN_POINT('Ctrl Pts',(7.40498047074724,33.6490860006968,-3.));
#5299=CARTESIAN_POINT('Ctrl Pts',(7.61835623756088,33.7348378179833,-3.));
#5300=CARTESIAN_POINT('Ctrl Pts',(8.11164161155151,33.9330801858597,-3.));
#5301=CARTESIAN_POINT('Ctrl Pts',(8.63344607369857,34.0369437465486,-3.));
#5302=CARTESIAN_POINT('Ctrl Pts',(8.92953853806902,34.0958800337473,-3.));
#5303=CARTESIAN_POINT('Ctrl Pts',(6.58301811417986,32.9123868963877,-2.));
#5304=CARTESIAN_POINT('Ctrl Pts',(6.58301811417986,32.9123868963877,-3.));
#5305=CARTESIAN_POINT('Ctrl Pts',(6.69155355989269,33.0637676700603,-2.));
#5306=CARTESIAN_POINT('Ctrl Pts',(6.69155355989269,33.0637676700603,-3.));
#5307=CARTESIAN_POINT('Ctrl Pts',(6.91105808262432,33.3699235462122,-2.));
#5308=CARTESIAN_POINT('Ctrl Pts',(6.91105808262432,33.3699235462122,-3.));
#5309=CARTESIAN_POINT('Ctrl Pts',(7.23912724806829,33.555346591752,-2.));
#5310=CARTESIAN_POINT('Ctrl Pts',(7.23912724806829,33.555346591752,-3.));
#5311=CARTESIAN_POINT('Ctrl Pts',(7.40498047074724,33.6490860006968,-2.));
#5312=CARTESIAN_POINT('Ctrl Pts',(7.40498047074724,33.6490860006968,-3.));
#5313=CARTESIAN_POINT('',(6.58301811417986,32.9123868963877,-3.));
#5314=CARTESIAN_POINT('',(6.58301811417986,32.9123868963877,-2.));
#5315=CARTESIAN_POINT('Ctrl Pts',(6.58301811417986,32.9123868963877,-3.));
#5316=CARTESIAN_POINT('Ctrl Pts',(6.69155355989269,33.0637676700603,-3.));
#5317=CARTESIAN_POINT('Ctrl Pts',(6.91105808262432,33.3699235462122,-3.));
#5318=CARTESIAN_POINT('Ctrl Pts',(7.23912724806829,33.555346591752,-3.));
#5319=CARTESIAN_POINT('Ctrl Pts',(7.40498047074724,33.6490860006968,-3.));
#5320=CARTESIAN_POINT('Ctrl Pts',(6.28970127305437,31.8175711653391,-2.));
#5321=CARTESIAN_POINT('Ctrl Pts',(6.28970127305437,31.8175711653391,-3.));
#5322=CARTESIAN_POINT('Ctrl Pts',(6.30077143899052,32.0147533766798,-2.));
#5323=CARTESIAN_POINT('Ctrl Pts',(6.30077143899052,32.0147533766798,-3.));
#5324=CARTESIAN_POINT('Ctrl Pts',(6.32241937618232,32.4003472468229,-2.));
#5325=CARTESIAN_POINT('Ctrl Pts',(6.32241937618232,32.4003472468229,-3.));
#5326=CARTESIAN_POINT('Ctrl Pts',(6.49747914629198,32.7443149268993,-2.));
#5327=CARTESIAN_POINT('Ctrl Pts',(6.49747914629198,32.7443149268993,-3.));
#5328=CARTESIAN_POINT('Ctrl Pts',(6.58301811417986,32.9123868963877,-2.));
#5329=CARTESIAN_POINT('Ctrl Pts',(6.58301811417986,32.9123868963877,-3.));
#5330=CARTESIAN_POINT('',(6.28970127305437,31.8175711653391,-3.));
#5331=CARTESIAN_POINT('',(6.28970127305437,31.8175711653391,-2.));
#5332=CARTESIAN_POINT('Ctrl Pts',(6.28970127305437,31.8175711653391,-3.));
#5333=CARTESIAN_POINT('Ctrl Pts',(6.30077143899052,32.0147533766798,-3.));
#5334=CARTESIAN_POINT('Ctrl Pts',(6.32241937618232,32.4003472468229,-3.));
#5335=CARTESIAN_POINT('Ctrl Pts',(6.49747914629198,32.7443149268993,-3.));
#5336=CARTESIAN_POINT('Ctrl Pts',(6.58301811417986,32.9123868963877,-3.));
#5337=CARTESIAN_POINT('Ctrl Pts',(6.93431358537127,30.2827825567881,-2.));
#5338=CARTESIAN_POINT('Ctrl Pts',(6.93431358537127,30.2827825567881,-3.));
#5339=CARTESIAN_POINT('Ctrl Pts',(6.74631029897357,30.5004968739587,-2.));
#5340=CARTESIAN_POINT('Ctrl Pts',(6.74631029897357,30.5004968739587,-3.));
#5341=CARTESIAN_POINT('Ctrl Pts',(6.36527652829941,30.9417471775612,-2.));
#5342=CARTESIAN_POINT('Ctrl Pts',(6.36527652829941,30.9417471775612,-3.));
#5343=CARTESIAN_POINT('Ctrl Pts',(6.3151136341158,31.5230732462582,-2.));
#5344=CARTESIAN_POINT('Ctrl Pts',(6.3151136341158,31.5230732462582,-3.));
#5345=CARTESIAN_POINT('Ctrl Pts',(6.28970127305437,31.8175711653391,-2.));
#5346=CARTESIAN_POINT('Ctrl Pts',(6.28970127305437,31.8175711653391,-3.));
#5347=CARTESIAN_POINT('',(6.93431358537127,30.2827825567881,-3.));
#5348=CARTESIAN_POINT('',(6.93431358537127,30.2827825567881,-2.));
#5349=CARTESIAN_POINT('Ctrl Pts',(6.93431358537127,30.2827825567881,-3.));
#5350=CARTESIAN_POINT('Ctrl Pts',(6.74631029897357,30.5004968739587,-3.));
#5351=CARTESIAN_POINT('Ctrl Pts',(6.36527652829941,30.9417471775612,-3.));
#5352=CARTESIAN_POINT('Ctrl Pts',(6.3151136341158,31.5230732462582,-3.));
#5353=CARTESIAN_POINT('Ctrl Pts',(6.28970127305437,31.8175711653391,-3.));
#5354=CARTESIAN_POINT('Ctrl Pts',(8.69761448106218,29.6756877920786,-2.));
#5355=CARTESIAN_POINT('Ctrl Pts',(8.69761448106218,29.6756877920786,-3.));
#5356=CARTESIAN_POINT('Ctrl Pts',(8.3525628100566,29.6937555694392,-2.));
#5357=CARTESIAN_POINT('Ctrl Pts',(8.3525628100566,29.6937555694392,-3.));
#5358=CARTESIAN_POINT('Ctrl Pts',(7.70440599468382,29.7276946980363,-2.));
#5359=CARTESIAN_POINT('Ctrl Pts',(7.70440599468382,29.7276946980363,-3.));
#5360=CARTESIAN_POINT('Ctrl Pts',(7.17969181006614,30.1059122595574,-2.));
#5361=CARTESIAN_POINT('Ctrl Pts',(7.17969181006614,30.1059122595574,-3.));
#5362=CARTESIAN_POINT('Ctrl Pts',(6.93431358537127,30.2827825567881,-2.));
#5363=CARTESIAN_POINT('Ctrl Pts',(6.93431358537127,30.2827825567881,-3.));
#5364=CARTESIAN_POINT('',(8.69761448106218,29.6756877920786,-3.));
#5365=CARTESIAN_POINT('',(8.69761448106218,29.6756877920786,-2.));
#5366=CARTESIAN_POINT('Ctrl Pts',(8.69761448106218,29.6756877920786,-3.));
#5367=CARTESIAN_POINT('Ctrl Pts',(8.3525628100566,29.6937555694392,-3.));
#5368=CARTESIAN_POINT('Ctrl Pts',(7.70440599468382,29.7276946980363,-3.));
#5369=CARTESIAN_POINT('Ctrl Pts',(7.17969181006614,30.1059122595574,-3.));
#5370=CARTESIAN_POINT('Ctrl Pts',(6.93431358537127,30.2827825567881,-3.));
#5371=CARTESIAN_POINT('Ctrl Pts',(9.89133815965105,29.9144330046335,-2.));
#5372=CARTESIAN_POINT('Ctrl Pts',(9.89133815965105,29.9144330046335,-3.));
#5373=CARTESIAN_POINT('Ctrl Pts',(9.70063770036684,29.8448016082226,-2.));
#5374=CARTESIAN_POINT('Ctrl Pts',(9.70063770036684,29.8448016082226,-3.));
#5375=CARTESIAN_POINT('Ctrl Pts',(9.31504307900578,29.7040075480786,-2.));
#5376=CARTESIAN_POINT('Ctrl Pts',(9.31504307900578,29.7040075480786,-3.));
#5377=CARTESIAN_POINT('Ctrl Pts',(8.90491087105586,29.6851959088128,-2.));
#5378=CARTESIAN_POINT('Ctrl Pts',(8.90491087105586,29.6851959088128,-3.));
#5379=CARTESIAN_POINT('Ctrl Pts',(8.69761448106218,29.6756877920786,-2.));
#5380=CARTESIAN_POINT('Ctrl Pts',(8.69761448106218,29.6756877920786,-3.));
#5381=CARTESIAN_POINT('',(9.89133815965105,29.9144330046335,-3.));
#5382=CARTESIAN_POINT('',(9.89133815965105,29.9144330046335,-2.));
#5383=CARTESIAN_POINT('Ctrl Pts',(9.89133815965105,29.9144330046335,-3.));
#5384=CARTESIAN_POINT('Ctrl Pts',(9.70063770036684,29.8448016082226,-3.));
#5385=CARTESIAN_POINT('Ctrl Pts',(9.31504307900578,29.7040075480786,-3.));
#5386=CARTESIAN_POINT('Ctrl Pts',(8.90491087105586,29.6851959088128,-3.));
#5387=CARTESIAN_POINT('Ctrl Pts',(8.69761448106218,29.6756877920786,-3.));
#5388=CARTESIAN_POINT('Ctrl Pts',(10.9418151875441,30.6306674502054,-2.));
#5389=CARTESIAN_POINT('Ctrl Pts',(10.9418151875441,30.6306674502054,-3.));
#5390=CARTESIAN_POINT('Ctrl Pts',(10.7782748887911,30.4827594576781,-2.));
#5391=CARTESIAN_POINT('Ctrl Pts',(10.7782748887911,30.4827594576781,-3.));
#5392=CARTESIAN_POINT('Ctrl Pts',(10.4608649657509,30.1956897575301,-2.));
#5393=CARTESIAN_POINT('Ctrl Pts',(10.4608649657509,30.1956897575301,-3.));
#5394=CARTESIAN_POINT('Ctrl Pts',(10.0772848576842,30.0062614557977,-2.));
#5395=CARTESIAN_POINT('Ctrl Pts',(10.0772848576842,30.0062614557977,-3.));
#5396=CARTESIAN_POINT('Ctrl Pts',(9.89133815965105,29.9144330046335,-2.));
#5397=CARTESIAN_POINT('Ctrl Pts',(9.89133815965105,29.9144330046335,-3.));
#5398=CARTESIAN_POINT('',(10.9418151875441,30.6306674502054,-3.));
#5399=CARTESIAN_POINT('',(10.9418151875441,30.6306674502054,-2.));
#5400=CARTESIAN_POINT('Ctrl Pts',(10.9418151875441,30.6306674502054,-3.));
#5401=CARTESIAN_POINT('Ctrl Pts',(10.7782748887911,30.4827594576781,-3.));
#5402=CARTESIAN_POINT('Ctrl Pts',(10.4608649657509,30.1956897575301,-3.));
#5403=CARTESIAN_POINT('Ctrl Pts',(10.0772848576842,30.0062614557977,-3.));
#5404=CARTESIAN_POINT('Ctrl Pts',(9.89133815965105,29.9144330046335,-3.));
#5405=CARTESIAN_POINT('Ctrl Pts',(11.0100267430251,30.4055657408396,-2.));
#5406=CARTESIAN_POINT('Ctrl Pts',(11.0100267430251,30.4055657408396,-3.));
#5407=CARTESIAN_POINT('Ctrl Pts',(10.9968861740622,30.4529004022941,-2.));
#5408=CARTESIAN_POINT('Ctrl Pts',(10.9968861740622,30.4529004022941,-3.));
#5409=CARTESIAN_POINT('Ctrl Pts',(10.975905924379,30.5284749850072,-2.));
#5410=CARTESIAN_POINT('Ctrl Pts',(10.975905924379,30.5284749850072,-3.));
#5411=CARTESIAN_POINT('Ctrl Pts',(10.9510886482556,30.6028687606196,-2.));
#5412=CARTESIAN_POINT('Ctrl Pts',(10.9510886482556,30.6028687606196,-3.));
#5413=CARTESIAN_POINT('Ctrl Pts',(10.9418151875441,30.6306674502054,-2.));
#5414=CARTESIAN_POINT('Ctrl Pts',(10.9418151875441,30.6306674502054,-3.));
#5415=CARTESIAN_POINT('',(11.0100267430251,30.4055657408396,-3.));
#5416=CARTESIAN_POINT('',(11.0100267430251,30.4055657408396,-2.));
#5417=CARTESIAN_POINT('Ctrl Pts',(11.0100267430251,30.4055657408396,-3.));
#5418=CARTESIAN_POINT('Ctrl Pts',(10.9968861740622,30.4529004022941,-3.));
#5419=CARTESIAN_POINT('Ctrl Pts',(10.975905924379,30.5284749850072,-3.));
#5420=CARTESIAN_POINT('Ctrl Pts',(10.9510886482556,30.6028687606196,-3.));
#5421=CARTESIAN_POINT('Ctrl Pts',(10.9418151875441,30.6306674502054,-3.));
#5422=CARTESIAN_POINT('Ctrl Pts',(11.194205095381,29.8393991015116,-2.));
#5423=CARTESIAN_POINT('Ctrl Pts',(11.194205095381,29.8393991015116,-3.));
#5424=CARTESIAN_POINT('Ctrl Pts',(11.1656422570203,29.9181789211478,-2.));
#5425=CARTESIAN_POINT('Ctrl Pts',(11.1656422570203,29.9181789211478,-3.));
#5426=CARTESIAN_POINT('Ctrl Pts',(11.0979673553713,30.1048346196636,-2.));
#5427=CARTESIAN_POINT('Ctrl Pts',(11.0979673553713,30.1048346196636,-3.));
#5428=CARTESIAN_POINT('Ctrl Pts',(11.0422360936487,30.2954192014084,-2.));
#5429=CARTESIAN_POINT('Ctrl Pts',(11.0422360936487,30.2954192014084,-3.));
#5430=CARTESIAN_POINT('Ctrl Pts',(11.0100267430251,30.4055657408396,-2.));
#5431=CARTESIAN_POINT('Ctrl Pts',(11.0100267430251,30.4055657408396,-3.));
#5432=CARTESIAN_POINT('',(11.194205095381,29.8393991015116,-3.));
#5433=CARTESIAN_POINT('',(11.194205095381,29.8393991015116,-2.));
#5434=CARTESIAN_POINT('Ctrl Pts',(11.194205095381,29.8393991015116,-3.));
#5435=CARTESIAN_POINT('Ctrl Pts',(11.1656422570203,29.9181789211478,-3.));
#5436=CARTESIAN_POINT('Ctrl Pts',(11.0979673553713,30.1048346196636,-3.));
#5437=CARTESIAN_POINT('Ctrl Pts',(11.0422360936487,30.2954192014084,-3.));
#5438=CARTESIAN_POINT('Ctrl Pts',(11.0100267430251,30.4055657408396,-3.));
#5439=CARTESIAN_POINT('Origin',(13.0905197163527,29.8393991015116,-2.));
#5440=CARTESIAN_POINT('',(13.0905197163527,29.8393991015116,-3.));
#5441=CARTESIAN_POINT('',(13.0905197163527,29.8393991015116,-2.));
#5442=CARTESIAN_POINT('',(13.0905197163527,29.8393991015116,-3.));
#5443=CARTESIAN_POINT('Ctrl Pts',(12.7460477848952,30.8114316485087,-2.));
#5444=CARTESIAN_POINT('Ctrl Pts',(12.7460477848952,30.8114316485087,-3.));
#5445=CARTESIAN_POINT('Ctrl Pts',(12.7855449474142,30.6532296035569,-2.));
#5446=CARTESIAN_POINT('Ctrl Pts',(12.7855449474142,30.6532296035569,-3.));
#5447=CARTESIAN_POINT('Ctrl Pts',(12.8691683856985,30.3182840505411,-2.));
#5448=CARTESIAN_POINT('Ctrl Pts',(12.8691683856985,30.3182840505411,-3.));
#5449=CARTESIAN_POINT('Ctrl Pts',(13.0140623251943,30.0048116777975,-2.));
#5450=CARTESIAN_POINT('Ctrl Pts',(13.0140623251943,30.0048116777975,-3.));
#5451=CARTESIAN_POINT('Ctrl Pts',(13.0905197163527,29.8393991015116,-2.));
#5452=CARTESIAN_POINT('Ctrl Pts',(13.0905197163527,29.8393991015116,-3.));
#5453=CARTESIAN_POINT('',(12.7460477848952,30.8114316485087,-3.));
#5454=CARTESIAN_POINT('',(12.7460477848952,30.8114316485087,-2.));
#5455=CARTESIAN_POINT('Ctrl Pts',(12.7460477848952,30.8114316485087,-3.));
#5456=CARTESIAN_POINT('Ctrl Pts',(12.7855449474142,30.6532296035569,-3.));
#5457=CARTESIAN_POINT('Ctrl Pts',(12.8691683856985,30.3182840505411,-3.));
#5458=CARTESIAN_POINT('Ctrl Pts',(13.0140623251943,30.0048116777975,-3.));
#5459=CARTESIAN_POINT('Ctrl Pts',(13.0905197163527,29.8393991015116,-3.));
#5460=CARTESIAN_POINT('Ctrl Pts',(12.6539562245314,32.2200264952341,-2.));
#5461=CARTESIAN_POINT('Ctrl Pts',(12.6539562245314,32.2200264952341,-3.));
#5462=CARTESIAN_POINT('Ctrl Pts',(12.6542618419061,31.9429396815689,-2.));
#5463=CARTESIAN_POINT('Ctrl Pts',(12.6542618419061,31.9429396815689,-3.));
#5464=CARTESIAN_POINT('Ctrl Pts',(12.6547821614576,31.4711939675747,-2.));
#5465=CARTESIAN_POINT('Ctrl Pts',(12.6547821614576,31.4711939675747,-3.));
#5466=CARTESIAN_POINT('Ctrl Pts',(12.7193888069794,31.0041503133371,-2.));
#5467=CARTESIAN_POINT('Ctrl Pts',(12.7193888069794,31.0041503133371,-3.));
#5468=CARTESIAN_POINT('Ctrl Pts',(12.7460477848952,30.8114316485087,-2.));
#5469=CARTESIAN_POINT('Ctrl Pts',(12.7460477848952,30.8114316485087,-3.));
#5470=CARTESIAN_POINT('',(12.6539562245314,32.2200264952341,-3.));
#5471=CARTESIAN_POINT('',(12.6539562245314,32.2200264952341,-2.));
#5472=CARTESIAN_POINT('Ctrl Pts',(12.6539562245314,32.2200264952341,-3.));
#5473=CARTESIAN_POINT('Ctrl Pts',(12.6542618419061,31.9429396815689,-3.));
#5474=CARTESIAN_POINT('Ctrl Pts',(12.6547821614576,31.4711939675747,-3.));
#5475=CARTESIAN_POINT('Ctrl Pts',(12.7193888069794,31.0041503133371,-3.));
#5476=CARTESIAN_POINT('Ctrl Pts',(12.7460477848952,30.8114316485087,-3.));
#5477=CARTESIAN_POINT('Origin',(12.6744220753615,34.4574072382609,-2.));
#5478=CARTESIAN_POINT('',(12.6744220753615,34.4574072382609,-3.));
#5479=CARTESIAN_POINT('',(12.6744220753615,34.4574072382609,-2.));
#5480=CARTESIAN_POINT('',(12.6744220753615,34.4574072382609,-3.));
#5481=CARTESIAN_POINT('Ctrl Pts',(12.4186227818434,36.1729600451151,-2.));
#5482=CARTESIAN_POINT('Ctrl Pts',(12.4186227818434,36.1729600451151,-3.));
#5483=CARTESIAN_POINT('Ctrl Pts',(12.4924589759176,35.9538306924271,-2.));
#5484=CARTESIAN_POINT('Ctrl Pts',(12.4924589759176,35.9538306924271,-3.));
#5485=CARTESIAN_POINT('Ctrl Pts',(12.6792301465766,35.3995355226872,-2.));
#5486=CARTESIAN_POINT('Ctrl Pts',(12.6792301465766,35.3995355226872,-3.));
#5487=CARTESIAN_POINT('Ctrl Pts',(12.6762338480431,34.8124190947745,-2.));
#5488=CARTESIAN_POINT('Ctrl Pts',(12.6762338480431,34.8124190947745,-3.));
#5489=CARTESIAN_POINT('Ctrl Pts',(12.6744220753615,34.4574072382609,-2.));
#5490=CARTESIAN_POINT('Ctrl Pts',(12.6744220753615,34.4574072382609,-3.));
#5491=CARTESIAN_POINT('',(12.4186227818434,36.1729600451151,-3.));
#5492=CARTESIAN_POINT('',(12.4186227818434,36.1729600451151,-2.));
#5493=CARTESIAN_POINT('Ctrl Pts',(12.4186227818434,36.1729600451151,-3.));
#5494=CARTESIAN_POINT('Ctrl Pts',(12.4924589759176,35.9538306924271,-3.));
#5495=CARTESIAN_POINT('Ctrl Pts',(12.6792301465766,35.3995355226872,-3.));
#5496=CARTESIAN_POINT('Ctrl Pts',(12.6762338480431,34.8124190947745,-3.));
#5497=CARTESIAN_POINT('Ctrl Pts',(12.6744220753615,34.4574072382609,-3.));
#5498=CARTESIAN_POINT('Ctrl Pts',(11.5352676411574,36.9437649271647,-2.));
#5499=CARTESIAN_POINT('Ctrl Pts',(11.5352676411574,36.9437649271647,-3.));
#5500=CARTESIAN_POINT('Ctrl Pts',(11.7252569379792,36.842140357031,-2.));
#5501=CARTESIAN_POINT('Ctrl Pts',(11.7252569379792,36.842140357031,-3.));
#5502=CARTESIAN_POINT('Ctrl Pts',(12.0797871749769,36.6525034483367,-2.));
#5503=CARTESIAN_POINT('Ctrl Pts',(12.0797871749769,36.6525034483367,-3.));
#5504=CARTESIAN_POINT('Ctrl Pts',(12.3112149122282,36.3249710329932,-2.));
#5505=CARTESIAN_POINT('Ctrl Pts',(12.3112149122282,36.3249710329932,-3.));
#5506=CARTESIAN_POINT('Ctrl Pts',(12.4186227818434,36.1729600451151,-2.));
#5507=CARTESIAN_POINT('Ctrl Pts',(12.4186227818434,36.1729600451151,-3.));
#5508=CARTESIAN_POINT('',(11.5352676411574,36.9437649271647,-3.));
#5509=CARTESIAN_POINT('',(11.5352676411574,36.9437649271647,-2.));
#5510=CARTESIAN_POINT('Ctrl Pts',(11.5352676411574,36.9437649271647,-3.));
#5511=CARTESIAN_POINT('Ctrl Pts',(11.7252569379792,36.842140357031,-3.));
#5512=CARTESIAN_POINT('Ctrl Pts',(12.0797871749769,36.6525034483367,-3.));
#5513=CARTESIAN_POINT('Ctrl Pts',(12.3112149122282,36.3249710329932,-3.));
#5514=CARTESIAN_POINT('Ctrl Pts',(12.4186227818434,36.1729600451151,-3.));
#5515=CARTESIAN_POINT('Ctrl Pts',(9.62531070908953,37.247311713473,-2.));
#5516=CARTESIAN_POINT('Ctrl Pts',(9.62531070908953,37.247311713473,-3.));
#5517=CARTESIAN_POINT('Ctrl Pts',(10.0021606108875,37.2445166683216,-2.));
#5518=CARTESIAN_POINT('Ctrl Pts',(10.0021606108875,37.2445166683216,-3.));
#5519=CARTESIAN_POINT('Ctrl Pts',(10.6557404660606,37.2396691542411,-2.));
#5520=CARTESIAN_POINT('Ctrl Pts',(10.6557404660606,37.2396691542411,-3.));
#5521=CARTESIAN_POINT('Ctrl Pts',(11.2736434898045,37.031784597827,-2.));
#5522=CARTESIAN_POINT('Ctrl Pts',(11.2736434898045,37.031784597827,-3.));
#5523=CARTESIAN_POINT('Ctrl Pts',(11.5352676411574,36.9437649271647,-2.));
#5524=CARTESIAN_POINT('Ctrl Pts',(11.5352676411574,36.9437649271647,-3.));
#5525=CARTESIAN_POINT('',(9.62531070908953,37.247311713473,-3.));
#5526=CARTESIAN_POINT('',(9.62531070908953,37.247311713473,-2.));
#5527=CARTESIAN_POINT('Ctrl Pts',(9.62531070908953,37.247311713473,-3.));
#5528=CARTESIAN_POINT('Ctrl Pts',(10.0021606108875,37.2445166683216,-3.));
#5529=CARTESIAN_POINT('Ctrl Pts',(10.6557404660606,37.2396691542411,-3.));
#5530=CARTESIAN_POINT('Ctrl Pts',(11.2736434898045,37.031784597827,-3.));
#5531=CARTESIAN_POINT('Ctrl Pts',(11.5352676411574,36.9437649271647,-3.));
#5532=CARTESIAN_POINT('Ctrl Pts',(7.49706726273943,36.7425372622172,-2.));
#5533=CARTESIAN_POINT('Ctrl Pts',(7.49706726273943,36.7425372622172,-3.));
#5534=CARTESIAN_POINT('Ctrl Pts',(7.78853272640332,36.8891761877074,-2.));
#5535=CARTESIAN_POINT('Ctrl Pts',(7.78853272640332,36.8891761877074,-3.));
#5536=CARTESIAN_POINT('Ctrl Pts',(8.45496853484078,37.224466103806,-2.));
#5537=CARTESIAN_POINT('Ctrl Pts',(8.45496853484078,37.224466103806,-3.));
#5538=CARTESIAN_POINT('Ctrl Pts',(9.20391545688366,37.239085887164,-2.));
#5539=CARTESIAN_POINT('Ctrl Pts',(9.20391545688366,37.239085887164,-3.));
#5540=CARTESIAN_POINT('Ctrl Pts',(9.62531070908953,37.247311713473,-2.));
#5541=CARTESIAN_POINT('Ctrl Pts',(9.62531070908953,37.247311713473,-3.));
#5542=CARTESIAN_POINT('',(7.49706726273943,36.7425372622172,-3.));
#5543=CARTESIAN_POINT('',(7.49706726273943,36.7425372622172,-2.));
#5544=CARTESIAN_POINT('Ctrl Pts',(7.49706726273943,36.7425372622172,-3.));
#5545=CARTESIAN_POINT('Ctrl Pts',(7.78853272640332,36.8891761877074,-3.));
#5546=CARTESIAN_POINT('Ctrl Pts',(8.45496853484078,37.224466103806,-3.));
#5547=CARTESIAN_POINT('Ctrl Pts',(9.20391545688366,37.239085887164,-3.));
#5548=CARTESIAN_POINT('Ctrl Pts',(9.62531070908953,37.247311713473,-3.));
#5549=CARTESIAN_POINT('Ctrl Pts',(6.48751716813494,35.1872845909754,-2.));
#5550=CARTESIAN_POINT('Ctrl Pts',(6.48751716813494,35.1872845909754,-3.));
#5551=CARTESIAN_POINT('Ctrl Pts',(6.59504350350492,35.508896970627,-2.));
#5552=CARTESIAN_POINT('Ctrl Pts',(6.59504350350492,35.508896970627,-3.));
#5553=CARTESIAN_POINT('Ctrl Pts',(6.79802071121654,36.116003895294,-2.));
#5554=CARTESIAN_POINT('Ctrl Pts',(6.79802071121654,36.116003895294,-3.));
#5555=CARTESIAN_POINT('Ctrl Pts',(7.27348038331988,36.5421433970913,-2.));
#5556=CARTESIAN_POINT('Ctrl Pts',(7.27348038331988,36.5421433970913,-3.));
#5557=CARTESIAN_POINT('Ctrl Pts',(7.49706726273943,36.7425372622172,-2.));
#5558=CARTESIAN_POINT('Ctrl Pts',(7.49706726273943,36.7425372622172,-3.));
#5559=CARTESIAN_POINT('',(6.48751716813494,35.1872845909754,-3.));
#5560=CARTESIAN_POINT('',(6.48751716813494,35.1872845909754,-2.));
#5561=CARTESIAN_POINT('Ctrl Pts',(6.48751716813494,35.1872845909754,-3.));
#5562=CARTESIAN_POINT('Ctrl Pts',(6.59504350350492,35.508896970627,-3.));
#5563=CARTESIAN_POINT('Ctrl Pts',(6.79802071121654,36.116003895294,-3.));
#5564=CARTESIAN_POINT('Ctrl Pts',(7.27348038331988,36.5421433970913,-3.));
#5565=CARTESIAN_POINT('Ctrl Pts',(7.49706726273943,36.7425372622172,-3.));
#5566=CARTESIAN_POINT('Origin',(8.22694759568621,34.8735054752985,-2.));
#5567=CARTESIAN_POINT('',(8.22694759568621,34.8735054752985,-3.));
#5568=CARTESIAN_POINT('',(8.22694759568621,34.8735054752985,-2.));
#5569=CARTESIAN_POINT('',(8.22694759568621,34.8735054752985,-3.));
#5570=CARTESIAN_POINT('Ctrl Pts',(8.6907909413283,35.5795081875483,-2.));
#5571=CARTESIAN_POINT('Ctrl Pts',(8.6907909413283,35.5795081875483,-3.));
#5572=CARTESIAN_POINT('Ctrl Pts',(8.5972995677511,35.4919722011267,-2.));
#5573=CARTESIAN_POINT('Ctrl Pts',(8.5972995677511,35.4919722011267,-3.));
#5574=CARTESIAN_POINT('Ctrl Pts',(8.38672286551541,35.294809204774,-2.));
#5575=CARTESIAN_POINT('Ctrl Pts',(8.38672286551541,35.294809204774,-3.));
#5576=CARTESIAN_POINT('Ctrl Pts',(8.28404099747097,35.0240523222923,-2.));
#5577=CARTESIAN_POINT('Ctrl Pts',(8.28404099747097,35.0240523222923,-3.));
#5578=CARTESIAN_POINT('Ctrl Pts',(8.22694759568621,34.8735054752985,-2.));
#5579=CARTESIAN_POINT('Ctrl Pts',(8.22694759568621,34.8735054752985,-3.));
#5580=CARTESIAN_POINT('Ctrl Pts',(8.6907909413283,35.5795081875483,-3.));
#5581=CARTESIAN_POINT('Ctrl Pts',(8.5972995677511,35.4919722011267,-3.));
#5582=CARTESIAN_POINT('Ctrl Pts',(8.38672286551541,35.294809204774,-3.));
#5583=CARTESIAN_POINT('Ctrl Pts',(8.28404099747097,35.0240523222923,-3.));
#5584=CARTESIAN_POINT('Ctrl Pts',(8.22694759568621,34.8735054752985,-3.));
#5585=CARTESIAN_POINT('Origin',(-9.26964361467909,34.7625414000129,-3.));
#5586=CARTESIAN_POINT('Origin',(-8.94904513159346,34.4983353636423,-2.));
#5587=CARTESIAN_POINT('',(-8.94904513159346,34.4983353636423,-3.));
#5588=CARTESIAN_POINT('',(-8.94904513159346,34.4983353636423,-2.));
#5589=CARTESIAN_POINT('',(-10.1768745879228,29.8393991015116,-3.));
#5590=CARTESIAN_POINT('',(-8.94904513159346,34.4983353636423,-3.));
#5591=CARTESIAN_POINT('',(-10.1768745879228,29.8393991015116,-2.));
#5592=CARTESIAN_POINT('Origin',(-7.70074863234114,29.8393991015116,-2.));
#5593=CARTESIAN_POINT('',(-7.70074863234114,29.8393991015116,-3.));
#5594=CARTESIAN_POINT('',(-7.70074863234114,29.8393991015116,-2.));
#5595=CARTESIAN_POINT('',(-7.70074863234114,29.8393991015116,-3.));
#5596=CARTESIAN_POINT('Origin',(-5.85900325575422,29.8393991015116,-2.));
#5597=CARTESIAN_POINT('',(-5.85900325575422,29.8393991015116,-3.));
#5598=CARTESIAN_POINT('',(-5.85900325575422,29.8393991015116,-2.));
#5599=CARTESIAN_POINT('',(-5.85900325575422,29.8393991015116,-3.));
#5600=CARTESIAN_POINT('Origin',(-3.53294391432356,37.0836010000864,-2.));
#5601=CARTESIAN_POINT('',(-3.53294391432356,37.0836010000864,-3.));
#5602=CARTESIAN_POINT('',(-3.53294391432356,37.0836010000864,-2.));
#5603=CARTESIAN_POINT('',(-3.53294391432356,37.0836010000864,-3.));
#5604=CARTESIAN_POINT('Origin',(-5.42243976393293,37.0836010000864,-2.));
#5605=CARTESIAN_POINT('',(-5.42243976393293,37.0836010000864,-3.));
#5606=CARTESIAN_POINT('',(-5.42243976393293,37.0836010000864,-2.));
#5607=CARTESIAN_POINT('',(-5.42243976393293,37.0836010000864,-3.));
#5608=CARTESIAN_POINT('Origin',(-6.80716056624006,32.3359885237375,-2.));
#5609=CARTESIAN_POINT('',(-6.80716056624006,32.3359885237375,-3.));
#5610=CARTESIAN_POINT('',(-6.80716056624006,32.3359885237375,-2.));
#5611=CARTESIAN_POINT('',(-6.80716056624006,32.3359885237375,-3.));
#5612=CARTESIAN_POINT('Origin',(-8.01452655592512,37.0836010000864,-2.));
#5613=CARTESIAN_POINT('',(-8.01452655592512,37.0836010000864,-3.));
#5614=CARTESIAN_POINT('',(-8.01452655592512,37.0836010000864,-2.));
#5615=CARTESIAN_POINT('',(-8.01452655592512,37.0836010000864,-3.));
#5616=CARTESIAN_POINT('Origin',(-9.86309666433882,37.0836010000864,-2.));
#5617=CARTESIAN_POINT('',(-9.86309666433882,37.0836010000864,-3.));
#5618=CARTESIAN_POINT('',(-9.86309666433882,37.0836010000864,-2.));
#5619=CARTESIAN_POINT('',(-9.86309666433882,37.0836010000864,-3.));
#5620=CARTESIAN_POINT('Origin',(-11.1113919714982,32.3359885237375,-2.));
#5621=CARTESIAN_POINT('',(-11.1113919714982,32.3359885237375,-3.));
#5622=CARTESIAN_POINT('',(-11.1113919714982,32.3359885237375,-2.));
#5623=CARTESIAN_POINT('',(-11.1113919714982,32.3359885237375,-3.));
#5624=CARTESIAN_POINT('Origin',(-12.4688257674272,37.0836010000864,-2.));
#5625=CARTESIAN_POINT('',(-12.4688257674272,37.0836010000864,-3.));
#5626=CARTESIAN_POINT('',(-12.4688257674272,37.0836010000864,-2.));
#5627=CARTESIAN_POINT('',(-12.4688257674272,37.0836010000864,-3.));
#5628=CARTESIAN_POINT('Origin',(-14.3310369948442,37.0836010000864,-2.));
#5629=CARTESIAN_POINT('',(-14.3310369948442,37.0836010000864,-3.));
#5630=CARTESIAN_POINT('',(-14.3310369948442,37.0836010000864,-2.));
#5631=CARTESIAN_POINT('',(-14.3310369948442,37.0836010000864,-3.));
#5632=CARTESIAN_POINT('Origin',(-12.0390858153398,29.8393991015116,-2.));
#5633=CARTESIAN_POINT('',(-12.0390858153398,29.8393991015116,-3.));
#5634=CARTESIAN_POINT('',(-12.0390858153398,29.8393991015116,-2.));
#5635=CARTESIAN_POINT('',(-12.0390858153398,29.8393991015116,-3.));
#5636=CARTESIAN_POINT('Origin',(-10.1768745879228,29.8393991015116,-2.));
#5637=CARTESIAN_POINT('',(-10.1768745879228,29.8393991015116,-3.));
#5638=CARTESIAN_POINT('Origin',(-9.26964361467909,34.7625414000129,-3.));
#5639=CARTESIAN_POINT('Ctrl Pts',(-18.6284436682756,35.6852384827295,-2.));
#5640=CARTESIAN_POINT('Ctrl Pts',(-18.6284436682756,35.6852384827295,-3.));
#5641=CARTESIAN_POINT('Ctrl Pts',(-18.8691724312304,35.6607304864218,-2.));
#5642=CARTESIAN_POINT('Ctrl Pts',(-18.8691724312304,35.6607304864218,-3.));
#5643=CARTESIAN_POINT('Ctrl Pts',(-19.3538785465883,35.6113837629987,-2.));
#5644=CARTESIAN_POINT('Ctrl Pts',(-19.3538785465883,35.6113837629987,-3.));
#5645=CARTESIAN_POINT('Ctrl Pts',(-19.7107497677176,35.2793701183861,-2.));
#5646=CARTESIAN_POINT('Ctrl Pts',(-19.7107497677176,35.2793701183861,-3.));
#5647=CARTESIAN_POINT('Ctrl Pts',(-19.8903812865312,35.1122506878534,-2.));
#5648=CARTESIAN_POINT('Ctrl Pts',(-19.8903812865312,35.1122506878534,-3.));
#5649=CARTESIAN_POINT('',(-18.6284436682756,35.6852384827295,-2.));
#5650=CARTESIAN_POINT('',(-19.8903812865312,35.1122506878534,-2.));
#5651=CARTESIAN_POINT('Ctrl Pts',(-18.6284436682756,35.6852384827295,-2.));
#5652=CARTESIAN_POINT('Ctrl Pts',(-18.8691724312304,35.6607304864218,-2.));
#5653=CARTESIAN_POINT('Ctrl Pts',(-19.3538785465883,35.6113837629987,-2.));
#5654=CARTESIAN_POINT('Ctrl Pts',(-19.7107497677176,35.2793701183861,-2.));
#5655=CARTESIAN_POINT('Ctrl Pts',(-19.8903812865312,35.1122506878534,-2.));
#5656=CARTESIAN_POINT('',(-18.6284436682756,35.6852384827295,-3.));
#5657=CARTESIAN_POINT('',(-18.6284436682756,35.6852384827295,-2.));
#5658=CARTESIAN_POINT('',(-19.8903812865312,35.1122506878534,-3.));
#5659=CARTESIAN_POINT('Ctrl Pts',(-18.6284436682756,35.6852384827295,-3.));
#5660=CARTESIAN_POINT('Ctrl Pts',(-18.8691724312304,35.6607304864218,-3.));
#5661=CARTESIAN_POINT('Ctrl Pts',(-19.3538785465883,35.6113837629987,-3.));
#5662=CARTESIAN_POINT('Ctrl Pts',(-19.7107497677176,35.2793701183861,-3.));
#5663=CARTESIAN_POINT('Ctrl Pts',(-19.8903812865312,35.1122506878534,-3.));
#5664=CARTESIAN_POINT('',(-19.8903812865312,35.1122506878534,-2.));
#5665=CARTESIAN_POINT('Ctrl Pts',(-17.3699154357011,35.1122506878534,-2.));
#5666=CARTESIAN_POINT('Ctrl Pts',(-17.3699154357011,35.1122506878534,-3.));
#5667=CARTESIAN_POINT('Ctrl Pts',(-17.5486598660761,35.2793703269886,-2.));
#5668=CARTESIAN_POINT('Ctrl Pts',(-17.5486598660761,35.2793703269886,-3.));
#5669=CARTESIAN_POINT('Ctrl Pts',(-17.9040647369071,35.6116611493405,-2.));
#5670=CARTESIAN_POINT('Ctrl Pts',(-17.9040647369071,35.6116611493405,-3.));
#5671=CARTESIAN_POINT('Ctrl Pts',(-18.387929772034,35.6608087673387,-2.));
#5672=CARTESIAN_POINT('Ctrl Pts',(-18.387929772034,35.6608087673387,-3.));
#5673=CARTESIAN_POINT('Ctrl Pts',(-18.6284436682756,35.6852384827295,-2.));
#5674=CARTESIAN_POINT('Ctrl Pts',(-18.6284436682756,35.6852384827295,-3.));
#5675=CARTESIAN_POINT('',(-17.3699154357011,35.1122506878534,-2.));
#5676=CARTESIAN_POINT('Ctrl Pts',(-17.3699154357011,35.1122506878534,-2.));
#5677=CARTESIAN_POINT('Ctrl Pts',(-17.5486598660761,35.2793703269886,-2.));
#5678=CARTESIAN_POINT('Ctrl Pts',(-17.9040647369071,35.6116611493405,-2.));
#5679=CARTESIAN_POINT('Ctrl Pts',(-18.387929772034,35.6608087673387,-2.));
#5680=CARTESIAN_POINT('Ctrl Pts',(-18.6284436682756,35.6852384827295,-2.));
#5681=CARTESIAN_POINT('',(-17.3699154357011,35.1122506878534,-3.));
#5682=CARTESIAN_POINT('',(-17.3699154357011,35.1122506878534,-2.));
#5683=CARTESIAN_POINT('Ctrl Pts',(-17.3699154357011,35.1122506878534,-3.));
#5684=CARTESIAN_POINT('Ctrl Pts',(-17.5486598660761,35.2793703269886,-3.));
#5685=CARTESIAN_POINT('Ctrl Pts',(-17.9040647369071,35.6116611493405,-3.));
#5686=CARTESIAN_POINT('Ctrl Pts',(-18.387929772034,35.6608087673387,-3.));
#5687=CARTESIAN_POINT('Ctrl Pts',(-18.6284436682756,35.6852384827295,-3.));
#5688=CARTESIAN_POINT('Ctrl Pts',(-16.8617310027177,33.4751429579416,-2.));
#5689=CARTESIAN_POINT('Ctrl Pts',(-16.8617310027177,33.4751429579416,-3.));
#5690=CARTESIAN_POINT('Ctrl Pts',(-16.8741733696756,33.7987547823549,-2.));
#5691=CARTESIAN_POINT('Ctrl Pts',(-16.8741733696756,33.7987547823549,-3.));
#5692=CARTESIAN_POINT('Ctrl Pts',(-16.8970074819792,34.3926440934859,-2.));
#5693=CARTESIAN_POINT('Ctrl Pts',(-16.8970074819792,34.3926440934859,-3.));
#5694=CARTESIAN_POINT('Ctrl Pts',(-17.2220083725057,34.8871859639653,-2.));
#5695=CARTESIAN_POINT('Ctrl Pts',(-17.2220083725057,34.8871859639653,-3.));
#5696=CARTESIAN_POINT('Ctrl Pts',(-17.3699154357011,35.1122506878534,-2.));
#5697=CARTESIAN_POINT('Ctrl Pts',(-17.3699154357011,35.1122506878534,-3.));
#5698=CARTESIAN_POINT('',(-16.8617310027177,33.4751429579416,-2.));
#5699=CARTESIAN_POINT('Ctrl Pts',(-16.8617310027177,33.4751429579416,-2.));
#5700=CARTESIAN_POINT('Ctrl Pts',(-16.8741733696756,33.7987547823549,-2.));
#5701=CARTESIAN_POINT('Ctrl Pts',(-16.8970074819792,34.3926440934859,-2.));
#5702=CARTESIAN_POINT('Ctrl Pts',(-17.2220083725057,34.8871859639653,-2.));
#5703=CARTESIAN_POINT('Ctrl Pts',(-17.3699154357011,35.1122506878534,-2.));
#5704=CARTESIAN_POINT('',(-16.8617310027177,33.4751429579416,-3.));
#5705=CARTESIAN_POINT('',(-16.8617310027177,33.4751429579416,-2.));
#5706=CARTESIAN_POINT('Ctrl Pts',(-16.8617310027177,33.4751429579416,-3.));
#5707=CARTESIAN_POINT('Ctrl Pts',(-16.8741733696756,33.7987547823549,-3.));
#5708=CARTESIAN_POINT('Ctrl Pts',(-16.8970074819792,34.3926440934859,-3.));
#5709=CARTESIAN_POINT('Ctrl Pts',(-17.2220083725057,34.8871859639653,-3.));
#5710=CARTESIAN_POINT('Ctrl Pts',(-17.3699154357011,35.1122506878534,-3.));
#5711=CARTESIAN_POINT('Ctrl Pts',(-17.3699154357011,31.810750009791,-2.));
#5712=CARTESIAN_POINT('Ctrl Pts',(-17.3699154357011,31.810750009791,-3.));
#5713=CARTESIAN_POINT('Ctrl Pts',(-17.2220549860345,32.0381837058303,-2.));
#5714=CARTESIAN_POINT('Ctrl Pts',(-17.2220549860345,32.0381837058303,-3.));
#5715=CARTESIAN_POINT('Ctrl Pts',(-16.8947310235918,32.5416618079759,-2.));
#5716=CARTESIAN_POINT('Ctrl Pts',(-16.8947310235918,32.5416618079759,-3.));
#5717=CARTESIAN_POINT('Ctrl Pts',(-16.8734169656851,33.1445787382739,-2.));
#5718=CARTESIAN_POINT('Ctrl Pts',(-16.8734169656851,33.1445787382739,-3.));
#5719=CARTESIAN_POINT('Ctrl Pts',(-16.8617310027177,33.4751429579416,-2.));
#5720=CARTESIAN_POINT('Ctrl Pts',(-16.8617310027177,33.4751429579416,-3.));
#5721=CARTESIAN_POINT('',(-17.3699154357011,31.810750009791,-2.));
#5722=CARTESIAN_POINT('Ctrl Pts',(-17.3699154357011,31.810750009791,-2.));
#5723=CARTESIAN_POINT('Ctrl Pts',(-17.2220549860345,32.0381837058303,-2.));
#5724=CARTESIAN_POINT('Ctrl Pts',(-16.8947310235918,32.5416618079759,-2.));
#5725=CARTESIAN_POINT('Ctrl Pts',(-16.8734169656851,33.1445787382739,-2.));
#5726=CARTESIAN_POINT('Ctrl Pts',(-16.8617310027177,33.4751429579416,-2.));
#5727=CARTESIAN_POINT('',(-17.3699154357011,31.810750009791,-3.));
#5728=CARTESIAN_POINT('',(-17.3699154357011,31.810750009791,-2.));
#5729=CARTESIAN_POINT('Ctrl Pts',(-17.3699154357011,31.810750009791,-3.));
#5730=CARTESIAN_POINT('Ctrl Pts',(-17.2220549860345,32.0381837058303,-3.));
#5731=CARTESIAN_POINT('Ctrl Pts',(-16.8947310235918,32.5416618079759,-3.));
#5732=CARTESIAN_POINT('Ctrl Pts',(-16.8734169656851,33.1445787382739,-3.));
#5733=CARTESIAN_POINT('Ctrl Pts',(-16.8617310027177,33.4751429579416,-3.));
#5734=CARTESIAN_POINT('Ctrl Pts',(-18.6284436682756,31.2377622149149,-2.));
#5735=CARTESIAN_POINT('Ctrl Pts',(-18.6284436682756,31.2377622149149,-3.));
#5736=CARTESIAN_POINT('Ctrl Pts',(-18.387929273782,31.2621915248392,-2.));
#5737=CARTESIAN_POINT('Ctrl Pts',(-18.387929273782,31.2621915248392,-3.));
#5738=CARTESIAN_POINT('Ctrl Pts',(-17.9040637995986,31.3113382699035,-2.));
#5739=CARTESIAN_POINT('Ctrl Pts',(-17.9040637995986,31.3113382699035,-3.));
#5740=CARTESIAN_POINT('Ctrl Pts',(-17.5486594155743,31.6436300708071,-2.));
#5741=CARTESIAN_POINT('Ctrl Pts',(-17.5486594155743,31.6436300708071,-3.));
#5742=CARTESIAN_POINT('Ctrl Pts',(-17.3699154357011,31.810750009791,-2.));
#5743=CARTESIAN_POINT('Ctrl Pts',(-17.3699154357011,31.810750009791,-3.));
#5744=CARTESIAN_POINT('',(-18.6284436682756,31.2377622149149,-2.));
#5745=CARTESIAN_POINT('Ctrl Pts',(-18.6284436682756,31.2377622149149,-2.));
#5746=CARTESIAN_POINT('Ctrl Pts',(-18.387929273782,31.2621915248392,-2.));
#5747=CARTESIAN_POINT('Ctrl Pts',(-17.9040637995986,31.3113382699035,-2.));
#5748=CARTESIAN_POINT('Ctrl Pts',(-17.5486594155743,31.6436300708071,-2.));
#5749=CARTESIAN_POINT('Ctrl Pts',(-17.3699154357011,31.810750009791,-2.));
#5750=CARTESIAN_POINT('',(-18.6284436682756,31.2377622149149,-3.));
#5751=CARTESIAN_POINT('',(-18.6284436682756,31.2377622149149,-2.));
#5752=CARTESIAN_POINT('Ctrl Pts',(-18.6284436682756,31.2377622149149,-3.));
#5753=CARTESIAN_POINT('Ctrl Pts',(-18.387929273782,31.2621915248392,-3.));
#5754=CARTESIAN_POINT('Ctrl Pts',(-17.9040637995986,31.3113382699035,-3.));
#5755=CARTESIAN_POINT('Ctrl Pts',(-17.5486594155743,31.6436300708071,-3.));
#5756=CARTESIAN_POINT('Ctrl Pts',(-17.3699154357011,31.810750009791,-3.));
#5757=CARTESIAN_POINT('Ctrl Pts',(-19.8903812865312,31.810750009791,-2.));
#5758=CARTESIAN_POINT('Ctrl Pts',(-19.8903812865312,31.810750009791,-3.));
#5759=CARTESIAN_POINT('Ctrl Pts',(-19.7107501749964,31.6436305782929,-2.));
#5760=CARTESIAN_POINT('Ctrl Pts',(-19.7107501749964,31.6436305782929,-3.));
#5761=CARTESIAN_POINT('Ctrl Pts',(-19.3538792335056,31.3116164391465,-2.));
#5762=CARTESIAN_POINT('Ctrl Pts',(-19.3538792335056,31.3116164391465,-3.));
#5763=CARTESIAN_POINT('Ctrl Pts',(-18.8691729010472,31.2622700714198,-2.));
#5764=CARTESIAN_POINT('Ctrl Pts',(-18.8691729010472,31.2622700714198,-3.));
#5765=CARTESIAN_POINT('Ctrl Pts',(-18.6284436682756,31.2377622149149,-2.));
#5766=CARTESIAN_POINT('Ctrl Pts',(-18.6284436682756,31.2377622149149,-3.));
#5767=CARTESIAN_POINT('',(-19.8903812865312,31.810750009791,-2.));
#5768=CARTESIAN_POINT('Ctrl Pts',(-19.8903812865312,31.810750009791,-2.));
#5769=CARTESIAN_POINT('Ctrl Pts',(-19.7107501749964,31.6436305782929,-2.));
#5770=CARTESIAN_POINT('Ctrl Pts',(-19.3538792335056,31.3116164391465,-2.));
#5771=CARTESIAN_POINT('Ctrl Pts',(-18.8691729010472,31.2622700714198,-2.));
#5772=CARTESIAN_POINT('Ctrl Pts',(-18.6284436682756,31.2377622149149,-2.));
#5773=CARTESIAN_POINT('',(-19.8903812865312,31.810750009791,-3.));
#5774=CARTESIAN_POINT('',(-19.8903812865312,31.810750009791,-2.));
#5775=CARTESIAN_POINT('Ctrl Pts',(-19.8903812865312,31.810750009791,-3.));
#5776=CARTESIAN_POINT('Ctrl Pts',(-19.7107501749964,31.6436305782929,-3.));
#5777=CARTESIAN_POINT('Ctrl Pts',(-19.3538792335056,31.3116164391465,-3.));
#5778=CARTESIAN_POINT('Ctrl Pts',(-18.8691729010472,31.2622700714198,-3.));
#5779=CARTESIAN_POINT('Ctrl Pts',(-18.6284436682756,31.2377622149149,-3.));
#5780=CARTESIAN_POINT('Ctrl Pts',(-20.4019774893815,33.4615006468455,-2.));
#5781=CARTESIAN_POINT('Ctrl Pts',(-20.4019774893815,33.4615006468455,-3.));
#5782=CARTESIAN_POINT('Ctrl Pts',(-20.3897534309901,33.1343093195621,-2.));
#5783=CARTESIAN_POINT('Ctrl Pts',(-20.3897534309901,33.1343093195621,-3.));
#5784=CARTESIAN_POINT('Ctrl Pts',(-20.3673752520685,32.5353309910025,-2.));
#5785=CARTESIAN_POINT('Ctrl Pts',(-20.3673752520685,32.5353309910025,-3.));
#5786=CARTESIAN_POINT('Ctrl Pts',(-20.0392626843984,32.036909326564,-2.));
#5787=CARTESIAN_POINT('Ctrl Pts',(-20.0392626843984,32.036909326564,-3.));
#5788=CARTESIAN_POINT('Ctrl Pts',(-19.8903812865312,31.810750009791,-2.));
#5789=CARTESIAN_POINT('Ctrl Pts',(-19.8903812865312,31.810750009791,-3.));
#5790=CARTESIAN_POINT('',(-20.4019774893815,33.4615006468455,-2.));
#5791=CARTESIAN_POINT('Ctrl Pts',(-20.4019774893815,33.4615006468455,-2.));
#5792=CARTESIAN_POINT('Ctrl Pts',(-20.3897534309901,33.1343093195621,-2.));
#5793=CARTESIAN_POINT('Ctrl Pts',(-20.3673752520685,32.5353309910025,-2.));
#5794=CARTESIAN_POINT('Ctrl Pts',(-20.0392626843984,32.036909326564,-2.));
#5795=CARTESIAN_POINT('Ctrl Pts',(-19.8903812865312,31.810750009791,-2.));
#5796=CARTESIAN_POINT('',(-20.4019774893815,33.4615006468455,-3.));
#5797=CARTESIAN_POINT('',(-20.4019774893815,33.4615006468455,-2.));
#5798=CARTESIAN_POINT('Ctrl Pts',(-20.4019774893815,33.4615006468455,-3.));
#5799=CARTESIAN_POINT('Ctrl Pts',(-20.3897534309901,33.1343093195621,-3.));
#5800=CARTESIAN_POINT('Ctrl Pts',(-20.3673752520685,32.5353309910025,-3.));
#5801=CARTESIAN_POINT('Ctrl Pts',(-20.0392626843984,32.036909326564,-3.));
#5802=CARTESIAN_POINT('Ctrl Pts',(-19.8903812865312,31.810750009791,-3.));
#5803=CARTESIAN_POINT('Ctrl Pts',(-19.8903812865312,35.1122506878534,-2.));
#5804=CARTESIAN_POINT('Ctrl Pts',(-19.8903812865312,35.1122506878534,-3.));
#5805=CARTESIAN_POINT('Ctrl Pts',(-20.0392632519415,34.8860914289421,-2.));
#5806=CARTESIAN_POINT('Ctrl Pts',(-20.0392632519415,34.8860914289421,-3.));
#5807=CARTESIAN_POINT('Ctrl Pts',(-20.3673768015879,34.3876703003499,-2.));
#5808=CARTESIAN_POINT('Ctrl Pts',(-20.3673768015879,34.3876703003499,-3.));
#5809=CARTESIAN_POINT('Ctrl Pts',(-20.3897539837741,33.7886918293029,-2.));
#5810=CARTESIAN_POINT('Ctrl Pts',(-20.3897539837741,33.7886918293029,-3.));
#5811=CARTESIAN_POINT('Ctrl Pts',(-20.4019774893815,33.4615006468455,-2.));
#5812=CARTESIAN_POINT('Ctrl Pts',(-20.4019774893815,33.4615006468455,-3.));
#5813=CARTESIAN_POINT('Ctrl Pts',(-19.8903812865312,35.1122506878534,-2.));
#5814=CARTESIAN_POINT('Ctrl Pts',(-20.0392632519415,34.8860914289421,-2.));
#5815=CARTESIAN_POINT('Ctrl Pts',(-20.3673768015879,34.3876703003499,-2.));
#5816=CARTESIAN_POINT('Ctrl Pts',(-20.3897539837741,33.7886918293029,-2.));
#5817=CARTESIAN_POINT('Ctrl Pts',(-20.4019774893815,33.4615006468455,-2.));
#5818=CARTESIAN_POINT('Ctrl Pts',(-19.8903812865312,35.1122506878534,-3.));
#5819=CARTESIAN_POINT('Ctrl Pts',(-20.0392632519415,34.8860914289421,-3.));
#5820=CARTESIAN_POINT('Ctrl Pts',(-20.3673768015879,34.3876703003499,-3.));
#5821=CARTESIAN_POINT('Ctrl Pts',(-20.3897539837741,33.7886918293029,-3.));
#5822=CARTESIAN_POINT('Ctrl Pts',(-20.4019774893815,33.4615006468455,-3.));
#5823=CARTESIAN_POINT('Ctrl Pts',(-20.5213489035661,30.1258924029032,-2.));
#5824=CARTESIAN_POINT('Ctrl Pts',(-20.5213489035661,30.1258924029032,-3.));
#5825=CARTESIAN_POINT('Ctrl Pts',(-20.804129451457,30.2926215127191,-2.));
#5826=CARTESIAN_POINT('Ctrl Pts',(-20.804129451457,30.2926215127191,-3.));
#5827=CARTESIAN_POINT('Ctrl Pts',(-21.3665441502313,30.6242245977736,-2.));
#5828=CARTESIAN_POINT('Ctrl Pts',(-21.3665441502313,30.6242245977736,-3.));
#5829=CARTESIAN_POINT('Ctrl Pts',(-21.7200659509726,31.1729722019399,-2.));
#5830=CARTESIAN_POINT('Ctrl Pts',(-21.7200659509726,31.1729722019399,-3.));
#5831=CARTESIAN_POINT('Ctrl Pts',(-21.8958379725511,31.4458110354105,-2.));
#5832=CARTESIAN_POINT('Ctrl Pts',(-21.8958379725511,31.4458110354105,-3.));
#5833=CARTESIAN_POINT('',(-20.5213489035661,30.1258924029032,-3.));
#5834=CARTESIAN_POINT('',(-20.5213489035661,30.1258924029032,-2.));
#5835=CARTESIAN_POINT('',(-21.8958379725511,31.4458110354105,-3.));
#5836=CARTESIAN_POINT('Ctrl Pts',(-20.5213489035661,30.1258924029032,-3.));
#5837=CARTESIAN_POINT('Ctrl Pts',(-20.804129451457,30.2926215127191,-3.));
#5838=CARTESIAN_POINT('Ctrl Pts',(-21.3665441502313,30.6242245977736,-3.));
#5839=CARTESIAN_POINT('Ctrl Pts',(-21.7200659509726,31.1729722019399,-3.));
#5840=CARTESIAN_POINT('Ctrl Pts',(-21.8958379725511,31.4458110354105,-3.));
#5841=CARTESIAN_POINT('',(-21.8958379725511,31.4458110354105,-2.));
#5842=CARTESIAN_POINT('Ctrl Pts',(-18.6216225127275,29.6756877920786,-2.));
#5843=CARTESIAN_POINT('Ctrl Pts',(-18.6216225127275,29.6756877920786,-3.));
#5844=CARTESIAN_POINT('Ctrl Pts',(-18.9502916205204,29.6947142837145,-2.));
#5845=CARTESIAN_POINT('Ctrl Pts',(-18.9502916205204,29.6947142837145,-3.));
#5846=CARTESIAN_POINT('Ctrl Pts',(-19.6099972058659,29.7329043128476,-2.));
#5847=CARTESIAN_POINT('Ctrl Pts',(-19.6099972058659,29.7329043128476,-3.));
#5848=CARTESIAN_POINT('Ctrl Pts',(-20.216839115281,29.9945833589815,-2.));
#5849=CARTESIAN_POINT('Ctrl Pts',(-20.216839115281,29.9945833589815,-3.));
#5850=CARTESIAN_POINT('Ctrl Pts',(-20.5213489035661,30.1258924029032,-2.));
#5851=CARTESIAN_POINT('Ctrl Pts',(-20.5213489035661,30.1258924029032,-3.));
#5852=CARTESIAN_POINT('',(-18.6216225127275,29.6756877920786,-3.));
#5853=CARTESIAN_POINT('',(-18.6216225127275,29.6756877920786,-2.));
#5854=CARTESIAN_POINT('Ctrl Pts',(-18.6216225127275,29.6756877920786,-3.));
#5855=CARTESIAN_POINT('Ctrl Pts',(-18.9502916205204,29.6947142837145,-3.));
#5856=CARTESIAN_POINT('Ctrl Pts',(-19.6099972058659,29.7329043128476,-3.));
#5857=CARTESIAN_POINT('Ctrl Pts',(-20.216839115281,29.9945833589815,-3.));
#5858=CARTESIAN_POINT('Ctrl Pts',(-20.5213489035661,30.1258924029032,-3.));
#5859=CARTESIAN_POINT('Ctrl Pts',(-15.9510912398393,30.756861212031,-2.));
#5860=CARTESIAN_POINT('Ctrl Pts',(-15.9510912398393,30.756861212031,-3.));
#5861=CARTESIAN_POINT('Ctrl Pts',(-16.3320035786788,30.4415453580535,-2.));
#5862=CARTESIAN_POINT('Ctrl Pts',(-16.3320035786788,30.4415453580535,-3.));
#5863=CARTESIAN_POINT('Ctrl Pts',(-17.1071335296457,29.7998996629383,-2.));
#5864=CARTESIAN_POINT('Ctrl Pts',(-17.1071335296457,29.7998996629383,-3.));
#5865=CARTESIAN_POINT('Ctrl Pts',(-18.1110487112789,29.7175628587171,-2.));
#5866=CARTESIAN_POINT('Ctrl Pts',(-18.1110487112789,29.7175628587171,-3.));
#5867=CARTESIAN_POINT('Ctrl Pts',(-18.6216225127275,29.6756877920786,-2.));
#5868=CARTESIAN_POINT('Ctrl Pts',(-18.6216225127275,29.6756877920786,-3.));
#5869=CARTESIAN_POINT('',(-15.9510912398393,30.756861212031,-3.));
#5870=CARTESIAN_POINT('',(-15.9510912398393,30.756861212031,-2.));
#5871=CARTESIAN_POINT('Ctrl Pts',(-15.9510912398393,30.756861212031,-3.));
#5872=CARTESIAN_POINT('Ctrl Pts',(-16.3320035786788,30.4415453580535,-3.));
#5873=CARTESIAN_POINT('Ctrl Pts',(-17.1071335296457,29.7998996629383,-3.));
#5874=CARTESIAN_POINT('Ctrl Pts',(-18.1110487112789,29.7175628587171,-3.));
#5875=CARTESIAN_POINT('Ctrl Pts',(-18.6216225127275,29.6756877920786,-3.));
#5876=CARTESIAN_POINT('Ctrl Pts',(-14.8903812865312,33.4819641134897,-2.));
#5877=CARTESIAN_POINT('Ctrl Pts',(-14.8903812865312,33.4819641134897,-3.));
#5878=CARTESIAN_POINT('Ctrl Pts',(-14.9303812484042,32.9617864447985,-2.));
#5879=CARTESIAN_POINT('Ctrl Pts',(-14.9303812484042,32.9617864447985,-3.));
#5880=CARTESIAN_POINT('Ctrl Pts',(-15.008587930947,31.9447512303568,-2.));
#5881=CARTESIAN_POINT('Ctrl Pts',(-15.008587930947,31.9447512303568,-3.));
#5882=CARTESIAN_POINT('Ctrl Pts',(-15.6417629351987,31.1467251011032,-2.));
#5883=CARTESIAN_POINT('Ctrl Pts',(-15.6417629351987,31.1467251011032,-3.));
#5884=CARTESIAN_POINT('Ctrl Pts',(-15.9510912398393,30.756861212031,-2.));
#5885=CARTESIAN_POINT('Ctrl Pts',(-15.9510912398393,30.756861212031,-3.));
#5886=CARTESIAN_POINT('',(-14.8903812865312,33.4819641134897,-3.));
#5887=CARTESIAN_POINT('',(-14.8903812865312,33.4819641134897,-2.));
#5888=CARTESIAN_POINT('Ctrl Pts',(-14.8903812865312,33.4819641134897,-3.));
#5889=CARTESIAN_POINT('Ctrl Pts',(-14.9303812484042,32.9617864447985,-3.));
#5890=CARTESIAN_POINT('Ctrl Pts',(-15.008587930947,31.9447512303568,-3.));
#5891=CARTESIAN_POINT('Ctrl Pts',(-15.6417629351987,31.1467251011032,-3.));
#5892=CARTESIAN_POINT('Ctrl Pts',(-15.9510912398393,30.756861212031,-3.));
#5893=CARTESIAN_POINT('Ctrl Pts',(-15.9408583144243,36.1797812006632,-2.));
#5894=CARTESIAN_POINT('Ctrl Pts',(-15.9408583144243,36.1797812006632,-3.));
#5895=CARTESIAN_POINT('Ctrl Pts',(-15.6345174017868,35.7943106237709,-2.));
#5896=CARTESIAN_POINT('Ctrl Pts',(-15.6345174017868,35.7943106237709,-3.));
#5897=CARTESIAN_POINT('Ctrl Pts',(-15.0069322864727,35.0046165722439,-2.));
#5898=CARTESIAN_POINT('Ctrl Pts',(-15.0069322864727,35.0046165722439,-3.));
#5899=CARTESIAN_POINT('Ctrl Pts',(-14.9298418431745,33.9974870487442,-2.));
#5900=CARTESIAN_POINT('Ctrl Pts',(-14.9298418431745,33.9974870487442,-3.));
#5901=CARTESIAN_POINT('Ctrl Pts',(-14.8903812865312,33.4819641134897,-2.));
#5902=CARTESIAN_POINT('Ctrl Pts',(-14.8903812865312,33.4819641134897,-3.));
#5903=CARTESIAN_POINT('',(-15.9408583144243,36.1797812006632,-3.));
#5904=CARTESIAN_POINT('',(-15.9408583144243,36.1797812006632,-2.));
#5905=CARTESIAN_POINT('Ctrl Pts',(-15.9408583144243,36.1797812006632,-3.));
#5906=CARTESIAN_POINT('Ctrl Pts',(-15.6345174017868,35.7943106237709,-3.));
#5907=CARTESIAN_POINT('Ctrl Pts',(-15.0069322864727,35.0046165722439,-3.));
#5908=CARTESIAN_POINT('Ctrl Pts',(-14.9298418431745,33.9974870487442,-3.));
#5909=CARTESIAN_POINT('Ctrl Pts',(-14.8903812865312,33.4819641134897,-3.));
#5910=CARTESIAN_POINT('Ctrl Pts',(-18.6352648238237,37.247311713473,-2.));
#5911=CARTESIAN_POINT('Ctrl Pts',(-18.6352648238237,37.247311713473,-3.));
#5912=CARTESIAN_POINT('Ctrl Pts',(-18.116884548019,37.2076811301221,-2.));
#5913=CARTESIAN_POINT('Ctrl Pts',(-18.116884548019,37.2076811301221,-3.));
#5914=CARTESIAN_POINT('Ctrl Pts',(-17.1065949115865,37.1304436858867,-2.));
#5915=CARTESIAN_POINT('Ctrl Pts',(-17.1065949115865,37.1304436858867,-3.));
#5916=CARTESIAN_POINT('Ctrl Pts',(-16.3225898595076,36.4910846805578,-2.));
#5917=CARTESIAN_POINT('Ctrl Pts',(-16.3225898595076,36.4910846805578,-3.));
#5918=CARTESIAN_POINT('Ctrl Pts',(-15.9408583144243,36.1797812006632,-2.));
#5919=CARTESIAN_POINT('Ctrl Pts',(-15.9408583144243,36.1797812006632,-3.));
#5920=CARTESIAN_POINT('',(-18.6352648238237,37.247311713473,-3.));
#5921=CARTESIAN_POINT('',(-18.6352648238237,37.247311713473,-2.));
#5922=CARTESIAN_POINT('Ctrl Pts',(-18.6352648238237,37.247311713473,-3.));
#5923=CARTESIAN_POINT('Ctrl Pts',(-18.116884548019,37.2076811301221,-3.));
#5924=CARTESIAN_POINT('Ctrl Pts',(-17.1065949115865,37.1304436858867,-3.));
#5925=CARTESIAN_POINT('Ctrl Pts',(-16.3225898595076,36.4910846805578,-3.));
#5926=CARTESIAN_POINT('Ctrl Pts',(-15.9408583144243,36.1797812006632,-3.));
#5927=CARTESIAN_POINT('Ctrl Pts',(-20.5622758368547,36.7766436360041,-2.));
#5928=CARTESIAN_POINT('Ctrl Pts',(-20.5622758368547,36.7766436360041,-3.));
#5929=CARTESIAN_POINT('Ctrl Pts',(-20.2627170197963,36.913905076547,-2.));
#5930=CARTESIAN_POINT('Ctrl Pts',(-20.2627170197963,36.913905076547,-3.));
#5931=CARTESIAN_POINT('Ctrl Pts',(-19.6508815863304,37.1942554057324,-2.));
#5932=CARTESIAN_POINT('Ctrl Pts',(-19.6508815863304,37.1942554057324,-3.));
#5933=CARTESIAN_POINT('Ctrl Pts',(-18.978462779316,37.22938288735,-2.));
#5934=CARTESIAN_POINT('Ctrl Pts',(-18.978462779316,37.22938288735,-3.));
#5935=CARTESIAN_POINT('Ctrl Pts',(-18.6352648238237,37.247311713473,-2.));
#5936=CARTESIAN_POINT('Ctrl Pts',(-18.6352648238237,37.247311713473,-3.));
#5937=CARTESIAN_POINT('',(-20.5622758368547,36.7766436360041,-3.));
#5938=CARTESIAN_POINT('',(-20.5622758368547,36.7766436360041,-2.));
#5939=CARTESIAN_POINT('Ctrl Pts',(-20.5622758368547,36.7766436360041,-3.));
#5940=CARTESIAN_POINT('Ctrl Pts',(-20.2627170197963,36.913905076547,-3.));
#5941=CARTESIAN_POINT('Ctrl Pts',(-19.6508815863304,37.1942554057324,-3.));
#5942=CARTESIAN_POINT('Ctrl Pts',(-18.978462779316,37.22938288735,-3.));
#5943=CARTESIAN_POINT('Ctrl Pts',(-18.6352648238237,37.247311713473,-3.));
#5944=CARTESIAN_POINT('Ctrl Pts',(-21.8958379725511,35.4123868963877,-2.));
#5945=CARTESIAN_POINT('Ctrl Pts',(-21.8958379725511,35.4123868963877,-3.));
#5946=CARTESIAN_POINT('Ctrl Pts',(-21.7236606504268,35.6920497964816,-2.));
#5947=CARTESIAN_POINT('Ctrl Pts',(-21.7236606504268,35.6920497964816,-3.));
#5948=CARTESIAN_POINT('Ctrl Pts',(-21.3817817869366,36.2473542539147,-2.));
#5949=CARTESIAN_POINT('Ctrl Pts',(-21.3817817869366,36.2473542539147,-3.));
#5950=CARTESIAN_POINT('Ctrl Pts',(-20.8341224939341,36.6010676696133,-2.));
#5951=CARTESIAN_POINT('Ctrl Pts',(-20.8341224939341,36.6010676696133,-3.));
#5952=CARTESIAN_POINT('Ctrl Pts',(-20.5622758368547,36.7766436360041,-2.));
#5953=CARTESIAN_POINT('Ctrl Pts',(-20.5622758368547,36.7766436360041,-3.));
#5954=CARTESIAN_POINT('',(-21.8958379725511,35.4123868963877,-3.));
#5955=CARTESIAN_POINT('',(-21.8958379725511,35.4123868963877,-2.));
#5956=CARTESIAN_POINT('Ctrl Pts',(-21.8958379725511,35.4123868963877,-3.));
#5957=CARTESIAN_POINT('Ctrl Pts',(-21.7236606504268,35.6920497964816,-3.));
#5958=CARTESIAN_POINT('Ctrl Pts',(-21.3817817869366,36.2473542539147,-3.));
#5959=CARTESIAN_POINT('Ctrl Pts',(-20.8341224939341,36.6010676696133,-3.));
#5960=CARTESIAN_POINT('Ctrl Pts',(-20.5622758368547,36.7766436360041,-3.));
#5961=CARTESIAN_POINT('Ctrl Pts',(-22.36650605002,33.5638191721598,-2.));
#5962=CARTESIAN_POINT('Ctrl Pts',(-22.36650605002,33.5638191721598,-3.));
#5963=CARTESIAN_POINT('Ctrl Pts',(-22.3457727072194,33.8817016061456,-2.));
#5964=CARTESIAN_POINT('Ctrl Pts',(-22.3457727072194,33.8817016061456,-3.));
#5965=CARTESIAN_POINT('Ctrl Pts',(-22.3036906430954,34.5269014226695,-2.));
#5966=CARTESIAN_POINT('Ctrl Pts',(-22.3036906430954,34.5269014226695,-3.));
#5967=CARTESIAN_POINT('Ctrl Pts',(-22.0331078004909,35.1143615372347,-2.));
#5968=CARTESIAN_POINT('Ctrl Pts',(-22.0331078004909,35.1143615372347,-3.));
#5969=CARTESIAN_POINT('Ctrl Pts',(-21.8958379725511,35.4123868963877,-2.));
#5970=CARTESIAN_POINT('Ctrl Pts',(-21.8958379725511,35.4123868963877,-3.));
#5971=CARTESIAN_POINT('',(-22.36650605002,33.5638191721598,-3.));
#5972=CARTESIAN_POINT('',(-22.36650605002,33.5638191721598,-2.));
#5973=CARTESIAN_POINT('Ctrl Pts',(-22.36650605002,33.5638191721598,-3.));
#5974=CARTESIAN_POINT('Ctrl Pts',(-22.3457727072194,33.8817016061456,-3.));
#5975=CARTESIAN_POINT('Ctrl Pts',(-22.3036906430954,34.5269014226695,-3.));
#5976=CARTESIAN_POINT('Ctrl Pts',(-22.0331078004909,35.1143615372347,-3.));
#5977=CARTESIAN_POINT('Ctrl Pts',(-21.8958379725511,35.4123868963877,-3.));
#5978=CARTESIAN_POINT('Ctrl Pts',(-21.8958379725511,31.4458110354105,-2.));
#5979=CARTESIAN_POINT('Ctrl Pts',(-21.8958379725511,31.4458110354105,-3.));
#5980=CARTESIAN_POINT('Ctrl Pts',(-22.0329801145493,31.7627806323377,-2.));
#5981=CARTESIAN_POINT('Ctrl Pts',(-22.0329801145493,31.7627806323377,-3.));
#5982=CARTESIAN_POINT('Ctrl Pts',(-22.3249855311161,32.4376777707454,-2.));
#5983=CARTESIAN_POINT('Ctrl Pts',(-22.3249855311161,32.4376777707454,-3.));
#5984=CARTESIAN_POINT('Ctrl Pts',(-22.3521170278155,33.1735525267003,-2.));
#5985=CARTESIAN_POINT('Ctrl Pts',(-22.3521170278155,33.1735525267003,-3.));
#5986=CARTESIAN_POINT('Ctrl Pts',(-22.36650605002,33.5638191721598,-2.));
#5987=CARTESIAN_POINT('Ctrl Pts',(-22.36650605002,33.5638191721598,-3.));
#5988=CARTESIAN_POINT('Ctrl Pts',(-21.8958379725511,31.4458110354105,-3.));
#5989=CARTESIAN_POINT('Ctrl Pts',(-22.0329801145493,31.7627806323377,-3.));
#5990=CARTESIAN_POINT('Ctrl Pts',(-22.3249855311161,32.4376777707454,-3.));
#5991=CARTESIAN_POINT('Ctrl Pts',(-22.3521170278155,33.1735525267003,-3.));
#5992=CARTESIAN_POINT('Ctrl Pts',(-22.36650605002,33.5638191721598,-3.));
#5993=CARTESIAN_POINT('Origin',(-9.26964361467909,34.7625414000129,-3.));
#5994=CARTESIAN_POINT('Origin',(-37.8712816933687,36.3605453989664,-2.));
#5995=CARTESIAN_POINT('',(-37.8712816933687,36.3605453989664,-3.));
#5996=CARTESIAN_POINT('',(-37.8712816933687,36.3605453989664,-2.));
#5997=CARTESIAN_POINT('',(-37.8712816933687,29.8393991015116,-3.));
#5998=CARTESIAN_POINT('',(-37.8712816933687,36.3605453989664,-3.));
#5999=CARTESIAN_POINT('',(-37.8712816933687,29.8393991015116,-2.));
#6000=CARTESIAN_POINT('Origin',(-33.8399042586381,29.8393991015116,-2.));
#6001=CARTESIAN_POINT('',(-33.8399042586381,29.8393991015116,-3.));
#6002=CARTESIAN_POINT('',(-33.8399042586381,29.8393991015116,-2.));
#6003=CARTESIAN_POINT('',(-33.8399042586381,29.8393991015116,-3.));
#6004=CARTESIAN_POINT('Origin',(-31.8139829138811,29.8393991015116,-2.));
#6005=CARTESIAN_POINT('',(-31.8139829138811,29.8393991015116,-3.));
#6006=CARTESIAN_POINT('',(-31.8139829138811,29.8393991015116,-2.));
#6007=CARTESIAN_POINT('',(-31.8139829138811,29.8393991015116,-3.));
#6008=CARTESIAN_POINT('Origin',(-31.8139829138811,39.8393991015116,-2.));
#6009=CARTESIAN_POINT('',(-31.8139829138811,39.8393991015116,-3.));
#6010=CARTESIAN_POINT('',(-31.8139829138811,39.8393991015116,-2.));
#6011=CARTESIAN_POINT('',(-31.8139829138811,39.8393991015116,-3.));
#6012=CARTESIAN_POINT('Origin',(-33.6898358563478,39.8393991015116,-2.));
#6013=CARTESIAN_POINT('',(-33.6898358563478,39.8393991015116,-3.));
#6014=CARTESIAN_POINT('',(-33.6898358563478,39.8393991015116,-2.));
#6015=CARTESIAN_POINT('',(-33.6898358563478,39.8393991015116,-3.));
#6016=CARTESIAN_POINT('Origin',(-33.6898358563478,33.1613638422648,-2.));
#6017=CARTESIAN_POINT('',(-33.6898358563478,33.1613638422648,-3.));
#6018=CARTESIAN_POINT('',(-33.6898358563478,33.1613638422648,-2.));
#6019=CARTESIAN_POINT('',(-33.6898358563478,33.1613638422648,-3.));
#6020=CARTESIAN_POINT('Origin',(-37.7826048831041,39.8393991015116,-2.));
#6021=CARTESIAN_POINT('',(-37.7826048831041,39.8393991015116,-3.));
#6022=CARTESIAN_POINT('',(-37.7826048831041,39.8393991015116,-2.));
#6023=CARTESIAN_POINT('',(-37.7826048831041,39.8393991015116,-3.));
#6024=CARTESIAN_POINT('Origin',(-39.7471346358354,39.8393991015116,-2.));
#6025=CARTESIAN_POINT('',(-39.7471346358354,39.8393991015116,-3.));
#6026=CARTESIAN_POINT('',(-39.7471346358354,39.8393991015116,-2.));
#6027=CARTESIAN_POINT('',(-39.7471346358354,39.8393991015116,-3.));
#6028=CARTESIAN_POINT('Origin',(-39.7471346358354,29.8393991015116,-2.));
#6029=CARTESIAN_POINT('',(-39.7471346358354,29.8393991015116,-3.));
#6030=CARTESIAN_POINT('',(-39.7471346358354,29.8393991015116,-2.));
#6031=CARTESIAN_POINT('',(-39.7471346358354,29.8393991015116,-3.));
#6032=CARTESIAN_POINT('Origin',(-37.8712816933687,29.8393991015116,-2.));
#6033=CARTESIAN_POINT('',(-37.8712816933687,29.8393991015116,-3.));
#6034=CARTESIAN_POINT('Origin',(-9.26964361467909,34.7625414000129,-3.));
#6035=CARTESIAN_POINT('Origin',(0.,0.,-2.));
#6036=CARTESIAN_POINT('Origin',(0.,0.,-2.));
#6037=CARTESIAN_POINT('Origin',(0.,0.,-2.));
#6038=CARTESIAN_POINT('Origin',(0.,0.,-2.));
#6039=CARTESIAN_POINT('Origin',(45.585,-34.875,-5.));
#6040=CARTESIAN_POINT('',(45.585,-34.875,-5.));
#6041=CARTESIAN_POINT('',(-45.585,-34.875,-5.));
#6042=CARTESIAN_POINT('',(-45.585,-34.875,-5.));
#6043=CARTESIAN_POINT('',(-45.585,-34.875,-5.));
#6044=CARTESIAN_POINT('',(45.585,-34.875,-5.));
#6045=CARTESIAN_POINT('Origin',(45.585,18.195,-5.));
#6046=CARTESIAN_POINT('',(45.585,18.195,-5.));
#6047=CARTESIAN_POINT('',(45.585,-34.875,-5.));
#6048=CARTESIAN_POINT('',(45.585,18.195,-5.));
#6049=CARTESIAN_POINT('Origin',(-45.585,18.195,-5.));
#6050=CARTESIAN_POINT('',(-45.585,18.195,-5.));
#6051=CARTESIAN_POINT('',(45.585,18.195,-5.));
#6052=CARTESIAN_POINT('',(-45.585,18.195,-5.));
#6053=CARTESIAN_POINT('Origin',(-45.585,-34.875,-5.));
#6054=CARTESIAN_POINT('',(-45.585,18.195,-5.));
#6055=CARTESIAN_POINT('Origin',(29.35,41.98,-5.));
#6056=CARTESIAN_POINT('',(29.35,41.98,-5.));
#6057=CARTESIAN_POINT('',(46.85,41.98,-5.));
#6058=CARTESIAN_POINT('',(46.85,41.98,-5.));
#6059=CARTESIAN_POINT('',(46.85,41.98,-5.));
#6060=CARTESIAN_POINT('',(29.35,41.98,-5.));
#6061=CARTESIAN_POINT('Origin',(29.35,27.78,-5.));
#6062=CARTESIAN_POINT('',(29.35,27.78,-5.));
#6063=CARTESIAN_POINT('',(29.35,41.98,-5.));
#6064=CARTESIAN_POINT('',(29.35,27.78,-5.));
#6065=CARTESIAN_POINT('Origin',(46.85,27.78,-5.));
#6066=CARTESIAN_POINT('',(46.85,27.78,-5.));
#6067=CARTESIAN_POINT('',(29.35,27.78,-5.));
#6068=CARTESIAN_POINT('',(46.85,27.78,-5.));
#6069=CARTESIAN_POINT('Origin',(46.85,41.98,-5.));
#6070=CARTESIAN_POINT('',(46.85,27.78,-5.));
#6071=CARTESIAN_POINT('Origin',(-60.5,-55.5,-5.));
#6072=CARTESIAN_POINT('',(60.5,-55.5,-5.));
#6073=CARTESIAN_POINT('Origin',(60.5,55.5,-5.));
#6074=CARTESIAN_POINT('',(-60.5,55.5,-5.));
#6075=CARTESIAN_POINT('Origin',(0.,0.,-2.));
#6076=CARTESIAN_POINT('Origin',(0.,0.,-5.));
#6077=UNCERTAINTY_MEASURE_WITH_UNIT(LENGTH_MEASURE(0.01),#6081,
'DISTANCE_ACCURACY_VALUE',
'Maximum model space distance between geometric entities at asserted c
onnectivities');
#6078=UNCERTAINTY_MEASURE_WITH_UNIT(LENGTH_MEASURE(0.01),#6081,
'DISTANCE_ACCURACY_VALUE',
'Maximum model space distance between geometric entities at asserted c
onnectivities');
#6079=(
GEOMETRIC_REPRESENTATION_CONTEXT(3)
GLOBAL_UNCERTAINTY_ASSIGNED_CONTEXT((#6077))
GLOBAL_UNIT_ASSIGNED_CONTEXT((#6081,#6083,#6084))
REPRESENTATION_CONTEXT('','3D')
);
#6080=(
GEOMETRIC_REPRESENTATION_CONTEXT(3)
GLOBAL_UNCERTAINTY_ASSIGNED_CONTEXT((#6078))
GLOBAL_UNIT_ASSIGNED_CONTEXT((#6081,#6083,#6084))
REPRESENTATION_CONTEXT('','3D')
);
#6081=(
LENGTH_UNIT()
NAMED_UNIT(*)
SI_UNIT(.MILLI.,.METRE.)
);
#6082=(
LENGTH_UNIT()
NAMED_UNIT(*)
SI_UNIT($,.METRE.)
);
#6083=(
NAMED_UNIT(*)
PLANE_ANGLE_UNIT()
SI_UNIT($,.RADIAN.)
);
#6084=(
NAMED_UNIT(*)
SI_UNIT($,.STERADIAN.)
SOLID_ANGLE_UNIT()
);
#6085=SHAPE_DEFINITION_REPRESENTATION(#6086,#6087);
#6086=PRODUCT_DEFINITION_SHAPE('',$,#6089);
#6087=SHAPE_REPRESENTATION('',(#3097),#6079);
#6088=PRODUCT_DEFINITION_CONTEXT('part definition',#6093,'design');
#6089=PRODUCT_DEFINITION('2026-03-31-19-46-04-300','Top',#6090,#6088);
#6090=PRODUCT_DEFINITION_FORMATION('',$,#6095);
#6091=PRODUCT_RELATED_PRODUCT_CATEGORY('Top','Top',(#6095));
#6092=APPLICATION_PROTOCOL_DEFINITION('international standard',
'automotive_design',2009,#6093);
#6093=APPLICATION_CONTEXT(
'Core Data for Automotive Mechanical Design Process');
#6094=PRODUCT_CONTEXT('part definition',#6093,'mechanical');
#6095=PRODUCT('2026-03-31-19-46-04-300','Top',$,(#6094));
#6096=PRESENTATION_STYLE_ASSIGNMENT((#6097));
#6097=SURFACE_STYLE_USAGE(.BOTH.,#6098);
#6098=SURFACE_SIDE_STYLE('',(#6099));
#6099=SURFACE_STYLE_FILL_AREA(#6100);
#6100=FILL_AREA_STYLE('Acero - Satinado',(#6101));
#6101=FILL_AREA_STYLE_COLOUR('Acero - Satinado',#6102);
#6102=COLOUR_RGB('Acero - Satinado',0.627450980392157,0.627450980392157,
0.627450980392157);
ENDSEC;
END-ISO-10303-21;
