ISO-10303-21;
HEADER;
/* Generated by software containing ST-Developer
 * from STEP Tools, Inc. (www.steptools.com) 
 */

FILE_DESCRIPTION(
/* description */ (''),
/* implementation_level */ '2;1');

FILE_NAME(
/* name */ 'Bottom.step',
/* time_stamp */ '2026-03-31T20:15:21+02:00',
/* author */ (''),
/* organization */ (''),
/* preprocessor_version */ 'ST-DEVELOPER v20.1',
/* originating_system */ 'Autodesk Translation Framework v14.24.0.0',
/* authorisation */ '');

FILE_SCHEMA (('AUTOMOTIVE_DESIGN { 1 0 10303 214 3 1 1 }'));
ENDSEC;

DATA;
#10=MECHANICAL_DESIGN_GEOMETRIC_PRESENTATION_REPRESENTATION('',(#13),#6228);
#11=SHAPE_REPRESENTATION_RELATIONSHIP('SRR','None',#6235,#12);
#12=ADVANCED_BREP_SHAPE_REPRESENTATION('',(#14),#6227);
#13=STYLED_ITEM('',(#6244),#14);
#14=MANIFOLD_SOLID_BREP('Cuerpo1',#3168);
#15=CYLINDRICAL_SURFACE('',#3246,5.);
#16=CYLINDRICAL_SURFACE('',#3257,5.);
#17=CYLINDRICAL_SURFACE('',#3258,5.);
#18=CYLINDRICAL_SURFACE('',#3260,5.);
#19=CYLINDRICAL_SURFACE('',#3266,1.45);
#20=CYLINDRICAL_SURFACE('',#3267,1.45);
#21=CYLINDRICAL_SURFACE('',#3268,1.45);
#22=CYLINDRICAL_SURFACE('',#3271,1.45);
#23=CIRCLE('',#3234,5.);
#24=CIRCLE('',#3235,5.);
#25=CIRCLE('',#3236,5.);
#26=CIRCLE('',#3237,5.);
#27=CIRCLE('',#3238,1.45);
#28=CIRCLE('',#3239,1.45);
#29=CIRCLE('',#3240,1.45);
#30=CIRCLE('',#3241,1.45);
#31=CIRCLE('',#3247,5.);
#32=CIRCLE('',#3249,5.);
#33=CIRCLE('',#3250,5.);
#34=CIRCLE('',#3251,5.);
#35=CIRCLE('',#3252,1.45);
#36=CIRCLE('',#3253,1.45);
#37=CIRCLE('',#3254,1.45);
#38=CIRCLE('',#3255,1.45);
#39=FACE_BOUND('',#318,.T.);
#40=FACE_BOUND('',#340,.T.);
#41=FACE_BOUND('',#363,.T.);
#42=FACE_BOUND('',#399,.T.);
#43=FACE_BOUND('',#433,.T.);
#44=FACE_BOUND('',#446,.T.);
#45=FACE_BOUND('',#447,.T.);
#46=FACE_BOUND('',#448,.T.);
#47=FACE_BOUND('',#449,.T.);
#48=FACE_BOUND('',#450,.T.);
#49=FACE_BOUND('',#451,.T.);
#50=FACE_BOUND('',#452,.T.);
#51=FACE_BOUND('',#453,.T.);
#52=FACE_BOUND('',#454,.T.);
#53=FACE_BOUND('',#455,.T.);
#54=FACE_BOUND('',#456,.T.);
#55=FACE_BOUND('',#463,.T.);
#56=FACE_BOUND('',#464,.T.);
#57=FACE_BOUND('',#465,.T.);
#58=FACE_BOUND('',#466,.T.);
#59=PLANE('',#3182);
#60=PLANE('',#3183);
#61=PLANE('',#3184);
#62=PLANE('',#3185);
#63=PLANE('',#3186);
#64=PLANE('',#3187);
#65=PLANE('',#3188);
#66=PLANE('',#3189);
#67=PLANE('',#3190);
#68=PLANE('',#3191);
#69=PLANE('',#3192);
#70=PLANE('',#3193);
#71=PLANE('',#3194);
#72=PLANE('',#3195);
#73=PLANE('',#3196);
#74=PLANE('',#3197);
#75=PLANE('',#3198);
#76=PLANE('',#3199);
#77=PLANE('',#3200);
#78=PLANE('',#3201);
#79=PLANE('',#3202);
#80=PLANE('',#3203);
#81=PLANE('',#3204);
#82=PLANE('',#3205);
#83=PLANE('',#3206);
#84=PLANE('',#3207);
#85=PLANE('',#3208);
#86=PLANE('',#3209);
#87=PLANE('',#3210);
#88=PLANE('',#3211);
#89=PLANE('',#3212);
#90=PLANE('',#3213);
#91=PLANE('',#3214);
#92=PLANE('',#3215);
#93=PLANE('',#3216);
#94=PLANE('',#3217);
#95=PLANE('',#3218);
#96=PLANE('',#3219);
#97=PLANE('',#3220);
#98=PLANE('',#3221);
#99=PLANE('',#3222);
#100=PLANE('',#3223);
#101=PLANE('',#3224);
#102=PLANE('',#3225);
#103=PLANE('',#3226);
#104=PLANE('',#3227);
#105=PLANE('',#3228);
#106=PLANE('',#3229);
#107=PLANE('',#3230);
#108=PLANE('',#3231);
#109=PLANE('',#3232);
#110=PLANE('',#3233);
#111=PLANE('',#3242);
#112=PLANE('',#3243);
#113=PLANE('',#3244);
#114=PLANE('',#3245);
#115=PLANE('',#3248);
#116=PLANE('',#3256);
#117=PLANE('',#3259);
#118=PLANE('',#3261);
#119=PLANE('',#3262);
#120=PLANE('',#3263);
#121=PLANE('',#3264);
#122=PLANE('',#3265);
#123=PLANE('',#3269);
#124=PLANE('',#3270);
#125=PLANE('',#3272);
#126=PLANE('',#3273);
#127=PLANE('',#3274);
#128=PLANE('',#3275);
#129=FACE_OUTER_BOUND('',#298,.T.);
#130=FACE_OUTER_BOUND('',#299,.T.);
#131=FACE_OUTER_BOUND('',#300,.T.);
#132=FACE_OUTER_BOUND('',#301,.T.);
#133=FACE_OUTER_BOUND('',#302,.T.);
#134=FACE_OUTER_BOUND('',#303,.T.);
#135=FACE_OUTER_BOUND('',#304,.T.);
#136=FACE_OUTER_BOUND('',#305,.T.);
#137=FACE_OUTER_BOUND('',#306,.T.);
#138=FACE_OUTER_BOUND('',#307,.T.);
#139=FACE_OUTER_BOUND('',#308,.T.);
#140=FACE_OUTER_BOUND('',#309,.T.);
#141=FACE_OUTER_BOUND('',#310,.T.);
#142=FACE_OUTER_BOUND('',#311,.T.);
#143=FACE_OUTER_BOUND('',#312,.T.);
#144=FACE_OUTER_BOUND('',#313,.T.);
#145=FACE_OUTER_BOUND('',#314,.T.);
#146=FACE_OUTER_BOUND('',#315,.T.);
#147=FACE_OUTER_BOUND('',#316,.T.);
#148=FACE_OUTER_BOUND('',#317,.T.);
#149=FACE_OUTER_BOUND('',#319,.T.);
#150=FACE_OUTER_BOUND('',#320,.T.);
#151=FACE_OUTER_BOUND('',#321,.T.);
#152=FACE_OUTER_BOUND('',#322,.T.);
#153=FACE_OUTER_BOUND('',#323,.T.);
#154=FACE_OUTER_BOUND('',#324,.T.);
#155=FACE_OUTER_BOUND('',#325,.T.);
#156=FACE_OUTER_BOUND('',#326,.T.);
#157=FACE_OUTER_BOUND('',#327,.T.);
#158=FACE_OUTER_BOUND('',#328,.T.);
#159=FACE_OUTER_BOUND('',#329,.T.);
#160=FACE_OUTER_BOUND('',#330,.T.);
#161=FACE_OUTER_BOUND('',#331,.T.);
#162=FACE_OUTER_BOUND('',#332,.T.);
#163=FACE_OUTER_BOUND('',#333,.T.);
#164=FACE_OUTER_BOUND('',#334,.T.);
#165=FACE_OUTER_BOUND('',#335,.T.);
#166=FACE_OUTER_BOUND('',#336,.T.);
#167=FACE_OUTER_BOUND('',#337,.T.);
#168=FACE_OUTER_BOUND('',#338,.T.);
#169=FACE_OUTER_BOUND('',#339,.T.);
#170=FACE_OUTER_BOUND('',#341,.T.);
#171=FACE_OUTER_BOUND('',#342,.T.);
#172=FACE_OUTER_BOUND('',#343,.T.);
#173=FACE_OUTER_BOUND('',#344,.T.);
#174=FACE_OUTER_BOUND('',#345,.T.);
#175=FACE_OUTER_BOUND('',#346,.T.);
#176=FACE_OUTER_BOUND('',#347,.T.);
#177=FACE_OUTER_BOUND('',#348,.T.);
#178=FACE_OUTER_BOUND('',#349,.T.);
#179=FACE_OUTER_BOUND('',#350,.T.);
#180=FACE_OUTER_BOUND('',#351,.T.);
#181=FACE_OUTER_BOUND('',#352,.T.);
#182=FACE_OUTER_BOUND('',#353,.T.);
#183=FACE_OUTER_BOUND('',#354,.T.);
#184=FACE_OUTER_BOUND('',#355,.T.);
#185=FACE_OUTER_BOUND('',#356,.T.);
#186=FACE_OUTER_BOUND('',#357,.T.);
#187=FACE_OUTER_BOUND('',#358,.T.);
#188=FACE_OUTER_BOUND('',#359,.T.);
#189=FACE_OUTER_BOUND('',#360,.T.);
#190=FACE_OUTER_BOUND('',#361,.T.);
#191=FACE_OUTER_BOUND('',#362,.T.);
#192=FACE_OUTER_BOUND('',#364,.T.);
#193=FACE_OUTER_BOUND('',#365,.T.);
#194=FACE_OUTER_BOUND('',#366,.T.);
#195=FACE_OUTER_BOUND('',#367,.T.);
#196=FACE_OUTER_BOUND('',#368,.T.);
#197=FACE_OUTER_BOUND('',#369,.T.);
#198=FACE_OUTER_BOUND('',#370,.T.);
#199=FACE_OUTER_BOUND('',#371,.T.);
#200=FACE_OUTER_BOUND('',#372,.T.);
#201=FACE_OUTER_BOUND('',#373,.T.);
#202=FACE_OUTER_BOUND('',#374,.T.);
#203=FACE_OUTER_BOUND('',#375,.T.);
#204=FACE_OUTER_BOUND('',#376,.T.);
#205=FACE_OUTER_BOUND('',#377,.T.);
#206=FACE_OUTER_BOUND('',#378,.T.);
#207=FACE_OUTER_BOUND('',#379,.T.);
#208=FACE_OUTER_BOUND('',#380,.T.);
#209=FACE_OUTER_BOUND('',#381,.T.);
#210=FACE_OUTER_BOUND('',#382,.T.);
#211=FACE_OUTER_BOUND('',#383,.T.);
#212=FACE_OUTER_BOUND('',#384,.T.);
#213=FACE_OUTER_BOUND('',#385,.T.);
#214=FACE_OUTER_BOUND('',#386,.T.);
#215=FACE_OUTER_BOUND('',#387,.T.);
#216=FACE_OUTER_BOUND('',#388,.T.);
#217=FACE_OUTER_BOUND('',#389,.T.);
#218=FACE_OUTER_BOUND('',#390,.T.);
#219=FACE_OUTER_BOUND('',#391,.T.);
#220=FACE_OUTER_BOUND('',#392,.T.);
#221=FACE_OUTER_BOUND('',#393,.T.);
#222=FACE_OUTER_BOUND('',#394,.T.);
#223=FACE_OUTER_BOUND('',#395,.T.);
#224=FACE_OUTER_BOUND('',#396,.T.);
#225=FACE_OUTER_BOUND('',#397,.T.);
#226=FACE_OUTER_BOUND('',#398,.T.);
#227=FACE_OUTER_BOUND('',#400,.T.);
#228=FACE_OUTER_BOUND('',#401,.T.);
#229=FACE_OUTER_BOUND('',#402,.T.);
#230=FACE_OUTER_BOUND('',#403,.T.);
#231=FACE_OUTER_BOUND('',#404,.T.);
#232=FACE_OUTER_BOUND('',#405,.T.);
#233=FACE_OUTER_BOUND('',#406,.T.);
#234=FACE_OUTER_BOUND('',#407,.T.);
#235=FACE_OUTER_BOUND('',#408,.T.);
#236=FACE_OUTER_BOUND('',#409,.T.);
#237=FACE_OUTER_BOUND('',#410,.T.);
#238=FACE_OUTER_BOUND('',#411,.T.);
#239=FACE_OUTER_BOUND('',#412,.T.);
#240=FACE_OUTER_BOUND('',#413,.T.);
#241=FACE_OUTER_BOUND('',#414,.T.);
#242=FACE_OUTER_BOUND('',#415,.T.);
#243=FACE_OUTER_BOUND('',#416,.T.);
#244=FACE_OUTER_BOUND('',#417,.T.);
#245=FACE_OUTER_BOUND('',#418,.T.);
#246=FACE_OUTER_BOUND('',#419,.T.);
#247=FACE_OUTER_BOUND('',#420,.T.);
#248=FACE_OUTER_BOUND('',#421,.T.);
#249=FACE_OUTER_BOUND('',#422,.T.);
#250=FACE_OUTER_BOUND('',#423,.T.);
#251=FACE_OUTER_BOUND('',#424,.T.);
#252=FACE_OUTER_BOUND('',#425,.T.);
#253=FACE_OUTER_BOUND('',#426,.T.);
#254=FACE_OUTER_BOUND('',#427,.T.);
#255=FACE_OUTER_BOUND('',#428,.T.);
#256=FACE_OUTER_BOUND('',#429,.T.);
#257=FACE_OUTER_BOUND('',#430,.T.);
#258=FACE_OUTER_BOUND('',#431,.T.);
#259=FACE_OUTER_BOUND('',#432,.T.);
#260=FACE_OUTER_BOUND('',#434,.T.);
#261=FACE_OUTER_BOUND('',#435,.T.);
#262=FACE_OUTER_BOUND('',#436,.T.);
#263=FACE_OUTER_BOUND('',#437,.T.);
#264=FACE_OUTER_BOUND('',#438,.T.);
#265=FACE_OUTER_BOUND('',#439,.T.);
#266=FACE_OUTER_BOUND('',#440,.T.);
#267=FACE_OUTER_BOUND('',#441,.T.);
#268=FACE_OUTER_BOUND('',#442,.T.);
#269=FACE_OUTER_BOUND('',#443,.T.);
#270=FACE_OUTER_BOUND('',#444,.T.);
#271=FACE_OUTER_BOUND('',#445,.T.);
#272=FACE_OUTER_BOUND('',#457,.T.);
#273=FACE_OUTER_BOUND('',#458,.T.);
#274=FACE_OUTER_BOUND('',#459,.T.);
#275=FACE_OUTER_BOUND('',#460,.T.);
#276=FACE_OUTER_BOUND('',#461,.T.);
#277=FACE_OUTER_BOUND('',#462,.T.);
#278=FACE_OUTER_BOUND('',#467,.T.);
#279=FACE_OUTER_BOUND('',#468,.T.);
#280=FACE_OUTER_BOUND('',#469,.T.);
#281=FACE_OUTER_BOUND('',#470,.T.);
#282=FACE_OUTER_BOUND('',#471,.T.);
#283=FACE_OUTER_BOUND('',#472,.T.);
#284=FACE_OUTER_BOUND('',#473,.T.);
#285=FACE_OUTER_BOUND('',#474,.T.);
#286=FACE_OUTER_BOUND('',#475,.T.);
#287=FACE_OUTER_BOUND('',#476,.T.);
#288=FACE_OUTER_BOUND('',#477,.T.);
#289=FACE_OUTER_BOUND('',#478,.T.);
#290=FACE_OUTER_BOUND('',#479,.T.);
#291=FACE_OUTER_BOUND('',#480,.T.);
#292=FACE_OUTER_BOUND('',#481,.T.);
#293=FACE_OUTER_BOUND('',#482,.T.);
#294=FACE_OUTER_BOUND('',#483,.T.);
#295=FACE_OUTER_BOUND('',#484,.T.);
#296=FACE_OUTER_BOUND('',#485,.T.);
#297=FACE_OUTER_BOUND('',#486,.T.);
#298=EDGE_LOOP('',(#1978,#1979,#1980,#1981));
#299=EDGE_LOOP('',(#1982,#1983,#1984,#1985));
#300=EDGE_LOOP('',(#1986,#1987,#1988,#1989));
#301=EDGE_LOOP('',(#1990,#1991,#1992,#1993));
#302=EDGE_LOOP('',(#1994,#1995,#1996,#1997));
#303=EDGE_LOOP('',(#1998,#1999,#2000,#2001));
#304=EDGE_LOOP('',(#2002,#2003,#2004,#2005));
#305=EDGE_LOOP('',(#2006,#2007,#2008,#2009));
#306=EDGE_LOOP('',(#2010,#2011,#2012,#2013));
#307=EDGE_LOOP('',(#2014,#2015,#2016,#2017));
#308=EDGE_LOOP('',(#2018,#2019,#2020,#2021));
#309=EDGE_LOOP('',(#2022,#2023,#2024,#2025));
#310=EDGE_LOOP('',(#2026,#2027,#2028,#2029));
#311=EDGE_LOOP('',(#2030,#2031,#2032,#2033));
#312=EDGE_LOOP('',(#2034,#2035,#2036,#2037));
#313=EDGE_LOOP('',(#2038,#2039,#2040,#2041));
#314=EDGE_LOOP('',(#2042,#2043,#2044,#2045));
#315=EDGE_LOOP('',(#2046,#2047,#2048,#2049));
#316=EDGE_LOOP('',(#2050,#2051,#2052,#2053));
#317=EDGE_LOOP('',(#2054,#2055,#2056,#2057,#2058,#2059,#2060,#2061,#2062,
#2063,#2064,#2065,#2066,#2067));
#318=EDGE_LOOP('',(#2068,#2069,#2070,#2071,#2072));
#319=EDGE_LOOP('',(#2073,#2074,#2075,#2076));
#320=EDGE_LOOP('',(#2077,#2078,#2079,#2080));
#321=EDGE_LOOP('',(#2081,#2082,#2083,#2084));
#322=EDGE_LOOP('',(#2085,#2086,#2087,#2088));
#323=EDGE_LOOP('',(#2089,#2090,#2091,#2092));
#324=EDGE_LOOP('',(#2093,#2094,#2095,#2096));
#325=EDGE_LOOP('',(#2097,#2098,#2099,#2100));
#326=EDGE_LOOP('',(#2101,#2102,#2103,#2104));
#327=EDGE_LOOP('',(#2105,#2106,#2107,#2108));
#328=EDGE_LOOP('',(#2109,#2110,#2111,#2112));
#329=EDGE_LOOP('',(#2113,#2114,#2115,#2116));
#330=EDGE_LOOP('',(#2117,#2118,#2119,#2120));
#331=EDGE_LOOP('',(#2121,#2122,#2123,#2124));
#332=EDGE_LOOP('',(#2125,#2126,#2127,#2128));
#333=EDGE_LOOP('',(#2129,#2130,#2131,#2132));
#334=EDGE_LOOP('',(#2133,#2134,#2135,#2136));
#335=EDGE_LOOP('',(#2137,#2138,#2139,#2140));
#336=EDGE_LOOP('',(#2141,#2142,#2143,#2144));
#337=EDGE_LOOP('',(#2145,#2146,#2147,#2148));
#338=EDGE_LOOP('',(#2149,#2150,#2151,#2152));
#339=EDGE_LOOP('',(#2153,#2154,#2155,#2156,#2157,#2158,#2159,#2160,#2161,
#2162,#2163,#2164));
#340=EDGE_LOOP('',(#2165,#2166,#2167,#2168,#2169,#2170,#2171,#2172));
#341=EDGE_LOOP('',(#2173,#2174,#2175,#2176));
#342=EDGE_LOOP('',(#2177,#2178,#2179,#2180));
#343=EDGE_LOOP('',(#2181,#2182,#2183,#2184));
#344=EDGE_LOOP('',(#2185,#2186,#2187,#2188));
#345=EDGE_LOOP('',(#2189,#2190,#2191,#2192));
#346=EDGE_LOOP('',(#2193,#2194,#2195,#2196));
#347=EDGE_LOOP('',(#2197,#2198,#2199,#2200));
#348=EDGE_LOOP('',(#2201,#2202,#2203,#2204));
#349=EDGE_LOOP('',(#2205,#2206,#2207,#2208));
#350=EDGE_LOOP('',(#2209,#2210,#2211,#2212));
#351=EDGE_LOOP('',(#2213,#2214,#2215,#2216));
#352=EDGE_LOOP('',(#2217,#2218,#2219,#2220));
#353=EDGE_LOOP('',(#2221,#2222,#2223,#2224));
#354=EDGE_LOOP('',(#2225,#2226,#2227,#2228));
#355=EDGE_LOOP('',(#2229,#2230,#2231,#2232));
#356=EDGE_LOOP('',(#2233,#2234,#2235,#2236));
#357=EDGE_LOOP('',(#2237,#2238,#2239,#2240));
#358=EDGE_LOOP('',(#2241,#2242,#2243,#2244));
#359=EDGE_LOOP('',(#2245,#2246,#2247,#2248));
#360=EDGE_LOOP('',(#2249,#2250,#2251,#2252));
#361=EDGE_LOOP('',(#2253,#2254,#2255,#2256));
#362=EDGE_LOOP('',(#2257,#2258,#2259,#2260,#2261,#2262,#2263,#2264,#2265,
#2266,#2267,#2268));
#363=EDGE_LOOP('',(#2269,#2270,#2271,#2272,#2273,#2274,#2275,#2276,#2277));
#364=EDGE_LOOP('',(#2278,#2279,#2280,#2281));
#365=EDGE_LOOP('',(#2282,#2283,#2284,#2285));
#366=EDGE_LOOP('',(#2286,#2287,#2288,#2289));
#367=EDGE_LOOP('',(#2290,#2291,#2292,#2293));
#368=EDGE_LOOP('',(#2294,#2295,#2296,#2297));
#369=EDGE_LOOP('',(#2298,#2299,#2300,#2301));
#370=EDGE_LOOP('',(#2302,#2303,#2304,#2305));
#371=EDGE_LOOP('',(#2306,#2307,#2308,#2309));
#372=EDGE_LOOP('',(#2310,#2311,#2312,#2313));
#373=EDGE_LOOP('',(#2314,#2315,#2316,#2317));
#374=EDGE_LOOP('',(#2318,#2319,#2320,#2321));
#375=EDGE_LOOP('',(#2322,#2323,#2324,#2325));
#376=EDGE_LOOP('',(#2326,#2327,#2328,#2329));
#377=EDGE_LOOP('',(#2330,#2331,#2332,#2333));
#378=EDGE_LOOP('',(#2334,#2335,#2336,#2337));
#379=EDGE_LOOP('',(#2338,#2339,#2340,#2341));
#380=EDGE_LOOP('',(#2342,#2343,#2344,#2345));
#381=EDGE_LOOP('',(#2346,#2347,#2348,#2349));
#382=EDGE_LOOP('',(#2350,#2351,#2352,#2353));
#383=EDGE_LOOP('',(#2354,#2355,#2356,#2357));
#384=EDGE_LOOP('',(#2358,#2359,#2360,#2361));
#385=EDGE_LOOP('',(#2362,#2363,#2364,#2365));
#386=EDGE_LOOP('',(#2366,#2367,#2368,#2369));
#387=EDGE_LOOP('',(#2370,#2371,#2372,#2373));
#388=EDGE_LOOP('',(#2374,#2375,#2376,#2377));
#389=EDGE_LOOP('',(#2378,#2379,#2380,#2381));
#390=EDGE_LOOP('',(#2382,#2383,#2384,#2385));
#391=EDGE_LOOP('',(#2386,#2387,#2388,#2389));
#392=EDGE_LOOP('',(#2390,#2391,#2392,#2393));
#393=EDGE_LOOP('',(#2394,#2395,#2396,#2397));
#394=EDGE_LOOP('',(#2398,#2399,#2400,#2401));
#395=EDGE_LOOP('',(#2402,#2403,#2404,#2405));
#396=EDGE_LOOP('',(#2406,#2407,#2408,#2409));
#397=EDGE_LOOP('',(#2410,#2411,#2412,#2413));
#398=EDGE_LOOP('',(#2414,#2415,#2416,#2417,#2418,#2419,#2420,#2421,#2422,
#2423,#2424,#2425,#2426,#2427,#2428,#2429,#2430,#2431,#2432,#2433,#2434,
#2435,#2436,#2437,#2438));
#399=EDGE_LOOP('',(#2439,#2440,#2441,#2442,#2443,#2444,#2445,#2446,#2447));
#400=EDGE_LOOP('',(#2448,#2449,#2450,#2451));
#401=EDGE_LOOP('',(#2452,#2453,#2454,#2455));
#402=EDGE_LOOP('',(#2456,#2457,#2458,#2459));
#403=EDGE_LOOP('',(#2460,#2461,#2462,#2463));
#404=EDGE_LOOP('',(#2464,#2465,#2466,#2467));
#405=EDGE_LOOP('',(#2468,#2469,#2470,#2471));
#406=EDGE_LOOP('',(#2472,#2473,#2474,#2475));
#407=EDGE_LOOP('',(#2476,#2477,#2478,#2479));
#408=EDGE_LOOP('',(#2480,#2481,#2482,#2483));
#409=EDGE_LOOP('',(#2484,#2485,#2486,#2487));
#410=EDGE_LOOP('',(#2488,#2489,#2490,#2491));
#411=EDGE_LOOP('',(#2492,#2493,#2494,#2495));
#412=EDGE_LOOP('',(#2496,#2497,#2498,#2499));
#413=EDGE_LOOP('',(#2500,#2501,#2502,#2503,#2504,#2505,#2506,#2507,#2508,
#2509,#2510,#2511,#2512));
#414=EDGE_LOOP('',(#2513,#2514,#2515,#2516));
#415=EDGE_LOOP('',(#2517,#2518,#2519,#2520));
#416=EDGE_LOOP('',(#2521,#2522,#2523,#2524));
#417=EDGE_LOOP('',(#2525,#2526,#2527,#2528));
#418=EDGE_LOOP('',(#2529,#2530,#2531,#2532));
#419=EDGE_LOOP('',(#2533,#2534,#2535,#2536));
#420=EDGE_LOOP('',(#2537,#2538,#2539,#2540));
#421=EDGE_LOOP('',(#2541,#2542,#2543,#2544));
#422=EDGE_LOOP('',(#2545,#2546,#2547,#2548));
#423=EDGE_LOOP('',(#2549,#2550,#2551,#2552));
#424=EDGE_LOOP('',(#2553,#2554,#2555,#2556));
#425=EDGE_LOOP('',(#2557,#2558,#2559,#2560));
#426=EDGE_LOOP('',(#2561,#2562,#2563,#2564));
#427=EDGE_LOOP('',(#2565,#2566,#2567,#2568));
#428=EDGE_LOOP('',(#2569,#2570,#2571,#2572));
#429=EDGE_LOOP('',(#2573,#2574,#2575,#2576));
#430=EDGE_LOOP('',(#2577,#2578,#2579,#2580));
#431=EDGE_LOOP('',(#2581,#2582,#2583,#2584));
#432=EDGE_LOOP('',(#2585,#2586,#2587,#2588,#2589,#2590,#2591,#2592,#2593,
#2594));
#433=EDGE_LOOP('',(#2595,#2596,#2597,#2598,#2599,#2600,#2601,#2602));
#434=EDGE_LOOP('',(#2603,#2604,#2605,#2606));
#435=EDGE_LOOP('',(#2607,#2608,#2609,#2610));
#436=EDGE_LOOP('',(#2611,#2612,#2613,#2614));
#437=EDGE_LOOP('',(#2615,#2616,#2617,#2618));
#438=EDGE_LOOP('',(#2619,#2620,#2621,#2622));
#439=EDGE_LOOP('',(#2623,#2624,#2625,#2626));
#440=EDGE_LOOP('',(#2627,#2628,#2629,#2630));
#441=EDGE_LOOP('',(#2631,#2632,#2633,#2634));
#442=EDGE_LOOP('',(#2635,#2636,#2637,#2638));
#443=EDGE_LOOP('',(#2639,#2640,#2641,#2642));
#444=EDGE_LOOP('',(#2643,#2644,#2645,#2646,#2647,#2648,#2649,#2650,#2651,
#2652));
#445=EDGE_LOOP('',(#2653,#2654,#2655,#2656,#2657,#2658,#2659,#2660));
#446=EDGE_LOOP('',(#2661));
#447=EDGE_LOOP('',(#2662));
#448=EDGE_LOOP('',(#2663));
#449=EDGE_LOOP('',(#2664));
#450=EDGE_LOOP('',(#2665,#2666,#2667,#2668,#2669,#2670,#2671,#2672,#2673,
#2674));
#451=EDGE_LOOP('',(#2675,#2676,#2677,#2678,#2679,#2680,#2681,#2682,#2683,
#2684));
#452=EDGE_LOOP('',(#2685,#2686,#2687,#2688,#2689,#2690,#2691,#2692,#2693,
#2694,#2695,#2696,#2697));
#453=EDGE_LOOP('',(#2698,#2699,#2700,#2701,#2702,#2703,#2704,#2705,#2706,
#2707,#2708,#2709,#2710,#2711,#2712,#2713,#2714,#2715,#2716,#2717,#2718,
#2719,#2720,#2721,#2722));
#454=EDGE_LOOP('',(#2723,#2724,#2725,#2726,#2727,#2728,#2729,#2730,#2731,
#2732,#2733,#2734));
#455=EDGE_LOOP('',(#2735,#2736,#2737,#2738,#2739,#2740,#2741,#2742,#2743,
#2744,#2745,#2746));
#456=EDGE_LOOP('',(#2747,#2748,#2749,#2750,#2751,#2752,#2753,#2754,#2755,
#2756,#2757,#2758,#2759,#2760));
#457=EDGE_LOOP('',(#2761,#2762,#2763,#2764,#2765,#2766,#2767,#2768));
#458=EDGE_LOOP('',(#2769,#2770,#2771,#2772,#2773,#2774,#2775,#2776,#2777));
#459=EDGE_LOOP('',(#2778,#2779,#2780,#2781,#2782,#2783,#2784,#2785,#2786));
#460=EDGE_LOOP('',(#2787,#2788,#2789,#2790,#2791,#2792,#2793,#2794));
#461=EDGE_LOOP('',(#2795,#2796,#2797,#2798));
#462=EDGE_LOOP('',(#2799,#2800,#2801,#2802,#2803,#2804,#2805,#2806,#2807,
#2808,#2809,#2810,#2811,#2812,#2813,#2814));
#463=EDGE_LOOP('',(#2815));
#464=EDGE_LOOP('',(#2816));
#465=EDGE_LOOP('',(#2817));
#466=EDGE_LOOP('',(#2818));
#467=EDGE_LOOP('',(#2819,#2820,#2821,#2822));
#468=EDGE_LOOP('',(#2823,#2824,#2825,#2826));
#469=EDGE_LOOP('',(#2827,#2828,#2829,#2830));
#470=EDGE_LOOP('',(#2831,#2832,#2833,#2834));
#471=EDGE_LOOP('',(#2835,#2836,#2837,#2838));
#472=EDGE_LOOP('',(#2839,#2840,#2841,#2842));
#473=EDGE_LOOP('',(#2843,#2844,#2845,#2846));
#474=EDGE_LOOP('',(#2847,#2848,#2849,#2850));
#475=EDGE_LOOP('',(#2851,#2852,#2853,#2854,#2855,#2856,#2857,#2858));
#476=EDGE_LOOP('',(#2859,#2860,#2861,#2862));
#477=EDGE_LOOP('',(#2863,#2864,#2865,#2866));
#478=EDGE_LOOP('',(#2867,#2868,#2869,#2870));
#479=EDGE_LOOP('',(#2871,#2872,#2873,#2874));
#480=EDGE_LOOP('',(#2875,#2876,#2877,#2878));
#481=EDGE_LOOP('',(#2879,#2880,#2881,#2882));
#482=EDGE_LOOP('',(#2883,#2884,#2885,#2886));
#483=EDGE_LOOP('',(#2887,#2888,#2889,#2890));
#484=EDGE_LOOP('',(#2891,#2892,#2893,#2894,#2895,#2896,#2897,#2898));
#485=EDGE_LOOP('',(#2899,#2900,#2901,#2902));
#486=EDGE_LOOP('',(#2903,#2904,#2905,#2906,#2907));
#487=LINE('',#3752,#754);
#488=LINE('',#3759,#755);
#489=LINE('',#3777,#756);
#490=LINE('',#3800,#757);
#491=LINE('',#3823,#758);
#492=LINE('',#3830,#759);
#493=LINE('',#3831,#760);
#494=LINE('',#3850,#761);
#495=LINE('',#3857,#762);
#496=LINE('',#3875,#763);
#497=LINE('',#3898,#764);
#498=LINE('',#3906,#765);
#499=LINE('',#3908,#766);
#500=LINE('',#3909,#767);
#501=LINE('',#3927,#768);
#502=LINE('',#3950,#769);
#503=LINE('',#3973,#770);
#504=LINE('',#3996,#771);
#505=LINE('',#4019,#772);
#506=LINE('',#4042,#773);
#507=LINE('',#4065,#774);
#508=LINE('',#4088,#775);
#509=LINE('',#4096,#776);
#510=LINE('',#4098,#777);
#511=LINE('',#4099,#778);
#512=LINE('',#4139,#779);
#513=LINE('',#4146,#780);
#514=LINE('',#4164,#781);
#515=LINE('',#4187,#782);
#516=LINE('',#4210,#783);
#517=LINE('',#4233,#784);
#518=LINE('',#4256,#785);
#519=LINE('',#4279,#786);
#520=LINE('',#4308,#787);
#521=LINE('',#4310,#788);
#522=LINE('',#4312,#789);
#523=LINE('',#4313,#790);
#524=LINE('',#4316,#791);
#525=LINE('',#4318,#792);
#526=LINE('',#4319,#793);
#527=LINE('',#4337,#794);
#528=LINE('',#4360,#795);
#529=LINE('',#4383,#796);
#530=LINE('',#4406,#797);
#531=LINE('',#4429,#798);
#532=LINE('',#4452,#799);
#533=LINE('',#4475,#800);
#534=LINE('',#4483,#801);
#535=LINE('',#4485,#802);
#536=LINE('',#4486,#803);
#537=LINE('',#4489,#804);
#538=LINE('',#4491,#805);
#539=LINE('',#4492,#806);
#540=LINE('',#4494,#807);
#541=LINE('',#4495,#808);
#542=LINE('',#4515,#809);
#543=LINE('',#4522,#810);
#544=LINE('',#4540,#811);
#545=LINE('',#4563,#812);
#546=LINE('',#4586,#813);
#547=LINE('',#4609,#814);
#548=LINE('',#4632,#815);
#549=LINE('',#4640,#816);
#550=LINE('',#4642,#817);
#551=LINE('',#4643,#818);
#552=LINE('',#4646,#819);
#553=LINE('',#4648,#820);
#554=LINE('',#4649,#821);
#555=LINE('',#4651,#822);
#556=LINE('',#4652,#823);
#557=LINE('',#4656,#824);
#558=LINE('',#4658,#825);
#559=LINE('',#4660,#826);
#560=LINE('',#4661,#827);
#561=LINE('',#4664,#828);
#562=LINE('',#4666,#829);
#563=LINE('',#4667,#830);
#564=LINE('',#4685,#831);
#565=LINE('',#4708,#832);
#566=LINE('',#4731,#833);
#567=LINE('',#4754,#834);
#568=LINE('',#4777,#835);
#569=LINE('',#4800,#836);
#570=LINE('',#4823,#837);
#571=LINE('',#4831,#838);
#572=LINE('',#4833,#839);
#573=LINE('',#4834,#840);
#574=LINE('',#4837,#841);
#575=LINE('',#4839,#842);
#576=LINE('',#4840,#843);
#577=LINE('',#4842,#844);
#578=LINE('',#4843,#845);
#579=LINE('',#4863,#846);
#580=LINE('',#4870,#847);
#581=LINE('',#4888,#848);
#582=LINE('',#4911,#849);
#583=LINE('',#4934,#850);
#584=LINE('',#4957,#851);
#585=LINE('',#4980,#852);
#586=LINE('',#5003,#853);
#587=LINE('',#5026,#854);
#588=LINE('',#5033,#855);
#589=LINE('',#5034,#856);
#590=LINE('',#5053,#857);
#591=LINE('',#5060,#858);
#592=LINE('',#5078,#859);
#593=LINE('',#5101,#860);
#594=LINE('',#5109,#861);
#595=LINE('',#5111,#862);
#596=LINE('',#5112,#863);
#597=LINE('',#5130,#864);
#598=LINE('',#5153,#865);
#599=LINE('',#5176,#866);
#600=LINE('',#5199,#867);
#601=LINE('',#5222,#868);
#602=LINE('',#5245,#869);
#603=LINE('',#5268,#870);
#604=LINE('',#5291,#871);
#605=LINE('',#5314,#872);
#606=LINE('',#5337,#873);
#607=LINE('',#5345,#874);
#608=LINE('',#5347,#875);
#609=LINE('',#5348,#876);
#610=LINE('',#5366,#877);
#611=LINE('',#5389,#878);
#612=LINE('',#5397,#879);
#613=LINE('',#5399,#880);
#614=LINE('',#5400,#881);
#615=LINE('',#5418,#882);
#616=LINE('',#5441,#883);
#617=LINE('',#5464,#884);
#618=LINE('',#5487,#885);
#619=LINE('',#5510,#886);
#620=LINE('',#5518,#887);
#621=LINE('',#5520,#888);
#622=LINE('',#5521,#889);
#623=LINE('',#5546,#890);
#624=LINE('',#5548,#891);
#625=LINE('',#5550,#892);
#626=LINE('',#5551,#893);
#627=LINE('',#5554,#894);
#628=LINE('',#5556,#895);
#629=LINE('',#5557,#896);
#630=LINE('',#5560,#897);
#631=LINE('',#5562,#898);
#632=LINE('',#5563,#899);
#633=LINE('',#5566,#900);
#634=LINE('',#5568,#901);
#635=LINE('',#5569,#902);
#636=LINE('',#5572,#903);
#637=LINE('',#5574,#904);
#638=LINE('',#5575,#905);
#639=LINE('',#5578,#906);
#640=LINE('',#5580,#907);
#641=LINE('',#5581,#908);
#642=LINE('',#5584,#909);
#643=LINE('',#5586,#910);
#644=LINE('',#5587,#911);
#645=LINE('',#5590,#912);
#646=LINE('',#5592,#913);
#647=LINE('',#5593,#914);
#648=LINE('',#5596,#915);
#649=LINE('',#5598,#916);
#650=LINE('',#5599,#917);
#651=LINE('',#5602,#918);
#652=LINE('',#5604,#919);
#653=LINE('',#5605,#920);
#654=LINE('',#5608,#921);
#655=LINE('',#5610,#922);
#656=LINE('',#5611,#923);
#657=LINE('',#5614,#924);
#658=LINE('',#5616,#925);
#659=LINE('',#5617,#926);
#660=LINE('',#5619,#927);
#661=LINE('',#5620,#928);
#662=LINE('',#5640,#929);
#663=LINE('',#5647,#930);
#664=LINE('',#5665,#931);
#665=LINE('',#5688,#932);
#666=LINE('',#5711,#933);
#667=LINE('',#5734,#934);
#668=LINE('',#5757,#935);
#669=LINE('',#5780,#936);
#670=LINE('',#5824,#937);
#671=LINE('',#5831,#938);
#672=LINE('',#5849,#939);
#673=LINE('',#5872,#940);
#674=LINE('',#5895,#941);
#675=LINE('',#5918,#942);
#676=LINE('',#5941,#943);
#677=LINE('',#5964,#944);
#678=LINE('',#5987,#945);
#679=LINE('',#6010,#946);
#680=LINE('',#6040,#947);
#681=LINE('',#6042,#948);
#682=LINE('',#6044,#949);
#683=LINE('',#6045,#950);
#684=LINE('',#6048,#951);
#685=LINE('',#6050,#952);
#686=LINE('',#6051,#953);
#687=LINE('',#6054,#954);
#688=LINE('',#6056,#955);
#689=LINE('',#6057,#956);
#690=LINE('',#6060,#957);
#691=LINE('',#6062,#958);
#692=LINE('',#6063,#959);
#693=LINE('',#6066,#960);
#694=LINE('',#6068,#961);
#695=LINE('',#6069,#962);
#696=LINE('',#6072,#963);
#697=LINE('',#6074,#964);
#698=LINE('',#6075,#965);
#699=LINE('',#6078,#966);
#700=LINE('',#6080,#967);
#701=LINE('',#6081,#968);
#702=LINE('',#6084,#969);
#703=LINE('',#6086,#970);
#704=LINE('',#6087,#971);
#705=LINE('',#6090,#972);
#706=LINE('',#6092,#973);
#707=LINE('',#6093,#974);
#708=LINE('',#6095,#975);
#709=LINE('',#6096,#976);
#710=LINE('',#6103,#977);
#711=LINE('',#6107,#978);
#712=LINE('',#6111,#979);
#713=LINE('',#6114,#980);
#714=LINE('',#6131,#981);
#715=LINE('',#6132,#982);
#716=LINE('',#6135,#983);
#717=LINE('',#6139,#984);
#718=LINE('',#6143,#985);
#719=LINE('',#6147,#986);
#720=LINE('',#6149,#987);
#721=LINE('',#6151,#988);
#722=LINE('',#6153,#989);
#723=LINE('',#6155,#990);
#724=LINE('',#6157,#991);
#725=LINE('',#6159,#992);
#726=LINE('',#6161,#993);
#727=LINE('',#6162,#994);
#728=LINE('',#6172,#995);
#729=LINE('',#6174,#996);
#730=LINE('',#6176,#997);
#731=LINE('',#6177,#998);
#732=LINE('',#6179,#999);
#733=LINE('',#6181,#1000);
#734=LINE('',#6184,#1001);
#735=LINE('',#6186,#1002);
#736=LINE('',#6187,#1003);
#737=LINE('',#6190,#1004);
#738=LINE('',#6192,#1005);
#739=LINE('',#6193,#1006);
#740=LINE('',#6195,#1007);
#741=LINE('',#6196,#1008);
#742=LINE('',#6199,#1009);
#743=LINE('',#6201,#1010);
#744=LINE('',#6202,#1011);
#745=LINE('',#6205,#1012);
#746=LINE('',#6206,#1013);
#747=LINE('',#6208,#1014);
#748=LINE('',#6210,#1015);
#749=LINE('',#6212,#1016);
#750=LINE('',#6215,#1017);
#751=LINE('',#6216,#1018);
#752=LINE('',#6218,#1019);
#753=LINE('',#6220,#1020);
#754=VECTOR('',#3278,10.);
#755=VECTOR('',#3279,10.);
#756=VECTOR('',#3280,10.);
#757=VECTOR('',#3281,10.);
#758=VECTOR('',#3282,10.);
#759=VECTOR('',#3285,10.);
#760=VECTOR('',#3286,10.);
#761=VECTOR('',#3287,10.);
#762=VECTOR('',#3288,10.);
#763=VECTOR('',#3289,10.);
#764=VECTOR('',#3290,10.);
#765=VECTOR('',#3293,10.);
#766=VECTOR('',#3294,10.);
#767=VECTOR('',#3295,10.);
#768=VECTOR('',#3296,10.);
#769=VECTOR('',#3297,10.);
#770=VECTOR('',#3298,10.);
#771=VECTOR('',#3299,10.);
#772=VECTOR('',#3300,10.);
#773=VECTOR('',#3301,10.);
#774=VECTOR('',#3302,10.);
#775=VECTOR('',#3303,10.);
#776=VECTOR('',#3306,10.);
#777=VECTOR('',#3307,10.);
#778=VECTOR('',#3308,10.);
#779=VECTOR('',#3311,10.);
#780=VECTOR('',#3312,10.);
#781=VECTOR('',#3313,10.);
#782=VECTOR('',#3314,10.);
#783=VECTOR('',#3315,10.);
#784=VECTOR('',#3316,10.);
#785=VECTOR('',#3317,10.);
#786=VECTOR('',#3318,10.);
#787=VECTOR('',#3321,10.);
#788=VECTOR('',#3322,10.);
#789=VECTOR('',#3323,10.);
#790=VECTOR('',#3324,10.);
#791=VECTOR('',#3327,10.);
#792=VECTOR('',#3328,10.);
#793=VECTOR('',#3329,10.);
#794=VECTOR('',#3330,10.);
#795=VECTOR('',#3331,10.);
#796=VECTOR('',#3332,10.);
#797=VECTOR('',#3333,10.);
#798=VECTOR('',#3334,10.);
#799=VECTOR('',#3335,10.);
#800=VECTOR('',#3336,10.);
#801=VECTOR('',#3339,10.);
#802=VECTOR('',#3340,10.);
#803=VECTOR('',#3341,10.);
#804=VECTOR('',#3344,10.);
#805=VECTOR('',#3345,10.);
#806=VECTOR('',#3346,10.);
#807=VECTOR('',#3349,10.);
#808=VECTOR('',#3350,10.);
#809=VECTOR('',#3353,10.);
#810=VECTOR('',#3354,10.);
#811=VECTOR('',#3355,10.);
#812=VECTOR('',#3356,10.);
#813=VECTOR('',#3357,10.);
#814=VECTOR('',#3358,10.);
#815=VECTOR('',#3359,10.);
#816=VECTOR('',#3362,10.);
#817=VECTOR('',#3363,10.);
#818=VECTOR('',#3364,10.);
#819=VECTOR('',#3367,10.);
#820=VECTOR('',#3368,10.);
#821=VECTOR('',#3369,10.);
#822=VECTOR('',#3372,10.);
#823=VECTOR('',#3373,10.);
#824=VECTOR('',#3376,10.);
#825=VECTOR('',#3377,10.);
#826=VECTOR('',#3378,10.);
#827=VECTOR('',#3379,10.);
#828=VECTOR('',#3382,10.);
#829=VECTOR('',#3383,10.);
#830=VECTOR('',#3384,10.);
#831=VECTOR('',#3385,10.);
#832=VECTOR('',#3386,10.);
#833=VECTOR('',#3387,10.);
#834=VECTOR('',#3388,10.);
#835=VECTOR('',#3389,10.);
#836=VECTOR('',#3390,10.);
#837=VECTOR('',#3391,10.);
#838=VECTOR('',#3394,10.);
#839=VECTOR('',#3395,10.);
#840=VECTOR('',#3396,10.);
#841=VECTOR('',#3399,10.);
#842=VECTOR('',#3400,10.);
#843=VECTOR('',#3401,10.);
#844=VECTOR('',#3404,10.);
#845=VECTOR('',#3405,10.);
#846=VECTOR('',#3408,10.);
#847=VECTOR('',#3409,10.);
#848=VECTOR('',#3410,10.);
#849=VECTOR('',#3411,10.);
#850=VECTOR('',#3412,10.);
#851=VECTOR('',#3413,10.);
#852=VECTOR('',#3414,10.);
#853=VECTOR('',#3415,10.);
#854=VECTOR('',#3416,10.);
#855=VECTOR('',#3419,10.);
#856=VECTOR('',#3420,10.);
#857=VECTOR('',#3421,10.);
#858=VECTOR('',#3422,10.);
#859=VECTOR('',#3423,10.);
#860=VECTOR('',#3424,10.);
#861=VECTOR('',#3427,10.);
#862=VECTOR('',#3428,10.);
#863=VECTOR('',#3429,10.);
#864=VECTOR('',#3430,10.);
#865=VECTOR('',#3431,10.);
#866=VECTOR('',#3432,10.);
#867=VECTOR('',#3433,10.);
#868=VECTOR('',#3434,10.);
#869=VECTOR('',#3435,10.);
#870=VECTOR('',#3436,10.);
#871=VECTOR('',#3437,10.);
#872=VECTOR('',#3438,10.);
#873=VECTOR('',#3439,10.);
#874=VECTOR('',#3442,10.);
#875=VECTOR('',#3443,10.);
#876=VECTOR('',#3444,10.);
#877=VECTOR('',#3445,10.);
#878=VECTOR('',#3446,10.);
#879=VECTOR('',#3449,10.);
#880=VECTOR('',#3450,10.);
#881=VECTOR('',#3451,10.);
#882=VECTOR('',#3452,10.);
#883=VECTOR('',#3453,10.);
#884=VECTOR('',#3454,10.);
#885=VECTOR('',#3455,10.);
#886=VECTOR('',#3456,10.);
#887=VECTOR('',#3459,10.);
#888=VECTOR('',#3460,10.);
#889=VECTOR('',#3461,10.);
#890=VECTOR('',#3466,10.);
#891=VECTOR('',#3467,10.);
#892=VECTOR('',#3468,10.);
#893=VECTOR('',#3469,10.);
#894=VECTOR('',#3472,10.);
#895=VECTOR('',#3473,10.);
#896=VECTOR('',#3474,10.);
#897=VECTOR('',#3477,10.);
#898=VECTOR('',#3478,10.);
#899=VECTOR('',#3479,10.);
#900=VECTOR('',#3482,10.);
#901=VECTOR('',#3483,10.);
#902=VECTOR('',#3484,10.);
#903=VECTOR('',#3487,10.);
#904=VECTOR('',#3488,10.);
#905=VECTOR('',#3489,10.);
#906=VECTOR('',#3492,10.);
#907=VECTOR('',#3493,10.);
#908=VECTOR('',#3494,10.);
#909=VECTOR('',#3497,10.);
#910=VECTOR('',#3498,10.);
#911=VECTOR('',#3499,10.);
#912=VECTOR('',#3502,10.);
#913=VECTOR('',#3503,10.);
#914=VECTOR('',#3504,10.);
#915=VECTOR('',#3507,10.);
#916=VECTOR('',#3508,10.);
#917=VECTOR('',#3509,10.);
#918=VECTOR('',#3512,10.);
#919=VECTOR('',#3513,10.);
#920=VECTOR('',#3514,10.);
#921=VECTOR('',#3517,10.);
#922=VECTOR('',#3518,10.);
#923=VECTOR('',#3519,10.);
#924=VECTOR('',#3522,10.);
#925=VECTOR('',#3523,10.);
#926=VECTOR('',#3524,10.);
#927=VECTOR('',#3527,10.);
#928=VECTOR('',#3528,10.);
#929=VECTOR('',#3531,10.);
#930=VECTOR('',#3532,10.);
#931=VECTOR('',#3533,10.);
#932=VECTOR('',#3534,10.);
#933=VECTOR('',#3535,10.);
#934=VECTOR('',#3536,10.);
#935=VECTOR('',#3537,10.);
#936=VECTOR('',#3538,10.);
#937=VECTOR('',#3539,10.);
#938=VECTOR('',#3540,10.);
#939=VECTOR('',#3541,10.);
#940=VECTOR('',#3542,10.);
#941=VECTOR('',#3543,10.);
#942=VECTOR('',#3544,10.);
#943=VECTOR('',#3545,10.);
#944=VECTOR('',#3546,10.);
#945=VECTOR('',#3547,10.);
#946=VECTOR('',#3548,10.);
#947=VECTOR('',#3553,10.);
#948=VECTOR('',#3554,10.);
#949=VECTOR('',#3555,10.);
#950=VECTOR('',#3556,10.);
#951=VECTOR('',#3559,10.);
#952=VECTOR('',#3560,10.);
#953=VECTOR('',#3561,10.);
#954=VECTOR('',#3564,10.);
#955=VECTOR('',#3565,10.);
#956=VECTOR('',#3566,10.);
#957=VECTOR('',#3569,10.);
#958=VECTOR('',#3570,10.);
#959=VECTOR('',#3571,10.);
#960=VECTOR('',#3574,10.);
#961=VECTOR('',#3575,10.);
#962=VECTOR('',#3576,10.);
#963=VECTOR('',#3579,10.);
#964=VECTOR('',#3580,10.);
#965=VECTOR('',#3581,10.);
#966=VECTOR('',#3584,10.);
#967=VECTOR('',#3585,10.);
#968=VECTOR('',#3586,10.);
#969=VECTOR('',#3589,10.);
#970=VECTOR('',#3590,10.);
#971=VECTOR('',#3591,10.);
#972=VECTOR('',#3594,10.);
#973=VECTOR('',#3595,10.);
#974=VECTOR('',#3596,10.);
#975=VECTOR('',#3599,10.);
#976=VECTOR('',#3600,10.);
#977=VECTOR('',#3607,10.);
#978=VECTOR('',#3610,10.);
#979=VECTOR('',#3613,10.);
#980=VECTOR('',#3616,10.);
#981=VECTOR('',#3637,10.);
#982=VECTOR('',#3638,10.);
#983=VECTOR('',#3641,10.);
#984=VECTOR('',#3644,10.);
#985=VECTOR('',#3647,10.);
#986=VECTOR('',#3650,10.);
#987=VECTOR('',#3651,10.);
#988=VECTOR('',#3652,10.);
#989=VECTOR('',#3653,10.);
#990=VECTOR('',#3654,10.);
#991=VECTOR('',#3655,10.);
#992=VECTOR('',#3656,10.);
#993=VECTOR('',#3657,10.);
#994=VECTOR('',#3658,10.);
#995=VECTOR('',#3669,10.);
#996=VECTOR('',#3672,10.);
#997=VECTOR('',#3675,10.);
#998=VECTOR('',#3676,10.);
#999=VECTOR('',#3679,10.);
#1000=VECTOR('',#3682,10.);
#1001=VECTOR('',#3685,10.);
#1002=VECTOR('',#3686,10.);
#1003=VECTOR('',#3687,10.);
#1004=VECTOR('',#3690,10.);
#1005=VECTOR('',#3691,10.);
#1006=VECTOR('',#3692,10.);
#1007=VECTOR('',#3695,10.);
#1008=VECTOR('',#3696,10.);
#1009=VECTOR('',#3699,10.);
#1010=VECTOR('',#3700,10.);
#1011=VECTOR('',#3701,10.);
#1012=VECTOR('',#3704,10.);
#1013=VECTOR('',#3705,10.);
#1014=VECTOR('',#3708,1.45);
#1015=VECTOR('',#3711,1.45);
#1016=VECTOR('',#3714,1.45);
#1017=VECTOR('',#3717,10.);
#1018=VECTOR('',#3718,10.);
#1019=VECTOR('',#3721,10.);
#1020=VECTOR('',#3724,1.45);
#1021=B_SPLINE_CURVE_WITH_KNOTS('',3,(#3746,#3747,#3748,#3749,#3750),
 .UNSPECIFIED.,.F.,.F.,(4,1,4),(0.,0.0928998047154575,0.199292390731346),
 .UNSPECIFIED.);
#1022=B_SPLINE_CURVE_WITH_KNOTS('',3,(#3754,#3755,#3756,#3757,#3758),
 .UNSPECIFIED.,.F.,.F.,(4,1,4),(0.,0.0928998047154575,0.199292390731346),
 .UNSPECIFIED.);
#1023=B_SPLINE_CURVE_WITH_KNOTS('',3,(#3771,#3772,#3773,#3774,#3775),
 .UNSPECIFIED.,.F.,.F.,(4,1,4),(0.,0.0876403193504364,0.174153346027566),
 .UNSPECIFIED.);
#1024=B_SPLINE_CURVE_WITH_KNOTS('',3,(#3778,#3779,#3780,#3781,#3782),
 .UNSPECIFIED.,.F.,.F.,(4,1,4),(0.,0.0876403193504364,0.174153346027566),
 .UNSPECIFIED.);
#1025=B_SPLINE_CURVE_WITH_KNOTS('',3,(#3794,#3795,#3796,#3797,#3798),
 .UNSPECIFIED.,.F.,.F.,(4,1,4),(0.,0.0836917162893257,0.166641406450988),
 .UNSPECIFIED.);
#1026=B_SPLINE_CURVE_WITH_KNOTS('',3,(#3801,#3802,#3803,#3804,#3805),
 .UNSPECIFIED.,.F.,.F.,(4,1,4),(0.,0.0836917162893257,0.166641406450988),
 .UNSPECIFIED.);
#1027=B_SPLINE_CURVE_WITH_KNOTS('',3,(#3817,#3818,#3819,#3820,#3821),
 .UNSPECIFIED.,.F.,.F.,(4,1,4),(0.,0.111273985101588,0.203908651107522),
 .UNSPECIFIED.);
#1028=B_SPLINE_CURVE_WITH_KNOTS('',3,(#3824,#3825,#3826,#3827,#3828),
 .UNSPECIFIED.,.F.,.F.,(4,1,4),(0.,0.111273985101588,0.203908651107522),
 .UNSPECIFIED.);
#1029=B_SPLINE_CURVE_WITH_KNOTS('',3,(#3844,#3845,#3846,#3847,#3848),
 .UNSPECIFIED.,.F.,.F.,(4,1,4),(0.,0.0628373015087875,0.121204696683214),
 .UNSPECIFIED.);
#1030=B_SPLINE_CURVE_WITH_KNOTS('',3,(#3852,#3853,#3854,#3855,#3856),
 .UNSPECIFIED.,.F.,.F.,(4,1,4),(0.,0.0628373015087875,0.121204696683214),
 .UNSPECIFIED.);
#1031=B_SPLINE_CURVE_WITH_KNOTS('',3,(#3869,#3870,#3871,#3872,#3873),
 .UNSPECIFIED.,.F.,.F.,(4,1,4),(0.,0.0917800200235803,0.184563229280611),
 .UNSPECIFIED.);
#1032=B_SPLINE_CURVE_WITH_KNOTS('',3,(#3876,#3877,#3878,#3879,#3880),
 .UNSPECIFIED.,.F.,.F.,(4,1,4),(0.,0.0917800200235803,0.184563229280611),
 .UNSPECIFIED.);
#1033=B_SPLINE_CURVE_WITH_KNOTS('',3,(#3892,#3893,#3894,#3895,#3896),
 .UNSPECIFIED.,.F.,.F.,(4,1,4),(0.,0.115267171115685,0.214477933316895),
 .UNSPECIFIED.);
#1034=B_SPLINE_CURVE_WITH_KNOTS('',3,(#3899,#3900,#3901,#3902,#3903),
 .UNSPECIFIED.,.F.,.F.,(4,1,4),(0.,0.115267171115685,0.214477933316895),
 .UNSPECIFIED.);
#1035=B_SPLINE_CURVE_WITH_KNOTS('',3,(#3921,#3922,#3923,#3924,#3925),
 .UNSPECIFIED.,.F.,.F.,(4,1,4),(0.,0.22765758337725,0.51716308427362),
 .UNSPECIFIED.);
#1036=B_SPLINE_CURVE_WITH_KNOTS('',3,(#3928,#3929,#3930,#3931,#3932),
 .UNSPECIFIED.,.F.,.F.,(4,1,4),(0.,0.22765758337725,0.51716308427362),
 .UNSPECIFIED.);
#1037=B_SPLINE_CURVE_WITH_KNOTS('',3,(#3944,#3945,#3946,#3947,#3948),
 .UNSPECIFIED.,.F.,.F.,(4,1,4),(0.,0.220579953247701,0.425271866306106),
 .UNSPECIFIED.);
#1038=B_SPLINE_CURVE_WITH_KNOTS('',3,(#3951,#3952,#3953,#3954,#3955),
 .UNSPECIFIED.,.F.,.F.,(4,1,4),(0.,0.220579953247701,0.425271866306106),
 .UNSPECIFIED.);
#1039=B_SPLINE_CURVE_WITH_KNOTS('',3,(#3967,#3968,#3969,#3970,#3971),
 .UNSPECIFIED.,.F.,.F.,(4,1,4),(0.,0.196777970818347,0.397671733986434),
 .UNSPECIFIED.);
#1040=B_SPLINE_CURVE_WITH_KNOTS('',3,(#3974,#3975,#3976,#3977,#3978),
 .UNSPECIFIED.,.F.,.F.,(4,1,4),(0.,0.196777970818347,0.397671733986434),
 .UNSPECIFIED.);
#1041=B_SPLINE_CURVE_WITH_KNOTS('',3,(#3990,#3991,#3992,#3993,#3994),
 .UNSPECIFIED.,.F.,.F.,(4,1,4),(0.,0.243407300702257,0.454196780553688),
 .UNSPECIFIED.);
#1042=B_SPLINE_CURVE_WITH_KNOTS('',3,(#3997,#3998,#3999,#4000,#4001),
 .UNSPECIFIED.,.F.,.F.,(4,1,4),(0.,0.243407300702257,0.454196780553688),
 .UNSPECIFIED.);
#1043=B_SPLINE_CURVE_WITH_KNOTS('',3,(#4013,#4014,#4015,#4016,#4017),
 .UNSPECIFIED.,.F.,.F.,(4,1,4),(0.,0.186146669982108,0.394569349979085),
 .UNSPECIFIED.);
#1044=B_SPLINE_CURVE_WITH_KNOTS('',3,(#4020,#4021,#4022,#4023,#4024),
 .UNSPECIFIED.,.F.,.F.,(4,1,4),(0.,0.186146669982108,0.394569349979085),
 .UNSPECIFIED.);
#1045=B_SPLINE_CURVE_WITH_KNOTS('',3,(#4036,#4037,#4038,#4039,#4040),
 .UNSPECIFIED.,.F.,.F.,(4,1,4),(0.,0.250898263903003,0.472695254814715),
 .UNSPECIFIED.);
#1046=B_SPLINE_CURVE_WITH_KNOTS('',3,(#4043,#4044,#4045,#4046,#4047),
 .UNSPECIFIED.,.F.,.F.,(4,1,4),(0.,0.250898263903003,0.472695254814715),
 .UNSPECIFIED.);
#1047=B_SPLINE_CURVE_WITH_KNOTS('',3,(#4059,#4060,#4061,#4062,#4063),
 .UNSPECIFIED.,.F.,.F.,(4,1,4),(0.,0.147704905626737,0.313086423946976),
 .UNSPECIFIED.);
#1048=B_SPLINE_CURVE_WITH_KNOTS('',3,(#4066,#4067,#4068,#4069,#4070),
 .UNSPECIFIED.,.F.,.F.,(4,1,4),(0.,0.147704905626737,0.313086423946976),
 .UNSPECIFIED.);
#1049=B_SPLINE_CURVE_WITH_KNOTS('',3,(#4082,#4083,#4084,#4085,#4086),
 .UNSPECIFIED.,.F.,.F.,(4,1,4),(0.,0.155988259587503,0.300515866686911),
 .UNSPECIFIED.);
#1050=B_SPLINE_CURVE_WITH_KNOTS('',3,(#4089,#4090,#4091,#4092,#4093),
 .UNSPECIFIED.,.F.,.F.,(4,1,4),(0.,0.155988259587503,0.300515866686911),
 .UNSPECIFIED.);
#1051=B_SPLINE_CURVE_WITH_KNOTS('',3,(#4110,#4111,#4112,#4113,#4114),
 .UNSPECIFIED.,.F.,.F.,(4,1,4),(0.,0.0628180639299299,0.139203715689618),
 .UNSPECIFIED.);
#1052=B_SPLINE_CURVE_WITH_KNOTS('',3,(#4115,#4116,#4117,#4118,#4119),
 .UNSPECIFIED.,.F.,.F.,(4,1,4),(0.,0.0628180639299299,0.139203715689618),
 .UNSPECIFIED.);
#1053=B_SPLINE_CURVE_WITH_KNOTS('',3,(#4133,#4134,#4135,#4136,#4137),
 .UNSPECIFIED.,.F.,.F.,(4,1,4),(0.,0.0961800484908584,0.19471686078661),
 .UNSPECIFIED.);
#1054=B_SPLINE_CURVE_WITH_KNOTS('',3,(#4141,#4142,#4143,#4144,#4145),
 .UNSPECIFIED.,.F.,.F.,(4,1,4),(0.,0.0961800484908584,0.19471686078661),
 .UNSPECIFIED.);
#1055=B_SPLINE_CURVE_WITH_KNOTS('',3,(#4158,#4159,#4160,#4161,#4162),
 .UNSPECIFIED.,.F.,.F.,(4,1,4),(0.,0.0987137155025268,0.196823377475338),
 .UNSPECIFIED.);
#1056=B_SPLINE_CURVE_WITH_KNOTS('',3,(#4165,#4166,#4167,#4168,#4169),
 .UNSPECIFIED.,.F.,.F.,(4,1,4),(0.,0.0987137155025268,0.196823377475338),
 .UNSPECIFIED.);
#1057=B_SPLINE_CURVE_WITH_KNOTS('',3,(#4181,#4182,#4183,#4184,#4185),
 .UNSPECIFIED.,.F.,.F.,(4,1,4),(0.,0.16190756516909,0.281725246398825),
 .UNSPECIFIED.);
#1058=B_SPLINE_CURVE_WITH_KNOTS('',3,(#4188,#4189,#4190,#4191,#4192),
 .UNSPECIFIED.,.F.,.F.,(4,1,4),(0.,0.16190756516909,0.281725246398825),
 .UNSPECIFIED.);
#1059=B_SPLINE_CURVE_WITH_KNOTS('',3,(#4204,#4205,#4206,#4207,#4208),
 .UNSPECIFIED.,.F.,.F.,(4,1,4),(0.,0.117485756313344,0.265467600934866),
 .UNSPECIFIED.);
#1060=B_SPLINE_CURVE_WITH_KNOTS('',3,(#4211,#4212,#4213,#4214,#4215),
 .UNSPECIFIED.,.F.,.F.,(4,1,4),(0.,0.117485756313344,0.265467600934866),
 .UNSPECIFIED.);
#1061=B_SPLINE_CURVE_WITH_KNOTS('',3,(#4227,#4228,#4229,#4230,#4231),
 .UNSPECIFIED.,.F.,.F.,(4,1,4),(0.,0.0942248553522985,0.193906876284101),
 .UNSPECIFIED.);
#1062=B_SPLINE_CURVE_WITH_KNOTS('',3,(#4234,#4235,#4236,#4237,#4238),
 .UNSPECIFIED.,.F.,.F.,(4,1,4),(0.,0.0942248553522985,0.193906876284101),
 .UNSPECIFIED.);
#1063=B_SPLINE_CURVE_WITH_KNOTS('',3,(#4250,#4251,#4252,#4253,#4254),
 .UNSPECIFIED.,.F.,.F.,(4,1,4),(0.,0.118657301089979,0.233183930934486),
 .UNSPECIFIED.);
#1064=B_SPLINE_CURVE_WITH_KNOTS('',3,(#4257,#4258,#4259,#4260,#4261),
 .UNSPECIFIED.,.F.,.F.,(4,1,4),(0.,0.118657301089979,0.233183930934486),
 .UNSPECIFIED.);
#1065=B_SPLINE_CURVE_WITH_KNOTS('',3,(#4273,#4274,#4275,#4276,#4277),
 .UNSPECIFIED.,.F.,.F.,(4,1,4),(0.,0.150378971144946,0.258386449558307),
 .UNSPECIFIED.);
#1066=B_SPLINE_CURVE_WITH_KNOTS('',3,(#4280,#4281,#4282,#4283,#4284),
 .UNSPECIFIED.,.F.,.F.,(4,1,4),(0.,0.150378971144946,0.258386449558307),
 .UNSPECIFIED.);
#1067=B_SPLINE_CURVE_WITH_KNOTS('',3,(#4295,#4296,#4297,#4298,#4299),
 .UNSPECIFIED.,.F.,.F.,(4,1,4),(0.,0.113885650024413,0.256518857018675),
 .UNSPECIFIED.);
#1068=B_SPLINE_CURVE_WITH_KNOTS('',3,(#4300,#4301,#4302,#4303,#4304),
 .UNSPECIFIED.,.F.,.F.,(4,1,4),(0.,0.113885650024413,0.256518857018675),
 .UNSPECIFIED.);
#1069=B_SPLINE_CURVE_WITH_KNOTS('',3,(#4331,#4332,#4333,#4334,#4335),
 .UNSPECIFIED.,.F.,.F.,(4,1,4),(0.,0.174017398941702,0.358434162179285),
 .UNSPECIFIED.);
#1070=B_SPLINE_CURVE_WITH_KNOTS('',3,(#4338,#4339,#4340,#4341,#4342),
 .UNSPECIFIED.,.F.,.F.,(4,1,4),(0.,0.174017398941702,0.358434162179285),
 .UNSPECIFIED.);
#1071=B_SPLINE_CURVE_WITH_KNOTS('',3,(#4354,#4355,#4356,#4357,#4358),
 .UNSPECIFIED.,.F.,.F.,(4,1,4),(0.,0.182368877584419,0.367256793834409),
 .UNSPECIFIED.);
#1072=B_SPLINE_CURVE_WITH_KNOTS('',3,(#4361,#4362,#4363,#4364,#4365),
 .UNSPECIFIED.,.F.,.F.,(4,1,4),(0.,0.182368877584419,0.367256793834409),
 .UNSPECIFIED.);
#1073=B_SPLINE_CURVE_WITH_KNOTS('',3,(#4377,#4378,#4379,#4380,#4381),
 .UNSPECIFIED.,.F.,.F.,(4,1,4),(0.,0.245296890852875,0.447253355973524),
 .UNSPECIFIED.);
#1074=B_SPLINE_CURVE_WITH_KNOTS('',3,(#4384,#4385,#4386,#4387,#4388),
 .UNSPECIFIED.,.F.,.F.,(4,1,4),(0.,0.245296890852875,0.447253355973524),
 .UNSPECIFIED.);
#1075=B_SPLINE_CURVE_WITH_KNOTS('',3,(#4400,#4401,#4402,#4403,#4404),
 .UNSPECIFIED.,.F.,.F.,(4,1,4),(0.,0.206613821491233,0.449243487074269),
 .UNSPECIFIED.);
#1076=B_SPLINE_CURVE_WITH_KNOTS('',3,(#4407,#4408,#4409,#4410,#4411),
 .UNSPECIFIED.,.F.,.F.,(4,1,4),(0.,0.206613821491233,0.449243487074269),
 .UNSPECIFIED.);
#1077=B_SPLINE_CURVE_WITH_KNOTS('',3,(#4423,#4424,#4425,#4426,#4427),
 .UNSPECIFIED.,.F.,.F.,(4,1,4),(0.,0.177862713295736,0.363356755071625),
 .UNSPECIFIED.);
#1078=B_SPLINE_CURVE_WITH_KNOTS('',3,(#4430,#4431,#4432,#4433,#4434),
 .UNSPECIFIED.,.F.,.F.,(4,1,4),(0.,0.177862713295736,0.363356755071625),
 .UNSPECIFIED.);
#1079=B_SPLINE_CURVE_WITH_KNOTS('',3,(#4446,#4447,#4448,#4449,#4450),
 .UNSPECIFIED.,.F.,.F.,(4,1,4),(0.,0.0971371913118282,0.189544389548338),
 .UNSPECIFIED.);
#1080=B_SPLINE_CURVE_WITH_KNOTS('',3,(#4453,#4454,#4455,#4456,#4457),
 .UNSPECIFIED.,.F.,.F.,(4,1,4),(0.,0.0971371913118282,0.189544389548338),
 .UNSPECIFIED.);
#1081=B_SPLINE_CURVE_WITH_KNOTS('',3,(#4469,#4470,#4471,#4472,#4473),
 .UNSPECIFIED.,.F.,.F.,(4,1,4),(0.,0.108881055490191,0.211082063688376),
 .UNSPECIFIED.);
#1082=B_SPLINE_CURVE_WITH_KNOTS('',3,(#4476,#4477,#4478,#4479,#4480),
 .UNSPECIFIED.,.F.,.F.,(4,1,4),(0.,0.108881055490191,0.211082063688376),
 .UNSPECIFIED.);
#1083=B_SPLINE_CURVE_WITH_KNOTS('',3,(#4509,#4510,#4511,#4512,#4513),
 .UNSPECIFIED.,.F.,.F.,(4,1,4),(0.,0.0819602393215757,0.218324374843256),
 .UNSPECIFIED.);
#1084=B_SPLINE_CURVE_WITH_KNOTS('',3,(#4517,#4518,#4519,#4520,#4521),
 .UNSPECIFIED.,.F.,.F.,(4,1,4),(0.,0.0819602393215757,0.218324374843256),
 .UNSPECIFIED.);
#1085=B_SPLINE_CURVE_WITH_KNOTS('',3,(#4534,#4535,#4536,#4537,#4538),
 .UNSPECIFIED.,.F.,.F.,(4,1,4),(0.,0.0695515493652616,0.140739434456281),
 .UNSPECIFIED.);
#1086=B_SPLINE_CURVE_WITH_KNOTS('',3,(#4541,#4542,#4543,#4544,#4545),
 .UNSPECIFIED.,.F.,.F.,(4,1,4),(0.,0.0695515493652616,0.140739434456281),
 .UNSPECIFIED.);
#1087=B_SPLINE_CURVE_WITH_KNOTS('',3,(#4557,#4558,#4559,#4560,#4561),
 .UNSPECIFIED.,.F.,.F.,(4,1,4),(0.,0.0756544589205198,0.145976540198212),
 .UNSPECIFIED.);
#1088=B_SPLINE_CURVE_WITH_KNOTS('',3,(#4564,#4565,#4566,#4567,#4568),
 .UNSPECIFIED.,.F.,.F.,(4,1,4),(0.,0.0756544589205198,0.145976540198212),
 .UNSPECIFIED.);
#1089=B_SPLINE_CURVE_WITH_KNOTS('',3,(#4580,#4581,#4582,#4583,#4584),
 .UNSPECIFIED.,.F.,.F.,(4,1,4),(0.,0.0600141073068659,0.123014383644659),
 .UNSPECIFIED.);
#1090=B_SPLINE_CURVE_WITH_KNOTS('',3,(#4587,#4588,#4589,#4590,#4591),
 .UNSPECIFIED.,.F.,.F.,(4,1,4),(0.,0.0600141073068659,0.123014383644659),
 .UNSPECIFIED.);
#1091=B_SPLINE_CURVE_WITH_KNOTS('',3,(#4603,#4604,#4605,#4606,#4607),
 .UNSPECIFIED.,.F.,.F.,(4,1,4),(0.,0.0617281074294967,0.12135708535751),
 .UNSPECIFIED.);
#1092=B_SPLINE_CURVE_WITH_KNOTS('',3,(#4610,#4611,#4612,#4613,#4614),
 .UNSPECIFIED.,.F.,.F.,(4,1,4),(0.,0.0617281074294967,0.12135708535751),
 .UNSPECIFIED.);
#1093=B_SPLINE_CURVE_WITH_KNOTS('',3,(#4626,#4627,#4628,#4629,#4630),
 .UNSPECIFIED.,.F.,.F.,(4,1,4),(0.,0.149502216123184,0.241256961988123),
 .UNSPECIFIED.);
#1094=B_SPLINE_CURVE_WITH_KNOTS('',3,(#4633,#4634,#4635,#4636,#4637),
 .UNSPECIFIED.,.F.,.F.,(4,1,4),(0.,0.149502216123184,0.241256961988123),
 .UNSPECIFIED.);
#1095=B_SPLINE_CURVE_WITH_KNOTS('',3,(#4679,#4680,#4681,#4682,#4683),
 .UNSPECIFIED.,.F.,.F.,(4,1,4),(0.,0.133733602383763,0.315174338235039),
 .UNSPECIFIED.);
#1096=B_SPLINE_CURVE_WITH_KNOTS('',3,(#4686,#4687,#4688,#4689,#4690),
 .UNSPECIFIED.,.F.,.F.,(4,1,4),(0.,0.133733602383763,0.315174338235039),
 .UNSPECIFIED.);
#1097=B_SPLINE_CURVE_WITH_KNOTS('',3,(#4702,#4703,#4704,#4705,#4706),
 .UNSPECIFIED.,.F.,.F.,(4,1,4),(0.,0.0897738890174278,0.173252686275197),
 .UNSPECIFIED.);
#1098=B_SPLINE_CURVE_WITH_KNOTS('',3,(#4709,#4710,#4711,#4712,#4713),
 .UNSPECIFIED.,.F.,.F.,(4,1,4),(0.,0.0897738890174278,0.173252686275197),
 .UNSPECIFIED.);
#1099=B_SPLINE_CURVE_WITH_KNOTS('',3,(#4725,#4726,#4727,#4728,#4729),
 .UNSPECIFIED.,.F.,.F.,(4,1,4),(0.,0.101489985172047,0.196566808152915),
 .UNSPECIFIED.);
#1100=B_SPLINE_CURVE_WITH_KNOTS('',3,(#4732,#4733,#4734,#4735,#4736),
 .UNSPECIFIED.,.F.,.F.,(4,1,4),(0.,0.101489985172047,0.196566808152915),
 .UNSPECIFIED.);
#1101=B_SPLINE_CURVE_WITH_KNOTS('',3,(#4748,#4749,#4750,#4751,#4752),
 .UNSPECIFIED.,.F.,.F.,(4,1,4),(0.,0.127748087970754,0.239403369690978),
 .UNSPECIFIED.);
#1102=B_SPLINE_CURVE_WITH_KNOTS('',3,(#4755,#4756,#4757,#4758,#4759),
 .UNSPECIFIED.,.F.,.F.,(4,1,4),(0.,0.127748087970754,0.239403369690978),
 .UNSPECIFIED.);
#1103=B_SPLINE_CURVE_WITH_KNOTS('',3,(#4771,#4772,#4773,#4774,#4775),
 .UNSPECIFIED.,.F.,.F.,(4,1,4),(0.,0.145055134908359,0.309062459275457),
 .UNSPECIFIED.);
#1104=B_SPLINE_CURVE_WITH_KNOTS('',3,(#4778,#4779,#4780,#4781,#4782),
 .UNSPECIFIED.,.F.,.F.,(4,1,4),(0.,0.145055134908359,0.309062459275457),
 .UNSPECIFIED.);
#1105=B_SPLINE_CURVE_WITH_KNOTS('',3,(#4794,#4795,#4796,#4797,#4798),
 .UNSPECIFIED.,.F.,.F.,(4,1,4),(0.,0.129994922553265,0.264871241987004),
 .UNSPECIFIED.);
#1106=B_SPLINE_CURVE_WITH_KNOTS('',3,(#4801,#4802,#4803,#4804,#4805),
 .UNSPECIFIED.,.F.,.F.,(4,1,4),(0.,0.129994922553265,0.264871241987004),
 .UNSPECIFIED.);
#1107=B_SPLINE_CURVE_WITH_KNOTS('',3,(#4817,#4818,#4819,#4820,#4821),
 .UNSPECIFIED.,.F.,.F.,(4,1,4),(0.,0.228241690067647,0.361308411081041),
 .UNSPECIFIED.);
#1108=B_SPLINE_CURVE_WITH_KNOTS('',3,(#4824,#4825,#4826,#4827,#4828),
 .UNSPECIFIED.,.F.,.F.,(4,1,4),(0.,0.228241690067647,0.361308411081041),
 .UNSPECIFIED.);
#1109=B_SPLINE_CURVE_WITH_KNOTS('',3,(#4857,#4858,#4859,#4860,#4861),
 .UNSPECIFIED.,.F.,.F.,(4,1,4),(0.,0.0541240519253751,0.140885255954901),
 .UNSPECIFIED.);
#1110=B_SPLINE_CURVE_WITH_KNOTS('',3,(#4865,#4866,#4867,#4868,#4869),
 .UNSPECIFIED.,.F.,.F.,(4,1,4),(0.,0.0541240519253751,0.140885255954901),
 .UNSPECIFIED.);
#1111=B_SPLINE_CURVE_WITH_KNOTS('',3,(#4882,#4883,#4884,#4885,#4886),
 .UNSPECIFIED.,.F.,.F.,(4,1,4),(0.,0.0611360268140128,0.118909247902911),
 .UNSPECIFIED.);
#1112=B_SPLINE_CURVE_WITH_KNOTS('',3,(#4889,#4890,#4891,#4892,#4893),
 .UNSPECIFIED.,.F.,.F.,(4,1,4),(0.,0.0611360268140128,0.118909247902911),
 .UNSPECIFIED.);
#1113=B_SPLINE_CURVE_WITH_KNOTS('',3,(#4905,#4906,#4907,#4908,#4909),
 .UNSPECIFIED.,.F.,.F.,(4,1,4),(0.,0.0770411589411318,0.158972179655882),
 .UNSPECIFIED.);
#1114=B_SPLINE_CURVE_WITH_KNOTS('',3,(#4912,#4913,#4914,#4915,#4916),
 .UNSPECIFIED.,.F.,.F.,(4,1,4),(0.,0.0770411589411318,0.158972179655882),
 .UNSPECIFIED.);
#1115=B_SPLINE_CURVE_WITH_KNOTS('',3,(#4928,#4929,#4930,#4931,#4932),
 .UNSPECIFIED.,.F.,.F.,(4,1,4),(0.,0.0608781414034034,0.125262589435097),
 .UNSPECIFIED.);
#1116=B_SPLINE_CURVE_WITH_KNOTS('',3,(#4935,#4936,#4937,#4938,#4939),
 .UNSPECIFIED.,.F.,.F.,(4,1,4),(0.,0.0608781414034034,0.125262589435097),
 .UNSPECIFIED.);
#1117=B_SPLINE_CURVE_WITH_KNOTS('',3,(#4951,#4952,#4953,#4954,#4955),
 .UNSPECIFIED.,.F.,.F.,(4,1,4),(0.,0.0573899939456706,0.116150410148352),
 .UNSPECIFIED.);
#1118=B_SPLINE_CURVE_WITH_KNOTS('',3,(#4958,#4959,#4960,#4961,#4962),
 .UNSPECIFIED.,.F.,.F.,(4,1,4),(0.,0.0573899939456706,0.116150410148352),
 .UNSPECIFIED.);
#1119=B_SPLINE_CURVE_WITH_KNOTS('',3,(#4974,#4975,#4976,#4977,#4978),
 .UNSPECIFIED.,.F.,.F.,(4,1,4),(0.,0.0618975977507829,0.119657056816664),
 .UNSPECIFIED.);
#1120=B_SPLINE_CURVE_WITH_KNOTS('',3,(#4981,#4982,#4983,#4984,#4985),
 .UNSPECIFIED.,.F.,.F.,(4,1,4),(0.,0.0618975977507829,0.119657056816664),
 .UNSPECIFIED.);
#1121=B_SPLINE_CURVE_WITH_KNOTS('',3,(#4997,#4998,#4999,#5000,#5001),
 .UNSPECIFIED.,.F.,.F.,(4,1,4),(0.,0.102181104115909,0.164856929299419),
 .UNSPECIFIED.);
#1122=B_SPLINE_CURVE_WITH_KNOTS('',3,(#5004,#5005,#5006,#5007,#5008),
 .UNSPECIFIED.,.F.,.F.,(4,1,4),(0.,0.102181104115909,0.164856929299419),
 .UNSPECIFIED.);
#1123=B_SPLINE_CURVE_WITH_KNOTS('',3,(#5020,#5021,#5022,#5023,#5024),
 .UNSPECIFIED.,.F.,.F.,(4,1,4),(0.,0.0741731384623558,0.180467979835096),
 .UNSPECIFIED.);
#1124=B_SPLINE_CURVE_WITH_KNOTS('',3,(#5027,#5028,#5029,#5030,#5031),
 .UNSPECIFIED.,.F.,.F.,(4,1,4),(0.,0.0741731384623558,0.180467979835096),
 .UNSPECIFIED.);
#1125=B_SPLINE_CURVE_WITH_KNOTS('',3,(#5047,#5048,#5049,#5050,#5051),
 .UNSPECIFIED.,.F.,.F.,(4,1,4),(0.,0.0687134653650042,0.124891636976234),
 .UNSPECIFIED.);
#1126=B_SPLINE_CURVE_WITH_KNOTS('',3,(#5055,#5056,#5057,#5058,#5059),
 .UNSPECIFIED.,.F.,.F.,(4,1,4),(0.,0.0687134653650042,0.124891636976234),
 .UNSPECIFIED.);
#1127=B_SPLINE_CURVE_WITH_KNOTS('',3,(#5072,#5073,#5074,#5075,#5076),
 .UNSPECIFIED.,.F.,.F.,(4,1,4),(0.,0.0647496519494042,0.160570119552872),
 .UNSPECIFIED.);
#1128=B_SPLINE_CURVE_WITH_KNOTS('',3,(#5079,#5080,#5081,#5082,#5083),
 .UNSPECIFIED.,.F.,.F.,(4,1,4),(0.,0.0647496519494042,0.160570119552872),
 .UNSPECIFIED.);
#1129=B_SPLINE_CURVE_WITH_KNOTS('',3,(#5095,#5096,#5097,#5098,#5099),
 .UNSPECIFIED.,.F.,.F.,(4,1,4),(0.,0.0717175890946818,0.128016358786652),
 .UNSPECIFIED.);
#1130=B_SPLINE_CURVE_WITH_KNOTS('',3,(#5102,#5103,#5104,#5105,#5106),
 .UNSPECIFIED.,.F.,.F.,(4,1,4),(0.,0.0717175890946818,0.128016358786652),
 .UNSPECIFIED.);
#1131=B_SPLINE_CURVE_WITH_KNOTS('',3,(#5124,#5125,#5126,#5127,#5128),
 .UNSPECIFIED.,.F.,.F.,(4,1,4),(0.,0.174494208891357,0.288407308452974),
 .UNSPECIFIED.);
#1132=B_SPLINE_CURVE_WITH_KNOTS('',3,(#5131,#5132,#5133,#5134,#5135),
 .UNSPECIFIED.,.F.,.F.,(4,1,4),(0.,0.174494208891357,0.288407308452974),
 .UNSPECIFIED.);
#1133=B_SPLINE_CURVE_WITH_KNOTS('',3,(#5147,#5148,#5149,#5150,#5151),
 .UNSPECIFIED.,.F.,.F.,(4,1,4),(0.,0.103274183761209,0.238751843090807),
 .UNSPECIFIED.);
#1134=B_SPLINE_CURVE_WITH_KNOTS('',3,(#5154,#5155,#5156,#5157,#5158),
 .UNSPECIFIED.,.F.,.F.,(4,1,4),(0.,0.103274183761209,0.238751843090807),
 .UNSPECIFIED.);
#1135=B_SPLINE_CURVE_WITH_KNOTS('',3,(#5170,#5171,#5172,#5173,#5174),
 .UNSPECIFIED.,.F.,.F.,(4,1,4),(0.,0.0827469379218019,0.167350030787697),
 .UNSPECIFIED.);
#1136=B_SPLINE_CURVE_WITH_KNOTS('',3,(#5177,#5178,#5179,#5180,#5181),
 .UNSPECIFIED.,.F.,.F.,(4,1,4),(0.,0.0827469379218019,0.167350030787697),
 .UNSPECIFIED.);
#1137=B_SPLINE_CURVE_WITH_KNOTS('',3,(#5193,#5194,#5195,#5196,#5197),
 .UNSPECIFIED.,.F.,.F.,(4,1,4),(0.,0.0877910156251958,0.171676987127477),
 .UNSPECIFIED.);
#1138=B_SPLINE_CURVE_WITH_KNOTS('',3,(#5200,#5201,#5202,#5203,#5204),
 .UNSPECIFIED.,.F.,.F.,(4,1,4),(0.,0.0877910156251958,0.171676987127477),
 .UNSPECIFIED.);
#1139=B_SPLINE_CURVE_WITH_KNOTS('',3,(#5216,#5217,#5218,#5219,#5220),
 .UNSPECIFIED.,.F.,.F.,(4,1,4),(0.,0.12603870870977,0.255448108326092),
 .UNSPECIFIED.);
#1140=B_SPLINE_CURVE_WITH_KNOTS('',3,(#5223,#5224,#5225,#5226,#5227),
 .UNSPECIFIED.,.F.,.F.,(4,1,4),(0.,0.12603870870977,0.255448108326092),
 .UNSPECIFIED.);
#1141=B_SPLINE_CURVE_WITH_KNOTS('',3,(#5239,#5240,#5241,#5242,#5243),
 .UNSPECIFIED.,.F.,.F.,(4,1,4),(0.,0.15174287940675,0.285039998199388),
 .UNSPECIFIED.);
#1142=B_SPLINE_CURVE_WITH_KNOTS('',3,(#5246,#5247,#5248,#5249,#5250),
 .UNSPECIFIED.,.F.,.F.,(4,1,4),(0.,0.15174287940675,0.285039998199388),
 .UNSPECIFIED.);
#1143=B_SPLINE_CURVE_WITH_KNOTS('',3,(#5262,#5263,#5264,#5265,#5266),
 .UNSPECIFIED.,.F.,.F.,(4,1,4),(0.,0.0907791210667023,0.1835554343044),
 .UNSPECIFIED.);
#1144=B_SPLINE_CURVE_WITH_KNOTS('',3,(#5269,#5270,#5271,#5272,#5273),
 .UNSPECIFIED.,.F.,.F.,(4,1,4),(0.,0.0907791210667023,0.1835554343044),
 .UNSPECIFIED.);
#1145=B_SPLINE_CURVE_WITH_KNOTS('',3,(#5285,#5286,#5287,#5288,#5289),
 .UNSPECIFIED.,.F.,.F.,(4,1,4),(0.,0.0986821763415001,0.191530533841909),
 .UNSPECIFIED.);
#1146=B_SPLINE_CURVE_WITH_KNOTS('',3,(#5292,#5293,#5294,#5295,#5296),
 .UNSPECIFIED.,.F.,.F.,(4,1,4),(0.,0.0986821763415001,0.191530533841909),
 .UNSPECIFIED.);
#1147=B_SPLINE_CURVE_WITH_KNOTS('',3,(#5308,#5309,#5310,#5311,#5312),
 .UNSPECIFIED.,.F.,.F.,(4,1,4),(0.,0.0221008518864431,0.0352864025448696),
 .UNSPECIFIED.);
#1148=B_SPLINE_CURVE_WITH_KNOTS('',3,(#5315,#5316,#5317,#5318,#5319),
 .UNSPECIFIED.,.F.,.F.,(4,1,4),(0.,0.0221008518864431,0.0352864025448696),
 .UNSPECIFIED.);
#1149=B_SPLINE_CURVE_WITH_KNOTS('',3,(#5331,#5332,#5333,#5334,#5335),
 .UNSPECIFIED.,.F.,.F.,(4,1,4),(0.,0.0377005425244487,0.0893247739531581),
 .UNSPECIFIED.);
#1150=B_SPLINE_CURVE_WITH_KNOTS('',3,(#5338,#5339,#5340,#5341,#5342),
 .UNSPECIFIED.,.F.,.F.,(4,1,4),(0.,0.0377005425244487,0.0893247739531581),
 .UNSPECIFIED.);
#1151=B_SPLINE_CURVE_WITH_KNOTS('',3,(#5360,#5361,#5362,#5363,#5364),
 .UNSPECIFIED.,.F.,.F.,(4,1,4),(0.,0.0732076660217022,0.154995210220674),
 .UNSPECIFIED.);
#1152=B_SPLINE_CURVE_WITH_KNOTS('',3,(#5367,#5368,#5369,#5370,#5371),
 .UNSPECIFIED.,.F.,.F.,(4,1,4),(0.,0.0732076660217022,0.154995210220674),
 .UNSPECIFIED.);
#1153=B_SPLINE_CURVE_WITH_KNOTS('',3,(#5383,#5384,#5385,#5386,#5387),
 .UNSPECIFIED.,.F.,.F.,(4,1,4),(0.,0.124493699090757,0.211952927145225),
 .UNSPECIFIED.);
#1154=B_SPLINE_CURVE_WITH_KNOTS('',3,(#5390,#5391,#5392,#5393,#5394),
 .UNSPECIFIED.,.F.,.F.,(4,1,4),(0.,0.124493699090757,0.211952927145225),
 .UNSPECIFIED.);
#1155=B_SPLINE_CURVE_WITH_KNOTS('',3,(#5412,#5413,#5414,#5415,#5416),
 .UNSPECIFIED.,.F.,.F.,(4,1,4),(0.,0.103460256632586,0.261706463542011),
 .UNSPECIFIED.);
#1156=B_SPLINE_CURVE_WITH_KNOTS('',3,(#5419,#5420,#5421,#5422,#5423),
 .UNSPECIFIED.,.F.,.F.,(4,1,4),(0.,0.103460256632586,0.261706463542011),
 .UNSPECIFIED.);
#1157=B_SPLINE_CURVE_WITH_KNOTS('',3,(#5435,#5436,#5437,#5438,#5439),
 .UNSPECIFIED.,.F.,.F.,(4,1,4),(0.,0.0953978778412346,0.178017392711309),
 .UNSPECIFIED.);
#1158=B_SPLINE_CURVE_WITH_KNOTS('',3,(#5442,#5443,#5444,#5445,#5446),
 .UNSPECIFIED.,.F.,.F.,(4,1,4),(0.,0.0953978778412346,0.178017392711309),
 .UNSPECIFIED.);
#1159=B_SPLINE_CURVE_WITH_KNOTS('',3,(#5458,#5459,#5460,#5461,#5462),
 .UNSPECIFIED.,.F.,.F.,(4,1,4),(0.,0.168189409019274,0.291694835023785),
 .UNSPECIFIED.);
#1160=B_SPLINE_CURVE_WITH_KNOTS('',3,(#5465,#5466,#5467,#5468,#5469),
 .UNSPECIFIED.,.F.,.F.,(4,1,4),(0.,0.168189409019274,0.291694835023785),
 .UNSPECIFIED.);
#1161=B_SPLINE_CURVE_WITH_KNOTS('',3,(#5481,#5482,#5483,#5484,#5485),
 .UNSPECIFIED.,.F.,.F.,(4,1,4),(0.,0.145100627626882,0.331771841313582),
 .UNSPECIFIED.);
#1162=B_SPLINE_CURVE_WITH_KNOTS('',3,(#5488,#5489,#5490,#5491,#5492),
 .UNSPECIFIED.,.F.,.F.,(4,1,4),(0.,0.145100627626882,0.331771841313582),
 .UNSPECIFIED.);
#1163=B_SPLINE_CURVE_WITH_KNOTS('',3,(#5504,#5505,#5506,#5507,#5508),
 .UNSPECIFIED.,.F.,.F.,(4,1,4),(0.,0.149603931559931,0.282407179633356),
 .UNSPECIFIED.);
#1164=B_SPLINE_CURVE_WITH_KNOTS('',3,(#5511,#5512,#5513,#5514,#5515),
 .UNSPECIFIED.,.F.,.F.,(4,1,4),(0.,0.149603931559931,0.282407179633356),
 .UNSPECIFIED.);
#1165=B_SPLINE_CURVE_WITH_KNOTS('',3,(#5532,#5533,#5534,#5535,#5536),
 .UNSPECIFIED.,.F.,.F.,(4,1,4),(0.,0.0569173376674212,0.128198524254005),
 .UNSPECIFIED.);
#1166=B_SPLINE_CURVE_WITH_KNOTS('',3,(#5537,#5538,#5539,#5540,#5541),
 .UNSPECIFIED.,.F.,.F.,(4,1,4),(0.,0.0569173376674212,0.128198524254005),
 .UNSPECIFIED.);
#1167=B_SPLINE_CURVE_WITH_KNOTS('',3,(#5634,#5635,#5636,#5637,#5638),
 .UNSPECIFIED.,.F.,.F.,(4,1,4),(0.,0.105803063967044,0.213033670266214),
 .UNSPECIFIED.);
#1168=B_SPLINE_CURVE_WITH_KNOTS('',3,(#5642,#5643,#5644,#5645,#5646),
 .UNSPECIFIED.,.F.,.F.,(4,1,4),(0.,0.105803063967044,0.213033670266214),
 .UNSPECIFIED.);
#1169=B_SPLINE_CURVE_WITH_KNOTS('',3,(#5659,#5660,#5661,#5662,#5663),
 .UNSPECIFIED.,.F.,.F.,(4,1,4),(0.,0.106924292424802,0.21260223028142),
 .UNSPECIFIED.);
#1170=B_SPLINE_CURVE_WITH_KNOTS('',3,(#5666,#5667,#5668,#5669,#5670),
 .UNSPECIFIED.,.F.,.F.,(4,1,4),(0.,0.106924292424802,0.21260223028142),
 .UNSPECIFIED.);
#1171=B_SPLINE_CURVE_WITH_KNOTS('',3,(#5682,#5683,#5684,#5685,#5686),
 .UNSPECIFIED.,.F.,.F.,(4,1,4),(0.,0.142480716944824,0.261479441218951),
 .UNSPECIFIED.);
#1172=B_SPLINE_CURVE_WITH_KNOTS('',3,(#5689,#5690,#5691,#5692,#5693),
 .UNSPECIFIED.,.F.,.F.,(4,1,4),(0.,0.142480716944824,0.261479441218951),
 .UNSPECIFIED.);
#1173=B_SPLINE_CURVE_WITH_KNOTS('',3,(#5705,#5706,#5707,#5708,#5709),
 .UNSPECIFIED.,.F.,.F.,(4,1,4),(0.,0.119896816491278,0.265420202635973),
 .UNSPECIFIED.);
#1174=B_SPLINE_CURVE_WITH_KNOTS('',3,(#5712,#5713,#5714,#5715,#5716),
 .UNSPECIFIED.,.F.,.F.,(4,1,4),(0.,0.119896816491278,0.265420202635973),
 .UNSPECIFIED.);
#1175=B_SPLINE_CURVE_WITH_KNOTS('',3,(#5728,#5729,#5730,#5731,#5732),
 .UNSPECIFIED.,.F.,.F.,(4,1,4),(0.,0.105677809018317,0.212602268420606),
 .UNSPECIFIED.);
#1176=B_SPLINE_CURVE_WITH_KNOTS('',3,(#5735,#5736,#5737,#5738,#5739),
 .UNSPECIFIED.,.F.,.F.,(4,1,4),(0.,0.105677809018317,0.212602268420606),
 .UNSPECIFIED.);
#1177=B_SPLINE_CURVE_WITH_KNOTS('',3,(#5751,#5752,#5753,#5754,#5755),
 .UNSPECIFIED.,.F.,.F.,(4,1,4),(0.,0.107230677961246,0.213033729823473),
 .UNSPECIFIED.);
#1178=B_SPLINE_CURVE_WITH_KNOTS('',3,(#5758,#5759,#5760,#5761,#5762),
 .UNSPECIFIED.,.F.,.F.,(4,1,4),(0.,0.107230677961246,0.213033729823473),
 .UNSPECIFIED.);
#1179=B_SPLINE_CURVE_WITH_KNOTS('',3,(#5774,#5775,#5776,#5777,#5778),
 .UNSPECIFIED.,.F.,.F.,(4,1,4),(0.,0.144018773663437,0.263650626081199),
 .UNSPECIFIED.);
#1180=B_SPLINE_CURVE_WITH_KNOTS('',3,(#5781,#5782,#5783,#5784,#5785),
 .UNSPECIFIED.,.F.,.F.,(4,1,4),(0.,0.144018773663437,0.263650626081199),
 .UNSPECIFIED.);
#1181=B_SPLINE_CURVE_WITH_KNOTS('',3,(#5796,#5797,#5798,#5799,#5800),
 .UNSPECIFIED.,.F.,.F.,(4,1,4),(0.,0.119631904671159,0.263650678334595),
 .UNSPECIFIED.);
#1182=B_SPLINE_CURVE_WITH_KNOTS('',3,(#5801,#5802,#5803,#5804,#5805),
 .UNSPECIFIED.,.F.,.F.,(4,1,4),(0.,0.119631904671159,0.263650678334595),
 .UNSPECIFIED.);
#1183=B_SPLINE_CURVE_WITH_KNOTS('',3,(#5818,#5819,#5820,#5821,#5822),
 .UNSPECIFIED.,.F.,.F.,(4,1,4),(0.,0.145506597583457,0.289394489537526),
 .UNSPECIFIED.);
#1184=B_SPLINE_CURVE_WITH_KNOTS('',3,(#5826,#5827,#5828,#5829,#5830),
 .UNSPECIFIED.,.F.,.F.,(4,1,4),(0.,0.145506597583457,0.289394489537526),
 .UNSPECIFIED.);
#1185=B_SPLINE_CURVE_WITH_KNOTS('',3,(#5843,#5844,#5845,#5846,#5847),
 .UNSPECIFIED.,.F.,.F.,(4,1,4),(0.,0.146905988990119,0.294870748973925),
 .UNSPECIFIED.);
#1186=B_SPLINE_CURVE_WITH_KNOTS('',3,(#5850,#5851,#5852,#5853,#5854),
 .UNSPECIFIED.,.F.,.F.,(4,1,4),(0.,0.146905988990119,0.294870748973925),
 .UNSPECIFIED.);
#1187=B_SPLINE_CURVE_WITH_KNOTS('',3,(#5866,#5867,#5868,#5869,#5870),
 .UNSPECIFIED.,.F.,.F.,(4,1,4),(0.,0.216992608149463,0.441564521439462),
 .UNSPECIFIED.);
#1188=B_SPLINE_CURVE_WITH_KNOTS('',3,(#5873,#5874,#5875,#5876,#5877),
 .UNSPECIFIED.,.F.,.F.,(4,1,4),(0.,0.216992608149463,0.441564521439462),
 .UNSPECIFIED.);
#1189=B_SPLINE_CURVE_WITH_KNOTS('',3,(#5889,#5890,#5891,#5892,#5893),
 .UNSPECIFIED.,.F.,.F.,(4,1,4),(0.,0.228967528925527,0.447670452336704),
 .UNSPECIFIED.);
#1190=B_SPLINE_CURVE_WITH_KNOTS('',3,(#5896,#5897,#5898,#5899,#5900),
 .UNSPECIFIED.,.F.,.F.,(4,1,4),(0.,0.228967528925527,0.447670452336704),
 .UNSPECIFIED.);
#1191=B_SPLINE_CURVE_WITH_KNOTS('',3,(#5912,#5913,#5914,#5915,#5916),
 .UNSPECIFIED.,.F.,.F.,(4,1,4),(0.,0.216359787301547,0.443245326067866),
 .UNSPECIFIED.);
#1192=B_SPLINE_CURVE_WITH_KNOTS('',3,(#5919,#5920,#5921,#5922,#5923),
 .UNSPECIFIED.,.F.,.F.,(4,1,4),(0.,0.216359787301547,0.443245326067866),
 .UNSPECIFIED.);
#1193=B_SPLINE_CURVE_WITH_KNOTS('',3,(#5935,#5936,#5937,#5938,#5939),
 .UNSPECIFIED.,.F.,.F.,(4,1,4),(0.,0.227878836496078,0.444121385966345),
 .UNSPECIFIED.);
#1194=B_SPLINE_CURVE_WITH_KNOTS('',3,(#5942,#5943,#5944,#5945,#5946),
 .UNSPECIFIED.,.F.,.F.,(4,1,4),(0.,0.227878836496078,0.444121385966345),
 .UNSPECIFIED.);
#1195=B_SPLINE_CURVE_WITH_KNOTS('',3,(#5958,#5959,#5960,#5961,#5962),
 .UNSPECIFIED.,.F.,.F.,(4,1,4),(0.,0.146857847370238,0.299950523456441),
 .UNSPECIFIED.);
#1196=B_SPLINE_CURVE_WITH_KNOTS('',3,(#5965,#5966,#5967,#5968,#5969),
 .UNSPECIFIED.,.F.,.F.,(4,1,4),(0.,0.146857847370238,0.299950523456441),
 .UNSPECIFIED.);
#1197=B_SPLINE_CURVE_WITH_KNOTS('',3,(#5981,#5982,#5983,#5984,#5985),
 .UNSPECIFIED.,.F.,.F.,(4,1,4),(0.,0.145752462920355,0.289409113612066),
 .UNSPECIFIED.);
#1198=B_SPLINE_CURVE_WITH_KNOTS('',3,(#5988,#5989,#5990,#5991,#5992),
 .UNSPECIFIED.,.F.,.F.,(4,1,4),(0.,0.145752462920355,0.289409113612066),
 .UNSPECIFIED.);
#1199=B_SPLINE_CURVE_WITH_KNOTS('',3,(#6004,#6005,#6006,#6007,#6008),
 .UNSPECIFIED.,.F.,.F.,(4,1,4),(0.,0.142045559241692,0.288306971164719),
 .UNSPECIFIED.);
#1200=B_SPLINE_CURVE_WITH_KNOTS('',3,(#6011,#6012,#6013,#6014,#6015),
 .UNSPECIFIED.,.F.,.F.,(4,1,4),(0.,0.142045559241692,0.288306971164719),
 .UNSPECIFIED.);
#1201=B_SPLINE_CURVE_WITH_KNOTS('',3,(#6026,#6027,#6028,#6029,#6030),
 .UNSPECIFIED.,.F.,.F.,(4,1,4),(0.,0.154040380289543,0.327985713621128),
 .UNSPECIFIED.);
#1202=B_SPLINE_CURVE_WITH_KNOTS('',3,(#6031,#6032,#6033,#6034,#6035),
 .UNSPECIFIED.,.F.,.F.,(4,1,4),(0.,0.154040380289543,0.327985713621128),
 .UNSPECIFIED.);
#1203=VERTEX_POINT('',#3744);
#1204=VERTEX_POINT('',#3745);
#1205=VERTEX_POINT('',#3751);
#1206=VERTEX_POINT('',#3753);
#1207=VERTEX_POINT('',#3770);
#1208=VERTEX_POINT('',#3776);
#1209=VERTEX_POINT('',#3793);
#1210=VERTEX_POINT('',#3799);
#1211=VERTEX_POINT('',#3816);
#1212=VERTEX_POINT('',#3822);
#1213=VERTEX_POINT('',#3842);
#1214=VERTEX_POINT('',#3843);
#1215=VERTEX_POINT('',#3849);
#1216=VERTEX_POINT('',#3851);
#1217=VERTEX_POINT('',#3868);
#1218=VERTEX_POINT('',#3874);
#1219=VERTEX_POINT('',#3891);
#1220=VERTEX_POINT('',#3897);
#1221=VERTEX_POINT('',#3905);
#1222=VERTEX_POINT('',#3907);
#1223=VERTEX_POINT('',#3920);
#1224=VERTEX_POINT('',#3926);
#1225=VERTEX_POINT('',#3943);
#1226=VERTEX_POINT('',#3949);
#1227=VERTEX_POINT('',#3966);
#1228=VERTEX_POINT('',#3972);
#1229=VERTEX_POINT('',#3989);
#1230=VERTEX_POINT('',#3995);
#1231=VERTEX_POINT('',#4012);
#1232=VERTEX_POINT('',#4018);
#1233=VERTEX_POINT('',#4035);
#1234=VERTEX_POINT('',#4041);
#1235=VERTEX_POINT('',#4058);
#1236=VERTEX_POINT('',#4064);
#1237=VERTEX_POINT('',#4081);
#1238=VERTEX_POINT('',#4087);
#1239=VERTEX_POINT('',#4095);
#1240=VERTEX_POINT('',#4097);
#1241=VERTEX_POINT('',#4131);
#1242=VERTEX_POINT('',#4132);
#1243=VERTEX_POINT('',#4138);
#1244=VERTEX_POINT('',#4140);
#1245=VERTEX_POINT('',#4157);
#1246=VERTEX_POINT('',#4163);
#1247=VERTEX_POINT('',#4180);
#1248=VERTEX_POINT('',#4186);
#1249=VERTEX_POINT('',#4203);
#1250=VERTEX_POINT('',#4209);
#1251=VERTEX_POINT('',#4226);
#1252=VERTEX_POINT('',#4232);
#1253=VERTEX_POINT('',#4249);
#1254=VERTEX_POINT('',#4255);
#1255=VERTEX_POINT('',#4272);
#1256=VERTEX_POINT('',#4278);
#1257=VERTEX_POINT('',#4306);
#1258=VERTEX_POINT('',#4307);
#1259=VERTEX_POINT('',#4309);
#1260=VERTEX_POINT('',#4311);
#1261=VERTEX_POINT('',#4315);
#1262=VERTEX_POINT('',#4317);
#1263=VERTEX_POINT('',#4330);
#1264=VERTEX_POINT('',#4336);
#1265=VERTEX_POINT('',#4353);
#1266=VERTEX_POINT('',#4359);
#1267=VERTEX_POINT('',#4376);
#1268=VERTEX_POINT('',#4382);
#1269=VERTEX_POINT('',#4399);
#1270=VERTEX_POINT('',#4405);
#1271=VERTEX_POINT('',#4422);
#1272=VERTEX_POINT('',#4428);
#1273=VERTEX_POINT('',#4445);
#1274=VERTEX_POINT('',#4451);
#1275=VERTEX_POINT('',#4468);
#1276=VERTEX_POINT('',#4474);
#1277=VERTEX_POINT('',#4482);
#1278=VERTEX_POINT('',#4484);
#1279=VERTEX_POINT('',#4488);
#1280=VERTEX_POINT('',#4490);
#1281=VERTEX_POINT('',#4507);
#1282=VERTEX_POINT('',#4508);
#1283=VERTEX_POINT('',#4514);
#1284=VERTEX_POINT('',#4516);
#1285=VERTEX_POINT('',#4533);
#1286=VERTEX_POINT('',#4539);
#1287=VERTEX_POINT('',#4556);
#1288=VERTEX_POINT('',#4562);
#1289=VERTEX_POINT('',#4579);
#1290=VERTEX_POINT('',#4585);
#1291=VERTEX_POINT('',#4602);
#1292=VERTEX_POINT('',#4608);
#1293=VERTEX_POINT('',#4625);
#1294=VERTEX_POINT('',#4631);
#1295=VERTEX_POINT('',#4639);
#1296=VERTEX_POINT('',#4641);
#1297=VERTEX_POINT('',#4645);
#1298=VERTEX_POINT('',#4647);
#1299=VERTEX_POINT('',#4654);
#1300=VERTEX_POINT('',#4655);
#1301=VERTEX_POINT('',#4657);
#1302=VERTEX_POINT('',#4659);
#1303=VERTEX_POINT('',#4663);
#1304=VERTEX_POINT('',#4665);
#1305=VERTEX_POINT('',#4678);
#1306=VERTEX_POINT('',#4684);
#1307=VERTEX_POINT('',#4701);
#1308=VERTEX_POINT('',#4707);
#1309=VERTEX_POINT('',#4724);
#1310=VERTEX_POINT('',#4730);
#1311=VERTEX_POINT('',#4747);
#1312=VERTEX_POINT('',#4753);
#1313=VERTEX_POINT('',#4770);
#1314=VERTEX_POINT('',#4776);
#1315=VERTEX_POINT('',#4793);
#1316=VERTEX_POINT('',#4799);
#1317=VERTEX_POINT('',#4816);
#1318=VERTEX_POINT('',#4822);
#1319=VERTEX_POINT('',#4830);
#1320=VERTEX_POINT('',#4832);
#1321=VERTEX_POINT('',#4836);
#1322=VERTEX_POINT('',#4838);
#1323=VERTEX_POINT('',#4855);
#1324=VERTEX_POINT('',#4856);
#1325=VERTEX_POINT('',#4862);
#1326=VERTEX_POINT('',#4864);
#1327=VERTEX_POINT('',#4881);
#1328=VERTEX_POINT('',#4887);
#1329=VERTEX_POINT('',#4904);
#1330=VERTEX_POINT('',#4910);
#1331=VERTEX_POINT('',#4927);
#1332=VERTEX_POINT('',#4933);
#1333=VERTEX_POINT('',#4950);
#1334=VERTEX_POINT('',#4956);
#1335=VERTEX_POINT('',#4973);
#1336=VERTEX_POINT('',#4979);
#1337=VERTEX_POINT('',#4996);
#1338=VERTEX_POINT('',#5002);
#1339=VERTEX_POINT('',#5019);
#1340=VERTEX_POINT('',#5025);
#1341=VERTEX_POINT('',#5045);
#1342=VERTEX_POINT('',#5046);
#1343=VERTEX_POINT('',#5052);
#1344=VERTEX_POINT('',#5054);
#1345=VERTEX_POINT('',#5071);
#1346=VERTEX_POINT('',#5077);
#1347=VERTEX_POINT('',#5094);
#1348=VERTEX_POINT('',#5100);
#1349=VERTEX_POINT('',#5108);
#1350=VERTEX_POINT('',#5110);
#1351=VERTEX_POINT('',#5123);
#1352=VERTEX_POINT('',#5129);
#1353=VERTEX_POINT('',#5146);
#1354=VERTEX_POINT('',#5152);
#1355=VERTEX_POINT('',#5169);
#1356=VERTEX_POINT('',#5175);
#1357=VERTEX_POINT('',#5192);
#1358=VERTEX_POINT('',#5198);
#1359=VERTEX_POINT('',#5215);
#1360=VERTEX_POINT('',#5221);
#1361=VERTEX_POINT('',#5238);
#1362=VERTEX_POINT('',#5244);
#1363=VERTEX_POINT('',#5261);
#1364=VERTEX_POINT('',#5267);
#1365=VERTEX_POINT('',#5284);
#1366=VERTEX_POINT('',#5290);
#1367=VERTEX_POINT('',#5307);
#1368=VERTEX_POINT('',#5313);
#1369=VERTEX_POINT('',#5330);
#1370=VERTEX_POINT('',#5336);
#1371=VERTEX_POINT('',#5344);
#1372=VERTEX_POINT('',#5346);
#1373=VERTEX_POINT('',#5359);
#1374=VERTEX_POINT('',#5365);
#1375=VERTEX_POINT('',#5382);
#1376=VERTEX_POINT('',#5388);
#1377=VERTEX_POINT('',#5396);
#1378=VERTEX_POINT('',#5398);
#1379=VERTEX_POINT('',#5411);
#1380=VERTEX_POINT('',#5417);
#1381=VERTEX_POINT('',#5434);
#1382=VERTEX_POINT('',#5440);
#1383=VERTEX_POINT('',#5457);
#1384=VERTEX_POINT('',#5463);
#1385=VERTEX_POINT('',#5480);
#1386=VERTEX_POINT('',#5486);
#1387=VERTEX_POINT('',#5503);
#1388=VERTEX_POINT('',#5509);
#1389=VERTEX_POINT('',#5517);
#1390=VERTEX_POINT('',#5519);
#1391=VERTEX_POINT('',#5544);
#1392=VERTEX_POINT('',#5545);
#1393=VERTEX_POINT('',#5547);
#1394=VERTEX_POINT('',#5549);
#1395=VERTEX_POINT('',#5553);
#1396=VERTEX_POINT('',#5555);
#1397=VERTEX_POINT('',#5559);
#1398=VERTEX_POINT('',#5561);
#1399=VERTEX_POINT('',#5565);
#1400=VERTEX_POINT('',#5567);
#1401=VERTEX_POINT('',#5571);
#1402=VERTEX_POINT('',#5573);
#1403=VERTEX_POINT('',#5577);
#1404=VERTEX_POINT('',#5579);
#1405=VERTEX_POINT('',#5583);
#1406=VERTEX_POINT('',#5585);
#1407=VERTEX_POINT('',#5589);
#1408=VERTEX_POINT('',#5591);
#1409=VERTEX_POINT('',#5595);
#1410=VERTEX_POINT('',#5597);
#1411=VERTEX_POINT('',#5601);
#1412=VERTEX_POINT('',#5603);
#1413=VERTEX_POINT('',#5607);
#1414=VERTEX_POINT('',#5609);
#1415=VERTEX_POINT('',#5613);
#1416=VERTEX_POINT('',#5615);
#1417=VERTEX_POINT('',#5632);
#1418=VERTEX_POINT('',#5633);
#1419=VERTEX_POINT('',#5639);
#1420=VERTEX_POINT('',#5641);
#1421=VERTEX_POINT('',#5658);
#1422=VERTEX_POINT('',#5664);
#1423=VERTEX_POINT('',#5681);
#1424=VERTEX_POINT('',#5687);
#1425=VERTEX_POINT('',#5704);
#1426=VERTEX_POINT('',#5710);
#1427=VERTEX_POINT('',#5727);
#1428=VERTEX_POINT('',#5733);
#1429=VERTEX_POINT('',#5750);
#1430=VERTEX_POINT('',#5756);
#1431=VERTEX_POINT('',#5773);
#1432=VERTEX_POINT('',#5779);
#1433=VERTEX_POINT('',#5816);
#1434=VERTEX_POINT('',#5817);
#1435=VERTEX_POINT('',#5823);
#1436=VERTEX_POINT('',#5825);
#1437=VERTEX_POINT('',#5842);
#1438=VERTEX_POINT('',#5848);
#1439=VERTEX_POINT('',#5865);
#1440=VERTEX_POINT('',#5871);
#1441=VERTEX_POINT('',#5888);
#1442=VERTEX_POINT('',#5894);
#1443=VERTEX_POINT('',#5911);
#1444=VERTEX_POINT('',#5917);
#1445=VERTEX_POINT('',#5934);
#1446=VERTEX_POINT('',#5940);
#1447=VERTEX_POINT('',#5957);
#1448=VERTEX_POINT('',#5963);
#1449=VERTEX_POINT('',#5980);
#1450=VERTEX_POINT('',#5986);
#1451=VERTEX_POINT('',#6003);
#1452=VERTEX_POINT('',#6009);
#1453=VERTEX_POINT('',#6038);
#1454=VERTEX_POINT('',#6039);
#1455=VERTEX_POINT('',#6041);
#1456=VERTEX_POINT('',#6043);
#1457=VERTEX_POINT('',#6047);
#1458=VERTEX_POINT('',#6049);
#1459=VERTEX_POINT('',#6053);
#1460=VERTEX_POINT('',#6055);
#1461=VERTEX_POINT('',#6059);
#1462=VERTEX_POINT('',#6061);
#1463=VERTEX_POINT('',#6065);
#1464=VERTEX_POINT('',#6067);
#1465=VERTEX_POINT('',#6071);
#1466=VERTEX_POINT('',#6073);
#1467=VERTEX_POINT('',#6077);
#1468=VERTEX_POINT('',#6079);
#1469=VERTEX_POINT('',#6083);
#1470=VERTEX_POINT('',#6085);
#1471=VERTEX_POINT('',#6089);
#1472=VERTEX_POINT('',#6091);
#1473=VERTEX_POINT('',#6099);
#1474=VERTEX_POINT('',#6100);
#1475=VERTEX_POINT('',#6102);
#1476=VERTEX_POINT('',#6104);
#1477=VERTEX_POINT('',#6106);
#1478=VERTEX_POINT('',#6108);
#1479=VERTEX_POINT('',#6110);
#1480=VERTEX_POINT('',#6112);
#1481=VERTEX_POINT('',#6115);
#1482=VERTEX_POINT('',#6117);
#1483=VERTEX_POINT('',#6119);
#1484=VERTEX_POINT('',#6121);
#1485=VERTEX_POINT('',#6128);
#1486=VERTEX_POINT('',#6129);
#1487=VERTEX_POINT('',#6134);
#1488=VERTEX_POINT('',#6136);
#1489=VERTEX_POINT('',#6138);
#1490=VERTEX_POINT('',#6140);
#1491=VERTEX_POINT('',#6142);
#1492=VERTEX_POINT('',#6144);
#1493=VERTEX_POINT('',#6146);
#1494=VERTEX_POINT('',#6148);
#1495=VERTEX_POINT('',#6150);
#1496=VERTEX_POINT('',#6152);
#1497=VERTEX_POINT('',#6154);
#1498=VERTEX_POINT('',#6156);
#1499=VERTEX_POINT('',#6158);
#1500=VERTEX_POINT('',#6160);
#1501=VERTEX_POINT('',#6163);
#1502=VERTEX_POINT('',#6165);
#1503=VERTEX_POINT('',#6167);
#1504=VERTEX_POINT('',#6169);
#1505=VERTEX_POINT('',#6183);
#1506=VERTEX_POINT('',#6185);
#1507=VERTEX_POINT('',#6189);
#1508=VERTEX_POINT('',#6191);
#1509=VERTEX_POINT('',#6198);
#1510=VERTEX_POINT('',#6200);
#1511=VERTEX_POINT('',#6204);
#1512=VERTEX_POINT('',#6214);
#1513=EDGE_CURVE('',#1203,#1204,#1021,.T.);
#1514=EDGE_CURVE('',#1203,#1205,#487,.T.);
#1515=EDGE_CURVE('',#1205,#1206,#1022,.T.);
#1516=EDGE_CURVE('',#1204,#1206,#488,.T.);
#1517=EDGE_CURVE('',#1207,#1203,#1023,.T.);
#1518=EDGE_CURVE('',#1207,#1208,#489,.T.);
#1519=EDGE_CURVE('',#1208,#1205,#1024,.T.);
#1520=EDGE_CURVE('',#1209,#1207,#1025,.T.);
#1521=EDGE_CURVE('',#1209,#1210,#490,.T.);
#1522=EDGE_CURVE('',#1210,#1208,#1026,.T.);
#1523=EDGE_CURVE('',#1211,#1209,#1027,.T.);
#1524=EDGE_CURVE('',#1211,#1212,#491,.T.);
#1525=EDGE_CURVE('',#1212,#1210,#1028,.T.);
#1526=EDGE_CURVE('',#1204,#1211,#492,.T.);
#1527=EDGE_CURVE('',#1206,#1212,#493,.T.);
#1528=EDGE_CURVE('',#1213,#1214,#1029,.T.);
#1529=EDGE_CURVE('',#1213,#1215,#494,.T.);
#1530=EDGE_CURVE('',#1215,#1216,#1030,.T.);
#1531=EDGE_CURVE('',#1214,#1216,#495,.T.);
#1532=EDGE_CURVE('',#1217,#1213,#1031,.T.);
#1533=EDGE_CURVE('',#1217,#1218,#496,.T.);
#1534=EDGE_CURVE('',#1218,#1215,#1032,.T.);
#1535=EDGE_CURVE('',#1219,#1217,#1033,.T.);
#1536=EDGE_CURVE('',#1219,#1220,#497,.T.);
#1537=EDGE_CURVE('',#1220,#1218,#1034,.T.);
#1538=EDGE_CURVE('',#1221,#1219,#498,.T.);
#1539=EDGE_CURVE('',#1221,#1222,#499,.T.);
#1540=EDGE_CURVE('',#1222,#1220,#500,.T.);
#1541=EDGE_CURVE('',#1223,#1221,#1035,.T.);
#1542=EDGE_CURVE('',#1223,#1224,#501,.T.);
#1543=EDGE_CURVE('',#1224,#1222,#1036,.T.);
#1544=EDGE_CURVE('',#1225,#1223,#1037,.T.);
#1545=EDGE_CURVE('',#1225,#1226,#502,.T.);
#1546=EDGE_CURVE('',#1226,#1224,#1038,.T.);
#1547=EDGE_CURVE('',#1227,#1225,#1039,.T.);
#1548=EDGE_CURVE('',#1227,#1228,#503,.T.);
#1549=EDGE_CURVE('',#1228,#1226,#1040,.T.);
#1550=EDGE_CURVE('',#1229,#1227,#1041,.T.);
#1551=EDGE_CURVE('',#1229,#1230,#504,.T.);
#1552=EDGE_CURVE('',#1230,#1228,#1042,.T.);
#1553=EDGE_CURVE('',#1231,#1229,#1043,.T.);
#1554=EDGE_CURVE('',#1231,#1232,#505,.T.);
#1555=EDGE_CURVE('',#1232,#1230,#1044,.T.);
#1556=EDGE_CURVE('',#1233,#1231,#1045,.T.);
#1557=EDGE_CURVE('',#1233,#1234,#506,.T.);
#1558=EDGE_CURVE('',#1234,#1232,#1046,.T.);
#1559=EDGE_CURVE('',#1235,#1233,#1047,.T.);
#1560=EDGE_CURVE('',#1235,#1236,#507,.T.);
#1561=EDGE_CURVE('',#1236,#1234,#1048,.T.);
#1562=EDGE_CURVE('',#1237,#1235,#1049,.T.);
#1563=EDGE_CURVE('',#1237,#1238,#508,.T.);
#1564=EDGE_CURVE('',#1238,#1236,#1050,.T.);
#1565=EDGE_CURVE('',#1239,#1237,#509,.T.);
#1566=EDGE_CURVE('',#1239,#1240,#510,.T.);
#1567=EDGE_CURVE('',#1240,#1238,#511,.T.);
#1568=EDGE_CURVE('',#1214,#1239,#1051,.T.);
#1569=EDGE_CURVE('',#1216,#1240,#1052,.T.);
#1570=EDGE_CURVE('',#1241,#1242,#1053,.T.);
#1571=EDGE_CURVE('',#1241,#1243,#512,.T.);
#1572=EDGE_CURVE('',#1243,#1244,#1054,.T.);
#1573=EDGE_CURVE('',#1242,#1244,#513,.T.);
#1574=EDGE_CURVE('',#1245,#1241,#1055,.T.);
#1575=EDGE_CURVE('',#1245,#1246,#514,.T.);
#1576=EDGE_CURVE('',#1246,#1243,#1056,.T.);
#1577=EDGE_CURVE('',#1247,#1245,#1057,.T.);
#1578=EDGE_CURVE('',#1247,#1248,#515,.T.);
#1579=EDGE_CURVE('',#1248,#1246,#1058,.T.);
#1580=EDGE_CURVE('',#1249,#1247,#1059,.T.);
#1581=EDGE_CURVE('',#1249,#1250,#516,.T.);
#1582=EDGE_CURVE('',#1250,#1248,#1060,.T.);
#1583=EDGE_CURVE('',#1251,#1249,#1061,.T.);
#1584=EDGE_CURVE('',#1251,#1252,#517,.T.);
#1585=EDGE_CURVE('',#1252,#1250,#1062,.T.);
#1586=EDGE_CURVE('',#1253,#1251,#1063,.T.);
#1587=EDGE_CURVE('',#1253,#1254,#518,.T.);
#1588=EDGE_CURVE('',#1254,#1252,#1064,.T.);
#1589=EDGE_CURVE('',#1255,#1253,#1065,.T.);
#1590=EDGE_CURVE('',#1255,#1256,#519,.T.);
#1591=EDGE_CURVE('',#1256,#1254,#1066,.T.);
#1592=EDGE_CURVE('',#1242,#1255,#1067,.T.);
#1593=EDGE_CURVE('',#1244,#1256,#1068,.T.);
#1594=EDGE_CURVE('',#1257,#1258,#520,.T.);
#1595=EDGE_CURVE('',#1257,#1259,#521,.T.);
#1596=EDGE_CURVE('',#1259,#1260,#522,.T.);
#1597=EDGE_CURVE('',#1258,#1260,#523,.T.);
#1598=EDGE_CURVE('',#1261,#1257,#524,.T.);
#1599=EDGE_CURVE('',#1261,#1262,#525,.T.);
#1600=EDGE_CURVE('',#1262,#1259,#526,.T.);
#1601=EDGE_CURVE('',#1263,#1261,#1069,.T.);
#1602=EDGE_CURVE('',#1263,#1264,#527,.T.);
#1603=EDGE_CURVE('',#1264,#1262,#1070,.T.);
#1604=EDGE_CURVE('',#1265,#1263,#1071,.T.);
#1605=EDGE_CURVE('',#1265,#1266,#528,.T.);
#1606=EDGE_CURVE('',#1266,#1264,#1072,.T.);
#1607=EDGE_CURVE('',#1267,#1265,#1073,.T.);
#1608=EDGE_CURVE('',#1267,#1268,#529,.T.);
#1609=EDGE_CURVE('',#1268,#1266,#1074,.T.);
#1610=EDGE_CURVE('',#1269,#1267,#1075,.T.);
#1611=EDGE_CURVE('',#1269,#1270,#530,.T.);
#1612=EDGE_CURVE('',#1270,#1268,#1076,.T.);
#1613=EDGE_CURVE('',#1271,#1269,#1077,.T.);
#1614=EDGE_CURVE('',#1271,#1272,#531,.T.);
#1615=EDGE_CURVE('',#1272,#1270,#1078,.T.);
#1616=EDGE_CURVE('',#1273,#1271,#1079,.T.);
#1617=EDGE_CURVE('',#1273,#1274,#532,.T.);
#1618=EDGE_CURVE('',#1274,#1272,#1080,.T.);
#1619=EDGE_CURVE('',#1275,#1273,#1081,.T.);
#1620=EDGE_CURVE('',#1275,#1276,#533,.T.);
#1621=EDGE_CURVE('',#1276,#1274,#1082,.T.);
#1622=EDGE_CURVE('',#1277,#1275,#534,.T.);
#1623=EDGE_CURVE('',#1277,#1278,#535,.T.);
#1624=EDGE_CURVE('',#1278,#1276,#536,.T.);
#1625=EDGE_CURVE('',#1279,#1277,#537,.T.);
#1626=EDGE_CURVE('',#1279,#1280,#538,.T.);
#1627=EDGE_CURVE('',#1280,#1278,#539,.T.);
#1628=EDGE_CURVE('',#1258,#1279,#540,.T.);
#1629=EDGE_CURVE('',#1260,#1280,#541,.T.);
#1630=EDGE_CURVE('',#1281,#1282,#1083,.T.);
#1631=EDGE_CURVE('',#1281,#1283,#542,.T.);
#1632=EDGE_CURVE('',#1283,#1284,#1084,.T.);
#1633=EDGE_CURVE('',#1282,#1284,#543,.T.);
#1634=EDGE_CURVE('',#1285,#1281,#1085,.T.);
#1635=EDGE_CURVE('',#1285,#1286,#544,.T.);
#1636=EDGE_CURVE('',#1286,#1283,#1086,.T.);
#1637=EDGE_CURVE('',#1287,#1285,#1087,.T.);
#1638=EDGE_CURVE('',#1287,#1288,#545,.T.);
#1639=EDGE_CURVE('',#1288,#1286,#1088,.T.);
#1640=EDGE_CURVE('',#1289,#1287,#1089,.T.);
#1641=EDGE_CURVE('',#1289,#1290,#546,.T.);
#1642=EDGE_CURVE('',#1290,#1288,#1090,.T.);
#1643=EDGE_CURVE('',#1291,#1289,#1091,.T.);
#1644=EDGE_CURVE('',#1291,#1292,#547,.T.);
#1645=EDGE_CURVE('',#1292,#1290,#1092,.T.);
#1646=EDGE_CURVE('',#1293,#1291,#1093,.T.);
#1647=EDGE_CURVE('',#1293,#1294,#548,.T.);
#1648=EDGE_CURVE('',#1294,#1292,#1094,.T.);
#1649=EDGE_CURVE('',#1295,#1293,#549,.T.);
#1650=EDGE_CURVE('',#1295,#1296,#550,.T.);
#1651=EDGE_CURVE('',#1296,#1294,#551,.T.);
#1652=EDGE_CURVE('',#1297,#1295,#552,.T.);
#1653=EDGE_CURVE('',#1297,#1298,#553,.T.);
#1654=EDGE_CURVE('',#1298,#1296,#554,.T.);
#1655=EDGE_CURVE('',#1282,#1297,#555,.T.);
#1656=EDGE_CURVE('',#1284,#1298,#556,.T.);
#1657=EDGE_CURVE('',#1299,#1300,#557,.T.);
#1658=EDGE_CURVE('',#1299,#1301,#558,.T.);
#1659=EDGE_CURVE('',#1301,#1302,#559,.T.);
#1660=EDGE_CURVE('',#1300,#1302,#560,.T.);
#1661=EDGE_CURVE('',#1303,#1299,#561,.T.);
#1662=EDGE_CURVE('',#1303,#1304,#562,.T.);
#1663=EDGE_CURVE('',#1304,#1301,#563,.T.);
#1664=EDGE_CURVE('',#1305,#1303,#1095,.T.);
#1665=EDGE_CURVE('',#1305,#1306,#564,.T.);
#1666=EDGE_CURVE('',#1306,#1304,#1096,.T.);
#1667=EDGE_CURVE('',#1307,#1305,#1097,.T.);
#1668=EDGE_CURVE('',#1307,#1308,#565,.T.);
#1669=EDGE_CURVE('',#1308,#1306,#1098,.T.);
#1670=EDGE_CURVE('',#1309,#1307,#1099,.T.);
#1671=EDGE_CURVE('',#1309,#1310,#566,.T.);
#1672=EDGE_CURVE('',#1310,#1308,#1100,.T.);
#1673=EDGE_CURVE('',#1311,#1309,#1101,.T.);
#1674=EDGE_CURVE('',#1311,#1312,#567,.T.);
#1675=EDGE_CURVE('',#1312,#1310,#1102,.T.);
#1676=EDGE_CURVE('',#1313,#1311,#1103,.T.);
#1677=EDGE_CURVE('',#1313,#1314,#568,.T.);
#1678=EDGE_CURVE('',#1314,#1312,#1104,.T.);
#1679=EDGE_CURVE('',#1315,#1313,#1105,.T.);
#1680=EDGE_CURVE('',#1315,#1316,#569,.T.);
#1681=EDGE_CURVE('',#1316,#1314,#1106,.T.);
#1682=EDGE_CURVE('',#1317,#1315,#1107,.T.);
#1683=EDGE_CURVE('',#1317,#1318,#570,.T.);
#1684=EDGE_CURVE('',#1318,#1316,#1108,.T.);
#1685=EDGE_CURVE('',#1319,#1317,#571,.T.);
#1686=EDGE_CURVE('',#1319,#1320,#572,.T.);
#1687=EDGE_CURVE('',#1320,#1318,#573,.T.);
#1688=EDGE_CURVE('',#1321,#1319,#574,.T.);
#1689=EDGE_CURVE('',#1321,#1322,#575,.T.);
#1690=EDGE_CURVE('',#1322,#1320,#576,.T.);
#1691=EDGE_CURVE('',#1300,#1321,#577,.T.);
#1692=EDGE_CURVE('',#1302,#1322,#578,.T.);
#1693=EDGE_CURVE('',#1323,#1324,#1109,.T.);
#1694=EDGE_CURVE('',#1323,#1325,#579,.T.);
#1695=EDGE_CURVE('',#1325,#1326,#1110,.T.);
#1696=EDGE_CURVE('',#1324,#1326,#580,.T.);
#1697=EDGE_CURVE('',#1327,#1323,#1111,.T.);
#1698=EDGE_CURVE('',#1327,#1328,#581,.T.);
#1699=EDGE_CURVE('',#1328,#1325,#1112,.T.);
#1700=EDGE_CURVE('',#1329,#1327,#1113,.T.);
#1701=EDGE_CURVE('',#1329,#1330,#582,.T.);
#1702=EDGE_CURVE('',#1330,#1328,#1114,.T.);
#1703=EDGE_CURVE('',#1331,#1329,#1115,.T.);
#1704=EDGE_CURVE('',#1331,#1332,#583,.T.);
#1705=EDGE_CURVE('',#1332,#1330,#1116,.T.);
#1706=EDGE_CURVE('',#1333,#1331,#1117,.T.);
#1707=EDGE_CURVE('',#1333,#1334,#584,.T.);
#1708=EDGE_CURVE('',#1334,#1332,#1118,.T.);
#1709=EDGE_CURVE('',#1335,#1333,#1119,.T.);
#1710=EDGE_CURVE('',#1335,#1336,#585,.T.);
#1711=EDGE_CURVE('',#1336,#1334,#1120,.T.);
#1712=EDGE_CURVE('',#1337,#1335,#1121,.T.);
#1713=EDGE_CURVE('',#1337,#1338,#586,.T.);
#1714=EDGE_CURVE('',#1338,#1336,#1122,.T.);
#1715=EDGE_CURVE('',#1339,#1337,#1123,.T.);
#1716=EDGE_CURVE('',#1339,#1340,#587,.T.);
#1717=EDGE_CURVE('',#1340,#1338,#1124,.T.);
#1718=EDGE_CURVE('',#1324,#1339,#588,.T.);
#1719=EDGE_CURVE('',#1326,#1340,#589,.T.);
#1720=EDGE_CURVE('',#1341,#1342,#1125,.T.);
#1721=EDGE_CURVE('',#1341,#1343,#590,.T.);
#1722=EDGE_CURVE('',#1343,#1344,#1126,.T.);
#1723=EDGE_CURVE('',#1342,#1344,#591,.T.);
#1724=EDGE_CURVE('',#1345,#1341,#1127,.T.);
#1725=EDGE_CURVE('',#1345,#1346,#592,.T.);
#1726=EDGE_CURVE('',#1346,#1343,#1128,.T.);
#1727=EDGE_CURVE('',#1347,#1345,#1129,.T.);
#1728=EDGE_CURVE('',#1347,#1348,#593,.T.);
#1729=EDGE_CURVE('',#1348,#1346,#1130,.T.);
#1730=EDGE_CURVE('',#1349,#1347,#594,.T.);
#1731=EDGE_CURVE('',#1349,#1350,#595,.T.);
#1732=EDGE_CURVE('',#1350,#1348,#596,.T.);
#1733=EDGE_CURVE('',#1351,#1349,#1131,.T.);
#1734=EDGE_CURVE('',#1351,#1352,#597,.T.);
#1735=EDGE_CURVE('',#1352,#1350,#1132,.T.);
#1736=EDGE_CURVE('',#1353,#1351,#1133,.T.);
#1737=EDGE_CURVE('',#1353,#1354,#598,.T.);
#1738=EDGE_CURVE('',#1354,#1352,#1134,.T.);
#1739=EDGE_CURVE('',#1355,#1353,#1135,.T.);
#1740=EDGE_CURVE('',#1355,#1356,#599,.T.);
#1741=EDGE_CURVE('',#1356,#1354,#1136,.T.);
#1742=EDGE_CURVE('',#1357,#1355,#1137,.T.);
#1743=EDGE_CURVE('',#1357,#1358,#600,.T.);
#1744=EDGE_CURVE('',#1358,#1356,#1138,.T.);
#1745=EDGE_CURVE('',#1359,#1357,#1139,.T.);
#1746=EDGE_CURVE('',#1359,#1360,#601,.T.);
#1747=EDGE_CURVE('',#1360,#1358,#1140,.T.);
#1748=EDGE_CURVE('',#1361,#1359,#1141,.T.);
#1749=EDGE_CURVE('',#1361,#1362,#602,.T.);
#1750=EDGE_CURVE('',#1362,#1360,#1142,.T.);
#1751=EDGE_CURVE('',#1363,#1361,#1143,.T.);
#1752=EDGE_CURVE('',#1363,#1364,#603,.T.);
#1753=EDGE_CURVE('',#1364,#1362,#1144,.T.);
#1754=EDGE_CURVE('',#1365,#1363,#1145,.T.);
#1755=EDGE_CURVE('',#1365,#1366,#604,.T.);
#1756=EDGE_CURVE('',#1366,#1364,#1146,.T.);
#1757=EDGE_CURVE('',#1367,#1365,#1147,.T.);
#1758=EDGE_CURVE('',#1367,#1368,#605,.T.);
#1759=EDGE_CURVE('',#1368,#1366,#1148,.T.);
#1760=EDGE_CURVE('',#1369,#1367,#1149,.T.);
#1761=EDGE_CURVE('',#1369,#1370,#606,.T.);
#1762=EDGE_CURVE('',#1370,#1368,#1150,.T.);
#1763=EDGE_CURVE('',#1371,#1369,#607,.T.);
#1764=EDGE_CURVE('',#1371,#1372,#608,.T.);
#1765=EDGE_CURVE('',#1372,#1370,#609,.T.);
#1766=EDGE_CURVE('',#1373,#1371,#1151,.T.);
#1767=EDGE_CURVE('',#1373,#1374,#610,.T.);
#1768=EDGE_CURVE('',#1374,#1372,#1152,.T.);
#1769=EDGE_CURVE('',#1375,#1373,#1153,.T.);
#1770=EDGE_CURVE('',#1375,#1376,#611,.T.);
#1771=EDGE_CURVE('',#1376,#1374,#1154,.T.);
#1772=EDGE_CURVE('',#1377,#1375,#612,.T.);
#1773=EDGE_CURVE('',#1377,#1378,#613,.T.);
#1774=EDGE_CURVE('',#1378,#1376,#614,.T.);
#1775=EDGE_CURVE('',#1379,#1377,#1155,.T.);
#1776=EDGE_CURVE('',#1379,#1380,#615,.T.);
#1777=EDGE_CURVE('',#1380,#1378,#1156,.T.);
#1778=EDGE_CURVE('',#1381,#1379,#1157,.T.);
#1779=EDGE_CURVE('',#1381,#1382,#616,.T.);
#1780=EDGE_CURVE('',#1382,#1380,#1158,.T.);
#1781=EDGE_CURVE('',#1383,#1381,#1159,.T.);
#1782=EDGE_CURVE('',#1383,#1384,#617,.T.);
#1783=EDGE_CURVE('',#1384,#1382,#1160,.T.);
#1784=EDGE_CURVE('',#1385,#1383,#1161,.T.);
#1785=EDGE_CURVE('',#1385,#1386,#618,.T.);
#1786=EDGE_CURVE('',#1386,#1384,#1162,.T.);
#1787=EDGE_CURVE('',#1387,#1385,#1163,.T.);
#1788=EDGE_CURVE('',#1387,#1388,#619,.T.);
#1789=EDGE_CURVE('',#1388,#1386,#1164,.T.);
#1790=EDGE_CURVE('',#1389,#1387,#620,.T.);
#1791=EDGE_CURVE('',#1389,#1390,#621,.T.);
#1792=EDGE_CURVE('',#1390,#1388,#622,.T.);
#1793=EDGE_CURVE('',#1342,#1389,#1165,.T.);
#1794=EDGE_CURVE('',#1344,#1390,#1166,.T.);
#1795=EDGE_CURVE('',#1391,#1392,#623,.T.);
#1796=EDGE_CURVE('',#1391,#1393,#624,.T.);
#1797=EDGE_CURVE('',#1393,#1394,#625,.T.);
#1798=EDGE_CURVE('',#1392,#1394,#626,.T.);
#1799=EDGE_CURVE('',#1395,#1391,#627,.T.);
#1800=EDGE_CURVE('',#1395,#1396,#628,.T.);
#1801=EDGE_CURVE('',#1396,#1393,#629,.T.);
#1802=EDGE_CURVE('',#1397,#1395,#630,.T.);
#1803=EDGE_CURVE('',#1397,#1398,#631,.T.);
#1804=EDGE_CURVE('',#1398,#1396,#632,.T.);
#1805=EDGE_CURVE('',#1399,#1397,#633,.T.);
#1806=EDGE_CURVE('',#1399,#1400,#634,.T.);
#1807=EDGE_CURVE('',#1400,#1398,#635,.T.);
#1808=EDGE_CURVE('',#1401,#1399,#636,.T.);
#1809=EDGE_CURVE('',#1401,#1402,#637,.T.);
#1810=EDGE_CURVE('',#1402,#1400,#638,.T.);
#1811=EDGE_CURVE('',#1403,#1401,#639,.T.);
#1812=EDGE_CURVE('',#1403,#1404,#640,.T.);
#1813=EDGE_CURVE('',#1404,#1402,#641,.T.);
#1814=EDGE_CURVE('',#1405,#1403,#642,.T.);
#1815=EDGE_CURVE('',#1405,#1406,#643,.T.);
#1816=EDGE_CURVE('',#1406,#1404,#644,.T.);
#1817=EDGE_CURVE('',#1407,#1405,#645,.T.);
#1818=EDGE_CURVE('',#1407,#1408,#646,.T.);
#1819=EDGE_CURVE('',#1408,#1406,#647,.T.);
#1820=EDGE_CURVE('',#1409,#1407,#648,.T.);
#1821=EDGE_CURVE('',#1409,#1410,#649,.T.);
#1822=EDGE_CURVE('',#1410,#1408,#650,.T.);
#1823=EDGE_CURVE('',#1411,#1409,#651,.T.);
#1824=EDGE_CURVE('',#1411,#1412,#652,.T.);
#1825=EDGE_CURVE('',#1412,#1410,#653,.T.);
#1826=EDGE_CURVE('',#1413,#1411,#654,.T.);
#1827=EDGE_CURVE('',#1413,#1414,#655,.T.);
#1828=EDGE_CURVE('',#1414,#1412,#656,.T.);
#1829=EDGE_CURVE('',#1415,#1413,#657,.T.);
#1830=EDGE_CURVE('',#1415,#1416,#658,.T.);
#1831=EDGE_CURVE('',#1416,#1414,#659,.T.);
#1832=EDGE_CURVE('',#1392,#1415,#660,.T.);
#1833=EDGE_CURVE('',#1394,#1416,#661,.T.);
#1834=EDGE_CURVE('',#1417,#1418,#1167,.T.);
#1835=EDGE_CURVE('',#1417,#1419,#662,.T.);
#1836=EDGE_CURVE('',#1419,#1420,#1168,.T.);
#1837=EDGE_CURVE('',#1418,#1420,#663,.T.);
#1838=EDGE_CURVE('',#1421,#1417,#1169,.T.);
#1839=EDGE_CURVE('',#1421,#1422,#664,.T.);
#1840=EDGE_CURVE('',#1422,#1419,#1170,.T.);
#1841=EDGE_CURVE('',#1423,#1421,#1171,.T.);
#1842=EDGE_CURVE('',#1423,#1424,#665,.T.);
#1843=EDGE_CURVE('',#1424,#1422,#1172,.T.);
#1844=EDGE_CURVE('',#1425,#1423,#1173,.T.);
#1845=EDGE_CURVE('',#1425,#1426,#666,.T.);
#1846=EDGE_CURVE('',#1426,#1424,#1174,.T.);
#1847=EDGE_CURVE('',#1427,#1425,#1175,.T.);
#1848=EDGE_CURVE('',#1427,#1428,#667,.T.);
#1849=EDGE_CURVE('',#1428,#1426,#1176,.T.);
#1850=EDGE_CURVE('',#1429,#1427,#1177,.T.);
#1851=EDGE_CURVE('',#1429,#1430,#668,.T.);
#1852=EDGE_CURVE('',#1430,#1428,#1178,.T.);
#1853=EDGE_CURVE('',#1431,#1429,#1179,.T.);
#1854=EDGE_CURVE('',#1431,#1432,#669,.T.);
#1855=EDGE_CURVE('',#1432,#1430,#1180,.T.);
#1856=EDGE_CURVE('',#1418,#1431,#1181,.T.);
#1857=EDGE_CURVE('',#1420,#1432,#1182,.T.);
#1858=EDGE_CURVE('',#1433,#1434,#1183,.T.);
#1859=EDGE_CURVE('',#1433,#1435,#670,.T.);
#1860=EDGE_CURVE('',#1435,#1436,#1184,.T.);
#1861=EDGE_CURVE('',#1434,#1436,#671,.T.);
#1862=EDGE_CURVE('',#1437,#1433,#1185,.T.);
#1863=EDGE_CURVE('',#1437,#1438,#672,.T.);
#1864=EDGE_CURVE('',#1438,#1435,#1186,.T.);
#1865=EDGE_CURVE('',#1439,#1437,#1187,.T.);
#1866=EDGE_CURVE('',#1439,#1440,#673,.T.);
#1867=EDGE_CURVE('',#1440,#1438,#1188,.T.);
#1868=EDGE_CURVE('',#1441,#1439,#1189,.T.);
#1869=EDGE_CURVE('',#1441,#1442,#674,.T.);
#1870=EDGE_CURVE('',#1442,#1440,#1190,.T.);
#1871=EDGE_CURVE('',#1443,#1441,#1191,.T.);
#1872=EDGE_CURVE('',#1443,#1444,#675,.T.);
#1873=EDGE_CURVE('',#1444,#1442,#1192,.T.);
#1874=EDGE_CURVE('',#1445,#1443,#1193,.T.);
#1875=EDGE_CURVE('',#1445,#1446,#676,.T.);
#1876=EDGE_CURVE('',#1446,#1444,#1194,.T.);
#1877=EDGE_CURVE('',#1447,#1445,#1195,.T.);
#1878=EDGE_CURVE('',#1447,#1448,#677,.T.);
#1879=EDGE_CURVE('',#1448,#1446,#1196,.T.);
#1880=EDGE_CURVE('',#1449,#1447,#1197,.T.);
#1881=EDGE_CURVE('',#1449,#1450,#678,.T.);
#1882=EDGE_CURVE('',#1450,#1448,#1198,.T.);
#1883=EDGE_CURVE('',#1451,#1449,#1199,.T.);
#1884=EDGE_CURVE('',#1451,#1452,#679,.T.);
#1885=EDGE_CURVE('',#1452,#1450,#1200,.T.);
#1886=EDGE_CURVE('',#1434,#1451,#1201,.T.);
#1887=EDGE_CURVE('',#1436,#1452,#1202,.T.);
#1888=EDGE_CURVE('',#1453,#1454,#680,.T.);
#1889=EDGE_CURVE('',#1453,#1455,#681,.T.);
#1890=EDGE_CURVE('',#1455,#1456,#682,.T.);
#1891=EDGE_CURVE('',#1454,#1456,#683,.T.);
#1892=EDGE_CURVE('',#1457,#1453,#684,.T.);
#1893=EDGE_CURVE('',#1457,#1458,#685,.T.);
#1894=EDGE_CURVE('',#1458,#1455,#686,.T.);
#1895=EDGE_CURVE('',#1459,#1457,#687,.T.);
#1896=EDGE_CURVE('',#1459,#1460,#688,.T.);
#1897=EDGE_CURVE('',#1460,#1458,#689,.T.);
#1898=EDGE_CURVE('',#1461,#1459,#690,.T.);
#1899=EDGE_CURVE('',#1461,#1462,#691,.T.);
#1900=EDGE_CURVE('',#1462,#1460,#692,.T.);
#1901=EDGE_CURVE('',#1463,#1461,#693,.T.);
#1902=EDGE_CURVE('',#1463,#1464,#694,.T.);
#1903=EDGE_CURVE('',#1464,#1462,#695,.T.);
#1904=EDGE_CURVE('',#1465,#1463,#696,.T.);
#1905=EDGE_CURVE('',#1465,#1466,#697,.T.);
#1906=EDGE_CURVE('',#1466,#1464,#698,.T.);
#1907=EDGE_CURVE('',#1467,#1465,#699,.T.);
#1908=EDGE_CURVE('',#1467,#1468,#700,.T.);
#1909=EDGE_CURVE('',#1468,#1466,#701,.T.);
#1910=EDGE_CURVE('',#1469,#1467,#702,.T.);
#1911=EDGE_CURVE('',#1469,#1470,#703,.T.);
#1912=EDGE_CURVE('',#1470,#1468,#704,.T.);
#1913=EDGE_CURVE('',#1471,#1469,#705,.T.);
#1914=EDGE_CURVE('',#1471,#1472,#706,.T.);
#1915=EDGE_CURVE('',#1472,#1470,#707,.T.);
#1916=EDGE_CURVE('',#1454,#1471,#708,.T.);
#1917=EDGE_CURVE('',#1456,#1472,#709,.T.);
#1918=EDGE_CURVE('',#1473,#1474,#23,.T.);
#1919=EDGE_CURVE('',#1473,#1475,#710,.T.);
#1920=EDGE_CURVE('',#1476,#1475,#24,.T.);
#1921=EDGE_CURVE('',#1476,#1477,#711,.T.);
#1922=EDGE_CURVE('',#1478,#1477,#25,.T.);
#1923=EDGE_CURVE('',#1478,#1479,#712,.T.);
#1924=EDGE_CURVE('',#1480,#1479,#26,.T.);
#1925=EDGE_CURVE('',#1480,#1474,#713,.T.);
#1926=EDGE_CURVE('',#1481,#1481,#27,.T.);
#1927=EDGE_CURVE('',#1482,#1482,#28,.T.);
#1928=EDGE_CURVE('',#1483,#1483,#29,.T.);
#1929=EDGE_CURVE('',#1484,#1484,#30,.T.);
#1930=EDGE_CURVE('',#1485,#1486,#31,.T.);
#1931=EDGE_CURVE('',#1486,#1473,#714,.T.);
#1932=EDGE_CURVE('',#1474,#1485,#715,.T.);
#1933=EDGE_CURVE('',#1485,#1487,#716,.T.);
#1934=EDGE_CURVE('',#1488,#1487,#32,.T.);
#1935=EDGE_CURVE('',#1488,#1489,#717,.T.);
#1936=EDGE_CURVE('',#1490,#1489,#33,.T.);
#1937=EDGE_CURVE('',#1490,#1491,#718,.T.);
#1938=EDGE_CURVE('',#1492,#1491,#34,.T.);
#1939=EDGE_CURVE('',#1492,#1493,#719,.T.);
#1940=EDGE_CURVE('',#1493,#1494,#720,.T.);
#1941=EDGE_CURVE('',#1494,#1495,#721,.T.);
#1942=EDGE_CURVE('',#1495,#1496,#722,.T.);
#1943=EDGE_CURVE('',#1496,#1497,#723,.T.);
#1944=EDGE_CURVE('',#1497,#1498,#724,.T.);
#1945=EDGE_CURVE('',#1498,#1499,#725,.T.);
#1946=EDGE_CURVE('',#1499,#1500,#726,.T.);
#1947=EDGE_CURVE('',#1500,#1486,#727,.T.);
#1948=EDGE_CURVE('',#1501,#1501,#35,.T.);
#1949=EDGE_CURVE('',#1502,#1502,#36,.T.);
#1950=EDGE_CURVE('',#1503,#1503,#37,.T.);
#1951=EDGE_CURVE('',#1504,#1504,#38,.T.);
#1952=EDGE_CURVE('',#1487,#1480,#728,.T.);
#1953=EDGE_CURVE('',#1479,#1488,#729,.T.);
#1954=EDGE_CURVE('',#1489,#1478,#730,.T.);
#1955=EDGE_CURVE('',#1477,#1490,#731,.T.);
#1956=EDGE_CURVE('',#1491,#1476,#732,.T.);
#1957=EDGE_CURVE('',#1475,#1492,#733,.T.);
#1958=EDGE_CURVE('',#1505,#1493,#734,.T.);
#1959=EDGE_CURVE('',#1505,#1506,#735,.T.);
#1960=EDGE_CURVE('',#1494,#1506,#736,.T.);
#1961=EDGE_CURVE('',#1507,#1499,#737,.T.);
#1962=EDGE_CURVE('',#1507,#1508,#738,.T.);
#1963=EDGE_CURVE('',#1500,#1508,#739,.T.);
#1964=EDGE_CURVE('',#1506,#1507,#740,.T.);
#1965=EDGE_CURVE('',#1508,#1505,#741,.T.);
#1966=EDGE_CURVE('',#1509,#1498,#742,.T.);
#1967=EDGE_CURVE('',#1510,#1509,#743,.T.);
#1968=EDGE_CURVE('',#1510,#1495,#744,.T.);
#1969=EDGE_CURVE('',#1509,#1511,#745,.T.);
#1970=EDGE_CURVE('',#1511,#1497,#746,.T.);
#1971=EDGE_CURVE('',#1501,#1484,#747,.T.);
#1972=EDGE_CURVE('',#1502,#1483,#748,.T.);
#1973=EDGE_CURVE('',#1503,#1482,#749,.T.);
#1974=EDGE_CURVE('',#1511,#1512,#750,.T.);
#1975=EDGE_CURVE('',#1512,#1496,#751,.T.);
#1976=EDGE_CURVE('',#1512,#1510,#752,.T.);
#1977=EDGE_CURVE('',#1504,#1481,#753,.T.);
#1978=ORIENTED_EDGE('',*,*,#1513,.F.);
#1979=ORIENTED_EDGE('',*,*,#1514,.T.);
#1980=ORIENTED_EDGE('',*,*,#1515,.T.);
#1981=ORIENTED_EDGE('',*,*,#1516,.F.);
#1982=ORIENTED_EDGE('',*,*,#1517,.F.);
#1983=ORIENTED_EDGE('',*,*,#1518,.T.);
#1984=ORIENTED_EDGE('',*,*,#1519,.T.);
#1985=ORIENTED_EDGE('',*,*,#1514,.F.);
#1986=ORIENTED_EDGE('',*,*,#1520,.F.);
#1987=ORIENTED_EDGE('',*,*,#1521,.T.);
#1988=ORIENTED_EDGE('',*,*,#1522,.T.);
#1989=ORIENTED_EDGE('',*,*,#1518,.F.);
#1990=ORIENTED_EDGE('',*,*,#1523,.F.);
#1991=ORIENTED_EDGE('',*,*,#1524,.T.);
#1992=ORIENTED_EDGE('',*,*,#1525,.T.);
#1993=ORIENTED_EDGE('',*,*,#1521,.F.);
#1994=ORIENTED_EDGE('',*,*,#1526,.F.);
#1995=ORIENTED_EDGE('',*,*,#1516,.T.);
#1996=ORIENTED_EDGE('',*,*,#1527,.T.);
#1997=ORIENTED_EDGE('',*,*,#1524,.F.);
#1998=ORIENTED_EDGE('',*,*,#1528,.F.);
#1999=ORIENTED_EDGE('',*,*,#1529,.T.);
#2000=ORIENTED_EDGE('',*,*,#1530,.T.);
#2001=ORIENTED_EDGE('',*,*,#1531,.F.);
#2002=ORIENTED_EDGE('',*,*,#1532,.F.);
#2003=ORIENTED_EDGE('',*,*,#1533,.T.);
#2004=ORIENTED_EDGE('',*,*,#1534,.T.);
#2005=ORIENTED_EDGE('',*,*,#1529,.F.);
#2006=ORIENTED_EDGE('',*,*,#1535,.F.);
#2007=ORIENTED_EDGE('',*,*,#1536,.T.);
#2008=ORIENTED_EDGE('',*,*,#1537,.T.);
#2009=ORIENTED_EDGE('',*,*,#1533,.F.);
#2010=ORIENTED_EDGE('',*,*,#1538,.F.);
#2011=ORIENTED_EDGE('',*,*,#1539,.T.);
#2012=ORIENTED_EDGE('',*,*,#1540,.T.);
#2013=ORIENTED_EDGE('',*,*,#1536,.F.);
#2014=ORIENTED_EDGE('',*,*,#1541,.F.);
#2015=ORIENTED_EDGE('',*,*,#1542,.T.);
#2016=ORIENTED_EDGE('',*,*,#1543,.T.);
#2017=ORIENTED_EDGE('',*,*,#1539,.F.);
#2018=ORIENTED_EDGE('',*,*,#1544,.F.);
#2019=ORIENTED_EDGE('',*,*,#1545,.T.);
#2020=ORIENTED_EDGE('',*,*,#1546,.T.);
#2021=ORIENTED_EDGE('',*,*,#1542,.F.);
#2022=ORIENTED_EDGE('',*,*,#1547,.F.);
#2023=ORIENTED_EDGE('',*,*,#1548,.T.);
#2024=ORIENTED_EDGE('',*,*,#1549,.T.);
#2025=ORIENTED_EDGE('',*,*,#1545,.F.);
#2026=ORIENTED_EDGE('',*,*,#1550,.F.);
#2027=ORIENTED_EDGE('',*,*,#1551,.T.);
#2028=ORIENTED_EDGE('',*,*,#1552,.T.);
#2029=ORIENTED_EDGE('',*,*,#1548,.F.);
#2030=ORIENTED_EDGE('',*,*,#1553,.F.);
#2031=ORIENTED_EDGE('',*,*,#1554,.T.);
#2032=ORIENTED_EDGE('',*,*,#1555,.T.);
#2033=ORIENTED_EDGE('',*,*,#1551,.F.);
#2034=ORIENTED_EDGE('',*,*,#1556,.F.);
#2035=ORIENTED_EDGE('',*,*,#1557,.T.);
#2036=ORIENTED_EDGE('',*,*,#1558,.T.);
#2037=ORIENTED_EDGE('',*,*,#1554,.F.);
#2038=ORIENTED_EDGE('',*,*,#1559,.F.);
#2039=ORIENTED_EDGE('',*,*,#1560,.T.);
#2040=ORIENTED_EDGE('',*,*,#1561,.T.);
#2041=ORIENTED_EDGE('',*,*,#1557,.F.);
#2042=ORIENTED_EDGE('',*,*,#1562,.F.);
#2043=ORIENTED_EDGE('',*,*,#1563,.T.);
#2044=ORIENTED_EDGE('',*,*,#1564,.T.);
#2045=ORIENTED_EDGE('',*,*,#1560,.F.);
#2046=ORIENTED_EDGE('',*,*,#1565,.F.);
#2047=ORIENTED_EDGE('',*,*,#1566,.T.);
#2048=ORIENTED_EDGE('',*,*,#1567,.T.);
#2049=ORIENTED_EDGE('',*,*,#1563,.F.);
#2050=ORIENTED_EDGE('',*,*,#1568,.F.);
#2051=ORIENTED_EDGE('',*,*,#1531,.T.);
#2052=ORIENTED_EDGE('',*,*,#1569,.T.);
#2053=ORIENTED_EDGE('',*,*,#1566,.F.);
#2054=ORIENTED_EDGE('',*,*,#1569,.F.);
#2055=ORIENTED_EDGE('',*,*,#1530,.F.);
#2056=ORIENTED_EDGE('',*,*,#1534,.F.);
#2057=ORIENTED_EDGE('',*,*,#1537,.F.);
#2058=ORIENTED_EDGE('',*,*,#1540,.F.);
#2059=ORIENTED_EDGE('',*,*,#1543,.F.);
#2060=ORIENTED_EDGE('',*,*,#1546,.F.);
#2061=ORIENTED_EDGE('',*,*,#1549,.F.);
#2062=ORIENTED_EDGE('',*,*,#1552,.F.);
#2063=ORIENTED_EDGE('',*,*,#1555,.F.);
#2064=ORIENTED_EDGE('',*,*,#1558,.F.);
#2065=ORIENTED_EDGE('',*,*,#1561,.F.);
#2066=ORIENTED_EDGE('',*,*,#1564,.F.);
#2067=ORIENTED_EDGE('',*,*,#1567,.F.);
#2068=ORIENTED_EDGE('',*,*,#1527,.F.);
#2069=ORIENTED_EDGE('',*,*,#1515,.F.);
#2070=ORIENTED_EDGE('',*,*,#1519,.F.);
#2071=ORIENTED_EDGE('',*,*,#1522,.F.);
#2072=ORIENTED_EDGE('',*,*,#1525,.F.);
#2073=ORIENTED_EDGE('',*,*,#1570,.F.);
#2074=ORIENTED_EDGE('',*,*,#1571,.T.);
#2075=ORIENTED_EDGE('',*,*,#1572,.T.);
#2076=ORIENTED_EDGE('',*,*,#1573,.F.);
#2077=ORIENTED_EDGE('',*,*,#1574,.F.);
#2078=ORIENTED_EDGE('',*,*,#1575,.T.);
#2079=ORIENTED_EDGE('',*,*,#1576,.T.);
#2080=ORIENTED_EDGE('',*,*,#1571,.F.);
#2081=ORIENTED_EDGE('',*,*,#1577,.F.);
#2082=ORIENTED_EDGE('',*,*,#1578,.T.);
#2083=ORIENTED_EDGE('',*,*,#1579,.T.);
#2084=ORIENTED_EDGE('',*,*,#1575,.F.);
#2085=ORIENTED_EDGE('',*,*,#1580,.F.);
#2086=ORIENTED_EDGE('',*,*,#1581,.T.);
#2087=ORIENTED_EDGE('',*,*,#1582,.T.);
#2088=ORIENTED_EDGE('',*,*,#1578,.F.);
#2089=ORIENTED_EDGE('',*,*,#1583,.F.);
#2090=ORIENTED_EDGE('',*,*,#1584,.T.);
#2091=ORIENTED_EDGE('',*,*,#1585,.T.);
#2092=ORIENTED_EDGE('',*,*,#1581,.F.);
#2093=ORIENTED_EDGE('',*,*,#1586,.F.);
#2094=ORIENTED_EDGE('',*,*,#1587,.T.);
#2095=ORIENTED_EDGE('',*,*,#1588,.T.);
#2096=ORIENTED_EDGE('',*,*,#1584,.F.);
#2097=ORIENTED_EDGE('',*,*,#1589,.F.);
#2098=ORIENTED_EDGE('',*,*,#1590,.T.);
#2099=ORIENTED_EDGE('',*,*,#1591,.T.);
#2100=ORIENTED_EDGE('',*,*,#1587,.F.);
#2101=ORIENTED_EDGE('',*,*,#1592,.F.);
#2102=ORIENTED_EDGE('',*,*,#1573,.T.);
#2103=ORIENTED_EDGE('',*,*,#1593,.T.);
#2104=ORIENTED_EDGE('',*,*,#1590,.F.);
#2105=ORIENTED_EDGE('',*,*,#1594,.F.);
#2106=ORIENTED_EDGE('',*,*,#1595,.T.);
#2107=ORIENTED_EDGE('',*,*,#1596,.T.);
#2108=ORIENTED_EDGE('',*,*,#1597,.F.);
#2109=ORIENTED_EDGE('',*,*,#1598,.F.);
#2110=ORIENTED_EDGE('',*,*,#1599,.T.);
#2111=ORIENTED_EDGE('',*,*,#1600,.T.);
#2112=ORIENTED_EDGE('',*,*,#1595,.F.);
#2113=ORIENTED_EDGE('',*,*,#1601,.F.);
#2114=ORIENTED_EDGE('',*,*,#1602,.T.);
#2115=ORIENTED_EDGE('',*,*,#1603,.T.);
#2116=ORIENTED_EDGE('',*,*,#1599,.F.);
#2117=ORIENTED_EDGE('',*,*,#1604,.F.);
#2118=ORIENTED_EDGE('',*,*,#1605,.T.);
#2119=ORIENTED_EDGE('',*,*,#1606,.T.);
#2120=ORIENTED_EDGE('',*,*,#1602,.F.);
#2121=ORIENTED_EDGE('',*,*,#1607,.F.);
#2122=ORIENTED_EDGE('',*,*,#1608,.T.);
#2123=ORIENTED_EDGE('',*,*,#1609,.T.);
#2124=ORIENTED_EDGE('',*,*,#1605,.F.);
#2125=ORIENTED_EDGE('',*,*,#1610,.F.);
#2126=ORIENTED_EDGE('',*,*,#1611,.T.);
#2127=ORIENTED_EDGE('',*,*,#1612,.T.);
#2128=ORIENTED_EDGE('',*,*,#1608,.F.);
#2129=ORIENTED_EDGE('',*,*,#1613,.F.);
#2130=ORIENTED_EDGE('',*,*,#1614,.T.);
#2131=ORIENTED_EDGE('',*,*,#1615,.T.);
#2132=ORIENTED_EDGE('',*,*,#1611,.F.);
#2133=ORIENTED_EDGE('',*,*,#1616,.F.);
#2134=ORIENTED_EDGE('',*,*,#1617,.T.);
#2135=ORIENTED_EDGE('',*,*,#1618,.T.);
#2136=ORIENTED_EDGE('',*,*,#1614,.F.);
#2137=ORIENTED_EDGE('',*,*,#1619,.F.);
#2138=ORIENTED_EDGE('',*,*,#1620,.T.);
#2139=ORIENTED_EDGE('',*,*,#1621,.T.);
#2140=ORIENTED_EDGE('',*,*,#1617,.F.);
#2141=ORIENTED_EDGE('',*,*,#1622,.F.);
#2142=ORIENTED_EDGE('',*,*,#1623,.T.);
#2143=ORIENTED_EDGE('',*,*,#1624,.T.);
#2144=ORIENTED_EDGE('',*,*,#1620,.F.);
#2145=ORIENTED_EDGE('',*,*,#1625,.F.);
#2146=ORIENTED_EDGE('',*,*,#1626,.T.);
#2147=ORIENTED_EDGE('',*,*,#1627,.T.);
#2148=ORIENTED_EDGE('',*,*,#1623,.F.);
#2149=ORIENTED_EDGE('',*,*,#1628,.F.);
#2150=ORIENTED_EDGE('',*,*,#1597,.T.);
#2151=ORIENTED_EDGE('',*,*,#1629,.T.);
#2152=ORIENTED_EDGE('',*,*,#1626,.F.);
#2153=ORIENTED_EDGE('',*,*,#1629,.F.);
#2154=ORIENTED_EDGE('',*,*,#1596,.F.);
#2155=ORIENTED_EDGE('',*,*,#1600,.F.);
#2156=ORIENTED_EDGE('',*,*,#1603,.F.);
#2157=ORIENTED_EDGE('',*,*,#1606,.F.);
#2158=ORIENTED_EDGE('',*,*,#1609,.F.);
#2159=ORIENTED_EDGE('',*,*,#1612,.F.);
#2160=ORIENTED_EDGE('',*,*,#1615,.F.);
#2161=ORIENTED_EDGE('',*,*,#1618,.F.);
#2162=ORIENTED_EDGE('',*,*,#1621,.F.);
#2163=ORIENTED_EDGE('',*,*,#1624,.F.);
#2164=ORIENTED_EDGE('',*,*,#1627,.F.);
#2165=ORIENTED_EDGE('',*,*,#1593,.F.);
#2166=ORIENTED_EDGE('',*,*,#1572,.F.);
#2167=ORIENTED_EDGE('',*,*,#1576,.F.);
#2168=ORIENTED_EDGE('',*,*,#1579,.F.);
#2169=ORIENTED_EDGE('',*,*,#1582,.F.);
#2170=ORIENTED_EDGE('',*,*,#1585,.F.);
#2171=ORIENTED_EDGE('',*,*,#1588,.F.);
#2172=ORIENTED_EDGE('',*,*,#1591,.F.);
#2173=ORIENTED_EDGE('',*,*,#1630,.F.);
#2174=ORIENTED_EDGE('',*,*,#1631,.T.);
#2175=ORIENTED_EDGE('',*,*,#1632,.T.);
#2176=ORIENTED_EDGE('',*,*,#1633,.F.);
#2177=ORIENTED_EDGE('',*,*,#1634,.F.);
#2178=ORIENTED_EDGE('',*,*,#1635,.T.);
#2179=ORIENTED_EDGE('',*,*,#1636,.T.);
#2180=ORIENTED_EDGE('',*,*,#1631,.F.);
#2181=ORIENTED_EDGE('',*,*,#1637,.F.);
#2182=ORIENTED_EDGE('',*,*,#1638,.T.);
#2183=ORIENTED_EDGE('',*,*,#1639,.T.);
#2184=ORIENTED_EDGE('',*,*,#1635,.F.);
#2185=ORIENTED_EDGE('',*,*,#1640,.F.);
#2186=ORIENTED_EDGE('',*,*,#1641,.T.);
#2187=ORIENTED_EDGE('',*,*,#1642,.T.);
#2188=ORIENTED_EDGE('',*,*,#1638,.F.);
#2189=ORIENTED_EDGE('',*,*,#1643,.F.);
#2190=ORIENTED_EDGE('',*,*,#1644,.T.);
#2191=ORIENTED_EDGE('',*,*,#1645,.T.);
#2192=ORIENTED_EDGE('',*,*,#1641,.F.);
#2193=ORIENTED_EDGE('',*,*,#1646,.F.);
#2194=ORIENTED_EDGE('',*,*,#1647,.T.);
#2195=ORIENTED_EDGE('',*,*,#1648,.T.);
#2196=ORIENTED_EDGE('',*,*,#1644,.F.);
#2197=ORIENTED_EDGE('',*,*,#1649,.F.);
#2198=ORIENTED_EDGE('',*,*,#1650,.T.);
#2199=ORIENTED_EDGE('',*,*,#1651,.T.);
#2200=ORIENTED_EDGE('',*,*,#1647,.F.);
#2201=ORIENTED_EDGE('',*,*,#1652,.F.);
#2202=ORIENTED_EDGE('',*,*,#1653,.T.);
#2203=ORIENTED_EDGE('',*,*,#1654,.T.);
#2204=ORIENTED_EDGE('',*,*,#1650,.F.);
#2205=ORIENTED_EDGE('',*,*,#1655,.F.);
#2206=ORIENTED_EDGE('',*,*,#1633,.T.);
#2207=ORIENTED_EDGE('',*,*,#1656,.T.);
#2208=ORIENTED_EDGE('',*,*,#1653,.F.);
#2209=ORIENTED_EDGE('',*,*,#1657,.F.);
#2210=ORIENTED_EDGE('',*,*,#1658,.T.);
#2211=ORIENTED_EDGE('',*,*,#1659,.T.);
#2212=ORIENTED_EDGE('',*,*,#1660,.F.);
#2213=ORIENTED_EDGE('',*,*,#1661,.F.);
#2214=ORIENTED_EDGE('',*,*,#1662,.T.);
#2215=ORIENTED_EDGE('',*,*,#1663,.T.);
#2216=ORIENTED_EDGE('',*,*,#1658,.F.);
#2217=ORIENTED_EDGE('',*,*,#1664,.F.);
#2218=ORIENTED_EDGE('',*,*,#1665,.T.);
#2219=ORIENTED_EDGE('',*,*,#1666,.T.);
#2220=ORIENTED_EDGE('',*,*,#1662,.F.);
#2221=ORIENTED_EDGE('',*,*,#1667,.F.);
#2222=ORIENTED_EDGE('',*,*,#1668,.T.);
#2223=ORIENTED_EDGE('',*,*,#1669,.T.);
#2224=ORIENTED_EDGE('',*,*,#1665,.F.);
#2225=ORIENTED_EDGE('',*,*,#1670,.F.);
#2226=ORIENTED_EDGE('',*,*,#1671,.T.);
#2227=ORIENTED_EDGE('',*,*,#1672,.T.);
#2228=ORIENTED_EDGE('',*,*,#1668,.F.);
#2229=ORIENTED_EDGE('',*,*,#1673,.F.);
#2230=ORIENTED_EDGE('',*,*,#1674,.T.);
#2231=ORIENTED_EDGE('',*,*,#1675,.T.);
#2232=ORIENTED_EDGE('',*,*,#1671,.F.);
#2233=ORIENTED_EDGE('',*,*,#1676,.F.);
#2234=ORIENTED_EDGE('',*,*,#1677,.T.);
#2235=ORIENTED_EDGE('',*,*,#1678,.T.);
#2236=ORIENTED_EDGE('',*,*,#1674,.F.);
#2237=ORIENTED_EDGE('',*,*,#1679,.F.);
#2238=ORIENTED_EDGE('',*,*,#1680,.T.);
#2239=ORIENTED_EDGE('',*,*,#1681,.T.);
#2240=ORIENTED_EDGE('',*,*,#1677,.F.);
#2241=ORIENTED_EDGE('',*,*,#1682,.F.);
#2242=ORIENTED_EDGE('',*,*,#1683,.T.);
#2243=ORIENTED_EDGE('',*,*,#1684,.T.);
#2244=ORIENTED_EDGE('',*,*,#1680,.F.);
#2245=ORIENTED_EDGE('',*,*,#1685,.F.);
#2246=ORIENTED_EDGE('',*,*,#1686,.T.);
#2247=ORIENTED_EDGE('',*,*,#1687,.T.);
#2248=ORIENTED_EDGE('',*,*,#1683,.F.);
#2249=ORIENTED_EDGE('',*,*,#1688,.F.);
#2250=ORIENTED_EDGE('',*,*,#1689,.T.);
#2251=ORIENTED_EDGE('',*,*,#1690,.T.);
#2252=ORIENTED_EDGE('',*,*,#1686,.F.);
#2253=ORIENTED_EDGE('',*,*,#1691,.F.);
#2254=ORIENTED_EDGE('',*,*,#1660,.T.);
#2255=ORIENTED_EDGE('',*,*,#1692,.T.);
#2256=ORIENTED_EDGE('',*,*,#1689,.F.);
#2257=ORIENTED_EDGE('',*,*,#1692,.F.);
#2258=ORIENTED_EDGE('',*,*,#1659,.F.);
#2259=ORIENTED_EDGE('',*,*,#1663,.F.);
#2260=ORIENTED_EDGE('',*,*,#1666,.F.);
#2261=ORIENTED_EDGE('',*,*,#1669,.F.);
#2262=ORIENTED_EDGE('',*,*,#1672,.F.);
#2263=ORIENTED_EDGE('',*,*,#1675,.F.);
#2264=ORIENTED_EDGE('',*,*,#1678,.F.);
#2265=ORIENTED_EDGE('',*,*,#1681,.F.);
#2266=ORIENTED_EDGE('',*,*,#1684,.F.);
#2267=ORIENTED_EDGE('',*,*,#1687,.F.);
#2268=ORIENTED_EDGE('',*,*,#1690,.F.);
#2269=ORIENTED_EDGE('',*,*,#1656,.F.);
#2270=ORIENTED_EDGE('',*,*,#1632,.F.);
#2271=ORIENTED_EDGE('',*,*,#1636,.F.);
#2272=ORIENTED_EDGE('',*,*,#1639,.F.);
#2273=ORIENTED_EDGE('',*,*,#1642,.F.);
#2274=ORIENTED_EDGE('',*,*,#1645,.F.);
#2275=ORIENTED_EDGE('',*,*,#1648,.F.);
#2276=ORIENTED_EDGE('',*,*,#1651,.F.);
#2277=ORIENTED_EDGE('',*,*,#1654,.F.);
#2278=ORIENTED_EDGE('',*,*,#1693,.F.);
#2279=ORIENTED_EDGE('',*,*,#1694,.T.);
#2280=ORIENTED_EDGE('',*,*,#1695,.T.);
#2281=ORIENTED_EDGE('',*,*,#1696,.F.);
#2282=ORIENTED_EDGE('',*,*,#1697,.F.);
#2283=ORIENTED_EDGE('',*,*,#1698,.T.);
#2284=ORIENTED_EDGE('',*,*,#1699,.T.);
#2285=ORIENTED_EDGE('',*,*,#1694,.F.);
#2286=ORIENTED_EDGE('',*,*,#1700,.F.);
#2287=ORIENTED_EDGE('',*,*,#1701,.T.);
#2288=ORIENTED_EDGE('',*,*,#1702,.T.);
#2289=ORIENTED_EDGE('',*,*,#1698,.F.);
#2290=ORIENTED_EDGE('',*,*,#1703,.F.);
#2291=ORIENTED_EDGE('',*,*,#1704,.T.);
#2292=ORIENTED_EDGE('',*,*,#1705,.T.);
#2293=ORIENTED_EDGE('',*,*,#1701,.F.);
#2294=ORIENTED_EDGE('',*,*,#1706,.F.);
#2295=ORIENTED_EDGE('',*,*,#1707,.T.);
#2296=ORIENTED_EDGE('',*,*,#1708,.T.);
#2297=ORIENTED_EDGE('',*,*,#1704,.F.);
#2298=ORIENTED_EDGE('',*,*,#1709,.F.);
#2299=ORIENTED_EDGE('',*,*,#1710,.T.);
#2300=ORIENTED_EDGE('',*,*,#1711,.T.);
#2301=ORIENTED_EDGE('',*,*,#1707,.F.);
#2302=ORIENTED_EDGE('',*,*,#1712,.F.);
#2303=ORIENTED_EDGE('',*,*,#1713,.T.);
#2304=ORIENTED_EDGE('',*,*,#1714,.T.);
#2305=ORIENTED_EDGE('',*,*,#1710,.F.);
#2306=ORIENTED_EDGE('',*,*,#1715,.F.);
#2307=ORIENTED_EDGE('',*,*,#1716,.T.);
#2308=ORIENTED_EDGE('',*,*,#1717,.T.);
#2309=ORIENTED_EDGE('',*,*,#1713,.F.);
#2310=ORIENTED_EDGE('',*,*,#1718,.F.);
#2311=ORIENTED_EDGE('',*,*,#1696,.T.);
#2312=ORIENTED_EDGE('',*,*,#1719,.T.);
#2313=ORIENTED_EDGE('',*,*,#1716,.F.);
#2314=ORIENTED_EDGE('',*,*,#1720,.F.);
#2315=ORIENTED_EDGE('',*,*,#1721,.T.);
#2316=ORIENTED_EDGE('',*,*,#1722,.T.);
#2317=ORIENTED_EDGE('',*,*,#1723,.F.);
#2318=ORIENTED_EDGE('',*,*,#1724,.F.);
#2319=ORIENTED_EDGE('',*,*,#1725,.T.);
#2320=ORIENTED_EDGE('',*,*,#1726,.T.);
#2321=ORIENTED_EDGE('',*,*,#1721,.F.);
#2322=ORIENTED_EDGE('',*,*,#1727,.F.);
#2323=ORIENTED_EDGE('',*,*,#1728,.T.);
#2324=ORIENTED_EDGE('',*,*,#1729,.T.);
#2325=ORIENTED_EDGE('',*,*,#1725,.F.);
#2326=ORIENTED_EDGE('',*,*,#1730,.F.);
#2327=ORIENTED_EDGE('',*,*,#1731,.T.);
#2328=ORIENTED_EDGE('',*,*,#1732,.T.);
#2329=ORIENTED_EDGE('',*,*,#1728,.F.);
#2330=ORIENTED_EDGE('',*,*,#1733,.F.);
#2331=ORIENTED_EDGE('',*,*,#1734,.T.);
#2332=ORIENTED_EDGE('',*,*,#1735,.T.);
#2333=ORIENTED_EDGE('',*,*,#1731,.F.);
#2334=ORIENTED_EDGE('',*,*,#1736,.F.);
#2335=ORIENTED_EDGE('',*,*,#1737,.T.);
#2336=ORIENTED_EDGE('',*,*,#1738,.T.);
#2337=ORIENTED_EDGE('',*,*,#1734,.F.);
#2338=ORIENTED_EDGE('',*,*,#1739,.F.);
#2339=ORIENTED_EDGE('',*,*,#1740,.T.);
#2340=ORIENTED_EDGE('',*,*,#1741,.T.);
#2341=ORIENTED_EDGE('',*,*,#1737,.F.);
#2342=ORIENTED_EDGE('',*,*,#1742,.F.);
#2343=ORIENTED_EDGE('',*,*,#1743,.T.);
#2344=ORIENTED_EDGE('',*,*,#1744,.T.);
#2345=ORIENTED_EDGE('',*,*,#1740,.F.);
#2346=ORIENTED_EDGE('',*,*,#1745,.F.);
#2347=ORIENTED_EDGE('',*,*,#1746,.T.);
#2348=ORIENTED_EDGE('',*,*,#1747,.T.);
#2349=ORIENTED_EDGE('',*,*,#1743,.F.);
#2350=ORIENTED_EDGE('',*,*,#1748,.F.);
#2351=ORIENTED_EDGE('',*,*,#1749,.T.);
#2352=ORIENTED_EDGE('',*,*,#1750,.T.);
#2353=ORIENTED_EDGE('',*,*,#1746,.F.);
#2354=ORIENTED_EDGE('',*,*,#1751,.F.);
#2355=ORIENTED_EDGE('',*,*,#1752,.T.);
#2356=ORIENTED_EDGE('',*,*,#1753,.T.);
#2357=ORIENTED_EDGE('',*,*,#1749,.F.);
#2358=ORIENTED_EDGE('',*,*,#1754,.F.);
#2359=ORIENTED_EDGE('',*,*,#1755,.T.);
#2360=ORIENTED_EDGE('',*,*,#1756,.T.);
#2361=ORIENTED_EDGE('',*,*,#1752,.F.);
#2362=ORIENTED_EDGE('',*,*,#1757,.F.);
#2363=ORIENTED_EDGE('',*,*,#1758,.T.);
#2364=ORIENTED_EDGE('',*,*,#1759,.T.);
#2365=ORIENTED_EDGE('',*,*,#1755,.F.);
#2366=ORIENTED_EDGE('',*,*,#1760,.F.);
#2367=ORIENTED_EDGE('',*,*,#1761,.T.);
#2368=ORIENTED_EDGE('',*,*,#1762,.T.);
#2369=ORIENTED_EDGE('',*,*,#1758,.F.);
#2370=ORIENTED_EDGE('',*,*,#1763,.F.);
#2371=ORIENTED_EDGE('',*,*,#1764,.T.);
#2372=ORIENTED_EDGE('',*,*,#1765,.T.);
#2373=ORIENTED_EDGE('',*,*,#1761,.F.);
#2374=ORIENTED_EDGE('',*,*,#1766,.F.);
#2375=ORIENTED_EDGE('',*,*,#1767,.T.);
#2376=ORIENTED_EDGE('',*,*,#1768,.T.);
#2377=ORIENTED_EDGE('',*,*,#1764,.F.);
#2378=ORIENTED_EDGE('',*,*,#1769,.F.);
#2379=ORIENTED_EDGE('',*,*,#1770,.T.);
#2380=ORIENTED_EDGE('',*,*,#1771,.T.);
#2381=ORIENTED_EDGE('',*,*,#1767,.F.);
#2382=ORIENTED_EDGE('',*,*,#1772,.F.);
#2383=ORIENTED_EDGE('',*,*,#1773,.T.);
#2384=ORIENTED_EDGE('',*,*,#1774,.T.);
#2385=ORIENTED_EDGE('',*,*,#1770,.F.);
#2386=ORIENTED_EDGE('',*,*,#1775,.F.);
#2387=ORIENTED_EDGE('',*,*,#1776,.T.);
#2388=ORIENTED_EDGE('',*,*,#1777,.T.);
#2389=ORIENTED_EDGE('',*,*,#1773,.F.);
#2390=ORIENTED_EDGE('',*,*,#1778,.F.);
#2391=ORIENTED_EDGE('',*,*,#1779,.T.);
#2392=ORIENTED_EDGE('',*,*,#1780,.T.);
#2393=ORIENTED_EDGE('',*,*,#1776,.F.);
#2394=ORIENTED_EDGE('',*,*,#1781,.F.);
#2395=ORIENTED_EDGE('',*,*,#1782,.T.);
#2396=ORIENTED_EDGE('',*,*,#1783,.T.);
#2397=ORIENTED_EDGE('',*,*,#1779,.F.);
#2398=ORIENTED_EDGE('',*,*,#1784,.F.);
#2399=ORIENTED_EDGE('',*,*,#1785,.T.);
#2400=ORIENTED_EDGE('',*,*,#1786,.T.);
#2401=ORIENTED_EDGE('',*,*,#1782,.F.);
#2402=ORIENTED_EDGE('',*,*,#1787,.F.);
#2403=ORIENTED_EDGE('',*,*,#1788,.T.);
#2404=ORIENTED_EDGE('',*,*,#1789,.T.);
#2405=ORIENTED_EDGE('',*,*,#1785,.F.);
#2406=ORIENTED_EDGE('',*,*,#1790,.F.);
#2407=ORIENTED_EDGE('',*,*,#1791,.T.);
#2408=ORIENTED_EDGE('',*,*,#1792,.T.);
#2409=ORIENTED_EDGE('',*,*,#1788,.F.);
#2410=ORIENTED_EDGE('',*,*,#1793,.F.);
#2411=ORIENTED_EDGE('',*,*,#1723,.T.);
#2412=ORIENTED_EDGE('',*,*,#1794,.T.);
#2413=ORIENTED_EDGE('',*,*,#1791,.F.);
#2414=ORIENTED_EDGE('',*,*,#1794,.F.);
#2415=ORIENTED_EDGE('',*,*,#1722,.F.);
#2416=ORIENTED_EDGE('',*,*,#1726,.F.);
#2417=ORIENTED_EDGE('',*,*,#1729,.F.);
#2418=ORIENTED_EDGE('',*,*,#1732,.F.);
#2419=ORIENTED_EDGE('',*,*,#1735,.F.);
#2420=ORIENTED_EDGE('',*,*,#1738,.F.);
#2421=ORIENTED_EDGE('',*,*,#1741,.F.);
#2422=ORIENTED_EDGE('',*,*,#1744,.F.);
#2423=ORIENTED_EDGE('',*,*,#1747,.F.);
#2424=ORIENTED_EDGE('',*,*,#1750,.F.);
#2425=ORIENTED_EDGE('',*,*,#1753,.F.);
#2426=ORIENTED_EDGE('',*,*,#1756,.F.);
#2427=ORIENTED_EDGE('',*,*,#1759,.F.);
#2428=ORIENTED_EDGE('',*,*,#1762,.F.);
#2429=ORIENTED_EDGE('',*,*,#1765,.F.);
#2430=ORIENTED_EDGE('',*,*,#1768,.F.);
#2431=ORIENTED_EDGE('',*,*,#1771,.F.);
#2432=ORIENTED_EDGE('',*,*,#1774,.F.);
#2433=ORIENTED_EDGE('',*,*,#1777,.F.);
#2434=ORIENTED_EDGE('',*,*,#1780,.F.);
#2435=ORIENTED_EDGE('',*,*,#1783,.F.);
#2436=ORIENTED_EDGE('',*,*,#1786,.F.);
#2437=ORIENTED_EDGE('',*,*,#1789,.F.);
#2438=ORIENTED_EDGE('',*,*,#1792,.F.);
#2439=ORIENTED_EDGE('',*,*,#1719,.F.);
#2440=ORIENTED_EDGE('',*,*,#1695,.F.);
#2441=ORIENTED_EDGE('',*,*,#1699,.F.);
#2442=ORIENTED_EDGE('',*,*,#1702,.F.);
#2443=ORIENTED_EDGE('',*,*,#1705,.F.);
#2444=ORIENTED_EDGE('',*,*,#1708,.F.);
#2445=ORIENTED_EDGE('',*,*,#1711,.F.);
#2446=ORIENTED_EDGE('',*,*,#1714,.F.);
#2447=ORIENTED_EDGE('',*,*,#1717,.F.);
#2448=ORIENTED_EDGE('',*,*,#1795,.F.);
#2449=ORIENTED_EDGE('',*,*,#1796,.T.);
#2450=ORIENTED_EDGE('',*,*,#1797,.T.);
#2451=ORIENTED_EDGE('',*,*,#1798,.F.);
#2452=ORIENTED_EDGE('',*,*,#1799,.F.);
#2453=ORIENTED_EDGE('',*,*,#1800,.T.);
#2454=ORIENTED_EDGE('',*,*,#1801,.T.);
#2455=ORIENTED_EDGE('',*,*,#1796,.F.);
#2456=ORIENTED_EDGE('',*,*,#1802,.F.);
#2457=ORIENTED_EDGE('',*,*,#1803,.T.);
#2458=ORIENTED_EDGE('',*,*,#1804,.T.);
#2459=ORIENTED_EDGE('',*,*,#1800,.F.);
#2460=ORIENTED_EDGE('',*,*,#1805,.F.);
#2461=ORIENTED_EDGE('',*,*,#1806,.T.);
#2462=ORIENTED_EDGE('',*,*,#1807,.T.);
#2463=ORIENTED_EDGE('',*,*,#1803,.F.);
#2464=ORIENTED_EDGE('',*,*,#1808,.F.);
#2465=ORIENTED_EDGE('',*,*,#1809,.T.);
#2466=ORIENTED_EDGE('',*,*,#1810,.T.);
#2467=ORIENTED_EDGE('',*,*,#1806,.F.);
#2468=ORIENTED_EDGE('',*,*,#1811,.F.);
#2469=ORIENTED_EDGE('',*,*,#1812,.T.);
#2470=ORIENTED_EDGE('',*,*,#1813,.T.);
#2471=ORIENTED_EDGE('',*,*,#1809,.F.);
#2472=ORIENTED_EDGE('',*,*,#1814,.F.);
#2473=ORIENTED_EDGE('',*,*,#1815,.T.);
#2474=ORIENTED_EDGE('',*,*,#1816,.T.);
#2475=ORIENTED_EDGE('',*,*,#1812,.F.);
#2476=ORIENTED_EDGE('',*,*,#1817,.F.);
#2477=ORIENTED_EDGE('',*,*,#1818,.T.);
#2478=ORIENTED_EDGE('',*,*,#1819,.T.);
#2479=ORIENTED_EDGE('',*,*,#1815,.F.);
#2480=ORIENTED_EDGE('',*,*,#1820,.F.);
#2481=ORIENTED_EDGE('',*,*,#1821,.T.);
#2482=ORIENTED_EDGE('',*,*,#1822,.T.);
#2483=ORIENTED_EDGE('',*,*,#1818,.F.);
#2484=ORIENTED_EDGE('',*,*,#1823,.F.);
#2485=ORIENTED_EDGE('',*,*,#1824,.T.);
#2486=ORIENTED_EDGE('',*,*,#1825,.T.);
#2487=ORIENTED_EDGE('',*,*,#1821,.F.);
#2488=ORIENTED_EDGE('',*,*,#1826,.F.);
#2489=ORIENTED_EDGE('',*,*,#1827,.T.);
#2490=ORIENTED_EDGE('',*,*,#1828,.T.);
#2491=ORIENTED_EDGE('',*,*,#1824,.F.);
#2492=ORIENTED_EDGE('',*,*,#1829,.F.);
#2493=ORIENTED_EDGE('',*,*,#1830,.T.);
#2494=ORIENTED_EDGE('',*,*,#1831,.T.);
#2495=ORIENTED_EDGE('',*,*,#1827,.F.);
#2496=ORIENTED_EDGE('',*,*,#1832,.F.);
#2497=ORIENTED_EDGE('',*,*,#1798,.T.);
#2498=ORIENTED_EDGE('',*,*,#1833,.T.);
#2499=ORIENTED_EDGE('',*,*,#1830,.F.);
#2500=ORIENTED_EDGE('',*,*,#1833,.F.);
#2501=ORIENTED_EDGE('',*,*,#1797,.F.);
#2502=ORIENTED_EDGE('',*,*,#1801,.F.);
#2503=ORIENTED_EDGE('',*,*,#1804,.F.);
#2504=ORIENTED_EDGE('',*,*,#1807,.F.);
#2505=ORIENTED_EDGE('',*,*,#1810,.F.);
#2506=ORIENTED_EDGE('',*,*,#1813,.F.);
#2507=ORIENTED_EDGE('',*,*,#1816,.F.);
#2508=ORIENTED_EDGE('',*,*,#1819,.F.);
#2509=ORIENTED_EDGE('',*,*,#1822,.F.);
#2510=ORIENTED_EDGE('',*,*,#1825,.F.);
#2511=ORIENTED_EDGE('',*,*,#1828,.F.);
#2512=ORIENTED_EDGE('',*,*,#1831,.F.);
#2513=ORIENTED_EDGE('',*,*,#1834,.F.);
#2514=ORIENTED_EDGE('',*,*,#1835,.T.);
#2515=ORIENTED_EDGE('',*,*,#1836,.T.);
#2516=ORIENTED_EDGE('',*,*,#1837,.F.);
#2517=ORIENTED_EDGE('',*,*,#1838,.F.);
#2518=ORIENTED_EDGE('',*,*,#1839,.T.);
#2519=ORIENTED_EDGE('',*,*,#1840,.T.);
#2520=ORIENTED_EDGE('',*,*,#1835,.F.);
#2521=ORIENTED_EDGE('',*,*,#1841,.F.);
#2522=ORIENTED_EDGE('',*,*,#1842,.T.);
#2523=ORIENTED_EDGE('',*,*,#1843,.T.);
#2524=ORIENTED_EDGE('',*,*,#1839,.F.);
#2525=ORIENTED_EDGE('',*,*,#1844,.F.);
#2526=ORIENTED_EDGE('',*,*,#1845,.T.);
#2527=ORIENTED_EDGE('',*,*,#1846,.T.);
#2528=ORIENTED_EDGE('',*,*,#1842,.F.);
#2529=ORIENTED_EDGE('',*,*,#1847,.F.);
#2530=ORIENTED_EDGE('',*,*,#1848,.T.);
#2531=ORIENTED_EDGE('',*,*,#1849,.T.);
#2532=ORIENTED_EDGE('',*,*,#1845,.F.);
#2533=ORIENTED_EDGE('',*,*,#1850,.F.);
#2534=ORIENTED_EDGE('',*,*,#1851,.T.);
#2535=ORIENTED_EDGE('',*,*,#1852,.T.);
#2536=ORIENTED_EDGE('',*,*,#1848,.F.);
#2537=ORIENTED_EDGE('',*,*,#1853,.F.);
#2538=ORIENTED_EDGE('',*,*,#1854,.T.);
#2539=ORIENTED_EDGE('',*,*,#1855,.T.);
#2540=ORIENTED_EDGE('',*,*,#1851,.F.);
#2541=ORIENTED_EDGE('',*,*,#1856,.F.);
#2542=ORIENTED_EDGE('',*,*,#1837,.T.);
#2543=ORIENTED_EDGE('',*,*,#1857,.T.);
#2544=ORIENTED_EDGE('',*,*,#1854,.F.);
#2545=ORIENTED_EDGE('',*,*,#1858,.F.);
#2546=ORIENTED_EDGE('',*,*,#1859,.T.);
#2547=ORIENTED_EDGE('',*,*,#1860,.T.);
#2548=ORIENTED_EDGE('',*,*,#1861,.F.);
#2549=ORIENTED_EDGE('',*,*,#1862,.F.);
#2550=ORIENTED_EDGE('',*,*,#1863,.T.);
#2551=ORIENTED_EDGE('',*,*,#1864,.T.);
#2552=ORIENTED_EDGE('',*,*,#1859,.F.);
#2553=ORIENTED_EDGE('',*,*,#1865,.F.);
#2554=ORIENTED_EDGE('',*,*,#1866,.T.);
#2555=ORIENTED_EDGE('',*,*,#1867,.T.);
#2556=ORIENTED_EDGE('',*,*,#1863,.F.);
#2557=ORIENTED_EDGE('',*,*,#1868,.F.);
#2558=ORIENTED_EDGE('',*,*,#1869,.T.);
#2559=ORIENTED_EDGE('',*,*,#1870,.T.);
#2560=ORIENTED_EDGE('',*,*,#1866,.F.);
#2561=ORIENTED_EDGE('',*,*,#1871,.F.);
#2562=ORIENTED_EDGE('',*,*,#1872,.T.);
#2563=ORIENTED_EDGE('',*,*,#1873,.T.);
#2564=ORIENTED_EDGE('',*,*,#1869,.F.);
#2565=ORIENTED_EDGE('',*,*,#1874,.F.);
#2566=ORIENTED_EDGE('',*,*,#1875,.T.);
#2567=ORIENTED_EDGE('',*,*,#1876,.T.);
#2568=ORIENTED_EDGE('',*,*,#1872,.F.);
#2569=ORIENTED_EDGE('',*,*,#1877,.F.);
#2570=ORIENTED_EDGE('',*,*,#1878,.T.);
#2571=ORIENTED_EDGE('',*,*,#1879,.T.);
#2572=ORIENTED_EDGE('',*,*,#1875,.F.);
#2573=ORIENTED_EDGE('',*,*,#1880,.F.);
#2574=ORIENTED_EDGE('',*,*,#1881,.T.);
#2575=ORIENTED_EDGE('',*,*,#1882,.T.);
#2576=ORIENTED_EDGE('',*,*,#1878,.F.);
#2577=ORIENTED_EDGE('',*,*,#1883,.F.);
#2578=ORIENTED_EDGE('',*,*,#1884,.T.);
#2579=ORIENTED_EDGE('',*,*,#1885,.T.);
#2580=ORIENTED_EDGE('',*,*,#1881,.F.);
#2581=ORIENTED_EDGE('',*,*,#1886,.F.);
#2582=ORIENTED_EDGE('',*,*,#1861,.T.);
#2583=ORIENTED_EDGE('',*,*,#1887,.T.);
#2584=ORIENTED_EDGE('',*,*,#1884,.F.);
#2585=ORIENTED_EDGE('',*,*,#1887,.F.);
#2586=ORIENTED_EDGE('',*,*,#1860,.F.);
#2587=ORIENTED_EDGE('',*,*,#1864,.F.);
#2588=ORIENTED_EDGE('',*,*,#1867,.F.);
#2589=ORIENTED_EDGE('',*,*,#1870,.F.);
#2590=ORIENTED_EDGE('',*,*,#1873,.F.);
#2591=ORIENTED_EDGE('',*,*,#1876,.F.);
#2592=ORIENTED_EDGE('',*,*,#1879,.F.);
#2593=ORIENTED_EDGE('',*,*,#1882,.F.);
#2594=ORIENTED_EDGE('',*,*,#1885,.F.);
#2595=ORIENTED_EDGE('',*,*,#1857,.F.);
#2596=ORIENTED_EDGE('',*,*,#1836,.F.);
#2597=ORIENTED_EDGE('',*,*,#1840,.F.);
#2598=ORIENTED_EDGE('',*,*,#1843,.F.);
#2599=ORIENTED_EDGE('',*,*,#1846,.F.);
#2600=ORIENTED_EDGE('',*,*,#1849,.F.);
#2601=ORIENTED_EDGE('',*,*,#1852,.F.);
#2602=ORIENTED_EDGE('',*,*,#1855,.F.);
#2603=ORIENTED_EDGE('',*,*,#1888,.F.);
#2604=ORIENTED_EDGE('',*,*,#1889,.T.);
#2605=ORIENTED_EDGE('',*,*,#1890,.T.);
#2606=ORIENTED_EDGE('',*,*,#1891,.F.);
#2607=ORIENTED_EDGE('',*,*,#1892,.F.);
#2608=ORIENTED_EDGE('',*,*,#1893,.T.);
#2609=ORIENTED_EDGE('',*,*,#1894,.T.);
#2610=ORIENTED_EDGE('',*,*,#1889,.F.);
#2611=ORIENTED_EDGE('',*,*,#1895,.F.);
#2612=ORIENTED_EDGE('',*,*,#1896,.T.);
#2613=ORIENTED_EDGE('',*,*,#1897,.T.);
#2614=ORIENTED_EDGE('',*,*,#1893,.F.);
#2615=ORIENTED_EDGE('',*,*,#1898,.F.);
#2616=ORIENTED_EDGE('',*,*,#1899,.T.);
#2617=ORIENTED_EDGE('',*,*,#1900,.T.);
#2618=ORIENTED_EDGE('',*,*,#1896,.F.);
#2619=ORIENTED_EDGE('',*,*,#1901,.F.);
#2620=ORIENTED_EDGE('',*,*,#1902,.T.);
#2621=ORIENTED_EDGE('',*,*,#1903,.T.);
#2622=ORIENTED_EDGE('',*,*,#1899,.F.);
#2623=ORIENTED_EDGE('',*,*,#1904,.F.);
#2624=ORIENTED_EDGE('',*,*,#1905,.T.);
#2625=ORIENTED_EDGE('',*,*,#1906,.T.);
#2626=ORIENTED_EDGE('',*,*,#1902,.F.);
#2627=ORIENTED_EDGE('',*,*,#1907,.F.);
#2628=ORIENTED_EDGE('',*,*,#1908,.T.);
#2629=ORIENTED_EDGE('',*,*,#1909,.T.);
#2630=ORIENTED_EDGE('',*,*,#1905,.F.);
#2631=ORIENTED_EDGE('',*,*,#1910,.F.);
#2632=ORIENTED_EDGE('',*,*,#1911,.T.);
#2633=ORIENTED_EDGE('',*,*,#1912,.T.);
#2634=ORIENTED_EDGE('',*,*,#1908,.F.);
#2635=ORIENTED_EDGE('',*,*,#1913,.F.);
#2636=ORIENTED_EDGE('',*,*,#1914,.T.);
#2637=ORIENTED_EDGE('',*,*,#1915,.T.);
#2638=ORIENTED_EDGE('',*,*,#1911,.F.);
#2639=ORIENTED_EDGE('',*,*,#1916,.F.);
#2640=ORIENTED_EDGE('',*,*,#1891,.T.);
#2641=ORIENTED_EDGE('',*,*,#1917,.T.);
#2642=ORIENTED_EDGE('',*,*,#1914,.F.);
#2643=ORIENTED_EDGE('',*,*,#1917,.F.);
#2644=ORIENTED_EDGE('',*,*,#1890,.F.);
#2645=ORIENTED_EDGE('',*,*,#1894,.F.);
#2646=ORIENTED_EDGE('',*,*,#1897,.F.);
#2647=ORIENTED_EDGE('',*,*,#1900,.F.);
#2648=ORIENTED_EDGE('',*,*,#1903,.F.);
#2649=ORIENTED_EDGE('',*,*,#1906,.F.);
#2650=ORIENTED_EDGE('',*,*,#1909,.F.);
#2651=ORIENTED_EDGE('',*,*,#1912,.F.);
#2652=ORIENTED_EDGE('',*,*,#1915,.F.);
#2653=ORIENTED_EDGE('',*,*,#1918,.F.);
#2654=ORIENTED_EDGE('',*,*,#1919,.T.);
#2655=ORIENTED_EDGE('',*,*,#1920,.F.);
#2656=ORIENTED_EDGE('',*,*,#1921,.T.);
#2657=ORIENTED_EDGE('',*,*,#1922,.F.);
#2658=ORIENTED_EDGE('',*,*,#1923,.T.);
#2659=ORIENTED_EDGE('',*,*,#1924,.F.);
#2660=ORIENTED_EDGE('',*,*,#1925,.T.);
#2661=ORIENTED_EDGE('',*,*,#1926,.F.);
#2662=ORIENTED_EDGE('',*,*,#1927,.F.);
#2663=ORIENTED_EDGE('',*,*,#1928,.F.);
#2664=ORIENTED_EDGE('',*,*,#1929,.F.);
#2665=ORIENTED_EDGE('',*,*,#1888,.T.);
#2666=ORIENTED_EDGE('',*,*,#1916,.T.);
#2667=ORIENTED_EDGE('',*,*,#1913,.T.);
#2668=ORIENTED_EDGE('',*,*,#1910,.T.);
#2669=ORIENTED_EDGE('',*,*,#1907,.T.);
#2670=ORIENTED_EDGE('',*,*,#1904,.T.);
#2671=ORIENTED_EDGE('',*,*,#1901,.T.);
#2672=ORIENTED_EDGE('',*,*,#1898,.T.);
#2673=ORIENTED_EDGE('',*,*,#1895,.T.);
#2674=ORIENTED_EDGE('',*,*,#1892,.T.);
#2675=ORIENTED_EDGE('',*,*,#1858,.T.);
#2676=ORIENTED_EDGE('',*,*,#1886,.T.);
#2677=ORIENTED_EDGE('',*,*,#1883,.T.);
#2678=ORIENTED_EDGE('',*,*,#1880,.T.);
#2679=ORIENTED_EDGE('',*,*,#1877,.T.);
#2680=ORIENTED_EDGE('',*,*,#1874,.T.);
#2681=ORIENTED_EDGE('',*,*,#1871,.T.);
#2682=ORIENTED_EDGE('',*,*,#1868,.T.);
#2683=ORIENTED_EDGE('',*,*,#1865,.T.);
#2684=ORIENTED_EDGE('',*,*,#1862,.T.);
#2685=ORIENTED_EDGE('',*,*,#1795,.T.);
#2686=ORIENTED_EDGE('',*,*,#1832,.T.);
#2687=ORIENTED_EDGE('',*,*,#1829,.T.);
#2688=ORIENTED_EDGE('',*,*,#1826,.T.);
#2689=ORIENTED_EDGE('',*,*,#1823,.T.);
#2690=ORIENTED_EDGE('',*,*,#1820,.T.);
#2691=ORIENTED_EDGE('',*,*,#1817,.T.);
#2692=ORIENTED_EDGE('',*,*,#1814,.T.);
#2693=ORIENTED_EDGE('',*,*,#1811,.T.);
#2694=ORIENTED_EDGE('',*,*,#1808,.T.);
#2695=ORIENTED_EDGE('',*,*,#1805,.T.);
#2696=ORIENTED_EDGE('',*,*,#1802,.T.);
#2697=ORIENTED_EDGE('',*,*,#1799,.T.);
#2698=ORIENTED_EDGE('',*,*,#1720,.T.);
#2699=ORIENTED_EDGE('',*,*,#1793,.T.);
#2700=ORIENTED_EDGE('',*,*,#1790,.T.);
#2701=ORIENTED_EDGE('',*,*,#1787,.T.);
#2702=ORIENTED_EDGE('',*,*,#1784,.T.);
#2703=ORIENTED_EDGE('',*,*,#1781,.T.);
#2704=ORIENTED_EDGE('',*,*,#1778,.T.);
#2705=ORIENTED_EDGE('',*,*,#1775,.T.);
#2706=ORIENTED_EDGE('',*,*,#1772,.T.);
#2707=ORIENTED_EDGE('',*,*,#1769,.T.);
#2708=ORIENTED_EDGE('',*,*,#1766,.T.);
#2709=ORIENTED_EDGE('',*,*,#1763,.T.);
#2710=ORIENTED_EDGE('',*,*,#1760,.T.);
#2711=ORIENTED_EDGE('',*,*,#1757,.T.);
#2712=ORIENTED_EDGE('',*,*,#1754,.T.);
#2713=ORIENTED_EDGE('',*,*,#1751,.T.);
#2714=ORIENTED_EDGE('',*,*,#1748,.T.);
#2715=ORIENTED_EDGE('',*,*,#1745,.T.);
#2716=ORIENTED_EDGE('',*,*,#1742,.T.);
#2717=ORIENTED_EDGE('',*,*,#1739,.T.);
#2718=ORIENTED_EDGE('',*,*,#1736,.T.);
#2719=ORIENTED_EDGE('',*,*,#1733,.T.);
#2720=ORIENTED_EDGE('',*,*,#1730,.T.);
#2721=ORIENTED_EDGE('',*,*,#1727,.T.);
#2722=ORIENTED_EDGE('',*,*,#1724,.T.);
#2723=ORIENTED_EDGE('',*,*,#1657,.T.);
#2724=ORIENTED_EDGE('',*,*,#1691,.T.);
#2725=ORIENTED_EDGE('',*,*,#1688,.T.);
#2726=ORIENTED_EDGE('',*,*,#1685,.T.);
#2727=ORIENTED_EDGE('',*,*,#1682,.T.);
#2728=ORIENTED_EDGE('',*,*,#1679,.T.);
#2729=ORIENTED_EDGE('',*,*,#1676,.T.);
#2730=ORIENTED_EDGE('',*,*,#1673,.T.);
#2731=ORIENTED_EDGE('',*,*,#1670,.T.);
#2732=ORIENTED_EDGE('',*,*,#1667,.T.);
#2733=ORIENTED_EDGE('',*,*,#1664,.T.);
#2734=ORIENTED_EDGE('',*,*,#1661,.T.);
#2735=ORIENTED_EDGE('',*,*,#1594,.T.);
#2736=ORIENTED_EDGE('',*,*,#1628,.T.);
#2737=ORIENTED_EDGE('',*,*,#1625,.T.);
#2738=ORIENTED_EDGE('',*,*,#1622,.T.);
#2739=ORIENTED_EDGE('',*,*,#1619,.T.);
#2740=ORIENTED_EDGE('',*,*,#1616,.T.);
#2741=ORIENTED_EDGE('',*,*,#1613,.T.);
#2742=ORIENTED_EDGE('',*,*,#1610,.T.);
#2743=ORIENTED_EDGE('',*,*,#1607,.T.);
#2744=ORIENTED_EDGE('',*,*,#1604,.T.);
#2745=ORIENTED_EDGE('',*,*,#1601,.T.);
#2746=ORIENTED_EDGE('',*,*,#1598,.T.);
#2747=ORIENTED_EDGE('',*,*,#1528,.T.);
#2748=ORIENTED_EDGE('',*,*,#1568,.T.);
#2749=ORIENTED_EDGE('',*,*,#1565,.T.);
#2750=ORIENTED_EDGE('',*,*,#1562,.T.);
#2751=ORIENTED_EDGE('',*,*,#1559,.T.);
#2752=ORIENTED_EDGE('',*,*,#1556,.T.);
#2753=ORIENTED_EDGE('',*,*,#1553,.T.);
#2754=ORIENTED_EDGE('',*,*,#1550,.T.);
#2755=ORIENTED_EDGE('',*,*,#1547,.T.);
#2756=ORIENTED_EDGE('',*,*,#1544,.T.);
#2757=ORIENTED_EDGE('',*,*,#1541,.T.);
#2758=ORIENTED_EDGE('',*,*,#1538,.T.);
#2759=ORIENTED_EDGE('',*,*,#1535,.T.);
#2760=ORIENTED_EDGE('',*,*,#1532,.T.);
#2761=ORIENTED_EDGE('',*,*,#1834,.T.);
#2762=ORIENTED_EDGE('',*,*,#1856,.T.);
#2763=ORIENTED_EDGE('',*,*,#1853,.T.);
#2764=ORIENTED_EDGE('',*,*,#1850,.T.);
#2765=ORIENTED_EDGE('',*,*,#1847,.T.);
#2766=ORIENTED_EDGE('',*,*,#1844,.T.);
#2767=ORIENTED_EDGE('',*,*,#1841,.T.);
#2768=ORIENTED_EDGE('',*,*,#1838,.T.);
#2769=ORIENTED_EDGE('',*,*,#1693,.T.);
#2770=ORIENTED_EDGE('',*,*,#1718,.T.);
#2771=ORIENTED_EDGE('',*,*,#1715,.T.);
#2772=ORIENTED_EDGE('',*,*,#1712,.T.);
#2773=ORIENTED_EDGE('',*,*,#1709,.T.);
#2774=ORIENTED_EDGE('',*,*,#1706,.T.);
#2775=ORIENTED_EDGE('',*,*,#1703,.T.);
#2776=ORIENTED_EDGE('',*,*,#1700,.T.);
#2777=ORIENTED_EDGE('',*,*,#1697,.T.);
#2778=ORIENTED_EDGE('',*,*,#1630,.T.);
#2779=ORIENTED_EDGE('',*,*,#1655,.T.);
#2780=ORIENTED_EDGE('',*,*,#1652,.T.);
#2781=ORIENTED_EDGE('',*,*,#1649,.T.);
#2782=ORIENTED_EDGE('',*,*,#1646,.T.);
#2783=ORIENTED_EDGE('',*,*,#1643,.T.);
#2784=ORIENTED_EDGE('',*,*,#1640,.T.);
#2785=ORIENTED_EDGE('',*,*,#1637,.T.);
#2786=ORIENTED_EDGE('',*,*,#1634,.T.);
#2787=ORIENTED_EDGE('',*,*,#1570,.T.);
#2788=ORIENTED_EDGE('',*,*,#1592,.T.);
#2789=ORIENTED_EDGE('',*,*,#1589,.T.);
#2790=ORIENTED_EDGE('',*,*,#1586,.T.);
#2791=ORIENTED_EDGE('',*,*,#1583,.T.);
#2792=ORIENTED_EDGE('',*,*,#1580,.T.);
#2793=ORIENTED_EDGE('',*,*,#1577,.T.);
#2794=ORIENTED_EDGE('',*,*,#1574,.T.);
#2795=ORIENTED_EDGE('',*,*,#1930,.T.);
#2796=ORIENTED_EDGE('',*,*,#1931,.T.);
#2797=ORIENTED_EDGE('',*,*,#1918,.T.);
#2798=ORIENTED_EDGE('',*,*,#1932,.T.);
#2799=ORIENTED_EDGE('',*,*,#1930,.F.);
#2800=ORIENTED_EDGE('',*,*,#1933,.T.);
#2801=ORIENTED_EDGE('',*,*,#1934,.F.);
#2802=ORIENTED_EDGE('',*,*,#1935,.T.);
#2803=ORIENTED_EDGE('',*,*,#1936,.F.);
#2804=ORIENTED_EDGE('',*,*,#1937,.T.);
#2805=ORIENTED_EDGE('',*,*,#1938,.F.);
#2806=ORIENTED_EDGE('',*,*,#1939,.T.);
#2807=ORIENTED_EDGE('',*,*,#1940,.T.);
#2808=ORIENTED_EDGE('',*,*,#1941,.T.);
#2809=ORIENTED_EDGE('',*,*,#1942,.T.);
#2810=ORIENTED_EDGE('',*,*,#1943,.T.);
#2811=ORIENTED_EDGE('',*,*,#1944,.T.);
#2812=ORIENTED_EDGE('',*,*,#1945,.T.);
#2813=ORIENTED_EDGE('',*,*,#1946,.T.);
#2814=ORIENTED_EDGE('',*,*,#1947,.T.);
#2815=ORIENTED_EDGE('',*,*,#1948,.T.);
#2816=ORIENTED_EDGE('',*,*,#1949,.T.);
#2817=ORIENTED_EDGE('',*,*,#1950,.T.);
#2818=ORIENTED_EDGE('',*,*,#1951,.T.);
#2819=ORIENTED_EDGE('',*,*,#1932,.F.);
#2820=ORIENTED_EDGE('',*,*,#1925,.F.);
#2821=ORIENTED_EDGE('',*,*,#1952,.F.);
#2822=ORIENTED_EDGE('',*,*,#1933,.F.);
#2823=ORIENTED_EDGE('',*,*,#1934,.T.);
#2824=ORIENTED_EDGE('',*,*,#1952,.T.);
#2825=ORIENTED_EDGE('',*,*,#1924,.T.);
#2826=ORIENTED_EDGE('',*,*,#1953,.T.);
#2827=ORIENTED_EDGE('',*,*,#1936,.T.);
#2828=ORIENTED_EDGE('',*,*,#1954,.T.);
#2829=ORIENTED_EDGE('',*,*,#1922,.T.);
#2830=ORIENTED_EDGE('',*,*,#1955,.T.);
#2831=ORIENTED_EDGE('',*,*,#1955,.F.);
#2832=ORIENTED_EDGE('',*,*,#1921,.F.);
#2833=ORIENTED_EDGE('',*,*,#1956,.F.);
#2834=ORIENTED_EDGE('',*,*,#1937,.F.);
#2835=ORIENTED_EDGE('',*,*,#1938,.T.);
#2836=ORIENTED_EDGE('',*,*,#1956,.T.);
#2837=ORIENTED_EDGE('',*,*,#1920,.T.);
#2838=ORIENTED_EDGE('',*,*,#1957,.T.);
#2839=ORIENTED_EDGE('',*,*,#1940,.F.);
#2840=ORIENTED_EDGE('',*,*,#1958,.F.);
#2841=ORIENTED_EDGE('',*,*,#1959,.T.);
#2842=ORIENTED_EDGE('',*,*,#1960,.F.);
#2843=ORIENTED_EDGE('',*,*,#1946,.F.);
#2844=ORIENTED_EDGE('',*,*,#1961,.F.);
#2845=ORIENTED_EDGE('',*,*,#1962,.T.);
#2846=ORIENTED_EDGE('',*,*,#1963,.F.);
#2847=ORIENTED_EDGE('',*,*,#1964,.F.);
#2848=ORIENTED_EDGE('',*,*,#1959,.F.);
#2849=ORIENTED_EDGE('',*,*,#1965,.F.);
#2850=ORIENTED_EDGE('',*,*,#1962,.F.);
#2851=ORIENTED_EDGE('',*,*,#1960,.T.);
#2852=ORIENTED_EDGE('',*,*,#1964,.T.);
#2853=ORIENTED_EDGE('',*,*,#1961,.T.);
#2854=ORIENTED_EDGE('',*,*,#1945,.F.);
#2855=ORIENTED_EDGE('',*,*,#1966,.F.);
#2856=ORIENTED_EDGE('',*,*,#1967,.F.);
#2857=ORIENTED_EDGE('',*,*,#1968,.T.);
#2858=ORIENTED_EDGE('',*,*,#1941,.F.);
#2859=ORIENTED_EDGE('',*,*,#1969,.F.);
#2860=ORIENTED_EDGE('',*,*,#1966,.T.);
#2861=ORIENTED_EDGE('',*,*,#1944,.F.);
#2862=ORIENTED_EDGE('',*,*,#1970,.F.);
#2863=ORIENTED_EDGE('',*,*,#1948,.F.);
#2864=ORIENTED_EDGE('',*,*,#1971,.T.);
#2865=ORIENTED_EDGE('',*,*,#1929,.T.);
#2866=ORIENTED_EDGE('',*,*,#1971,.F.);
#2867=ORIENTED_EDGE('',*,*,#1949,.F.);
#2868=ORIENTED_EDGE('',*,*,#1972,.T.);
#2869=ORIENTED_EDGE('',*,*,#1928,.T.);
#2870=ORIENTED_EDGE('',*,*,#1972,.F.);
#2871=ORIENTED_EDGE('',*,*,#1950,.F.);
#2872=ORIENTED_EDGE('',*,*,#1973,.T.);
#2873=ORIENTED_EDGE('',*,*,#1927,.T.);
#2874=ORIENTED_EDGE('',*,*,#1973,.F.);
#2875=ORIENTED_EDGE('',*,*,#1974,.F.);
#2876=ORIENTED_EDGE('',*,*,#1970,.T.);
#2877=ORIENTED_EDGE('',*,*,#1943,.F.);
#2878=ORIENTED_EDGE('',*,*,#1975,.F.);
#2879=ORIENTED_EDGE('',*,*,#1976,.F.);
#2880=ORIENTED_EDGE('',*,*,#1975,.T.);
#2881=ORIENTED_EDGE('',*,*,#1942,.F.);
#2882=ORIENTED_EDGE('',*,*,#1968,.F.);
#2883=ORIENTED_EDGE('',*,*,#1951,.F.);
#2884=ORIENTED_EDGE('',*,*,#1977,.T.);
#2885=ORIENTED_EDGE('',*,*,#1926,.T.);
#2886=ORIENTED_EDGE('',*,*,#1977,.F.);
#2887=ORIENTED_EDGE('',*,*,#1953,.F.);
#2888=ORIENTED_EDGE('',*,*,#1923,.F.);
#2889=ORIENTED_EDGE('',*,*,#1954,.F.);
#2890=ORIENTED_EDGE('',*,*,#1935,.F.);
#2891=ORIENTED_EDGE('',*,*,#1931,.F.);
#2892=ORIENTED_EDGE('',*,*,#1947,.F.);
#2893=ORIENTED_EDGE('',*,*,#1963,.T.);
#2894=ORIENTED_EDGE('',*,*,#1965,.T.);
#2895=ORIENTED_EDGE('',*,*,#1958,.T.);
#2896=ORIENTED_EDGE('',*,*,#1939,.F.);
#2897=ORIENTED_EDGE('',*,*,#1957,.F.);
#2898=ORIENTED_EDGE('',*,*,#1919,.F.);
#2899=ORIENTED_EDGE('',*,*,#1967,.T.);
#2900=ORIENTED_EDGE('',*,*,#1969,.T.);
#2901=ORIENTED_EDGE('',*,*,#1974,.T.);
#2902=ORIENTED_EDGE('',*,*,#1976,.T.);
#2903=ORIENTED_EDGE('',*,*,#1513,.T.);
#2904=ORIENTED_EDGE('',*,*,#1526,.T.);
#2905=ORIENTED_EDGE('',*,*,#1523,.T.);
#2906=ORIENTED_EDGE('',*,*,#1520,.T.);
#2907=ORIENTED_EDGE('',*,*,#1517,.T.);
#2908=B_SPLINE_SURFACE_WITH_KNOTS('',3,1,((#3734,#3735),(#3736,#3737),(#3738,
#3739),(#3740,#3741),(#3742,#3743)),.UNSPECIFIED.,.F.,.F.,.F.,(4,1,4),(2,
2),(0.,0.0928998047154575,0.199292390731346),(0.,0.1),.UNSPECIFIED.);
#2909=B_SPLINE_SURFACE_WITH_KNOTS('',3,1,((#3760,#3761),(#3762,#3763),(#3764,
#3765),(#3766,#3767),(#3768,#3769)),.UNSPECIFIED.,.F.,.F.,.F.,(4,1,4),(2,
2),(0.,0.0876403193504364,0.174153346027566),(0.,0.1),.UNSPECIFIED.);
#2910=B_SPLINE_SURFACE_WITH_KNOTS('',3,1,((#3783,#3784),(#3785,#3786),(#3787,
#3788),(#3789,#3790),(#3791,#3792)),.UNSPECIFIED.,.F.,.F.,.F.,(4,1,4),(2,
2),(0.,0.0836917162893257,0.166641406450988),(0.,0.1),.UNSPECIFIED.);
#2911=B_SPLINE_SURFACE_WITH_KNOTS('',3,1,((#3806,#3807),(#3808,#3809),(#3810,
#3811),(#3812,#3813),(#3814,#3815)),.UNSPECIFIED.,.F.,.F.,.F.,(4,1,4),(2,
2),(0.,0.111273985101588,0.203908651107522),(0.,0.1),.UNSPECIFIED.);
#2912=B_SPLINE_SURFACE_WITH_KNOTS('',3,1,((#3832,#3833),(#3834,#3835),(#3836,
#3837),(#3838,#3839),(#3840,#3841)),.UNSPECIFIED.,.F.,.F.,.F.,(4,1,4),(2,
2),(0.,0.0628373015087875,0.121204696683214),(0.,0.1),.UNSPECIFIED.);
#2913=B_SPLINE_SURFACE_WITH_KNOTS('',3,1,((#3858,#3859),(#3860,#3861),(#3862,
#3863),(#3864,#3865),(#3866,#3867)),.UNSPECIFIED.,.F.,.F.,.F.,(4,1,4),(2,
2),(0.,0.0917800200235803,0.184563229280611),(0.,0.1),.UNSPECIFIED.);
#2914=B_SPLINE_SURFACE_WITH_KNOTS('',3,1,((#3881,#3882),(#3883,#3884),(#3885,
#3886),(#3887,#3888),(#3889,#3890)),.UNSPECIFIED.,.F.,.F.,.F.,(4,1,4),(2,
2),(0.,0.115267171115685,0.214477933316895),(0.,0.1),.UNSPECIFIED.);
#2915=B_SPLINE_SURFACE_WITH_KNOTS('',3,1,((#3910,#3911),(#3912,#3913),(#3914,
#3915),(#3916,#3917),(#3918,#3919)),.UNSPECIFIED.,.F.,.F.,.F.,(4,1,4),(2,
2),(0.,0.22765758337725,0.51716308427362),(0.,0.1),.UNSPECIFIED.);
#2916=B_SPLINE_SURFACE_WITH_KNOTS('',3,1,((#3933,#3934),(#3935,#3936),(#3937,
#3938),(#3939,#3940),(#3941,#3942)),.UNSPECIFIED.,.F.,.F.,.F.,(4,1,4),(2,
2),(0.,0.220579953247701,0.425271866306106),(0.,0.1),.UNSPECIFIED.);
#2917=B_SPLINE_SURFACE_WITH_KNOTS('',3,1,((#3956,#3957),(#3958,#3959),(#3960,
#3961),(#3962,#3963),(#3964,#3965)),.UNSPECIFIED.,.F.,.F.,.F.,(4,1,4),(2,
2),(0.,0.196777970818347,0.397671733986434),(0.,0.1),.UNSPECIFIED.);
#2918=B_SPLINE_SURFACE_WITH_KNOTS('',3,1,((#3979,#3980),(#3981,#3982),(#3983,
#3984),(#3985,#3986),(#3987,#3988)),.UNSPECIFIED.,.F.,.F.,.F.,(4,1,4),(2,
2),(0.,0.243407300702257,0.454196780553688),(0.,0.1),.UNSPECIFIED.);
#2919=B_SPLINE_SURFACE_WITH_KNOTS('',3,1,((#4002,#4003),(#4004,#4005),(#4006,
#4007),(#4008,#4009),(#4010,#4011)),.UNSPECIFIED.,.F.,.F.,.F.,(4,1,4),(2,
2),(0.,0.186146669982108,0.394569349979085),(0.,0.1),.UNSPECIFIED.);
#2920=B_SPLINE_SURFACE_WITH_KNOTS('',3,1,((#4025,#4026),(#4027,#4028),(#4029,
#4030),(#4031,#4032),(#4033,#4034)),.UNSPECIFIED.,.F.,.F.,.F.,(4,1,4),(2,
2),(0.,0.250898263903003,0.472695254814715),(0.,0.1),.UNSPECIFIED.);
#2921=B_SPLINE_SURFACE_WITH_KNOTS('',3,1,((#4048,#4049),(#4050,#4051),(#4052,
#4053),(#4054,#4055),(#4056,#4057)),.UNSPECIFIED.,.F.,.F.,.F.,(4,1,4),(2,
2),(0.,0.147704905626737,0.313086423946976),(0.,0.1),.UNSPECIFIED.);
#2922=B_SPLINE_SURFACE_WITH_KNOTS('',3,1,((#4071,#4072),(#4073,#4074),(#4075,
#4076),(#4077,#4078),(#4079,#4080)),.UNSPECIFIED.,.F.,.F.,.F.,(4,1,4),(2,
2),(0.,0.155988259587503,0.300515866686911),(0.,0.1),.UNSPECIFIED.);
#2923=B_SPLINE_SURFACE_WITH_KNOTS('',3,1,((#4100,#4101),(#4102,#4103),(#4104,
#4105),(#4106,#4107),(#4108,#4109)),.UNSPECIFIED.,.F.,.F.,.F.,(4,1,4),(2,
2),(0.,0.0628180639299299,0.139203715689618),(0.,0.1),.UNSPECIFIED.);
#2924=B_SPLINE_SURFACE_WITH_KNOTS('',3,1,((#4121,#4122),(#4123,#4124),(#4125,
#4126),(#4127,#4128),(#4129,#4130)),.UNSPECIFIED.,.F.,.F.,.F.,(4,1,4),(2,
2),(0.,0.0961800484908584,0.19471686078661),(0.,0.1),.UNSPECIFIED.);
#2925=B_SPLINE_SURFACE_WITH_KNOTS('',3,1,((#4147,#4148),(#4149,#4150),(#4151,
#4152),(#4153,#4154),(#4155,#4156)),.UNSPECIFIED.,.F.,.F.,.F.,(4,1,4),(2,
2),(0.,0.0987137155025268,0.196823377475338),(0.,0.1),.UNSPECIFIED.);
#2926=B_SPLINE_SURFACE_WITH_KNOTS('',3,1,((#4170,#4171),(#4172,#4173),(#4174,
#4175),(#4176,#4177),(#4178,#4179)),.UNSPECIFIED.,.F.,.F.,.F.,(4,1,4),(2,
2),(0.,0.16190756516909,0.281725246398825),(0.,0.1),.UNSPECIFIED.);
#2927=B_SPLINE_SURFACE_WITH_KNOTS('',3,1,((#4193,#4194),(#4195,#4196),(#4197,
#4198),(#4199,#4200),(#4201,#4202)),.UNSPECIFIED.,.F.,.F.,.F.,(4,1,4),(2,
2),(0.,0.117485756313344,0.265467600934866),(0.,0.1),.UNSPECIFIED.);
#2928=B_SPLINE_SURFACE_WITH_KNOTS('',3,1,((#4216,#4217),(#4218,#4219),(#4220,
#4221),(#4222,#4223),(#4224,#4225)),.UNSPECIFIED.,.F.,.F.,.F.,(4,1,4),(2,
2),(0.,0.0942248553522985,0.193906876284101),(0.,0.1),.UNSPECIFIED.);
#2929=B_SPLINE_SURFACE_WITH_KNOTS('',3,1,((#4239,#4240),(#4241,#4242),(#4243,
#4244),(#4245,#4246),(#4247,#4248)),.UNSPECIFIED.,.F.,.F.,.F.,(4,1,4),(2,
2),(0.,0.118657301089979,0.233183930934486),(0.,0.1),.UNSPECIFIED.);
#2930=B_SPLINE_SURFACE_WITH_KNOTS('',3,1,((#4262,#4263),(#4264,#4265),(#4266,
#4267),(#4268,#4269),(#4270,#4271)),.UNSPECIFIED.,.F.,.F.,.F.,(4,1,4),(2,
2),(0.,0.150378971144946,0.258386449558307),(0.,0.1),.UNSPECIFIED.);
#2931=B_SPLINE_SURFACE_WITH_KNOTS('',3,1,((#4285,#4286),(#4287,#4288),(#4289,
#4290),(#4291,#4292),(#4293,#4294)),.UNSPECIFIED.,.F.,.F.,.F.,(4,1,4),(2,
2),(0.,0.113885650024413,0.256518857018675),(0.,0.1),.UNSPECIFIED.);
#2932=B_SPLINE_SURFACE_WITH_KNOTS('',3,1,((#4320,#4321),(#4322,#4323),(#4324,
#4325),(#4326,#4327),(#4328,#4329)),.UNSPECIFIED.,.F.,.F.,.F.,(4,1,4),(2,
2),(0.,0.174017398941702,0.358434162179285),(0.,0.1),.UNSPECIFIED.);
#2933=B_SPLINE_SURFACE_WITH_KNOTS('',3,1,((#4343,#4344),(#4345,#4346),(#4347,
#4348),(#4349,#4350),(#4351,#4352)),.UNSPECIFIED.,.F.,.F.,.F.,(4,1,4),(2,
2),(0.,0.182368877584419,0.367256793834409),(0.,0.1),.UNSPECIFIED.);
#2934=B_SPLINE_SURFACE_WITH_KNOTS('',3,1,((#4366,#4367),(#4368,#4369),(#4370,
#4371),(#4372,#4373),(#4374,#4375)),.UNSPECIFIED.,.F.,.F.,.F.,(4,1,4),(2,
2),(0.,0.245296890852875,0.447253355973524),(0.,0.1),.UNSPECIFIED.);
#2935=B_SPLINE_SURFACE_WITH_KNOTS('',3,1,((#4389,#4390),(#4391,#4392),(#4393,
#4394),(#4395,#4396),(#4397,#4398)),.UNSPECIFIED.,.F.,.F.,.F.,(4,1,4),(2,
2),(0.,0.206613821491233,0.449243487074269),(0.,0.1),.UNSPECIFIED.);
#2936=B_SPLINE_SURFACE_WITH_KNOTS('',3,1,((#4412,#4413),(#4414,#4415),(#4416,
#4417),(#4418,#4419),(#4420,#4421)),.UNSPECIFIED.,.F.,.F.,.F.,(4,1,4),(2,
2),(0.,0.177862713295736,0.363356755071625),(0.,0.1),.UNSPECIFIED.);
#2937=B_SPLINE_SURFACE_WITH_KNOTS('',3,1,((#4435,#4436),(#4437,#4438),(#4439,
#4440),(#4441,#4442),(#4443,#4444)),.UNSPECIFIED.,.F.,.F.,.F.,(4,1,4),(2,
2),(0.,0.0971371913118282,0.189544389548338),(0.,0.1),.UNSPECIFIED.);
#2938=B_SPLINE_SURFACE_WITH_KNOTS('',3,1,((#4458,#4459),(#4460,#4461),(#4462,
#4463),(#4464,#4465),(#4466,#4467)),.UNSPECIFIED.,.F.,.F.,.F.,(4,1,4),(2,
2),(0.,0.108881055490191,0.211082063688376),(0.,0.1),.UNSPECIFIED.);
#2939=B_SPLINE_SURFACE_WITH_KNOTS('',3,1,((#4497,#4498),(#4499,#4500),(#4501,
#4502),(#4503,#4504),(#4505,#4506)),.UNSPECIFIED.,.F.,.F.,.F.,(4,1,4),(2,
2),(0.,0.0819602393215757,0.218324374843256),(0.,0.1),.UNSPECIFIED.);
#2940=B_SPLINE_SURFACE_WITH_KNOTS('',3,1,((#4523,#4524),(#4525,#4526),(#4527,
#4528),(#4529,#4530),(#4531,#4532)),.UNSPECIFIED.,.F.,.F.,.F.,(4,1,4),(2,
2),(0.,0.0695515493652616,0.140739434456281),(0.,0.1),.UNSPECIFIED.);
#2941=B_SPLINE_SURFACE_WITH_KNOTS('',3,1,((#4546,#4547),(#4548,#4549),(#4550,
#4551),(#4552,#4553),(#4554,#4555)),.UNSPECIFIED.,.F.,.F.,.F.,(4,1,4),(2,
2),(0.,0.0756544589205198,0.145976540198212),(0.,0.1),.UNSPECIFIED.);
#2942=B_SPLINE_SURFACE_WITH_KNOTS('',3,1,((#4569,#4570),(#4571,#4572),(#4573,
#4574),(#4575,#4576),(#4577,#4578)),.UNSPECIFIED.,.F.,.F.,.F.,(4,1,4),(2,
2),(0.,0.0600141073068659,0.123014383644659),(0.,0.1),.UNSPECIFIED.);
#2943=B_SPLINE_SURFACE_WITH_KNOTS('',3,1,((#4592,#4593),(#4594,#4595),(#4596,
#4597),(#4598,#4599),(#4600,#4601)),.UNSPECIFIED.,.F.,.F.,.F.,(4,1,4),(2,
2),(0.,0.0617281074294967,0.12135708535751),(0.,0.1),.UNSPECIFIED.);
#2944=B_SPLINE_SURFACE_WITH_KNOTS('',3,1,((#4615,#4616),(#4617,#4618),(#4619,
#4620),(#4621,#4622),(#4623,#4624)),.UNSPECIFIED.,.F.,.F.,.F.,(4,1,4),(2,
2),(0.,0.149502216123184,0.241256961988123),(0.,0.1),.UNSPECIFIED.);
#2945=B_SPLINE_SURFACE_WITH_KNOTS('',3,1,((#4668,#4669),(#4670,#4671),(#4672,
#4673),(#4674,#4675),(#4676,#4677)),.UNSPECIFIED.,.F.,.F.,.F.,(4,1,4),(2,
2),(0.,0.133733602383763,0.315174338235039),(0.,0.1),.UNSPECIFIED.);
#2946=B_SPLINE_SURFACE_WITH_KNOTS('',3,1,((#4691,#4692),(#4693,#4694),(#4695,
#4696),(#4697,#4698),(#4699,#4700)),.UNSPECIFIED.,.F.,.F.,.F.,(4,1,4),(2,
2),(0.,0.0897738890174278,0.173252686275197),(0.,0.1),.UNSPECIFIED.);
#2947=B_SPLINE_SURFACE_WITH_KNOTS('',3,1,((#4714,#4715),(#4716,#4717),(#4718,
#4719),(#4720,#4721),(#4722,#4723)),.UNSPECIFIED.,.F.,.F.,.F.,(4,1,4),(2,
2),(0.,0.101489985172047,0.196566808152915),(0.,0.1),.UNSPECIFIED.);
#2948=B_SPLINE_SURFACE_WITH_KNOTS('',3,1,((#4737,#4738),(#4739,#4740),(#4741,
#4742),(#4743,#4744),(#4745,#4746)),.UNSPECIFIED.,.F.,.F.,.F.,(4,1,4),(2,
2),(0.,0.127748087970754,0.239403369690978),(0.,0.1),.UNSPECIFIED.);
#2949=B_SPLINE_SURFACE_WITH_KNOTS('',3,1,((#4760,#4761),(#4762,#4763),(#4764,
#4765),(#4766,#4767),(#4768,#4769)),.UNSPECIFIED.,.F.,.F.,.F.,(4,1,4),(2,
2),(0.,0.145055134908359,0.309062459275457),(0.,0.1),.UNSPECIFIED.);
#2950=B_SPLINE_SURFACE_WITH_KNOTS('',3,1,((#4783,#4784),(#4785,#4786),(#4787,
#4788),(#4789,#4790),(#4791,#4792)),.UNSPECIFIED.,.F.,.F.,.F.,(4,1,4),(2,
2),(0.,0.129994922553265,0.264871241987004),(0.,0.1),.UNSPECIFIED.);
#2951=B_SPLINE_SURFACE_WITH_KNOTS('',3,1,((#4806,#4807),(#4808,#4809),(#4810,
#4811),(#4812,#4813),(#4814,#4815)),.UNSPECIFIED.,.F.,.F.,.F.,(4,1,4),(2,
2),(0.,0.228241690067647,0.361308411081041),(0.,0.1),.UNSPECIFIED.);
#2952=B_SPLINE_SURFACE_WITH_KNOTS('',3,1,((#4845,#4846),(#4847,#4848),(#4849,
#4850),(#4851,#4852),(#4853,#4854)),.UNSPECIFIED.,.F.,.F.,.F.,(4,1,4),(2,
2),(0.,0.0541240519253751,0.140885255954901),(0.,0.1),.UNSPECIFIED.);
#2953=B_SPLINE_SURFACE_WITH_KNOTS('',3,1,((#4871,#4872),(#4873,#4874),(#4875,
#4876),(#4877,#4878),(#4879,#4880)),.UNSPECIFIED.,.F.,.F.,.F.,(4,1,4),(2,
2),(0.,0.0611360268140128,0.118909247902911),(0.,0.1),.UNSPECIFIED.);
#2954=B_SPLINE_SURFACE_WITH_KNOTS('',3,1,((#4894,#4895),(#4896,#4897),(#4898,
#4899),(#4900,#4901),(#4902,#4903)),.UNSPECIFIED.,.F.,.F.,.F.,(4,1,4),(2,
2),(0.,0.0770411589411318,0.158972179655882),(0.,0.1),.UNSPECIFIED.);
#2955=B_SPLINE_SURFACE_WITH_KNOTS('',3,1,((#4917,#4918),(#4919,#4920),(#4921,
#4922),(#4923,#4924),(#4925,#4926)),.UNSPECIFIED.,.F.,.F.,.F.,(4,1,4),(2,
2),(0.,0.0608781414034034,0.125262589435097),(0.,0.1),.UNSPECIFIED.);
#2956=B_SPLINE_SURFACE_WITH_KNOTS('',3,1,((#4940,#4941),(#4942,#4943),(#4944,
#4945),(#4946,#4947),(#4948,#4949)),.UNSPECIFIED.,.F.,.F.,.F.,(4,1,4),(2,
2),(0.,0.0573899939456706,0.116150410148352),(0.,0.1),.UNSPECIFIED.);
#2957=B_SPLINE_SURFACE_WITH_KNOTS('',3,1,((#4963,#4964),(#4965,#4966),(#4967,
#4968),(#4969,#4970),(#4971,#4972)),.UNSPECIFIED.,.F.,.F.,.F.,(4,1,4),(2,
2),(0.,0.0618975977507829,0.119657056816664),(0.,0.1),.UNSPECIFIED.);
#2958=B_SPLINE_SURFACE_WITH_KNOTS('',3,1,((#4986,#4987),(#4988,#4989),(#4990,
#4991),(#4992,#4993),(#4994,#4995)),.UNSPECIFIED.,.F.,.F.,.F.,(4,1,4),(2,
2),(0.,0.102181104115909,0.164856929299419),(0.,0.1),.UNSPECIFIED.);
#2959=B_SPLINE_SURFACE_WITH_KNOTS('',3,1,((#5009,#5010),(#5011,#5012),(#5013,
#5014),(#5015,#5016),(#5017,#5018)),.UNSPECIFIED.,.F.,.F.,.F.,(4,1,4),(2,
2),(0.,0.0741731384623558,0.180467979835096),(0.,0.1),.UNSPECIFIED.);
#2960=B_SPLINE_SURFACE_WITH_KNOTS('',3,1,((#5035,#5036),(#5037,#5038),(#5039,
#5040),(#5041,#5042),(#5043,#5044)),.UNSPECIFIED.,.F.,.F.,.F.,(4,1,4),(2,
2),(0.,0.0687134653650042,0.124891636976234),(0.,0.1),.UNSPECIFIED.);
#2961=B_SPLINE_SURFACE_WITH_KNOTS('',3,1,((#5061,#5062),(#5063,#5064),(#5065,
#5066),(#5067,#5068),(#5069,#5070)),.UNSPECIFIED.,.F.,.F.,.F.,(4,1,4),(2,
2),(0.,0.0647496519494042,0.160570119552872),(0.,0.1),.UNSPECIFIED.);
#2962=B_SPLINE_SURFACE_WITH_KNOTS('',3,1,((#5084,#5085),(#5086,#5087),(#5088,
#5089),(#5090,#5091),(#5092,#5093)),.UNSPECIFIED.,.F.,.F.,.F.,(4,1,4),(2,
2),(0.,0.0717175890946818,0.128016358786652),(0.,0.1),.UNSPECIFIED.);
#2963=B_SPLINE_SURFACE_WITH_KNOTS('',3,1,((#5113,#5114),(#5115,#5116),(#5117,
#5118),(#5119,#5120),(#5121,#5122)),.UNSPECIFIED.,.F.,.F.,.F.,(4,1,4),(2,
2),(0.,0.174494208891357,0.288407308452974),(0.,0.1),.UNSPECIFIED.);
#2964=B_SPLINE_SURFACE_WITH_KNOTS('',3,1,((#5136,#5137),(#5138,#5139),(#5140,
#5141),(#5142,#5143),(#5144,#5145)),.UNSPECIFIED.,.F.,.F.,.F.,(4,1,4),(2,
2),(0.,0.103274183761209,0.238751843090807),(0.,0.1),.UNSPECIFIED.);
#2965=B_SPLINE_SURFACE_WITH_KNOTS('',3,1,((#5159,#5160),(#5161,#5162),(#5163,
#5164),(#5165,#5166),(#5167,#5168)),.UNSPECIFIED.,.F.,.F.,.F.,(4,1,4),(2,
2),(0.,0.0827469379218019,0.167350030787697),(0.,0.1),.UNSPECIFIED.);
#2966=B_SPLINE_SURFACE_WITH_KNOTS('',3,1,((#5182,#5183),(#5184,#5185),(#5186,
#5187),(#5188,#5189),(#5190,#5191)),.UNSPECIFIED.,.F.,.F.,.F.,(4,1,4),(2,
2),(0.,0.0877910156251958,0.171676987127477),(0.,0.1),.UNSPECIFIED.);
#2967=B_SPLINE_SURFACE_WITH_KNOTS('',3,1,((#5205,#5206),(#5207,#5208),(#5209,
#5210),(#5211,#5212),(#5213,#5214)),.UNSPECIFIED.,.F.,.F.,.F.,(4,1,4),(2,
2),(0.,0.12603870870977,0.255448108326092),(0.,0.1),.UNSPECIFIED.);
#2968=B_SPLINE_SURFACE_WITH_KNOTS('',3,1,((#5228,#5229),(#5230,#5231),(#5232,
#5233),(#5234,#5235),(#5236,#5237)),.UNSPECIFIED.,.F.,.F.,.F.,(4,1,4),(2,
2),(0.,0.15174287940675,0.285039998199388),(0.,0.1),.UNSPECIFIED.);
#2969=B_SPLINE_SURFACE_WITH_KNOTS('',3,1,((#5251,#5252),(#5253,#5254),(#5255,
#5256),(#5257,#5258),(#5259,#5260)),.UNSPECIFIED.,.F.,.F.,.F.,(4,1,4),(2,
2),(0.,0.0907791210667023,0.1835554343044),(0.,0.1),.UNSPECIFIED.);
#2970=B_SPLINE_SURFACE_WITH_KNOTS('',3,1,((#5274,#5275),(#5276,#5277),(#5278,
#5279),(#5280,#5281),(#5282,#5283)),.UNSPECIFIED.,.F.,.F.,.F.,(4,1,4),(2,
2),(0.,0.0986821763415001,0.191530533841909),(0.,0.1),.UNSPECIFIED.);
#2971=B_SPLINE_SURFACE_WITH_KNOTS('',3,1,((#5297,#5298),(#5299,#5300),(#5301,
#5302),(#5303,#5304),(#5305,#5306)),.UNSPECIFIED.,.F.,.F.,.F.,(4,1,4),(2,
2),(0.,0.0221008518864431,0.0352864025448696),(0.,0.1),.UNSPECIFIED.);
#2972=B_SPLINE_SURFACE_WITH_KNOTS('',3,1,((#5320,#5321),(#5322,#5323),(#5324,
#5325),(#5326,#5327),(#5328,#5329)),.UNSPECIFIED.,.F.,.F.,.F.,(4,1,4),(2,
2),(0.,0.0377005425244487,0.0893247739531581),(0.,0.1),.UNSPECIFIED.);
#2973=B_SPLINE_SURFACE_WITH_KNOTS('',3,1,((#5349,#5350),(#5351,#5352),(#5353,
#5354),(#5355,#5356),(#5357,#5358)),.UNSPECIFIED.,.F.,.F.,.F.,(4,1,4),(2,
2),(0.,0.0732076660217022,0.154995210220674),(0.,0.1),.UNSPECIFIED.);
#2974=B_SPLINE_SURFACE_WITH_KNOTS('',3,1,((#5372,#5373),(#5374,#5375),(#5376,
#5377),(#5378,#5379),(#5380,#5381)),.UNSPECIFIED.,.F.,.F.,.F.,(4,1,4),(2,
2),(0.,0.124493699090757,0.211952927145225),(0.,0.1),.UNSPECIFIED.);
#2975=B_SPLINE_SURFACE_WITH_KNOTS('',3,1,((#5401,#5402),(#5403,#5404),(#5405,
#5406),(#5407,#5408),(#5409,#5410)),.UNSPECIFIED.,.F.,.F.,.F.,(4,1,4),(2,
2),(0.,0.103460256632586,0.261706463542011),(0.,0.1),.UNSPECIFIED.);
#2976=B_SPLINE_SURFACE_WITH_KNOTS('',3,1,((#5424,#5425),(#5426,#5427),(#5428,
#5429),(#5430,#5431),(#5432,#5433)),.UNSPECIFIED.,.F.,.F.,.F.,(4,1,4),(2,
2),(0.,0.0953978778412346,0.178017392711309),(0.,0.1),.UNSPECIFIED.);
#2977=B_SPLINE_SURFACE_WITH_KNOTS('',3,1,((#5447,#5448),(#5449,#5450),(#5451,
#5452),(#5453,#5454),(#5455,#5456)),.UNSPECIFIED.,.F.,.F.,.F.,(4,1,4),(2,
2),(0.,0.168189409019274,0.291694835023785),(0.,0.1),.UNSPECIFIED.);
#2978=B_SPLINE_SURFACE_WITH_KNOTS('',3,1,((#5470,#5471),(#5472,#5473),(#5474,
#5475),(#5476,#5477),(#5478,#5479)),.UNSPECIFIED.,.F.,.F.,.F.,(4,1,4),(2,
2),(0.,0.145100627626882,0.331771841313582),(0.,0.1),.UNSPECIFIED.);
#2979=B_SPLINE_SURFACE_WITH_KNOTS('',3,1,((#5493,#5494),(#5495,#5496),(#5497,
#5498),(#5499,#5500),(#5501,#5502)),.UNSPECIFIED.,.F.,.F.,.F.,(4,1,4),(2,
2),(0.,0.149603931559931,0.282407179633356),(0.,0.1),.UNSPECIFIED.);
#2980=B_SPLINE_SURFACE_WITH_KNOTS('',3,1,((#5522,#5523),(#5524,#5525),(#5526,
#5527),(#5528,#5529),(#5530,#5531)),.UNSPECIFIED.,.F.,.F.,.F.,(4,1,4),(2,
2),(0.,0.0569173376674212,0.128198524254005),(0.,0.1),.UNSPECIFIED.);
#2981=B_SPLINE_SURFACE_WITH_KNOTS('',3,1,((#5622,#5623),(#5624,#5625),(#5626,
#5627),(#5628,#5629),(#5630,#5631)),.UNSPECIFIED.,.F.,.F.,.F.,(4,1,4),(2,
2),(0.,0.105803063967044,0.213033670266214),(0.,0.1),.UNSPECIFIED.);
#2982=B_SPLINE_SURFACE_WITH_KNOTS('',3,1,((#5648,#5649),(#5650,#5651),(#5652,
#5653),(#5654,#5655),(#5656,#5657)),.UNSPECIFIED.,.F.,.F.,.F.,(4,1,4),(2,
2),(0.,0.106924292424802,0.21260223028142),(0.,0.1),.UNSPECIFIED.);
#2983=B_SPLINE_SURFACE_WITH_KNOTS('',3,1,((#5671,#5672),(#5673,#5674),(#5675,
#5676),(#5677,#5678),(#5679,#5680)),.UNSPECIFIED.,.F.,.F.,.F.,(4,1,4),(2,
2),(0.,0.142480716944824,0.261479441218951),(0.,0.1),.UNSPECIFIED.);
#2984=B_SPLINE_SURFACE_WITH_KNOTS('',3,1,((#5694,#5695),(#5696,#5697),(#5698,
#5699),(#5700,#5701),(#5702,#5703)),.UNSPECIFIED.,.F.,.F.,.F.,(4,1,4),(2,
2),(0.,0.119896816491278,0.265420202635973),(0.,0.1),.UNSPECIFIED.);
#2985=B_SPLINE_SURFACE_WITH_KNOTS('',3,1,((#5717,#5718),(#5719,#5720),(#5721,
#5722),(#5723,#5724),(#5725,#5726)),.UNSPECIFIED.,.F.,.F.,.F.,(4,1,4),(2,
2),(0.,0.105677809018317,0.212602268420606),(0.,0.1),.UNSPECIFIED.);
#2986=B_SPLINE_SURFACE_WITH_KNOTS('',3,1,((#5740,#5741),(#5742,#5743),(#5744,
#5745),(#5746,#5747),(#5748,#5749)),.UNSPECIFIED.,.F.,.F.,.F.,(4,1,4),(2,
2),(0.,0.107230677961246,0.213033729823473),(0.,0.1),.UNSPECIFIED.);
#2987=B_SPLINE_SURFACE_WITH_KNOTS('',3,1,((#5763,#5764),(#5765,#5766),(#5767,
#5768),(#5769,#5770),(#5771,#5772)),.UNSPECIFIED.,.F.,.F.,.F.,(4,1,4),(2,
2),(0.,0.144018773663437,0.263650626081199),(0.,0.1),.UNSPECIFIED.);
#2988=B_SPLINE_SURFACE_WITH_KNOTS('',3,1,((#5786,#5787),(#5788,#5789),(#5790,
#5791),(#5792,#5793),(#5794,#5795)),.UNSPECIFIED.,.F.,.F.,.F.,(4,1,4),(2,
2),(0.,0.119631904671159,0.263650678334595),(0.,0.1),.UNSPECIFIED.);
#2989=B_SPLINE_SURFACE_WITH_KNOTS('',3,1,((#5806,#5807),(#5808,#5809),(#5810,
#5811),(#5812,#5813),(#5814,#5815)),.UNSPECIFIED.,.F.,.F.,.F.,(4,1,4),(2,
2),(0.,0.145506597583457,0.289394489537526),(0.,0.1),.UNSPECIFIED.);
#2990=B_SPLINE_SURFACE_WITH_KNOTS('',3,1,((#5832,#5833),(#5834,#5835),(#5836,
#5837),(#5838,#5839),(#5840,#5841)),.UNSPECIFIED.,.F.,.F.,.F.,(4,1,4),(2,
2),(0.,0.146905988990119,0.294870748973925),(0.,0.1),.UNSPECIFIED.);
#2991=B_SPLINE_SURFACE_WITH_KNOTS('',3,1,((#5855,#5856),(#5857,#5858),(#5859,
#5860),(#5861,#5862),(#5863,#5864)),.UNSPECIFIED.,.F.,.F.,.F.,(4,1,4),(2,
2),(0.,0.216992608149463,0.441564521439462),(0.,0.1),.UNSPECIFIED.);
#2992=B_SPLINE_SURFACE_WITH_KNOTS('',3,1,((#5878,#5879),(#5880,#5881),(#5882,
#5883),(#5884,#5885),(#5886,#5887)),.UNSPECIFIED.,.F.,.F.,.F.,(4,1,4),(2,
2),(0.,0.228967528925527,0.447670452336704),(0.,0.1),.UNSPECIFIED.);
#2993=B_SPLINE_SURFACE_WITH_KNOTS('',3,1,((#5901,#5902),(#5903,#5904),(#5905,
#5906),(#5907,#5908),(#5909,#5910)),.UNSPECIFIED.,.F.,.F.,.F.,(4,1,4),(2,
2),(0.,0.216359787301547,0.443245326067866),(0.,0.1),.UNSPECIFIED.);
#2994=B_SPLINE_SURFACE_WITH_KNOTS('',3,1,((#5924,#5925),(#5926,#5927),(#5928,
#5929),(#5930,#5931),(#5932,#5933)),.UNSPECIFIED.,.F.,.F.,.F.,(4,1,4),(2,
2),(0.,0.227878836496078,0.444121385966345),(0.,0.1),.UNSPECIFIED.);
#2995=B_SPLINE_SURFACE_WITH_KNOTS('',3,1,((#5947,#5948),(#5949,#5950),(#5951,
#5952),(#5953,#5954),(#5955,#5956)),.UNSPECIFIED.,.F.,.F.,.F.,(4,1,4),(2,
2),(0.,0.146857847370238,0.299950523456441),(0.,0.1),.UNSPECIFIED.);
#2996=B_SPLINE_SURFACE_WITH_KNOTS('',3,1,((#5970,#5971),(#5972,#5973),(#5974,
#5975),(#5976,#5977),(#5978,#5979)),.UNSPECIFIED.,.F.,.F.,.F.,(4,1,4),(2,
2),(0.,0.145752462920355,0.289409113612066),(0.,0.1),.UNSPECIFIED.);
#2997=B_SPLINE_SURFACE_WITH_KNOTS('',3,1,((#5993,#5994),(#5995,#5996),(#5997,
#5998),(#5999,#6000),(#6001,#6002)),.UNSPECIFIED.,.F.,.F.,.F.,(4,1,4),(2,
2),(0.,0.142045559241692,0.288306971164719),(0.,0.1),.UNSPECIFIED.);
#2998=B_SPLINE_SURFACE_WITH_KNOTS('',3,1,((#6016,#6017),(#6018,#6019),(#6020,
#6021),(#6022,#6023),(#6024,#6025)),.UNSPECIFIED.,.F.,.F.,.F.,(4,1,4),(2,
2),(0.,0.154040380289543,0.327985713621128),(0.,0.1),.UNSPECIFIED.);
#2999=ADVANCED_FACE('',(#129),#2908,.F.);
#3000=ADVANCED_FACE('',(#130),#2909,.F.);
#3001=ADVANCED_FACE('',(#131),#2910,.F.);
#3002=ADVANCED_FACE('',(#132),#2911,.F.);
#3003=ADVANCED_FACE('',(#133),#59,.F.);
#3004=ADVANCED_FACE('',(#134),#2912,.F.);
#3005=ADVANCED_FACE('',(#135),#2913,.F.);
#3006=ADVANCED_FACE('',(#136),#2914,.F.);
#3007=ADVANCED_FACE('',(#137),#60,.F.);
#3008=ADVANCED_FACE('',(#138),#2915,.F.);
#3009=ADVANCED_FACE('',(#139),#2916,.F.);
#3010=ADVANCED_FACE('',(#140),#2917,.F.);
#3011=ADVANCED_FACE('',(#141),#2918,.F.);
#3012=ADVANCED_FACE('',(#142),#2919,.F.);
#3013=ADVANCED_FACE('',(#143),#2920,.F.);
#3014=ADVANCED_FACE('',(#144),#2921,.F.);
#3015=ADVANCED_FACE('',(#145),#2922,.F.);
#3016=ADVANCED_FACE('',(#146),#61,.F.);
#3017=ADVANCED_FACE('',(#147),#2923,.F.);
#3018=ADVANCED_FACE('',(#148,#39),#62,.T.);
#3019=ADVANCED_FACE('',(#149),#2924,.F.);
#3020=ADVANCED_FACE('',(#150),#2925,.F.);
#3021=ADVANCED_FACE('',(#151),#2926,.F.);
#3022=ADVANCED_FACE('',(#152),#2927,.F.);
#3023=ADVANCED_FACE('',(#153),#2928,.F.);
#3024=ADVANCED_FACE('',(#154),#2929,.F.);
#3025=ADVANCED_FACE('',(#155),#2930,.F.);
#3026=ADVANCED_FACE('',(#156),#2931,.F.);
#3027=ADVANCED_FACE('',(#157),#63,.F.);
#3028=ADVANCED_FACE('',(#158),#64,.F.);
#3029=ADVANCED_FACE('',(#159),#2932,.F.);
#3030=ADVANCED_FACE('',(#160),#2933,.F.);
#3031=ADVANCED_FACE('',(#161),#2934,.F.);
#3032=ADVANCED_FACE('',(#162),#2935,.F.);
#3033=ADVANCED_FACE('',(#163),#2936,.F.);
#3034=ADVANCED_FACE('',(#164),#2937,.F.);
#3035=ADVANCED_FACE('',(#165),#2938,.F.);
#3036=ADVANCED_FACE('',(#166),#65,.F.);
#3037=ADVANCED_FACE('',(#167),#66,.F.);
#3038=ADVANCED_FACE('',(#168),#67,.F.);
#3039=ADVANCED_FACE('',(#169,#40),#68,.T.);
#3040=ADVANCED_FACE('',(#170),#2939,.F.);
#3041=ADVANCED_FACE('',(#171),#2940,.F.);
#3042=ADVANCED_FACE('',(#172),#2941,.F.);
#3043=ADVANCED_FACE('',(#173),#2942,.F.);
#3044=ADVANCED_FACE('',(#174),#2943,.F.);
#3045=ADVANCED_FACE('',(#175),#2944,.F.);
#3046=ADVANCED_FACE('',(#176),#69,.F.);
#3047=ADVANCED_FACE('',(#177),#70,.F.);
#3048=ADVANCED_FACE('',(#178),#71,.F.);
#3049=ADVANCED_FACE('',(#179),#72,.F.);
#3050=ADVANCED_FACE('',(#180),#73,.F.);
#3051=ADVANCED_FACE('',(#181),#2945,.F.);
#3052=ADVANCED_FACE('',(#182),#2946,.F.);
#3053=ADVANCED_FACE('',(#183),#2947,.F.);
#3054=ADVANCED_FACE('',(#184),#2948,.F.);
#3055=ADVANCED_FACE('',(#185),#2949,.F.);
#3056=ADVANCED_FACE('',(#186),#2950,.F.);
#3057=ADVANCED_FACE('',(#187),#2951,.F.);
#3058=ADVANCED_FACE('',(#188),#74,.F.);
#3059=ADVANCED_FACE('',(#189),#75,.F.);
#3060=ADVANCED_FACE('',(#190),#76,.F.);
#3061=ADVANCED_FACE('',(#191,#41),#77,.T.);
#3062=ADVANCED_FACE('',(#192),#2952,.F.);
#3063=ADVANCED_FACE('',(#193),#2953,.F.);
#3064=ADVANCED_FACE('',(#194),#2954,.F.);
#3065=ADVANCED_FACE('',(#195),#2955,.F.);
#3066=ADVANCED_FACE('',(#196),#2956,.F.);
#3067=ADVANCED_FACE('',(#197),#2957,.F.);
#3068=ADVANCED_FACE('',(#198),#2958,.F.);
#3069=ADVANCED_FACE('',(#199),#2959,.F.);
#3070=ADVANCED_FACE('',(#200),#78,.F.);
#3071=ADVANCED_FACE('',(#201),#2960,.F.);
#3072=ADVANCED_FACE('',(#202),#2961,.F.);
#3073=ADVANCED_FACE('',(#203),#2962,.F.);
#3074=ADVANCED_FACE('',(#204),#79,.F.);
#3075=ADVANCED_FACE('',(#205),#2963,.F.);
#3076=ADVANCED_FACE('',(#206),#2964,.F.);
#3077=ADVANCED_FACE('',(#207),#2965,.F.);
#3078=ADVANCED_FACE('',(#208),#2966,.F.);
#3079=ADVANCED_FACE('',(#209),#2967,.F.);
#3080=ADVANCED_FACE('',(#210),#2968,.F.);
#3081=ADVANCED_FACE('',(#211),#2969,.F.);
#3082=ADVANCED_FACE('',(#212),#2970,.F.);
#3083=ADVANCED_FACE('',(#213),#2971,.F.);
#3084=ADVANCED_FACE('',(#214),#2972,.F.);
#3085=ADVANCED_FACE('',(#215),#80,.F.);
#3086=ADVANCED_FACE('',(#216),#2973,.F.);
#3087=ADVANCED_FACE('',(#217),#2974,.F.);
#3088=ADVANCED_FACE('',(#218),#81,.F.);
#3089=ADVANCED_FACE('',(#219),#2975,.F.);
#3090=ADVANCED_FACE('',(#220),#2976,.F.);
#3091=ADVANCED_FACE('',(#221),#2977,.F.);
#3092=ADVANCED_FACE('',(#222),#2978,.F.);
#3093=ADVANCED_FACE('',(#223),#2979,.F.);
#3094=ADVANCED_FACE('',(#224),#82,.F.);
#3095=ADVANCED_FACE('',(#225),#2980,.F.);
#3096=ADVANCED_FACE('',(#226,#42),#83,.T.);
#3097=ADVANCED_FACE('',(#227),#84,.F.);
#3098=ADVANCED_FACE('',(#228),#85,.F.);
#3099=ADVANCED_FACE('',(#229),#86,.F.);
#3100=ADVANCED_FACE('',(#230),#87,.F.);
#3101=ADVANCED_FACE('',(#231),#88,.F.);
#3102=ADVANCED_FACE('',(#232),#89,.F.);
#3103=ADVANCED_FACE('',(#233),#90,.F.);
#3104=ADVANCED_FACE('',(#234),#91,.F.);
#3105=ADVANCED_FACE('',(#235),#92,.F.);
#3106=ADVANCED_FACE('',(#236),#93,.F.);
#3107=ADVANCED_FACE('',(#237),#94,.F.);
#3108=ADVANCED_FACE('',(#238),#95,.F.);
#3109=ADVANCED_FACE('',(#239),#96,.F.);
#3110=ADVANCED_FACE('',(#240),#97,.F.);
#3111=ADVANCED_FACE('',(#241),#2981,.F.);
#3112=ADVANCED_FACE('',(#242),#2982,.F.);
#3113=ADVANCED_FACE('',(#243),#2983,.F.);
#3114=ADVANCED_FACE('',(#244),#2984,.F.);
#3115=ADVANCED_FACE('',(#245),#2985,.F.);
#3116=ADVANCED_FACE('',(#246),#2986,.F.);
#3117=ADVANCED_FACE('',(#247),#2987,.F.);
#3118=ADVANCED_FACE('',(#248),#2988,.F.);
#3119=ADVANCED_FACE('',(#249),#2989,.F.);
#3120=ADVANCED_FACE('',(#250),#2990,.F.);
#3121=ADVANCED_FACE('',(#251),#2991,.F.);
#3122=ADVANCED_FACE('',(#252),#2992,.F.);
#3123=ADVANCED_FACE('',(#253),#2993,.F.);
#3124=ADVANCED_FACE('',(#254),#2994,.F.);
#3125=ADVANCED_FACE('',(#255),#2995,.F.);
#3126=ADVANCED_FACE('',(#256),#2996,.F.);
#3127=ADVANCED_FACE('',(#257),#2997,.F.);
#3128=ADVANCED_FACE('',(#258),#2998,.F.);
#3129=ADVANCED_FACE('',(#259,#43),#98,.T.);
#3130=ADVANCED_FACE('',(#260),#99,.F.);
#3131=ADVANCED_FACE('',(#261),#100,.F.);
#3132=ADVANCED_FACE('',(#262),#101,.F.);
#3133=ADVANCED_FACE('',(#263),#102,.F.);
#3134=ADVANCED_FACE('',(#264),#103,.F.);
#3135=ADVANCED_FACE('',(#265),#104,.F.);
#3136=ADVANCED_FACE('',(#266),#105,.F.);
#3137=ADVANCED_FACE('',(#267),#106,.F.);
#3138=ADVANCED_FACE('',(#268),#107,.F.);
#3139=ADVANCED_FACE('',(#269),#108,.F.);
#3140=ADVANCED_FACE('',(#270),#109,.F.);
#3141=ADVANCED_FACE('',(#271,#44,#45,#46,#47,#48,#49,#50,#51,#52,#53,#54),
#110,.F.);
#3142=ADVANCED_FACE('',(#272),#111,.F.);
#3143=ADVANCED_FACE('',(#273),#112,.F.);
#3144=ADVANCED_FACE('',(#274),#113,.F.);
#3145=ADVANCED_FACE('',(#275),#114,.F.);
#3146=ADVANCED_FACE('',(#276),#15,.T.);
#3147=ADVANCED_FACE('',(#277,#55,#56,#57,#58),#115,.T.);
#3148=ADVANCED_FACE('',(#278),#116,.T.);
#3149=ADVANCED_FACE('',(#279),#16,.T.);
#3150=ADVANCED_FACE('',(#280),#17,.T.);
#3151=ADVANCED_FACE('',(#281),#117,.T.);
#3152=ADVANCED_FACE('',(#282),#18,.T.);
#3153=ADVANCED_FACE('',(#283),#118,.F.);
#3154=ADVANCED_FACE('',(#284),#119,.F.);
#3155=ADVANCED_FACE('',(#285),#120,.F.);
#3156=ADVANCED_FACE('',(#286),#121,.T.);
#3157=ADVANCED_FACE('',(#287),#122,.T.);
#3158=ADVANCED_FACE('',(#288),#19,.F.);
#3159=ADVANCED_FACE('',(#289),#20,.F.);
#3160=ADVANCED_FACE('',(#290),#21,.F.);
#3161=ADVANCED_FACE('',(#291),#123,.T.);
#3162=ADVANCED_FACE('',(#292),#124,.T.);
#3163=ADVANCED_FACE('',(#293),#22,.F.);
#3164=ADVANCED_FACE('',(#294),#125,.T.);
#3165=ADVANCED_FACE('',(#295),#126,.T.);
#3166=ADVANCED_FACE('',(#296),#127,.T.);
#3167=ADVANCED_FACE('',(#297),#128,.F.);
#3168=CLOSED_SHELL('',(#2999,#3000,#3001,#3002,#3003,#3004,#3005,#3006,
#3007,#3008,#3009,#3010,#3011,#3012,#3013,#3014,#3015,#3016,#3017,#3018,
#3019,#3020,#3021,#3022,#3023,#3024,#3025,#3026,#3027,#3028,#3029,#3030,
#3031,#3032,#3033,#3034,#3035,#3036,#3037,#3038,#3039,#3040,#3041,#3042,
#3043,#3044,#3045,#3046,#3047,#3048,#3049,#3050,#3051,#3052,#3053,#3054,
#3055,#3056,#3057,#3058,#3059,#3060,#3061,#3062,#3063,#3064,#3065,#3066,
#3067,#3068,#3069,#3070,#3071,#3072,#3073,#3074,#3075,#3076,#3077,#3078,
#3079,#3080,#3081,#3082,#3083,#3084,#3085,#3086,#3087,#3088,#3089,#3090,
#3091,#3092,#3093,#3094,#3095,#3096,#3097,#3098,#3099,#3100,#3101,#3102,
#3103,#3104,#3105,#3106,#3107,#3108,#3109,#3110,#3111,#3112,#3113,#3114,
#3115,#3116,#3117,#3118,#3119,#3120,#3121,#3122,#3123,#3124,#3125,#3126,
#3127,#3128,#3129,#3130,#3131,#3132,#3133,#3134,#3135,#3136,#3137,#3138,
#3139,#3140,#3141,#3142,#3143,#3144,#3145,#3146,#3147,#3148,#3149,#3150,
#3151,#3152,#3153,#3154,#3155,#3156,#3157,#3158,#3159,#3160,#3161,#3162,
#3163,#3164,#3165,#3166,#3167));
#3169=DERIVED_UNIT_ELEMENT(#3171,1.);
#3170=DERIVED_UNIT_ELEMENT(#6230,-3.);
#3171=(
MASS_UNIT()
NAMED_UNIT(*)
SI_UNIT(.KILO.,.GRAM.)
);
#3172=DERIVED_UNIT((#3169,#3170));
#3173=MEASURE_REPRESENTATION_ITEM('density measure',
POSITIVE_RATIO_MEASURE(7850.),#3172);
#3174=PROPERTY_DEFINITION_REPRESENTATION(#3179,#3176);
#3175=PROPERTY_DEFINITION_REPRESENTATION(#3180,#3177);
#3176=REPRESENTATION('material name',(#3178),#6227);
#3177=REPRESENTATION('density',(#3173),#6227);
#3178=DESCRIPTIVE_REPRESENTATION_ITEM('Acero','Acero');
#3179=PROPERTY_DEFINITION('material property','material name',#6237);
#3180=PROPERTY_DEFINITION('material property','density of part',#6237);
#3181=AXIS2_PLACEMENT_3D('',#3733,#3276,#3277);
#3182=AXIS2_PLACEMENT_3D('',#3829,#3283,#3284);
#3183=AXIS2_PLACEMENT_3D('',#3904,#3291,#3292);
#3184=AXIS2_PLACEMENT_3D('',#4094,#3304,#3305);
#3185=AXIS2_PLACEMENT_3D('',#4120,#3309,#3310);
#3186=AXIS2_PLACEMENT_3D('',#4305,#3319,#3320);
#3187=AXIS2_PLACEMENT_3D('',#4314,#3325,#3326);
#3188=AXIS2_PLACEMENT_3D('',#4481,#3337,#3338);
#3189=AXIS2_PLACEMENT_3D('',#4487,#3342,#3343);
#3190=AXIS2_PLACEMENT_3D('',#4493,#3347,#3348);
#3191=AXIS2_PLACEMENT_3D('',#4496,#3351,#3352);
#3192=AXIS2_PLACEMENT_3D('',#4638,#3360,#3361);
#3193=AXIS2_PLACEMENT_3D('',#4644,#3365,#3366);
#3194=AXIS2_PLACEMENT_3D('',#4650,#3370,#3371);
#3195=AXIS2_PLACEMENT_3D('',#4653,#3374,#3375);
#3196=AXIS2_PLACEMENT_3D('',#4662,#3380,#3381);
#3197=AXIS2_PLACEMENT_3D('',#4829,#3392,#3393);
#3198=AXIS2_PLACEMENT_3D('',#4835,#3397,#3398);
#3199=AXIS2_PLACEMENT_3D('',#4841,#3402,#3403);
#3200=AXIS2_PLACEMENT_3D('',#4844,#3406,#3407);
#3201=AXIS2_PLACEMENT_3D('',#5032,#3417,#3418);
#3202=AXIS2_PLACEMENT_3D('',#5107,#3425,#3426);
#3203=AXIS2_PLACEMENT_3D('',#5343,#3440,#3441);
#3204=AXIS2_PLACEMENT_3D('',#5395,#3447,#3448);
#3205=AXIS2_PLACEMENT_3D('',#5516,#3457,#3458);
#3206=AXIS2_PLACEMENT_3D('',#5542,#3462,#3463);
#3207=AXIS2_PLACEMENT_3D('',#5543,#3464,#3465);
#3208=AXIS2_PLACEMENT_3D('',#5552,#3470,#3471);
#3209=AXIS2_PLACEMENT_3D('',#5558,#3475,#3476);
#3210=AXIS2_PLACEMENT_3D('',#5564,#3480,#3481);
#3211=AXIS2_PLACEMENT_3D('',#5570,#3485,#3486);
#3212=AXIS2_PLACEMENT_3D('',#5576,#3490,#3491);
#3213=AXIS2_PLACEMENT_3D('',#5582,#3495,#3496);
#3214=AXIS2_PLACEMENT_3D('',#5588,#3500,#3501);
#3215=AXIS2_PLACEMENT_3D('',#5594,#3505,#3506);
#3216=AXIS2_PLACEMENT_3D('',#5600,#3510,#3511);
#3217=AXIS2_PLACEMENT_3D('',#5606,#3515,#3516);
#3218=AXIS2_PLACEMENT_3D('',#5612,#3520,#3521);
#3219=AXIS2_PLACEMENT_3D('',#5618,#3525,#3526);
#3220=AXIS2_PLACEMENT_3D('',#5621,#3529,#3530);
#3221=AXIS2_PLACEMENT_3D('',#6036,#3549,#3550);
#3222=AXIS2_PLACEMENT_3D('',#6037,#3551,#3552);
#3223=AXIS2_PLACEMENT_3D('',#6046,#3557,#3558);
#3224=AXIS2_PLACEMENT_3D('',#6052,#3562,#3563);
#3225=AXIS2_PLACEMENT_3D('',#6058,#3567,#3568);
#3226=AXIS2_PLACEMENT_3D('',#6064,#3572,#3573);
#3227=AXIS2_PLACEMENT_3D('',#6070,#3577,#3578);
#3228=AXIS2_PLACEMENT_3D('',#6076,#3582,#3583);
#3229=AXIS2_PLACEMENT_3D('',#6082,#3587,#3588);
#3230=AXIS2_PLACEMENT_3D('',#6088,#3592,#3593);
#3231=AXIS2_PLACEMENT_3D('',#6094,#3597,#3598);
#3232=AXIS2_PLACEMENT_3D('',#6097,#3601,#3602);
#3233=AXIS2_PLACEMENT_3D('',#6098,#3603,#3604);
#3234=AXIS2_PLACEMENT_3D('',#6101,#3605,#3606);
#3235=AXIS2_PLACEMENT_3D('',#6105,#3608,#3609);
#3236=AXIS2_PLACEMENT_3D('',#6109,#3611,#3612);
#3237=AXIS2_PLACEMENT_3D('',#6113,#3614,#3615);
#3238=AXIS2_PLACEMENT_3D('',#6116,#3617,#3618);
#3239=AXIS2_PLACEMENT_3D('',#6118,#3619,#3620);
#3240=AXIS2_PLACEMENT_3D('',#6120,#3621,#3622);
#3241=AXIS2_PLACEMENT_3D('',#6122,#3623,#3624);
#3242=AXIS2_PLACEMENT_3D('',#6123,#3625,#3626);
#3243=AXIS2_PLACEMENT_3D('',#6124,#3627,#3628);
#3244=AXIS2_PLACEMENT_3D('',#6125,#3629,#3630);
#3245=AXIS2_PLACEMENT_3D('',#6126,#3631,#3632);
#3246=AXIS2_PLACEMENT_3D('',#6127,#3633,#3634);
#3247=AXIS2_PLACEMENT_3D('',#6130,#3635,#3636);
#3248=AXIS2_PLACEMENT_3D('',#6133,#3639,#3640);
#3249=AXIS2_PLACEMENT_3D('',#6137,#3642,#3643);
#3250=AXIS2_PLACEMENT_3D('',#6141,#3645,#3646);
#3251=AXIS2_PLACEMENT_3D('',#6145,#3648,#3649);
#3252=AXIS2_PLACEMENT_3D('',#6164,#3659,#3660);
#3253=AXIS2_PLACEMENT_3D('',#6166,#3661,#3662);
#3254=AXIS2_PLACEMENT_3D('',#6168,#3663,#3664);
#3255=AXIS2_PLACEMENT_3D('',#6170,#3665,#3666);
#3256=AXIS2_PLACEMENT_3D('',#6171,#3667,#3668);
#3257=AXIS2_PLACEMENT_3D('',#6173,#3670,#3671);
#3258=AXIS2_PLACEMENT_3D('',#6175,#3673,#3674);
#3259=AXIS2_PLACEMENT_3D('',#6178,#3677,#3678);
#3260=AXIS2_PLACEMENT_3D('',#6180,#3680,#3681);
#3261=AXIS2_PLACEMENT_3D('',#6182,#3683,#3684);
#3262=AXIS2_PLACEMENT_3D('',#6188,#3688,#3689);
#3263=AXIS2_PLACEMENT_3D('',#6194,#3693,#3694);
#3264=AXIS2_PLACEMENT_3D('',#6197,#3697,#3698);
#3265=AXIS2_PLACEMENT_3D('',#6203,#3702,#3703);
#3266=AXIS2_PLACEMENT_3D('',#6207,#3706,#3707);
#3267=AXIS2_PLACEMENT_3D('',#6209,#3709,#3710);
#3268=AXIS2_PLACEMENT_3D('',#6211,#3712,#3713);
#3269=AXIS2_PLACEMENT_3D('',#6213,#3715,#3716);
#3270=AXIS2_PLACEMENT_3D('',#6217,#3719,#3720);
#3271=AXIS2_PLACEMENT_3D('',#6219,#3722,#3723);
#3272=AXIS2_PLACEMENT_3D('',#6221,#3725,#3726);
#3273=AXIS2_PLACEMENT_3D('',#6222,#3727,#3728);
#3274=AXIS2_PLACEMENT_3D('',#6223,#3729,#3730);
#3275=AXIS2_PLACEMENT_3D('',#6224,#3731,#3732);
#3276=DIRECTION('axis',(0.,0.,1.));
#3277=DIRECTION('refdir',(1.,0.,0.));
#3278=DIRECTION('',(0.,0.,1.));
#3279=DIRECTION('',(0.,0.,1.));
#3280=DIRECTION('',(0.,0.,1.));
#3281=DIRECTION('',(0.,0.,1.));
#3282=DIRECTION('',(0.,0.,1.));
#3283=DIRECTION('center_axis',(-4.86419221531589E-16,1.,0.));
#3284=DIRECTION('ref_axis',(-1.,-4.86419221531589E-16,0.));
#3285=DIRECTION('',(-1.,-4.86419221531589E-16,0.));
#3286=DIRECTION('',(-1.,-4.86419221531589E-16,0.));
#3287=DIRECTION('',(0.,0.,1.));
#3288=DIRECTION('',(0.,0.,1.));
#3289=DIRECTION('',(0.,0.,1.));
#3290=DIRECTION('',(0.,0.,1.));
#3291=DIRECTION('center_axis',(5.00914493396459E-16,-1.,0.));
#3292=DIRECTION('ref_axis',(1.,5.00914493396459E-16,0.));
#3293=DIRECTION('',(1.,5.00914493396459E-16,0.));
#3294=DIRECTION('',(0.,0.,1.));
#3295=DIRECTION('',(1.,5.00914493396459E-16,0.));
#3296=DIRECTION('',(0.,0.,1.));
#3297=DIRECTION('',(0.,0.,1.));
#3298=DIRECTION('',(0.,0.,1.));
#3299=DIRECTION('',(0.,0.,1.));
#3300=DIRECTION('',(0.,0.,1.));
#3301=DIRECTION('',(0.,0.,1.));
#3302=DIRECTION('',(0.,0.,1.));
#3303=DIRECTION('',(0.,0.,1.));
#3304=DIRECTION('center_axis',(-0.165541043054591,0.986202901569651,0.));
#3305=DIRECTION('ref_axis',(-0.986202901569651,-0.165541043054591,0.));
#3306=DIRECTION('',(-0.986202901569651,-0.165541043054591,0.));
#3307=DIRECTION('',(0.,0.,1.));
#3308=DIRECTION('',(-0.986202901569651,-0.165541043054591,0.));
#3309=DIRECTION('center_axis',(0.,0.,-1.));
#3310=DIRECTION('ref_axis',(-1.,0.,0.));
#3311=DIRECTION('',(0.,0.,1.));
#3312=DIRECTION('',(0.,0.,1.));
#3313=DIRECTION('',(0.,0.,1.));
#3314=DIRECTION('',(0.,0.,1.));
#3315=DIRECTION('',(0.,0.,1.));
#3316=DIRECTION('',(0.,0.,1.));
#3317=DIRECTION('',(0.,0.,1.));
#3318=DIRECTION('',(0.,0.,1.));
#3319=DIRECTION('center_axis',(-3.86142242935538E-16,1.,0.));
#3320=DIRECTION('ref_axis',(-1.,-3.86142242935538E-16,0.));
#3321=DIRECTION('',(-1.,-3.86142242935538E-16,0.));
#3322=DIRECTION('',(0.,0.,1.));
#3323=DIRECTION('',(-1.,-3.86142242935538E-16,0.));
#3324=DIRECTION('',(0.,0.,1.));
#3325=DIRECTION('center_axis',(1.,0.,0.));
#3326=DIRECTION('ref_axis',(0.,1.,0.));
#3327=DIRECTION('',(0.,1.,0.));
#3328=DIRECTION('',(0.,0.,1.));
#3329=DIRECTION('',(0.,1.,0.));
#3330=DIRECTION('',(0.,0.,1.));
#3331=DIRECTION('',(0.,0.,1.));
#3332=DIRECTION('',(0.,0.,1.));
#3333=DIRECTION('',(0.,0.,1.));
#3334=DIRECTION('',(0.,0.,1.));
#3335=DIRECTION('',(0.,0.,1.));
#3336=DIRECTION('',(0.,0.,1.));
#3337=DIRECTION('center_axis',(1.,0.,0.));
#3338=DIRECTION('ref_axis',(0.,1.,0.));
#3339=DIRECTION('',(0.,1.,0.));
#3340=DIRECTION('',(0.,0.,1.));
#3341=DIRECTION('',(0.,1.,0.));
#3342=DIRECTION('center_axis',(4.15731887606231E-16,-1.,0.));
#3343=DIRECTION('ref_axis',(1.,4.15731887606231E-16,0.));
#3344=DIRECTION('',(1.,4.15731887606231E-16,0.));
#3345=DIRECTION('',(0.,0.,1.));
#3346=DIRECTION('',(1.,4.15731887606231E-16,0.));
#3347=DIRECTION('center_axis',(-1.,-5.92118899409368E-16,0.));
#3348=DIRECTION('ref_axis',(5.92118899409368E-16,-1.,0.));
#3349=DIRECTION('',(5.92118899409368E-16,-1.,0.));
#3350=DIRECTION('',(5.92118899409368E-16,-1.,0.));
#3351=DIRECTION('center_axis',(0.,0.,-1.));
#3352=DIRECTION('ref_axis',(-1.,0.,0.));
#3353=DIRECTION('',(0.,0.,1.));
#3354=DIRECTION('',(0.,0.,1.));
#3355=DIRECTION('',(0.,0.,1.));
#3356=DIRECTION('',(0.,0.,1.));
#3357=DIRECTION('',(0.,0.,1.));
#3358=DIRECTION('',(0.,0.,1.));
#3359=DIRECTION('',(0.,0.,1.));
#3360=DIRECTION('center_axis',(-5.02341601241599E-16,1.,0.));
#3361=DIRECTION('ref_axis',(-1.,-5.02341601241599E-16,0.));
#3362=DIRECTION('',(-1.,-5.02341601241599E-16,0.));
#3363=DIRECTION('',(0.,0.,1.));
#3364=DIRECTION('',(-1.,-5.02341601241599E-16,0.));
#3365=DIRECTION('center_axis',(-1.,-5.21662470838108E-16,0.));
#3366=DIRECTION('ref_axis',(5.21662470838108E-16,-1.,0.));
#3367=DIRECTION('',(5.21662470838108E-16,-1.,0.));
#3368=DIRECTION('',(0.,0.,1.));
#3369=DIRECTION('',(5.21662470838108E-16,-1.,0.));
#3370=DIRECTION('center_axis',(7.58781688829224E-16,-1.,0.));
#3371=DIRECTION('ref_axis',(1.,7.58781688829224E-16,0.));
#3372=DIRECTION('',(1.,7.58781688829224E-16,0.));
#3373=DIRECTION('',(1.,7.58781688829224E-16,0.));
#3374=DIRECTION('center_axis',(-1.,-3.9242596825926E-16,0.));
#3375=DIRECTION('ref_axis',(3.9242596825926E-16,-1.,0.));
#3376=DIRECTION('',(3.9242596825926E-16,-1.,0.));
#3377=DIRECTION('',(0.,0.,1.));
#3378=DIRECTION('',(3.9242596825926E-16,-1.,0.));
#3379=DIRECTION('',(0.,0.,1.));
#3380=DIRECTION('center_axis',(4.91929775092206E-16,-1.,0.));
#3381=DIRECTION('ref_axis',(1.,4.91929775092206E-16,0.));
#3382=DIRECTION('',(1.,4.91929775092206E-16,0.));
#3383=DIRECTION('',(0.,0.,1.));
#3384=DIRECTION('',(1.,4.91929775092206E-16,0.));
#3385=DIRECTION('',(0.,0.,1.));
#3386=DIRECTION('',(0.,0.,1.));
#3387=DIRECTION('',(0.,0.,1.));
#3388=DIRECTION('',(0.,0.,1.));
#3389=DIRECTION('',(0.,0.,1.));
#3390=DIRECTION('',(0.,0.,1.));
#3391=DIRECTION('',(0.,0.,1.));
#3392=DIRECTION('center_axis',(-4.56866605158439E-16,1.,0.));
#3393=DIRECTION('ref_axis',(-1.,-4.56866605158439E-16,0.));
#3394=DIRECTION('',(-1.,-4.56866605158439E-16,0.));
#3395=DIRECTION('',(0.,0.,1.));
#3396=DIRECTION('',(-1.,-4.56866605158439E-16,0.));
#3397=DIRECTION('center_axis',(1.,4.44089174557026E-16,0.));
#3398=DIRECTION('ref_axis',(-4.44089174557026E-16,1.,0.));
#3399=DIRECTION('',(-4.44089174557026E-16,1.,0.));
#3400=DIRECTION('',(0.,0.,1.));
#3401=DIRECTION('',(-4.44089174557026E-16,1.,0.));
#3402=DIRECTION('center_axis',(3.6657352965402E-16,-1.,0.));
#3403=DIRECTION('ref_axis',(1.,3.6657352965402E-16,0.));
#3404=DIRECTION('',(1.,3.6657352965402E-16,0.));
#3405=DIRECTION('',(1.,3.6657352965402E-16,0.));
#3406=DIRECTION('center_axis',(0.,0.,-1.));
#3407=DIRECTION('ref_axis',(-1.,0.,0.));
#3408=DIRECTION('',(0.,0.,1.));
#3409=DIRECTION('',(0.,0.,1.));
#3410=DIRECTION('',(0.,0.,1.));
#3411=DIRECTION('',(0.,0.,1.));
#3412=DIRECTION('',(0.,0.,1.));
#3413=DIRECTION('',(0.,0.,1.));
#3414=DIRECTION('',(0.,0.,1.));
#3415=DIRECTION('',(0.,0.,1.));
#3416=DIRECTION('',(0.,0.,1.));
#3417=DIRECTION('center_axis',(1.,0.,0.));
#3418=DIRECTION('ref_axis',(0.,1.,0.));
#3419=DIRECTION('',(0.,1.,0.));
#3420=DIRECTION('',(0.,1.,0.));
#3421=DIRECTION('',(0.,0.,1.));
#3422=DIRECTION('',(0.,0.,1.));
#3423=DIRECTION('',(0.,0.,1.));
#3424=DIRECTION('',(0.,0.,1.));
#3425=DIRECTION('center_axis',(1.,0.,0.));
#3426=DIRECTION('ref_axis',(0.,1.,0.));
#3427=DIRECTION('',(0.,1.,0.));
#3428=DIRECTION('',(0.,0.,1.));
#3429=DIRECTION('',(0.,1.,0.));
#3430=DIRECTION('',(0.,0.,1.));
#3431=DIRECTION('',(0.,0.,1.));
#3432=DIRECTION('',(0.,0.,1.));
#3433=DIRECTION('',(0.,0.,1.));
#3434=DIRECTION('',(0.,0.,1.));
#3435=DIRECTION('',(0.,0.,1.));
#3436=DIRECTION('',(0.,0.,1.));
#3437=DIRECTION('',(0.,0.,1.));
#3438=DIRECTION('',(0.,0.,1.));
#3439=DIRECTION('',(0.,0.,1.));
#3440=DIRECTION('center_axis',(3.9030835608246E-16,-1.,0.));
#3441=DIRECTION('ref_axis',(1.,3.9030835608246E-16,0.));
#3442=DIRECTION('',(1.,3.9030835608246E-16,0.));
#3443=DIRECTION('',(0.,0.,1.));
#3444=DIRECTION('',(1.,3.9030835608246E-16,0.));
#3445=DIRECTION('',(0.,0.,1.));
#3446=DIRECTION('',(0.,0.,1.));
#3447=DIRECTION('center_axis',(-0.999958192657958,-0.00914401094875796,
0.));
#3448=DIRECTION('ref_axis',(0.00914401094875796,-0.999958192657958,0.));
#3449=DIRECTION('',(0.00914401094875796,-0.999958192657958,0.));
#3450=DIRECTION('',(0.,0.,1.));
#3451=DIRECTION('',(0.00914401094875796,-0.999958192657957,0.));
#3452=DIRECTION('',(0.,0.,1.));
#3453=DIRECTION('',(0.,0.,1.));
#3454=DIRECTION('',(0.,0.,1.));
#3455=DIRECTION('',(0.,0.,1.));
#3456=DIRECTION('',(0.,0.,1.));
#3457=DIRECTION('center_axis',(0.177527004084563,-0.984115929563565,0.));
#3458=DIRECTION('ref_axis',(0.984115929563565,0.177527004084563,0.));
#3459=DIRECTION('',(0.984115929563565,0.177527004084563,0.));
#3460=DIRECTION('',(0.,0.,1.));
#3461=DIRECTION('',(0.984115929563565,0.177527004084563,0.));
#3462=DIRECTION('center_axis',(0.,0.,-1.));
#3463=DIRECTION('ref_axis',(-1.,0.,0.));
#3464=DIRECTION('center_axis',(-0.966982813290383,-0.254841595507909,0.));
#3465=DIRECTION('ref_axis',(0.254841595507909,-0.966982813290383,0.));
#3466=DIRECTION('',(0.254841595507909,-0.966982813290383,0.));
#3467=DIRECTION('',(0.,0.,1.));
#3468=DIRECTION('',(0.254841595507909,-0.966982813290383,0.));
#3469=DIRECTION('',(0.,0.,1.));
#3470=DIRECTION('center_axis',(0.965929210117636,-0.258806416152151,0.));
#3471=DIRECTION('ref_axis',(0.258806416152151,0.965929210117636,0.));
#3472=DIRECTION('',(0.258806416152151,0.965929210117636,0.));
#3473=DIRECTION('',(0.,0.,1.));
#3474=DIRECTION('',(0.258806416152151,0.965929210117636,0.));
#3475=DIRECTION('center_axis',(4.01872818562889E-16,-1.,0.));
#3476=DIRECTION('ref_axis',(1.,4.01872818562889E-16,0.));
#3477=DIRECTION('',(1.,4.01872818562889E-16,0.));
#3478=DIRECTION('',(0.,0.,1.));
#3479=DIRECTION('',(1.,4.01872818562889E-16,0.));
#3480=DIRECTION('center_axis',(-0.952121846522501,-0.305718807688671,0.));
#3481=DIRECTION('ref_axis',(0.305718807688671,-0.952121846522501,0.));
#3482=DIRECTION('',(0.305718807688671,-0.952121846522501,0.));
#3483=DIRECTION('',(0.,0.,1.));
#3484=DIRECTION('',(0.305718807688671,-0.952121846522501,0.));
#3485=DIRECTION('center_axis',(-3.91717549015232E-16,1.,0.));
#3486=DIRECTION('ref_axis',(-1.,-3.91717549015232E-16,0.));
#3487=DIRECTION('',(-1.,-3.91717549015232E-16,0.));
#3488=DIRECTION('',(0.,0.,1.));
#3489=DIRECTION('',(-1.,-3.91717549015232E-16,0.));
#3490=DIRECTION('center_axis',(0.960000071993385,0.279999753165419,0.));
#3491=DIRECTION('ref_axis',(-0.279999753165419,0.960000071993385,0.));
#3492=DIRECTION('',(-0.279999753165419,0.960000071993385,0.));
#3493=DIRECTION('',(0.,0.,1.));
#3494=DIRECTION('',(-0.279999753165419,0.960000071993385,0.));
#3495=DIRECTION('center_axis',(-0.969151600871548,0.246465361720702,0.));
#3496=DIRECTION('ref_axis',(-0.246465361720702,-0.969151600871548,0.));
#3497=DIRECTION('',(-0.246465361720702,-0.969151600871548,0.));
#3498=DIRECTION('',(0.,0.,1.));
#3499=DIRECTION('',(-0.246465361720702,-0.969151600871548,0.));
#3500=DIRECTION('center_axis',(-4.00390438761687E-16,1.,0.));
#3501=DIRECTION('ref_axis',(-1.,-4.00390438761687E-16,0.));
#3502=DIRECTION('',(-1.,-4.00390438761687E-16,0.));
#3503=DIRECTION('',(0.,0.,1.));
#3504=DIRECTION('',(-1.,-4.00390438761687E-16,0.));
#3505=DIRECTION('center_axis',(0.967128451865822,0.254288335539831,0.));
#3506=DIRECTION('ref_axis',(-0.254288335539831,0.967128451865822,0.));
#3507=DIRECTION('',(-0.254288335539831,0.967128451865822,0.));
#3508=DIRECTION('',(0.,0.,1.));
#3509=DIRECTION('',(-0.254288335539831,0.967128451865822,0.));
#3510=DIRECTION('center_axis',(-0.961471844602883,0.274903423106969,0.));
#3511=DIRECTION('ref_axis',(-0.274903423106969,-0.961471844602883,0.));
#3512=DIRECTION('',(-0.274903423106969,-0.961471844602883,0.));
#3513=DIRECTION('',(0.,0.,1.));
#3514=DIRECTION('',(-0.274903423106969,-0.961471844602883,0.));
#3515=DIRECTION('center_axis',(-3.97457229302245E-16,1.,0.));
#3516=DIRECTION('ref_axis',(-1.,-3.97457229302245E-16,0.));
#3517=DIRECTION('',(-1.,-3.97457229302245E-16,0.));
#3518=DIRECTION('',(0.,0.,1.));
#3519=DIRECTION('',(-1.,-3.97457229302245E-16,0.));
#3520=DIRECTION('center_axis',(0.953419701596501,-0.30164693369507,0.));
#3521=DIRECTION('ref_axis',(0.30164693369507,0.953419701596501,0.));
#3522=DIRECTION('',(0.30164693369507,0.953419701596501,0.));
#3523=DIRECTION('',(0.,0.,1.));
#3524=DIRECTION('',(0.30164693369507,0.953419701596501,0.));
#3525=DIRECTION('center_axis',(3.97456890059712E-16,-1.,0.));
#3526=DIRECTION('ref_axis',(1.,3.97456890059712E-16,0.));
#3527=DIRECTION('',(1.,3.97456890059712E-16,0.));
#3528=DIRECTION('',(1.,3.97456890059712E-16,0.));
#3529=DIRECTION('center_axis',(0.,0.,1.));
#3530=DIRECTION('ref_axis',(1.,0.,0.));
#3531=DIRECTION('',(0.,0.,1.));
#3532=DIRECTION('',(0.,0.,1.));
#3533=DIRECTION('',(0.,0.,1.));
#3534=DIRECTION('',(0.,0.,1.));
#3535=DIRECTION('',(0.,0.,1.));
#3536=DIRECTION('',(0.,0.,1.));
#3537=DIRECTION('',(0.,0.,1.));
#3538=DIRECTION('',(0.,0.,1.));
#3539=DIRECTION('',(0.,0.,1.));
#3540=DIRECTION('',(0.,0.,1.));
#3541=DIRECTION('',(0.,0.,1.));
#3542=DIRECTION('',(0.,0.,1.));
#3543=DIRECTION('',(0.,0.,1.));
#3544=DIRECTION('',(0.,0.,1.));
#3545=DIRECTION('',(0.,0.,1.));
#3546=DIRECTION('',(0.,0.,1.));
#3547=DIRECTION('',(0.,0.,1.));
#3548=DIRECTION('',(0.,0.,1.));
#3549=DIRECTION('center_axis',(0.,0.,-1.));
#3550=DIRECTION('ref_axis',(-1.,0.,0.));
#3551=DIRECTION('center_axis',(-1.,0.,0.));
#3552=DIRECTION('ref_axis',(0.,-1.,0.));
#3553=DIRECTION('',(0.,-1.,0.));
#3554=DIRECTION('',(0.,0.,1.));
#3555=DIRECTION('',(0.,-1.,0.));
#3556=DIRECTION('',(0.,0.,1.));
#3557=DIRECTION('center_axis',(0.850587361222126,-0.525833757882832,0.));
#3558=DIRECTION('ref_axis',(0.525833757882832,0.850587361222126,0.));
#3559=DIRECTION('',(0.525833757882832,0.850587361222126,0.));
#3560=DIRECTION('',(0.,0.,1.));
#3561=DIRECTION('',(0.525833757882832,0.850587361222126,0.));
#3562=DIRECTION('center_axis',(3.65339441901131E-16,-1.,0.));
#3563=DIRECTION('ref_axis',(1.,3.65339441901131E-16,0.));
#3564=DIRECTION('',(1.,3.65339441901131E-16,0.));
#3565=DIRECTION('',(0.,0.,1.));
#3566=DIRECTION('',(1.,3.65339441901131E-16,0.));
#3567=DIRECTION('center_axis',(-1.,-2.96059449704684E-16,0.));
#3568=DIRECTION('ref_axis',(2.96059449704684E-16,-1.,0.));
#3569=DIRECTION('',(2.96059449704684E-16,-1.,0.));
#3570=DIRECTION('',(0.,0.,1.));
#3571=DIRECTION('',(2.96059449704684E-16,-1.,0.));
#3572=DIRECTION('center_axis',(-3.94566516767285E-16,1.,0.));
#3573=DIRECTION('ref_axis',(-1.,-3.94566516767284E-16,0.));
#3574=DIRECTION('',(-1.,-3.94566516767284E-16,0.));
#3575=DIRECTION('',(0.,0.,1.));
#3576=DIRECTION('',(-1.,-3.94566516767284E-16,0.));
#3577=DIRECTION('center_axis',(1.,4.43333145913657E-16,0.));
#3578=DIRECTION('ref_axis',(-4.43333145913657E-16,1.,0.));
#3579=DIRECTION('',(-4.43333145913657E-16,1.,0.));
#3580=DIRECTION('',(0.,0.,1.));
#3581=DIRECTION('',(-4.43333145913657E-16,1.,0.));
#3582=DIRECTION('center_axis',(-0.852613778896577,0.522541619429208,0.));
#3583=DIRECTION('ref_axis',(-0.522541619429208,-0.852613778896577,0.));
#3584=DIRECTION('',(-0.522541619429208,-0.852613778896577,0.));
#3585=DIRECTION('',(0.,0.,1.));
#3586=DIRECTION('',(-0.522541619429208,-0.852613778896577,0.));
#3587=DIRECTION('center_axis',(-3.76756234800655E-16,1.,0.));
#3588=DIRECTION('ref_axis',(-1.,-3.76756234800655E-16,0.));
#3589=DIRECTION('',(-1.,-3.76756234800655E-16,0.));
#3590=DIRECTION('',(0.,0.,1.));
#3591=DIRECTION('',(-1.,-3.76756234800655E-16,0.));
#3592=DIRECTION('center_axis',(1.,5.92118899409368E-16,0.));
#3593=DIRECTION('ref_axis',(-5.92118899409368E-16,1.,0.));
#3594=DIRECTION('',(-5.92118899409368E-16,1.,0.));
#3595=DIRECTION('',(0.,0.,1.));
#3596=DIRECTION('',(-5.92118899409368E-16,1.,0.));
#3597=DIRECTION('center_axis',(3.9456634960429E-16,-1.,0.));
#3598=DIRECTION('ref_axis',(1.,3.9456634960429E-16,0.));
#3599=DIRECTION('',(1.,3.9456634960429E-16,0.));
#3600=DIRECTION('',(1.,3.9456634960429E-16,0.));
#3601=DIRECTION('center_axis',(0.,0.,1.));
#3602=DIRECTION('ref_axis',(1.,0.,0.));
#3603=DIRECTION('center_axis',(0.,0.,1.));
#3604=DIRECTION('ref_axis',(1.,0.,0.));
#3605=DIRECTION('center_axis',(0.,0.,1.));
#3606=DIRECTION('ref_axis',(-0.707106781186547,0.707106781186547,0.));
#3607=DIRECTION('',(1.,1.46806350363657E-16,0.));
#3608=DIRECTION('center_axis',(0.,0.,1.));
#3609=DIRECTION('ref_axis',(0.707106781186547,0.707106781186547,0.));
#3610=DIRECTION('',(0.,-1.,0.));
#3611=DIRECTION('center_axis',(0.,0.,1.));
#3612=DIRECTION('ref_axis',(0.707106781186547,-0.707106781186547,0.));
#3613=DIRECTION('',(-1.,-1.46806350363657E-16,0.));
#3614=DIRECTION('center_axis',(0.,0.,1.));
#3615=DIRECTION('ref_axis',(-0.707106781186547,-0.707106781186547,0.));
#3616=DIRECTION('',(-1.60032147693716E-16,1.,0.));
#3617=DIRECTION('center_axis',(0.,0.,-1.));
#3618=DIRECTION('ref_axis',(1.,0.,0.));
#3619=DIRECTION('center_axis',(0.,0.,-1.));
#3620=DIRECTION('ref_axis',(1.,0.,0.));
#3621=DIRECTION('center_axis',(0.,0.,-1.));
#3622=DIRECTION('ref_axis',(1.,0.,0.));
#3623=DIRECTION('center_axis',(0.,0.,-1.));
#3624=DIRECTION('ref_axis',(1.,0.,0.));
#3625=DIRECTION('center_axis',(0.,0.,1.));
#3626=DIRECTION('ref_axis',(1.,0.,0.));
#3627=DIRECTION('center_axis',(0.,0.,1.));
#3628=DIRECTION('ref_axis',(1.,0.,0.));
#3629=DIRECTION('center_axis',(0.,0.,1.));
#3630=DIRECTION('ref_axis',(1.,0.,0.));
#3631=DIRECTION('center_axis',(0.,0.,1.));
#3632=DIRECTION('ref_axis',(1.,0.,0.));
#3633=DIRECTION('center_axis',(0.,0.,1.));
#3634=DIRECTION('ref_axis',(-0.707106781186547,0.707106781186547,0.));
#3635=DIRECTION('center_axis',(0.,0.,-1.));
#3636=DIRECTION('ref_axis',(-0.707106781186547,0.707106781186547,0.));
#3637=DIRECTION('',(0.,0.,-1.));
#3638=DIRECTION('',(0.,0.,1.));
#3639=DIRECTION('center_axis',(0.,0.,1.));
#3640=DIRECTION('ref_axis',(1.,0.,0.));
#3641=DIRECTION('',(1.60032147693716E-16,-1.,0.));
#3642=DIRECTION('center_axis',(0.,0.,-1.));
#3643=DIRECTION('ref_axis',(-0.707106781186547,-0.707106781186547,0.));
#3644=DIRECTION('',(1.,1.46806350363657E-16,0.));
#3645=DIRECTION('center_axis',(0.,0.,-1.));
#3646=DIRECTION('ref_axis',(0.707106781186547,-0.707106781186547,0.));
#3647=DIRECTION('',(0.,1.,0.));
#3648=DIRECTION('center_axis',(0.,0.,-1.));
#3649=DIRECTION('ref_axis',(0.707106781186547,0.707106781186547,0.));
#3650=DIRECTION('',(-1.,-1.46806350363657E-16,0.));
#3651=DIRECTION('',(0.,-1.,0.));
#3652=DIRECTION('',(1.,0.,0.));
#3653=DIRECTION('',(0.,-1.,0.));
#3654=DIRECTION('',(-1.,0.,0.));
#3655=DIRECTION('',(0.,1.,0.));
#3656=DIRECTION('',(1.,0.,0.));
#3657=DIRECTION('',(0.,1.,0.));
#3658=DIRECTION('',(-1.,-1.46806350363657E-16,0.));
#3659=DIRECTION('center_axis',(0.,0.,-1.));
#3660=DIRECTION('ref_axis',(1.,0.,0.));
#3661=DIRECTION('center_axis',(0.,0.,-1.));
#3662=DIRECTION('ref_axis',(1.,0.,0.));
#3663=DIRECTION('center_axis',(0.,0.,-1.));
#3664=DIRECTION('ref_axis',(1.,0.,0.));
#3665=DIRECTION('center_axis',(0.,0.,-1.));
#3666=DIRECTION('ref_axis',(1.,0.,0.));
#3667=DIRECTION('center_axis',(-1.,-1.60032147693716E-16,0.));
#3668=DIRECTION('ref_axis',(1.60032147693716E-16,-1.,0.));
#3669=DIRECTION('',(0.,0.,-1.));
#3670=DIRECTION('center_axis',(0.,0.,1.));
#3671=DIRECTION('ref_axis',(-0.707106781186547,-0.707106781186547,0.));
#3672=DIRECTION('',(0.,0.,1.));
#3673=DIRECTION('center_axis',(0.,0.,1.));
#3674=DIRECTION('ref_axis',(0.707106781186547,-0.707106781186547,0.));
#3675=DIRECTION('',(0.,0.,-1.));
#3676=DIRECTION('',(0.,0.,1.));
#3677=DIRECTION('center_axis',(1.,0.,0.));
#3678=DIRECTION('ref_axis',(0.,1.,0.));
#3679=DIRECTION('',(0.,0.,-1.));
#3680=DIRECTION('center_axis',(0.,0.,1.));
#3681=DIRECTION('ref_axis',(0.707106781186547,0.707106781186547,0.));
#3682=DIRECTION('',(0.,0.,1.));
#3683=DIRECTION('center_axis',(1.,0.,0.));
#3684=DIRECTION('ref_axis',(0.,-1.,0.));
#3685=DIRECTION('',(0.,0.,1.));
#3686=DIRECTION('',(0.,-1.,0.));
#3687=DIRECTION('',(0.,0.,-1.));
#3688=DIRECTION('center_axis',(-1.,0.,0.));
#3689=DIRECTION('ref_axis',(0.,1.,0.));
#3690=DIRECTION('',(0.,0.,1.));
#3691=DIRECTION('',(0.,1.,0.));
#3692=DIRECTION('',(0.,0.,-1.));
#3693=DIRECTION('center_axis',(0.,0.,-1.));
#3694=DIRECTION('ref_axis',(-1.,0.,0.));
#3695=DIRECTION('',(-1.,0.,0.));
#3696=DIRECTION('',(1.,1.46806350363657E-16,0.));
#3697=DIRECTION('center_axis',(0.,-1.,0.));
#3698=DIRECTION('ref_axis',(1.,0.,0.));
#3699=DIRECTION('',(0.,0.,1.));
#3700=DIRECTION('',(-1.,0.,0.));
#3701=DIRECTION('',(0.,0.,1.));
#3702=DIRECTION('center_axis',(1.,0.,0.));
#3703=DIRECTION('ref_axis',(0.,1.,0.));
#3704=DIRECTION('',(0.,-1.,0.));
#3705=DIRECTION('',(0.,0.,1.));
#3706=DIRECTION('center_axis',(0.,0.,1.));
#3707=DIRECTION('ref_axis',(1.,0.,0.));
#3708=DIRECTION('',(0.,0.,-1.));
#3709=DIRECTION('center_axis',(0.,0.,1.));
#3710=DIRECTION('ref_axis',(1.,0.,0.));
#3711=DIRECTION('',(0.,0.,-1.));
#3712=DIRECTION('center_axis',(0.,0.,1.));
#3713=DIRECTION('ref_axis',(1.,0.,0.));
#3714=DIRECTION('',(0.,0.,-1.));
#3715=DIRECTION('center_axis',(0.,1.,0.));
#3716=DIRECTION('ref_axis',(-1.,0.,0.));
#3717=DIRECTION('',(1.,0.,0.));
#3718=DIRECTION('',(0.,0.,1.));
#3719=DIRECTION('center_axis',(-1.,0.,0.));
#3720=DIRECTION('ref_axis',(0.,-1.,0.));
#3721=DIRECTION('',(0.,1.,0.));
#3722=DIRECTION('center_axis',(0.,0.,1.));
#3723=DIRECTION('ref_axis',(1.,0.,0.));
#3724=DIRECTION('',(0.,0.,-1.));
#3725=DIRECTION('center_axis',(1.46806350363657E-16,-1.,0.));
#3726=DIRECTION('ref_axis',(1.,1.46806350363657E-16,0.));
#3727=DIRECTION('center_axis',(-1.46806350363657E-16,1.,0.));
#3728=DIRECTION('ref_axis',(-1.,-1.46806350363657E-16,0.));
#3729=DIRECTION('center_axis',(0.,0.,1.));
#3730=DIRECTION('ref_axis',(1.,0.,0.));
#3731=DIRECTION('center_axis',(0.,0.,1.));
#3732=DIRECTION('ref_axis',(1.,0.,0.));
#3733=CARTESIAN_POINT('',(0.,0.,0.));
#3734=CARTESIAN_POINT('Ctrl Pts',(27.9387077168551,1.93153500324094,0.));
#3735=CARTESIAN_POINT('Ctrl Pts',(27.9387077168551,1.93153500324094,1.));
#3736=CARTESIAN_POINT('Ctrl Pts',(28.117016098762,1.67078891337715,0.));
#3737=CARTESIAN_POINT('Ctrl Pts',(28.117016098762,1.67078891337715,1.));
#3738=CARTESIAN_POINT('Ctrl Pts',(28.4995303981893,1.11142593320764,0.));
#3739=CARTESIAN_POINT('Ctrl Pts',(28.4995303981893,1.11142593320764,1.));
#3740=CARTESIAN_POINT('Ctrl Pts',(28.5274741068154,0.432024949297152,0.));
#3741=CARTESIAN_POINT('Ctrl Pts',(28.5274741068154,0.432024949297152,1.));
#3742=CARTESIAN_POINT('Ctrl Pts',(28.5423919037905,0.0693255639632873,0.));
#3743=CARTESIAN_POINT('Ctrl Pts',(28.5423919037905,0.0693255639632873,1.));
#3744=CARTESIAN_POINT('',(27.9387077168551,1.93153500324094,0.));
#3745=CARTESIAN_POINT('',(28.5423919037905,0.0693255639632873,0.));
#3746=CARTESIAN_POINT('Ctrl Pts',(27.9387077168551,1.93153500324094,0.));
#3747=CARTESIAN_POINT('Ctrl Pts',(28.117016098762,1.67078891337715,0.));
#3748=CARTESIAN_POINT('Ctrl Pts',(28.4995303981893,1.11142593320764,0.));
#3749=CARTESIAN_POINT('Ctrl Pts',(28.5274741068154,0.432024949297152,0.));
#3750=CARTESIAN_POINT('Ctrl Pts',(28.5423919037905,0.0693255639632873,0.));
#3751=CARTESIAN_POINT('',(27.9387077168551,1.93153500324094,1.));
#3752=CARTESIAN_POINT('',(27.9387077168551,1.93153500324094,0.));
#3753=CARTESIAN_POINT('',(28.5423919037905,0.0693255639632873,1.));
#3754=CARTESIAN_POINT('Ctrl Pts',(27.9387077168551,1.93153500324094,1.));
#3755=CARTESIAN_POINT('Ctrl Pts',(28.117016098762,1.67078891337715,1.));
#3756=CARTESIAN_POINT('Ctrl Pts',(28.4995303981893,1.11142593320764,1.));
#3757=CARTESIAN_POINT('Ctrl Pts',(28.5274741068154,0.432024949297152,1.));
#3758=CARTESIAN_POINT('Ctrl Pts',(28.5423919037905,0.0693255639632873,1.));
#3759=CARTESIAN_POINT('',(28.5423919037905,0.0693255639632873,0.));
#3760=CARTESIAN_POINT('Ctrl Pts',(26.3834556416598,2.6170742488464,0.));
#3761=CARTESIAN_POINT('Ctrl Pts',(26.3834556416598,2.6170742488464,1.));
#3762=CARTESIAN_POINT('Ctrl Pts',(26.6829203561916,2.58925692267003,0.));
#3763=CARTESIAN_POINT('Ctrl Pts',(26.6829203561916,2.58925692267003,1.));
#3764=CARTESIAN_POINT('Ctrl Pts',(27.2779978552179,2.53398007672673,0.));
#3765=CARTESIAN_POINT('Ctrl Pts',(27.2779978552179,2.53398007672673,1.));
#3766=CARTESIAN_POINT('Ctrl Pts',(27.7194235441689,2.13148157161946,0.));
#3767=CARTESIAN_POINT('Ctrl Pts',(27.7194235441689,2.13148157161946,1.));
#3768=CARTESIAN_POINT('Ctrl Pts',(27.9387077168551,1.93153500324094,0.));
#3769=CARTESIAN_POINT('Ctrl Pts',(27.9387077168551,1.93153500324094,1.));
#3770=CARTESIAN_POINT('',(26.3834556416598,2.6170742488464,0.));
#3771=CARTESIAN_POINT('Ctrl Pts',(26.3834556416598,2.6170742488464,0.));
#3772=CARTESIAN_POINT('Ctrl Pts',(26.6829203561916,2.58925692267003,0.));
#3773=CARTESIAN_POINT('Ctrl Pts',(27.2779978552179,2.53398007672673,0.));
#3774=CARTESIAN_POINT('Ctrl Pts',(27.7194235441689,2.13148157161946,0.));
#3775=CARTESIAN_POINT('Ctrl Pts',(27.9387077168551,1.93153500324094,0.));
#3776=CARTESIAN_POINT('',(26.3834556416598,2.6170742488464,1.));
#3777=CARTESIAN_POINT('',(26.3834556416598,2.6170742488464,0.));
#3778=CARTESIAN_POINT('Ctrl Pts',(26.3834556416598,2.6170742488464,1.));
#3779=CARTESIAN_POINT('Ctrl Pts',(26.6829203561916,2.58925692267003,1.));
#3780=CARTESIAN_POINT('Ctrl Pts',(27.2779978552179,2.53398007672673,1.));
#3781=CARTESIAN_POINT('Ctrl Pts',(27.7194235441689,2.13148157161946,1.));
#3782=CARTESIAN_POINT('Ctrl Pts',(27.9387077168551,1.93153500324094,1.));
#3783=CARTESIAN_POINT('Ctrl Pts',(24.8895963505831,1.96734666591489,0.));
#3784=CARTESIAN_POINT('Ctrl Pts',(24.8895963505831,1.96734666591489,1.));
#3785=CARTESIAN_POINT('Ctrl Pts',(25.1046604297637,2.15684931646143,0.));
#3786=CARTESIAN_POINT('Ctrl Pts',(25.1046604297637,2.15684931646143,1.));
#3787=CARTESIAN_POINT('Ctrl Pts',(25.5328817904996,2.53417445225021,0.));
#3788=CARTESIAN_POINT('Ctrl Pts',(25.5328817904996,2.53417445225021,1.));
#3789=CARTESIAN_POINT('Ctrl Pts',(26.1007739339751,2.58952313610463,0.));
#3790=CARTESIAN_POINT('Ctrl Pts',(26.1007739339751,2.58952313610463,1.));
#3791=CARTESIAN_POINT('Ctrl Pts',(26.3834556416598,2.6170742488464,0.));
#3792=CARTESIAN_POINT('Ctrl Pts',(26.3834556416598,2.6170742488464,1.));
#3793=CARTESIAN_POINT('',(24.8895963505831,1.96734666591489,0.));
#3794=CARTESIAN_POINT('Ctrl Pts',(24.8895963505831,1.96734666591489,0.));
#3795=CARTESIAN_POINT('Ctrl Pts',(25.1046604297637,2.15684931646143,0.));
#3796=CARTESIAN_POINT('Ctrl Pts',(25.5328817904996,2.53417445225021,0.));
#3797=CARTESIAN_POINT('Ctrl Pts',(26.1007739339751,2.58952313610463,0.));
#3798=CARTESIAN_POINT('Ctrl Pts',(26.3834556416598,2.6170742488464,0.));
#3799=CARTESIAN_POINT('',(24.8895963505831,1.96734666591489,1.));
#3800=CARTESIAN_POINT('',(24.8895963505831,1.96734666591489,0.));
#3801=CARTESIAN_POINT('Ctrl Pts',(24.8895963505831,1.96734666591489,1.));
#3802=CARTESIAN_POINT('Ctrl Pts',(25.1046604297637,2.15684931646143,1.));
#3803=CARTESIAN_POINT('Ctrl Pts',(25.5328817904996,2.53417445225021,1.));
#3804=CARTESIAN_POINT('Ctrl Pts',(26.1007739339751,2.58952313610463,1.));
#3805=CARTESIAN_POINT('Ctrl Pts',(26.3834556416598,2.6170742488464,1.));
#3806=CARTESIAN_POINT('Ctrl Pts',(24.2449840382662,0.069325563963285,0.));
#3807=CARTESIAN_POINT('Ctrl Pts',(24.2449840382662,0.069325563963285,1.));
#3808=CARTESIAN_POINT('Ctrl Pts',(24.2687289700312,0.448134323105409,0.));
#3809=CARTESIAN_POINT('Ctrl Pts',(24.2687289700312,0.448134323105409,1.));
#3810=CARTESIAN_POINT('Ctrl Pts',(24.3122413597637,1.14229821984971,0.));
#3811=CARTESIAN_POINT('Ctrl Pts',(24.3122413597637,1.14229821984971,1.));
#3812=CARTESIAN_POINT('Ctrl Pts',(24.7092412939862,1.70961673969732,0.));
#3813=CARTESIAN_POINT('Ctrl Pts',(24.7092412939862,1.70961673969732,1.));
#3814=CARTESIAN_POINT('Ctrl Pts',(24.8895963505831,1.96734666591489,0.));
#3815=CARTESIAN_POINT('Ctrl Pts',(24.8895963505831,1.96734666591489,1.));
#3816=CARTESIAN_POINT('',(24.2449840382662,0.069325563963285,0.));
#3817=CARTESIAN_POINT('Ctrl Pts',(24.2449840382662,0.069325563963285,0.));
#3818=CARTESIAN_POINT('Ctrl Pts',(24.2687289700312,0.448134323105409,0.));
#3819=CARTESIAN_POINT('Ctrl Pts',(24.3122413597637,1.14229821984971,0.));
#3820=CARTESIAN_POINT('Ctrl Pts',(24.7092412939862,1.70961673969732,0.));
#3821=CARTESIAN_POINT('Ctrl Pts',(24.8895963505831,1.96734666591489,0.));
#3822=CARTESIAN_POINT('',(24.2449840382662,0.069325563963285,1.));
#3823=CARTESIAN_POINT('',(24.2449840382662,0.069325563963285,0.));
#3824=CARTESIAN_POINT('Ctrl Pts',(24.2449840382662,0.069325563963285,1.));
#3825=CARTESIAN_POINT('Ctrl Pts',(24.2687289700312,0.448134323105409,1.));
#3826=CARTESIAN_POINT('Ctrl Pts',(24.3122413597637,1.14229821984971,1.));
#3827=CARTESIAN_POINT('Ctrl Pts',(24.7092412939862,1.70961673969732,1.));
#3828=CARTESIAN_POINT('Ctrl Pts',(24.8895963505831,1.96734666591489,1.));
#3829=CARTESIAN_POINT('Origin',(28.5423919037905,0.0693255639632873,0.));
#3830=CARTESIAN_POINT('',(14.2711959518952,0.0693255639632803,0.));
#3831=CARTESIAN_POINT('',(28.5423919037905,0.0693255639632873,1.));
#3832=CARTESIAN_POINT('Ctrl Pts',(26.240208990964,-4.39179361099399,0.));
#3833=CARTESIAN_POINT('Ctrl Pts',(26.240208990964,-4.39179361099399,1.));
#3834=CARTESIAN_POINT('Ctrl Pts',(26.027131889527,-4.37884011837728,0.));
#3835=CARTESIAN_POINT('Ctrl Pts',(26.027131889527,-4.37884011837728,1.));
#3836=CARTESIAN_POINT('Ctrl Pts',(25.6161348411228,-4.35385457466522,0.));
#3837=CARTESIAN_POINT('Ctrl Pts',(25.6161348411228,-4.35385457466522,1.));
#3838=CARTESIAN_POINT('Ctrl Pts',(25.2707770159714,-4.1308393725961,0.));
#3839=CARTESIAN_POINT('Ctrl Pts',(25.2707770159714,-4.1308393725961,1.));
#3840=CARTESIAN_POINT('Ctrl Pts',(25.1044663266268,-4.02344405883945,0.));
#3841=CARTESIAN_POINT('Ctrl Pts',(25.1044663266268,-4.02344405883945,1.));
#3842=CARTESIAN_POINT('',(26.240208990964,-4.39179361099399,0.));
#3843=CARTESIAN_POINT('',(25.1044663266268,-4.02344405883945,0.));
#3844=CARTESIAN_POINT('Ctrl Pts',(26.240208990964,-4.39179361099399,0.));
#3845=CARTESIAN_POINT('Ctrl Pts',(26.027131889527,-4.37884011837728,0.));
#3846=CARTESIAN_POINT('Ctrl Pts',(25.6161348411228,-4.35385457466522,0.));
#3847=CARTESIAN_POINT('Ctrl Pts',(25.2707770159714,-4.1308393725961,0.));
#3848=CARTESIAN_POINT('Ctrl Pts',(25.1044663266268,-4.02344405883945,0.));
#3849=CARTESIAN_POINT('',(26.240208990964,-4.39179361099399,1.));
#3850=CARTESIAN_POINT('',(26.240208990964,-4.39179361099399,0.));
#3851=CARTESIAN_POINT('',(25.1044663266268,-4.02344405883945,1.));
#3852=CARTESIAN_POINT('Ctrl Pts',(26.240208990964,-4.39179361099399,1.));
#3853=CARTESIAN_POINT('Ctrl Pts',(26.027131889527,-4.37884011837728,1.));
#3854=CARTESIAN_POINT('Ctrl Pts',(25.6161348411228,-4.35385457466522,1.));
#3855=CARTESIAN_POINT('Ctrl Pts',(25.2707770159714,-4.1308393725961,1.));
#3856=CARTESIAN_POINT('Ctrl Pts',(25.1044663266268,-4.02344405883945,1.));
#3857=CARTESIAN_POINT('',(25.1044663266268,-4.02344405883945,0.));
#3858=CARTESIAN_POINT('Ctrl Pts',(27.8977807835665,-3.68067443603671,0.));
#3859=CARTESIAN_POINT('Ctrl Pts',(27.8977807835665,-3.68067443603671,1.));
#3860=CARTESIAN_POINT('Ctrl Pts',(27.661556152186,-3.88808275101349,0.));
#3861=CARTESIAN_POINT('Ctrl Pts',(27.661556152186,-3.88808275101349,1.));
#3862=CARTESIAN_POINT('Ctrl Pts',(27.1865248676865,-4.3051664298134,0.));
#3863=CARTESIAN_POINT('Ctrl Pts',(27.1865248676865,-4.3051664298134,1.));
#3864=CARTESIAN_POINT('Ctrl Pts',(26.5567885889431,-4.36281343760073,0.));
#3865=CARTESIAN_POINT('Ctrl Pts',(26.5567885889431,-4.36281343760073,1.));
#3866=CARTESIAN_POINT('Ctrl Pts',(26.240208990964,-4.39179361099399,0.));
#3867=CARTESIAN_POINT('Ctrl Pts',(26.240208990964,-4.39179361099399,1.));
#3868=CARTESIAN_POINT('',(27.8977807835665,-3.68067443603671,0.));
#3869=CARTESIAN_POINT('Ctrl Pts',(27.8977807835665,-3.68067443603671,0.));
#3870=CARTESIAN_POINT('Ctrl Pts',(27.661556152186,-3.88808275101349,0.));
#3871=CARTESIAN_POINT('Ctrl Pts',(27.1865248676865,-4.3051664298134,0.));
#3872=CARTESIAN_POINT('Ctrl Pts',(26.5567885889431,-4.36281343760073,0.));
#3873=CARTESIAN_POINT('Ctrl Pts',(26.240208990964,-4.39179361099399,0.));
#3874=CARTESIAN_POINT('',(27.8977807835665,-3.68067443603671,1.));
#3875=CARTESIAN_POINT('',(27.8977807835665,-3.68067443603671,0.));
#3876=CARTESIAN_POINT('Ctrl Pts',(27.8977807835665,-3.68067443603671,1.));
#3877=CARTESIAN_POINT('Ctrl Pts',(27.661556152186,-3.88808275101349,1.));
#3878=CARTESIAN_POINT('Ctrl Pts',(27.1865248676865,-4.3051664298134,1.));
#3879=CARTESIAN_POINT('Ctrl Pts',(26.5567885889431,-4.36281343760073,1.));
#3880=CARTESIAN_POINT('Ctrl Pts',(26.240208990964,-4.39179361099399,1.));
#3881=CARTESIAN_POINT('Ctrl Pts',(28.5935517624941,-1.69056594604648,0.));
#3882=CARTESIAN_POINT('Ctrl Pts',(28.5935517624941,-1.69056594604648,1.));
#3883=CARTESIAN_POINT('Ctrl Pts',(28.5662084834134,-2.0826397154448,0.));
#3884=CARTESIAN_POINT('Ctrl Pts',(28.5662084834134,-2.0826397154448,1.));
#3885=CARTESIAN_POINT('Ctrl Pts',(28.5153307709602,-2.81217242588082,0.));
#3886=CARTESIAN_POINT('Ctrl Pts',(28.5153307709602,-2.81217242588082,1.));
#3887=CARTESIAN_POINT('Ctrl Pts',(28.0930941812823,-3.40599209130467,0.));
#3888=CARTESIAN_POINT('Ctrl Pts',(28.0930941812823,-3.40599209130467,1.));
#3889=CARTESIAN_POINT('Ctrl Pts',(27.8977807835665,-3.68067443603671,0.));
#3890=CARTESIAN_POINT('Ctrl Pts',(27.8977807835665,-3.68067443603671,1.));
#3891=CARTESIAN_POINT('',(28.5935517624941,-1.69056594604648,0.));
#3892=CARTESIAN_POINT('Ctrl Pts',(28.5935517624941,-1.69056594604648,0.));
#3893=CARTESIAN_POINT('Ctrl Pts',(28.5662084834134,-2.0826397154448,0.));
#3894=CARTESIAN_POINT('Ctrl Pts',(28.5153307709602,-2.81217242588082,0.));
#3895=CARTESIAN_POINT('Ctrl Pts',(28.0930941812823,-3.40599209130467,0.));
#3896=CARTESIAN_POINT('Ctrl Pts',(27.8977807835665,-3.68067443603671,0.));
#3897=CARTESIAN_POINT('',(28.5935517624941,-1.69056594604648,1.));
#3898=CARTESIAN_POINT('',(28.5935517624941,-1.69056594604648,0.));
#3899=CARTESIAN_POINT('Ctrl Pts',(28.5935517624941,-1.69056594604648,1.));
#3900=CARTESIAN_POINT('Ctrl Pts',(28.5662084834134,-2.0826397154448,1.));
#3901=CARTESIAN_POINT('Ctrl Pts',(28.5153307709602,-2.81217242588082,1.));
#3902=CARTESIAN_POINT('Ctrl Pts',(28.0930941812823,-3.40599209130467,1.));
#3903=CARTESIAN_POINT('Ctrl Pts',(27.8977807835665,-3.68067443603671,1.));
#3904=CARTESIAN_POINT('Origin',(21.3902767972079,-1.69056594604648,0.));
#3905=CARTESIAN_POINT('',(21.3902767972079,-1.69056594604648,0.));
#3906=CARTESIAN_POINT('',(10.6951383986039,-1.69056594604649,0.));
#3907=CARTESIAN_POINT('',(21.3902767972079,-1.69056594604648,1.));
#3908=CARTESIAN_POINT('',(21.3902767972079,-1.69056594604648,0.));
#3909=CARTESIAN_POINT('',(21.3902767972079,-1.69056594604648,1.));
#3910=CARTESIAN_POINT('Ctrl Pts',(22.7306588963595,3.21564137702786,0.));
#3911=CARTESIAN_POINT('Ctrl Pts',(22.7306588963595,3.21564137702786,1.));
#3912=CARTESIAN_POINT('Ctrl Pts',(22.3268863012454,2.55727832177807,0.));
#3913=CARTESIAN_POINT('Ctrl Pts',(22.3268863012454,2.55727832177807,1.));
#3914=CARTESIAN_POINT('Ctrl Pts',(21.4096478875865,1.06169419418687,0.));
#3915=CARTESIAN_POINT('Ctrl Pts',(21.4096478875865,1.06169419418687,1.));
#3916=CARTESIAN_POINT('Ctrl Pts',(21.3972288929335,-0.702806579754236,0.));
#3917=CARTESIAN_POINT('Ctrl Pts',(21.3972288929335,-0.702806579754236,1.));
#3918=CARTESIAN_POINT('Ctrl Pts',(21.3902767972079,-1.69056594604648,0.));
#3919=CARTESIAN_POINT('Ctrl Pts',(21.3902767972079,-1.69056594604648,1.));
#3920=CARTESIAN_POINT('',(22.7306588963595,3.21564137702786,0.));
#3921=CARTESIAN_POINT('Ctrl Pts',(22.7306588963595,3.21564137702786,0.));
#3922=CARTESIAN_POINT('Ctrl Pts',(22.3268863012454,2.55727832177807,0.));
#3923=CARTESIAN_POINT('Ctrl Pts',(21.4096478875865,1.06169419418687,0.));
#3924=CARTESIAN_POINT('Ctrl Pts',(21.3972288929335,-0.702806579754236,0.));
#3925=CARTESIAN_POINT('Ctrl Pts',(21.3902767972079,-1.69056594604648,0.));
#3926=CARTESIAN_POINT('',(22.7306588963595,3.21564137702786,1.));
#3927=CARTESIAN_POINT('',(22.7306588963595,3.21564137702786,0.));
#3928=CARTESIAN_POINT('Ctrl Pts',(22.7306588963595,3.21564137702786,1.));
#3929=CARTESIAN_POINT('Ctrl Pts',(22.3268863012454,2.55727832177807,1.));
#3930=CARTESIAN_POINT('Ctrl Pts',(21.4096478875865,1.06169419418687,1.));
#3931=CARTESIAN_POINT('Ctrl Pts',(21.3972288929335,-0.702806579754236,1.));
#3932=CARTESIAN_POINT('Ctrl Pts',(21.3902767972079,-1.69056594604648,1.));
#3933=CARTESIAN_POINT('Ctrl Pts',(26.5573986844149,4.81693804031216,0.));
#3934=CARTESIAN_POINT('Ctrl Pts',(26.5573986844149,4.81693804031216,1.));
#3935=CARTESIAN_POINT('Ctrl Pts',(25.8012387908583,4.76076860323303,0.));
#3936=CARTESIAN_POINT('Ctrl Pts',(25.8012387908583,4.76076860323303,1.));
#3937=CARTESIAN_POINT('Ctrl Pts',(24.343384056446,4.65247552861632,0.));
#3938=CARTESIAN_POINT('Ctrl Pts',(24.343384056446,4.65247552861632,1.));
#3939=CARTESIAN_POINT('Ctrl Pts',(23.2546760050709,3.68250683956759,0.));
#3940=CARTESIAN_POINT('Ctrl Pts',(23.2546760050709,3.68250683956759,1.));
#3941=CARTESIAN_POINT('Ctrl Pts',(22.7306588963595,3.21564137702786,0.));
#3942=CARTESIAN_POINT('Ctrl Pts',(22.7306588963595,3.21564137702786,1.));
#3943=CARTESIAN_POINT('',(26.5573986844149,4.81693804031216,0.));
#3944=CARTESIAN_POINT('Ctrl Pts',(26.5573986844149,4.81693804031216,0.));
#3945=CARTESIAN_POINT('Ctrl Pts',(25.8012387908583,4.76076860323303,0.));
#3946=CARTESIAN_POINT('Ctrl Pts',(24.343384056446,4.65247552861632,0.));
#3947=CARTESIAN_POINT('Ctrl Pts',(23.2546760050709,3.68250683956759,0.));
#3948=CARTESIAN_POINT('Ctrl Pts',(22.7306588963595,3.21564137702786,0.));
#3949=CARTESIAN_POINT('',(26.5573986844149,4.81693804031216,1.));
#3950=CARTESIAN_POINT('',(26.5573986844149,4.81693804031216,0.));
#3951=CARTESIAN_POINT('Ctrl Pts',(26.5573986844149,4.81693804031216,1.));
#3952=CARTESIAN_POINT('Ctrl Pts',(25.8012387908583,4.76076860323303,1.));
#3953=CARTESIAN_POINT('Ctrl Pts',(24.343384056446,4.65247552861632,1.));
#3954=CARTESIAN_POINT('Ctrl Pts',(23.2546760050709,3.68250683956759,1.));
#3955=CARTESIAN_POINT('Ctrl Pts',(22.7306588963595,3.21564137702786,1.));
#3956=CARTESIAN_POINT('Ctrl Pts',(30.1283403710451,3.28726529842221,0.));
#3957=CARTESIAN_POINT('Ctrl Pts',(30.1283403710451,3.28726529842221,1.));
#3958=CARTESIAN_POINT('Ctrl Pts',(29.6228954098862,3.73340640754259,0.));
#3959=CARTESIAN_POINT('Ctrl Pts',(29.6228954098862,3.73340640754259,1.));
#3960=CARTESIAN_POINT('Ctrl Pts',(28.6014336410569,4.63502007765361,0.));
#3961=CARTESIAN_POINT('Ctrl Pts',(28.6014336410569,4.63502007765361,1.));
#3962=CARTESIAN_POINT('Ctrl Pts',(27.2434286618175,4.75588175778321,0.));
#3963=CARTESIAN_POINT('Ctrl Pts',(27.2434286618175,4.75588175778321,1.));
#3964=CARTESIAN_POINT('Ctrl Pts',(26.5573986844149,4.81693804031216,0.));
#3965=CARTESIAN_POINT('Ctrl Pts',(26.5573986844149,4.81693804031216,1.));
#3966=CARTESIAN_POINT('',(30.1283403710451,3.28726529842221,0.));
#3967=CARTESIAN_POINT('Ctrl Pts',(30.1283403710451,3.28726529842221,0.));
#3968=CARTESIAN_POINT('Ctrl Pts',(29.6228954098862,3.73340640754259,0.));
#3969=CARTESIAN_POINT('Ctrl Pts',(28.6014336410569,4.63502007765361,0.));
#3970=CARTESIAN_POINT('Ctrl Pts',(27.2434286618175,4.75588175778321,0.));
#3971=CARTESIAN_POINT('Ctrl Pts',(26.5573986844149,4.81693804031216,0.));
#3972=CARTESIAN_POINT('',(30.1283403710451,3.28726529842221,1.));
#3973=CARTESIAN_POINT('',(30.1283403710451,3.28726529842221,0.));
#3974=CARTESIAN_POINT('Ctrl Pts',(30.1283403710451,3.28726529842221,1.));
#3975=CARTESIAN_POINT('Ctrl Pts',(29.6228954098862,3.73340640754259,1.));
#3976=CARTESIAN_POINT('Ctrl Pts',(28.6014336410569,4.63502007765361,1.));
#3977=CARTESIAN_POINT('Ctrl Pts',(27.2434286618175,4.75588175778321,1.));
#3978=CARTESIAN_POINT('Ctrl Pts',(26.5573986844149,4.81693804031216,1.));
#3979=CARTESIAN_POINT('Ctrl Pts',(31.5403457955446,-0.943636300508146,0.));
#3980=CARTESIAN_POINT('Ctrl Pts',(31.5403457955446,-0.943636300508146,1.));
#3981=CARTESIAN_POINT('Ctrl Pts',(31.5003739851051,-0.113725745261426,0.));
#3982=CARTESIAN_POINT('Ctrl Pts',(31.5003739851051,-0.113725745261426,1.));
#3983=CARTESIAN_POINT('Ctrl Pts',(31.425786790875,1.43488311426358,0.));
#3984=CARTESIAN_POINT('Ctrl Pts',(31.425786790875,1.43488311426358,1.));
#3985=CARTESIAN_POINT('Ctrl Pts',(30.5396091028298,2.70009124636439,0.));
#3986=CARTESIAN_POINT('Ctrl Pts',(30.5396091028298,2.70009124636439,1.));
#3987=CARTESIAN_POINT('Ctrl Pts',(30.1283403710451,3.28726529842221,0.));
#3988=CARTESIAN_POINT('Ctrl Pts',(30.1283403710451,3.28726529842221,1.));
#3989=CARTESIAN_POINT('',(31.5403457955446,-0.943636300508146,0.));
#3990=CARTESIAN_POINT('Ctrl Pts',(31.5403457955446,-0.943636300508146,0.));
#3991=CARTESIAN_POINT('Ctrl Pts',(31.5003739851051,-0.113725745261426,0.));
#3992=CARTESIAN_POINT('Ctrl Pts',(31.425786790875,1.43488311426358,0.));
#3993=CARTESIAN_POINT('Ctrl Pts',(30.5396091028298,2.70009124636439,0.));
#3994=CARTESIAN_POINT('Ctrl Pts',(30.1283403710451,3.28726529842221,0.));
#3995=CARTESIAN_POINT('',(31.5403457955446,-0.943636300508146,1.));
#3996=CARTESIAN_POINT('',(31.5403457955446,-0.943636300508146,0.));
#3997=CARTESIAN_POINT('Ctrl Pts',(31.5403457955446,-0.943636300508146,1.));
#3998=CARTESIAN_POINT('Ctrl Pts',(31.5003739851051,-0.113725745261426,1.));
#3999=CARTESIAN_POINT('Ctrl Pts',(31.425786790875,1.43488311426358,1.));
#4000=CARTESIAN_POINT('Ctrl Pts',(30.5396091028298,2.70009124636439,1.));
#4001=CARTESIAN_POINT('Ctrl Pts',(30.1283403710451,3.28726529842221,1.));
#4002=CARTESIAN_POINT('Ctrl Pts',(30.4659935311403,-4.68851983780063,0.));
#4003=CARTESIAN_POINT('Ctrl Pts',(30.4659935311403,-4.68851983780063,1.));
#4004=CARTESIAN_POINT('Ctrl Pts',(30.7790761641254,-4.14237730860909,0.));
#4005=CARTESIAN_POINT('Ctrl Pts',(30.7790761641254,-4.14237730860909,1.));
#4006=CARTESIAN_POINT('Ctrl Pts',(31.4427077563453,-2.98473584900226,0.));
#4007=CARTESIAN_POINT('Ctrl Pts',(31.4427077563453,-2.98473584900226,1.));
#4008=CARTESIAN_POINT('Ctrl Pts',(31.5065974526347,-1.6491372306857,0.));
#4009=CARTESIAN_POINT('Ctrl Pts',(31.5065974526347,-1.6491372306857,1.));
#4010=CARTESIAN_POINT('Ctrl Pts',(31.5403457955446,-0.943636300508146,0.));
#4011=CARTESIAN_POINT('Ctrl Pts',(31.5403457955446,-0.943636300508146,1.));
#4012=CARTESIAN_POINT('',(30.4659935311403,-4.68851983780063,0.));
#4013=CARTESIAN_POINT('Ctrl Pts',(30.4659935311403,-4.68851983780063,0.));
#4014=CARTESIAN_POINT('Ctrl Pts',(30.7790761641254,-4.14237730860909,0.));
#4015=CARTESIAN_POINT('Ctrl Pts',(31.4427077563453,-2.98473584900226,0.));
#4016=CARTESIAN_POINT('Ctrl Pts',(31.5065974526347,-1.6491372306857,0.));
#4017=CARTESIAN_POINT('Ctrl Pts',(31.5403457955446,-0.943636300508146,0.));
#4018=CARTESIAN_POINT('',(30.4659935311403,-4.68851983780063,1.));
#4019=CARTESIAN_POINT('',(30.4659935311403,-4.68851983780063,0.));
#4020=CARTESIAN_POINT('Ctrl Pts',(30.4659935311403,-4.68851983780063,1.));
#4021=CARTESIAN_POINT('Ctrl Pts',(30.7790761641254,-4.14237730860909,1.));
#4022=CARTESIAN_POINT('Ctrl Pts',(31.4427077563453,-2.98473584900226,1.));
#4023=CARTESIAN_POINT('Ctrl Pts',(31.5065974526347,-1.6491372306857,1.));
#4024=CARTESIAN_POINT('Ctrl Pts',(31.5403457955446,-0.943636300508146,1.));
#4025=CARTESIAN_POINT('Ctrl Pts',(26.2709053830233,-6.54049813980258,0.));
#4026=CARTESIAN_POINT('Ctrl Pts',(26.2709053830233,-6.54049813980258,1.));
#4027=CARTESIAN_POINT('Ctrl Pts',(27.1379700767607,-6.48420504343644,0.));
#4028=CARTESIAN_POINT('Ctrl Pts',(27.1379700767607,-6.48420504343644,1.));
#4029=CARTESIAN_POINT('Ctrl Pts',(28.7715300702468,-6.37814819347199,0.));
#4030=CARTESIAN_POINT('Ctrl Pts',(28.7715300702468,-6.37814819347199,1.));
#4031=CARTESIAN_POINT('Ctrl Pts',(29.9248400493719,-5.2281291528838,0.));
#4032=CARTESIAN_POINT('Ctrl Pts',(29.9248400493719,-5.2281291528838,1.));
#4033=CARTESIAN_POINT('Ctrl Pts',(30.4659935311403,-4.68851983780063,0.));
#4034=CARTESIAN_POINT('Ctrl Pts',(30.4659935311403,-4.68851983780063,1.));
#4035=CARTESIAN_POINT('',(26.2709053830233,-6.54049813980258,0.));
#4036=CARTESIAN_POINT('Ctrl Pts',(26.2709053830233,-6.54049813980258,0.));
#4037=CARTESIAN_POINT('Ctrl Pts',(27.1379700767607,-6.48420504343644,0.));
#4038=CARTESIAN_POINT('Ctrl Pts',(28.7715300702468,-6.37814819347199,0.));
#4039=CARTESIAN_POINT('Ctrl Pts',(29.9248400493719,-5.2281291528838,0.));
#4040=CARTESIAN_POINT('Ctrl Pts',(30.4659935311403,-4.68851983780063,0.));
#4041=CARTESIAN_POINT('',(26.2709053830233,-6.54049813980258,1.));
#4042=CARTESIAN_POINT('',(26.2709053830233,-6.54049813980258,0.));
#4043=CARTESIAN_POINT('Ctrl Pts',(26.2709053830233,-6.54049813980258,1.));
#4044=CARTESIAN_POINT('Ctrl Pts',(27.1379700767607,-6.48420504343644,1.));
#4045=CARTESIAN_POINT('Ctrl Pts',(28.7715300702468,-6.37814819347199,1.));
#4046=CARTESIAN_POINT('Ctrl Pts',(29.9248400493719,-5.2281291528838,1.));
#4047=CARTESIAN_POINT('Ctrl Pts',(30.4659935311403,-4.68851983780063,1.));
#4048=CARTESIAN_POINT('Ctrl Pts',(23.2882984952059,-5.71682751411594,0.));
#4049=CARTESIAN_POINT('Ctrl Pts',(23.2882984952059,-5.71682751411594,1.));
#4050=CARTESIAN_POINT('Ctrl Pts',(23.7257773231896,-5.95685781929511,0.));
#4051=CARTESIAN_POINT('Ctrl Pts',(23.7257773231896,-5.95685781929511,1.));
#4052=CARTESIAN_POINT('Ctrl Pts',(24.6530903411611,-6.46564410211064,0.));
#4053=CARTESIAN_POINT('Ctrl Pts',(24.6530903411611,-6.46564410211064,1.));
#4054=CARTESIAN_POINT('Ctrl Pts',(25.7117107445765,-6.51462498653084,0.));
#4055=CARTESIAN_POINT('Ctrl Pts',(25.7117107445765,-6.51462498653084,1.));
#4056=CARTESIAN_POINT('Ctrl Pts',(26.2709053830233,-6.54049813980258,0.));
#4057=CARTESIAN_POINT('Ctrl Pts',(26.2709053830233,-6.54049813980258,1.));
#4058=CARTESIAN_POINT('',(23.2882984952059,-5.71682751411594,0.));
#4059=CARTESIAN_POINT('Ctrl Pts',(23.2882984952059,-5.71682751411594,0.));
#4060=CARTESIAN_POINT('Ctrl Pts',(23.7257773231896,-5.95685781929511,0.));
#4061=CARTESIAN_POINT('Ctrl Pts',(24.6530903411611,-6.46564410211064,0.));
#4062=CARTESIAN_POINT('Ctrl Pts',(25.7117107445765,-6.51462498653084,0.));
#4063=CARTESIAN_POINT('Ctrl Pts',(26.2709053830233,-6.54049813980258,0.));
#4064=CARTESIAN_POINT('',(23.2882984952059,-5.71682751411594,1.));
#4065=CARTESIAN_POINT('',(23.2882984952059,-5.71682751411594,0.));
#4066=CARTESIAN_POINT('Ctrl Pts',(23.2882984952059,-5.71682751411594,1.));
#4067=CARTESIAN_POINT('Ctrl Pts',(23.7257773231896,-5.95685781929511,1.));
#4068=CARTESIAN_POINT('Ctrl Pts',(24.6530903411611,-6.46564410211064,1.));
#4069=CARTESIAN_POINT('Ctrl Pts',(25.7117107445765,-6.51462498653084,1.));
#4070=CARTESIAN_POINT('Ctrl Pts',(26.2709053830233,-6.54049813980258,1.));
#4071=CARTESIAN_POINT('Ctrl Pts',(21.5437563733187,-3.31744134658969,0.));
#4072=CARTESIAN_POINT('Ctrl Pts',(21.5437563733187,-3.31744134658969,1.));
#4073=CARTESIAN_POINT('Ctrl Pts',(21.7464795976909,-3.80559956661119,0.));
#4074=CARTESIAN_POINT('Ctrl Pts',(21.7464795976909,-3.80559956661119,1.));
#4075=CARTESIAN_POINT('Ctrl Pts',(22.1370317176446,-4.74605041180962,0.));
#4076=CARTESIAN_POINT('Ctrl Pts',(22.1370317176446,-4.74605041180962,1.));
#4077=CARTESIAN_POINT('Ctrl Pts',(22.9144252843971,-5.40156821949117,0.));
#4078=CARTESIAN_POINT('Ctrl Pts',(22.9144252843971,-5.40156821949117,1.));
#4079=CARTESIAN_POINT('Ctrl Pts',(23.2882984952059,-5.71682751411594,0.));
#4080=CARTESIAN_POINT('Ctrl Pts',(23.2882984952059,-5.71682751411594,1.));
#4081=CARTESIAN_POINT('',(21.5437563733187,-3.31744134658969,0.));
#4082=CARTESIAN_POINT('Ctrl Pts',(21.5437563733187,-3.31744134658969,0.));
#4083=CARTESIAN_POINT('Ctrl Pts',(21.7464795976909,-3.80559956661119,0.));
#4084=CARTESIAN_POINT('Ctrl Pts',(22.1370317176446,-4.74605041180962,0.));
#4085=CARTESIAN_POINT('Ctrl Pts',(22.9144252843971,-5.40156821949117,0.));
#4086=CARTESIAN_POINT('Ctrl Pts',(23.2882984952059,-5.71682751411594,0.));
#4087=CARTESIAN_POINT('',(21.5437563733187,-3.31744134658969,1.));
#4088=CARTESIAN_POINT('',(21.5437563733187,-3.31744134658969,0.));
#4089=CARTESIAN_POINT('Ctrl Pts',(21.5437563733187,-3.31744134658969,1.));
#4090=CARTESIAN_POINT('Ctrl Pts',(21.7464795976909,-3.80559956661119,1.));
#4091=CARTESIAN_POINT('Ctrl Pts',(22.1370317176446,-4.74605041180962,1.));
#4092=CARTESIAN_POINT('Ctrl Pts',(22.9144252843971,-5.40156821949117,1.));
#4093=CARTESIAN_POINT('Ctrl Pts',(23.2882984952059,-5.71682751411594,1.));
#4094=CARTESIAN_POINT('Origin',(24.4086941556063,-2.83654153579868,0.));
#4095=CARTESIAN_POINT('',(24.4086941556063,-2.83654153579868,0.));
#4096=CARTESIAN_POINT('',(12.77033572661,-4.79012126134279,0.));
#4097=CARTESIAN_POINT('',(24.4086941556063,-2.83654153579868,1.));
#4098=CARTESIAN_POINT('',(24.4086941556063,-2.83654153579868,0.));
#4099=CARTESIAN_POINT('',(24.4086941556063,-2.83654153579868,1.));
#4100=CARTESIAN_POINT('Ctrl Pts',(25.1044663266268,-4.02344405883945,0.));
#4101=CARTESIAN_POINT('Ctrl Pts',(25.1044663266268,-4.02344405883945,1.));
#4102=CARTESIAN_POINT('Ctrl Pts',(24.957385257493,-3.87064290274398,0.));
#4103=CARTESIAN_POINT('Ctrl Pts',(24.957385257493,-3.87064290274398,1.));
#4104=CARTESIAN_POINT('Ctrl Pts',(24.6314562165429,-3.53203825052348,0.));
#4105=CARTESIAN_POINT('Ctrl Pts',(24.6314562165429,-3.53203825052348,1.));
#4106=CARTESIAN_POINT('Ctrl Pts',(24.4876211704832,-3.08296356708679,0.));
#4107=CARTESIAN_POINT('Ctrl Pts',(24.4876211704832,-3.08296356708679,1.));
#4108=CARTESIAN_POINT('Ctrl Pts',(24.4086941556063,-2.83654153579868,0.));
#4109=CARTESIAN_POINT('Ctrl Pts',(24.4086941556063,-2.83654153579868,1.));
#4110=CARTESIAN_POINT('Ctrl Pts',(25.1044663266268,-4.02344405883945,0.));
#4111=CARTESIAN_POINT('Ctrl Pts',(24.957385257493,-3.87064290274398,0.));
#4112=CARTESIAN_POINT('Ctrl Pts',(24.6314562165429,-3.53203825052348,0.));
#4113=CARTESIAN_POINT('Ctrl Pts',(24.4876211704832,-3.08296356708679,0.));
#4114=CARTESIAN_POINT('Ctrl Pts',(24.4086941556063,-2.83654153579868,0.));
#4115=CARTESIAN_POINT('Ctrl Pts',(25.1044663266268,-4.02344405883945,1.));
#4116=CARTESIAN_POINT('Ctrl Pts',(24.957385257493,-3.87064290274398,1.));
#4117=CARTESIAN_POINT('Ctrl Pts',(24.6314562165429,-3.53203825052348,1.));
#4118=CARTESIAN_POINT('Ctrl Pts',(24.4876211704832,-3.08296356708679,1.));
#4119=CARTESIAN_POINT('Ctrl Pts',(24.4086941556063,-2.83654153579868,1.));
#4120=CARTESIAN_POINT('Origin',(0.066947586926478,1.08978252265539,1.));
#4121=CARTESIAN_POINT('Ctrl Pts',(-40.379847638217,2.61707424884637,0.));
#4122=CARTESIAN_POINT('Ctrl Pts',(-40.379847638217,2.61707424884637,1.));
#4123=CARTESIAN_POINT('Ctrl Pts',(-40.0512844849442,2.5815694334628,0.));
#4124=CARTESIAN_POINT('Ctrl Pts',(-40.0512844849442,2.5815694334628,1.));
#4125=CARTESIAN_POINT('Ctrl Pts',(-39.3861071765599,2.50968980455042,0.));
#4126=CARTESIAN_POINT('Ctrl Pts',(-39.3861071765599,2.50968980455042,1.));
#4127=CARTESIAN_POINT('Ctrl Pts',(-38.9079644818018,2.04087866173679,0.));
#4128=CARTESIAN_POINT('Ctrl Pts',(-38.9079644818018,2.04087866173679,1.));
#4129=CARTESIAN_POINT('Ctrl Pts',(-38.6659995242033,1.80363595252832,0.));
#4130=CARTESIAN_POINT('Ctrl Pts',(-38.6659995242033,1.80363595252832,1.));
#4131=CARTESIAN_POINT('',(-40.379847638217,2.61707424884637,0.));
#4132=CARTESIAN_POINT('',(-38.6659995242033,1.80363595252832,0.));
#4133=CARTESIAN_POINT('Ctrl Pts',(-40.379847638217,2.61707424884637,0.));
#4134=CARTESIAN_POINT('Ctrl Pts',(-40.0512844849442,2.5815694334628,0.));
#4135=CARTESIAN_POINT('Ctrl Pts',(-39.3861071765599,2.50968980455042,0.));
#4136=CARTESIAN_POINT('Ctrl Pts',(-38.9079644818018,2.04087866173679,0.));
#4137=CARTESIAN_POINT('Ctrl Pts',(-38.6659995242033,1.80363595252832,0.));
#4138=CARTESIAN_POINT('',(-40.379847638217,2.61707424884637,1.));
#4139=CARTESIAN_POINT('',(-40.379847638217,2.61707424884637,0.));
#4140=CARTESIAN_POINT('',(-38.6659995242033,1.80363595252832,1.));
#4141=CARTESIAN_POINT('Ctrl Pts',(-40.379847638217,2.61707424884637,1.));
#4142=CARTESIAN_POINT('Ctrl Pts',(-40.0512844849442,2.5815694334628,1.));
#4143=CARTESIAN_POINT('Ctrl Pts',(-39.3861071765599,2.50968980455042,1.));
#4144=CARTESIAN_POINT('Ctrl Pts',(-38.9079644818018,2.04087866173679,1.));
#4145=CARTESIAN_POINT('Ctrl Pts',(-38.6659995242033,1.80363595252832,1.));
#4146=CARTESIAN_POINT('',(-38.6659995242033,1.80363595252832,0.));
#4147=CARTESIAN_POINT('Ctrl Pts',(-42.1090403719816,1.79340421920617,0.));
#4148=CARTESIAN_POINT('Ctrl Pts',(-42.1090403719816,1.79340421920617,1.));
#4149=CARTESIAN_POINT('Ctrl Pts',(-41.8687073753588,2.03364073735159,0.));
#4150=CARTESIAN_POINT('Ctrl Pts',(-41.8687073753588,2.03364073735159,1.));
#4151=CARTESIAN_POINT('Ctrl Pts',(-41.3895120388925,2.51264370723864,0.));
#4152=CARTESIAN_POINT('Ctrl Pts',(-41.3895120388925,2.51264370723864,1.));
#4153=CARTESIAN_POINT('Ctrl Pts',(-40.7157131392188,2.5823353631795,0.));
#4154=CARTESIAN_POINT('Ctrl Pts',(-40.7157131392188,2.5823353631795,1.));
#4155=CARTESIAN_POINT('Ctrl Pts',(-40.379847638217,2.61707424884637,0.));
#4156=CARTESIAN_POINT('Ctrl Pts',(-40.379847638217,2.61707424884637,1.));
#4157=CARTESIAN_POINT('',(-42.1090403719816,1.79340421920617,0.));
#4158=CARTESIAN_POINT('Ctrl Pts',(-42.1090403719816,1.79340421920617,0.));
#4159=CARTESIAN_POINT('Ctrl Pts',(-41.8687073753588,2.03364073735159,0.));
#4160=CARTESIAN_POINT('Ctrl Pts',(-41.3895120388925,2.51264370723864,0.));
#4161=CARTESIAN_POINT('Ctrl Pts',(-40.7157131392188,2.5823353631795,0.));
#4162=CARTESIAN_POINT('Ctrl Pts',(-40.379847638217,2.61707424884637,0.));
#4163=CARTESIAN_POINT('',(-42.1090403719816,1.79340421920617,1.));
#4164=CARTESIAN_POINT('',(-42.1090403719816,1.79340421920617,0.));
#4165=CARTESIAN_POINT('Ctrl Pts',(-42.1090403719816,1.79340421920617,1.));
#4166=CARTESIAN_POINT('Ctrl Pts',(-41.8687073753588,2.03364073735159,1.));
#4167=CARTESIAN_POINT('Ctrl Pts',(-41.3895120388925,2.51264370723864,1.));
#4168=CARTESIAN_POINT('Ctrl Pts',(-40.7157131392188,2.5823353631795,1.));
#4169=CARTESIAN_POINT('Ctrl Pts',(-40.379847638217,2.61707424884637,1.));
#4170=CARTESIAN_POINT('Ctrl Pts',(-42.7843562289152,-0.902708175126712,
0.));
#4171=CARTESIAN_POINT('Ctrl Pts',(-42.7843562289152,-0.902708175126712,
1.));
#4172=CARTESIAN_POINT('Ctrl Pts',(-42.7774637103774,-0.352267025336259,
0.));
#4173=CARTESIAN_POINT('Ctrl Pts',(-42.7774637103774,-0.352267025336259,
1.));
#4174=CARTESIAN_POINT('Ctrl Pts',(-42.7654704691638,0.605521255840198,0.));
#4175=CARTESIAN_POINT('Ctrl Pts',(-42.7654704691638,0.605521255840198,1.));
#4176=CARTESIAN_POINT('Ctrl Pts',(-42.3049146527174,1.43894801427837,0.));
#4177=CARTESIAN_POINT('Ctrl Pts',(-42.3049146527174,1.43894801427837,1.));
#4178=CARTESIAN_POINT('Ctrl Pts',(-42.1090403719816,1.79340421920617,0.));
#4179=CARTESIAN_POINT('Ctrl Pts',(-42.1090403719816,1.79340421920617,1.));
#4180=CARTESIAN_POINT('',(-42.7843562289152,-0.902708175126712,0.));
#4181=CARTESIAN_POINT('Ctrl Pts',(-42.7843562289152,-0.902708175126712,
0.));
#4182=CARTESIAN_POINT('Ctrl Pts',(-42.7774637103774,-0.352267025336259,
0.));
#4183=CARTESIAN_POINT('Ctrl Pts',(-42.7654704691638,0.605521255840198,0.));
#4184=CARTESIAN_POINT('Ctrl Pts',(-42.3049146527174,1.43894801427837,0.));
#4185=CARTESIAN_POINT('Ctrl Pts',(-42.1090403719816,1.79340421920617,0.));
#4186=CARTESIAN_POINT('',(-42.7843562289152,-0.902708175126712,1.));
#4187=CARTESIAN_POINT('',(-42.7843562289152,-0.902708175126712,0.));
#4188=CARTESIAN_POINT('Ctrl Pts',(-42.7843562289152,-0.902708175126712,
1.));
#4189=CARTESIAN_POINT('Ctrl Pts',(-42.7774637103774,-0.352267025336259,
1.));
#4190=CARTESIAN_POINT('Ctrl Pts',(-42.7654704691638,0.605521255840198,1.));
#4191=CARTESIAN_POINT('Ctrl Pts',(-42.3049146527174,1.43894801427837,1.));
#4192=CARTESIAN_POINT('Ctrl Pts',(-42.1090403719816,1.79340421920617,1.));
#4193=CARTESIAN_POINT('Ctrl Pts',(-42.0885840578947,-3.42487752670447,0.));
#4194=CARTESIAN_POINT('Ctrl Pts',(-42.0885840578947,-3.42487752670447,1.));
#4195=CARTESIAN_POINT('Ctrl Pts',(-42.2908301815712,-3.0824239168112,0.));
#4196=CARTESIAN_POINT('Ctrl Pts',(-42.2908301815712,-3.0824239168112,1.));
#4197=CARTESIAN_POINT('Ctrl Pts',(-42.7478199898299,-2.30862510832087,0.));
#4198=CARTESIAN_POINT('Ctrl Pts',(-42.7478199898299,-2.30862510832087,1.));
#4199=CARTESIAN_POINT('Ctrl Pts',(-42.7712791765368,-1.4059140286954,0.));
#4200=CARTESIAN_POINT('Ctrl Pts',(-42.7712791765368,-1.4059140286954,1.));
#4201=CARTESIAN_POINT('Ctrl Pts',(-42.7843562289152,-0.902708175126712,
0.));
#4202=CARTESIAN_POINT('Ctrl Pts',(-42.7843562289152,-0.902708175126712,
1.));
#4203=CARTESIAN_POINT('',(-42.0885840578947,-3.42487752670447,0.));
#4204=CARTESIAN_POINT('Ctrl Pts',(-42.0885840578947,-3.42487752670447,0.));
#4205=CARTESIAN_POINT('Ctrl Pts',(-42.2908301815712,-3.0824239168112,0.));
#4206=CARTESIAN_POINT('Ctrl Pts',(-42.7478199898299,-2.30862510832087,0.));
#4207=CARTESIAN_POINT('Ctrl Pts',(-42.7712791765368,-1.4059140286954,0.));
#4208=CARTESIAN_POINT('Ctrl Pts',(-42.7843562289152,-0.902708175126712,
0.));
#4209=CARTESIAN_POINT('',(-42.0885840578947,-3.42487752670447,1.));
#4210=CARTESIAN_POINT('',(-42.0885840578947,-3.42487752670447,0.));
#4211=CARTESIAN_POINT('Ctrl Pts',(-42.0885840578947,-3.42487752670447,1.));
#4212=CARTESIAN_POINT('Ctrl Pts',(-42.2908301815712,-3.0824239168112,1.));
#4213=CARTESIAN_POINT('Ctrl Pts',(-42.7478199898299,-2.30862510832087,1.));
#4214=CARTESIAN_POINT('Ctrl Pts',(-42.7712791765368,-1.4059140286954,1.));
#4215=CARTESIAN_POINT('Ctrl Pts',(-42.7843562289152,-0.902708175126712,
1.));
#4216=CARTESIAN_POINT('Ctrl Pts',(-40.400313489047,-4.26901042694251,0.));
#4217=CARTESIAN_POINT('Ctrl Pts',(-40.400313489047,-4.26901042694251,1.));
#4218=CARTESIAN_POINT('Ctrl Pts',(-40.7218461866804,-4.23004106436875,0.));
#4219=CARTESIAN_POINT('Ctrl Pts',(-40.7218461866804,-4.23004106436875,1.));
#4220=CARTESIAN_POINT('Ctrl Pts',(-41.3835336022585,-4.14984537354802,0.));
#4221=CARTESIAN_POINT('Ctrl Pts',(-41.3835336022585,-4.14984537354802,1.));
#4222=CARTESIAN_POINT('Ctrl Pts',(-41.8491987986319,-3.67102532305931,0.));
#4223=CARTESIAN_POINT('Ctrl Pts',(-41.8491987986319,-3.67102532305931,1.));
#4224=CARTESIAN_POINT('Ctrl Pts',(-42.0885840578947,-3.42487752670447,0.));
#4225=CARTESIAN_POINT('Ctrl Pts',(-42.0885840578947,-3.42487752670447,1.));
#4226=CARTESIAN_POINT('',(-40.400313489047,-4.26901042694251,0.));
#4227=CARTESIAN_POINT('Ctrl Pts',(-40.400313489047,-4.26901042694251,0.));
#4228=CARTESIAN_POINT('Ctrl Pts',(-40.7218461866804,-4.23004106436875,0.));
#4229=CARTESIAN_POINT('Ctrl Pts',(-41.3835336022585,-4.14984537354802,0.));
#4230=CARTESIAN_POINT('Ctrl Pts',(-41.8491987986319,-3.67102532305931,0.));
#4231=CARTESIAN_POINT('Ctrl Pts',(-42.0885840578947,-3.42487752670447,0.));
#4232=CARTESIAN_POINT('',(-40.400313489047,-4.26901042694251,1.));
#4233=CARTESIAN_POINT('',(-40.400313489047,-4.26901042694251,0.));
#4234=CARTESIAN_POINT('Ctrl Pts',(-40.400313489047,-4.26901042694251,1.));
#4235=CARTESIAN_POINT('Ctrl Pts',(-40.7218461866804,-4.23004106436875,1.));
#4236=CARTESIAN_POINT('Ctrl Pts',(-41.3835336022585,-4.14984537354802,1.));
#4237=CARTESIAN_POINT('Ctrl Pts',(-41.8491987986319,-3.67102532305931,1.));
#4238=CARTESIAN_POINT('Ctrl Pts',(-42.0885840578947,-3.42487752670447,1.));
#4239=CARTESIAN_POINT('Ctrl Pts',(-38.4562483950529,-3.1434983038346,0.));
#4240=CARTESIAN_POINT('Ctrl Pts',(-38.4562483950529,-3.1434983038346,1.));
#4241=CARTESIAN_POINT('Ctrl Pts',(-38.7073905129461,-3.47174271077785,0.));
#4242=CARTESIAN_POINT('Ctrl Pts',(-38.7073905129461,-3.47174271077785,1.));
#4243=CARTESIAN_POINT('Ctrl Pts',(-39.2009320458783,-4.11680475428619,0.));
#4244=CARTESIAN_POINT('Ctrl Pts',(-39.2009320458783,-4.11680475428619,1.));
#4245=CARTESIAN_POINT('Ctrl Pts',(-40.0052690754508,-4.21887791818726,0.));
#4246=CARTESIAN_POINT('Ctrl Pts',(-40.0052690754508,-4.21887791818726,1.));
#4247=CARTESIAN_POINT('Ctrl Pts',(-40.400313489047,-4.26901042694251,0.));
#4248=CARTESIAN_POINT('Ctrl Pts',(-40.400313489047,-4.26901042694251,1.));
#4249=CARTESIAN_POINT('',(-38.4562483950529,-3.1434983038346,0.));
#4250=CARTESIAN_POINT('Ctrl Pts',(-38.4562483950529,-3.1434983038346,0.));
#4251=CARTESIAN_POINT('Ctrl Pts',(-38.7073905129461,-3.47174271077785,0.));
#4252=CARTESIAN_POINT('Ctrl Pts',(-39.2009320458783,-4.11680475428619,0.));
#4253=CARTESIAN_POINT('Ctrl Pts',(-40.0052690754508,-4.21887791818726,0.));
#4254=CARTESIAN_POINT('Ctrl Pts',(-40.400313489047,-4.26901042694251,0.));
#4255=CARTESIAN_POINT('',(-38.4562483950529,-3.14349830383459,1.));
#4256=CARTESIAN_POINT('',(-38.4562483950529,-3.1434983038346,0.));
#4257=CARTESIAN_POINT('Ctrl Pts',(-38.4562483950529,-3.1434983038346,1.));
#4258=CARTESIAN_POINT('Ctrl Pts',(-38.7073905129461,-3.47174271077785,1.));
#4259=CARTESIAN_POINT('Ctrl Pts',(-39.2009320458783,-4.11680475428619,1.));
#4260=CARTESIAN_POINT('Ctrl Pts',(-40.0052690754508,-4.21887791818726,1.));
#4261=CARTESIAN_POINT('Ctrl Pts',(-40.400313489047,-4.26901042694251,1.));
#4262=CARTESIAN_POINT('Ctrl Pts',(-37.9753485842619,-0.626446607057252,
0.));
#4263=CARTESIAN_POINT('Ctrl Pts',(-37.9753485842619,-0.626446607057252,
1.));
#4264=CARTESIAN_POINT('Ctrl Pts',(-37.9783782542631,-1.13401128017553,0.));
#4265=CARTESIAN_POINT('Ctrl Pts',(-37.9783782542631,-1.13401128017553,1.));
#4266=CARTESIAN_POINT('Ctrl Pts',(-37.9835839400648,-2.00612679479656,0.));
#4267=CARTESIAN_POINT('Ctrl Pts',(-37.9835839400648,-2.00612679479656,1.));
#4268=CARTESIAN_POINT('Ctrl Pts',(-38.3169139464677,-2.80821810585081,0.));
#4269=CARTESIAN_POINT('Ctrl Pts',(-38.3169139464677,-2.80821810585081,1.));
#4270=CARTESIAN_POINT('Ctrl Pts',(-38.4562483950529,-3.1434983038346,0.));
#4271=CARTESIAN_POINT('Ctrl Pts',(-38.4562483950529,-3.1434983038346,1.));
#4272=CARTESIAN_POINT('',(-37.9753485842619,-0.626446607057252,0.));
#4273=CARTESIAN_POINT('Ctrl Pts',(-37.9753485842619,-0.626446607057252,
0.));
#4274=CARTESIAN_POINT('Ctrl Pts',(-37.9783782542631,-1.13401128017553,0.));
#4275=CARTESIAN_POINT('Ctrl Pts',(-37.9835839400648,-2.00612679479656,0.));
#4276=CARTESIAN_POINT('Ctrl Pts',(-38.3169139464677,-2.80821810585081,0.));
#4277=CARTESIAN_POINT('Ctrl Pts',(-38.4562483950529,-3.1434983038346,0.));
#4278=CARTESIAN_POINT('',(-37.9753485842619,-0.626446607057252,1.));
#4279=CARTESIAN_POINT('',(-37.9753485842619,-0.626446607057252,0.));
#4280=CARTESIAN_POINT('Ctrl Pts',(-37.9753485842619,-0.626446607057252,
1.));
#4281=CARTESIAN_POINT('Ctrl Pts',(-37.9783782542631,-1.13401128017553,1.));
#4282=CARTESIAN_POINT('Ctrl Pts',(-37.9835839400648,-2.00612679479656,1.));
#4283=CARTESIAN_POINT('Ctrl Pts',(-38.3169139464677,-2.80821810585081,1.));
#4284=CARTESIAN_POINT('Ctrl Pts',(-38.4562483950529,-3.1434983038346,1.));
#4285=CARTESIAN_POINT('Ctrl Pts',(-38.6659995242033,1.80363595252832,0.));
#4286=CARTESIAN_POINT('Ctrl Pts',(-38.6659995242033,1.80363595252832,1.));
#4287=CARTESIAN_POINT('Ctrl Pts',(-38.4652096606622,1.47415723686596,0.));
#4288=CARTESIAN_POINT('Ctrl Pts',(-38.4652096606622,1.47415723686596,1.));
#4289=CARTESIAN_POINT('Ctrl Pts',(-38.0129456020607,0.732031222433326,0.));
#4290=CARTESIAN_POINT('Ctrl Pts',(-38.0129456020607,0.732031222433326,1.));
#4291=CARTESIAN_POINT('Ctrl Pts',(-37.9887835222355,-0.141007430060875,
0.));
#4292=CARTESIAN_POINT('Ctrl Pts',(-37.9887835222355,-0.141007430060875,
1.));
#4293=CARTESIAN_POINT('Ctrl Pts',(-37.9753485842619,-0.626446607057252,
0.));
#4294=CARTESIAN_POINT('Ctrl Pts',(-37.9753485842619,-0.626446607057252,
1.));
#4295=CARTESIAN_POINT('Ctrl Pts',(-38.6659995242033,1.80363595252832,0.));
#4296=CARTESIAN_POINT('Ctrl Pts',(-38.4652096606622,1.47415723686596,0.));
#4297=CARTESIAN_POINT('Ctrl Pts',(-38.0129456020607,0.732031222433326,0.));
#4298=CARTESIAN_POINT('Ctrl Pts',(-37.9887835222355,-0.141007430060875,
0.));
#4299=CARTESIAN_POINT('Ctrl Pts',(-37.9753485842619,-0.626446607057252,
0.));
#4300=CARTESIAN_POINT('Ctrl Pts',(-38.6659995242033,1.80363595252832,1.));
#4301=CARTESIAN_POINT('Ctrl Pts',(-38.4652096606622,1.47415723686596,1.));
#4302=CARTESIAN_POINT('Ctrl Pts',(-38.0129456020607,0.732031222433326,1.));
#4303=CARTESIAN_POINT('Ctrl Pts',(-37.9887835222355,-0.141007430060875,
1.));
#4304=CARTESIAN_POINT('Ctrl Pts',(-37.9753485842619,-0.626446607057252,
1.));
#4305=CARTESIAN_POINT('Origin',(-42.7741233035002,8.70506942039331,0.));
#4306=CARTESIAN_POINT('',(-42.7741233035002,8.70506942039331,0.));
#4307=CARTESIAN_POINT('',(-45.6492892428312,8.70506942039331,0.));
#4308=CARTESIAN_POINT('',(-21.3870616517501,8.70506942039332,0.));
#4309=CARTESIAN_POINT('',(-42.7741233035002,8.70506942039331,1.));
#4310=CARTESIAN_POINT('',(-42.7741233035002,8.70506942039331,0.));
#4311=CARTESIAN_POINT('',(-45.6492892428312,8.70506942039331,1.));
#4312=CARTESIAN_POINT('',(-42.7741233035002,8.70506942039331,1.));
#4313=CARTESIAN_POINT('',(-45.6492892428312,8.70506942039331,0.));
#4314=CARTESIAN_POINT('Origin',(-42.7741233035002,3.30261289840539,0.));
#4315=CARTESIAN_POINT('',(-42.7741233035002,3.30261289840539,0.));
#4316=CARTESIAN_POINT('',(-42.7741233035002,1.6513064492027,0.));
#4317=CARTESIAN_POINT('',(-42.7741233035002,3.30261289840539,1.));
#4318=CARTESIAN_POINT('',(-42.7741233035002,3.30261289840539,0.));
#4319=CARTESIAN_POINT('',(-42.7741233035002,3.30261289840539,1.));
#4320=CARTESIAN_POINT('Ctrl Pts',(-39.6226874514494,4.81693804031213,0.));
#4321=CARTESIAN_POINT('Ctrl Pts',(-39.6226874514494,4.81693804031213,1.));
#4322=CARTESIAN_POINT('Ctrl Pts',(-40.2153506758617,4.7468282540455,0.));
#4323=CARTESIAN_POINT('Ctrl Pts',(-40.2153506758617,4.7468282540455,1.));
#4324=CARTESIAN_POINT('Ctrl Pts',(-41.4360949668843,4.60241888662662,0.));
#4325=CARTESIAN_POINT('Ctrl Pts',(-41.4360949668843,4.60241888662662,1.));
#4326=CARTESIAN_POINT('Ctrl Pts',(-42.3195696803865,3.74418166426963,0.));
#4327=CARTESIAN_POINT('Ctrl Pts',(-42.3195696803865,3.74418166426963,1.));
#4328=CARTESIAN_POINT('Ctrl Pts',(-42.7741233035002,3.30261289840539,0.));
#4329=CARTESIAN_POINT('Ctrl Pts',(-42.7741233035002,3.30261289840539,1.));
#4330=CARTESIAN_POINT('',(-39.6226874514494,4.81693804031213,0.));
#4331=CARTESIAN_POINT('Ctrl Pts',(-39.6226874514494,4.81693804031213,0.));
#4332=CARTESIAN_POINT('Ctrl Pts',(-40.2153506758617,4.7468282540455,0.));
#4333=CARTESIAN_POINT('Ctrl Pts',(-41.4360949668843,4.60241888662662,0.));
#4334=CARTESIAN_POINT('Ctrl Pts',(-42.3195696803865,3.74418166426963,0.));
#4335=CARTESIAN_POINT('Ctrl Pts',(-42.7741233035002,3.30261289840539,0.));
#4336=CARTESIAN_POINT('',(-39.6226874514494,4.81693804031213,1.));
#4337=CARTESIAN_POINT('',(-39.6226874514494,4.81693804031213,0.));
#4338=CARTESIAN_POINT('Ctrl Pts',(-39.6226874514494,4.81693804031213,1.));
#4339=CARTESIAN_POINT('Ctrl Pts',(-40.2153506758617,4.7468282540455,1.));
#4340=CARTESIAN_POINT('Ctrl Pts',(-41.4360949668843,4.60241888662662,1.));
#4341=CARTESIAN_POINT('Ctrl Pts',(-42.3195696803865,3.74418166426963,1.));
#4342=CARTESIAN_POINT('Ctrl Pts',(-42.7741233035002,3.30261289840539,1.));
#4343=CARTESIAN_POINT('Ctrl Pts',(-36.3382426424894,3.37935268646081,0.));
#4344=CARTESIAN_POINT('Ctrl Pts',(-36.3382426424894,3.37935268646081,1.));
#4345=CARTESIAN_POINT('Ctrl Pts',(-36.8021962825024,3.79864281691487,0.));
#4346=CARTESIAN_POINT('Ctrl Pts',(-36.8021962825024,3.79864281691487,1.));
#4347=CARTESIAN_POINT('Ctrl Pts',(-37.7365120965595,4.64301468034144,0.));
#4348=CARTESIAN_POINT('Ctrl Pts',(-37.7365120965595,4.64301468034144,1.));
#4349=CARTESIAN_POINT('Ctrl Pts',(-38.9910939132366,4.7586990913104,0.));
#4350=CARTESIAN_POINT('Ctrl Pts',(-38.9910939132366,4.7586990913104,1.));
#4351=CARTESIAN_POINT('Ctrl Pts',(-39.6226874514494,4.81693804031213,0.));
#4352=CARTESIAN_POINT('Ctrl Pts',(-39.6226874514494,4.81693804031213,1.));
#4353=CARTESIAN_POINT('',(-36.3382426424894,3.37935268646081,0.));
#4354=CARTESIAN_POINT('Ctrl Pts',(-36.3382426424894,3.37935268646081,0.));
#4355=CARTESIAN_POINT('Ctrl Pts',(-36.8021962825024,3.79864281691487,0.));
#4356=CARTESIAN_POINT('Ctrl Pts',(-37.7365120965595,4.64301468034144,0.));
#4357=CARTESIAN_POINT('Ctrl Pts',(-38.9910939132366,4.7586990913104,0.));
#4358=CARTESIAN_POINT('Ctrl Pts',(-39.6226874514494,4.81693804031213,0.));
#4359=CARTESIAN_POINT('',(-36.3382426424894,3.37935268646081,1.));
#4360=CARTESIAN_POINT('',(-36.3382426424894,3.37935268646081,0.));
#4361=CARTESIAN_POINT('Ctrl Pts',(-36.3382426424894,3.37935268646081,1.));
#4362=CARTESIAN_POINT('Ctrl Pts',(-36.8021962825024,3.79864281691487,1.));
#4363=CARTESIAN_POINT('Ctrl Pts',(-37.7365120965595,4.64301468034144,1.));
#4364=CARTESIAN_POINT('Ctrl Pts',(-38.9910939132366,4.7586990913104,1.));
#4365=CARTESIAN_POINT('Ctrl Pts',(-39.6226874514494,4.81693804031213,1.));
#4366=CARTESIAN_POINT('Ctrl Pts',(-35.0387850924406,-0.820853116456666,
0.));
#4367=CARTESIAN_POINT('Ctrl Pts',(-35.0387850924406,-0.820853116456666,
1.));
#4368=CARTESIAN_POINT('Ctrl Pts',(-35.0685642523352,0.0154619778903142,
0.));
#4369=CARTESIAN_POINT('Ctrl Pts',(-35.0685642523352,0.0154619778903142,
1.));
#4370=CARTESIAN_POINT('Ctrl Pts',(-35.1228610237073,1.54032734123627,0.));
#4371=CARTESIAN_POINT('Ctrl Pts',(-35.1228610237073,1.54032734123627,1.));
#4372=CARTESIAN_POINT('Ctrl Pts',(-35.9601612156124,2.80726790597664,0.));
#4373=CARTESIAN_POINT('Ctrl Pts',(-35.9601612156124,2.80726790597664,1.));
#4374=CARTESIAN_POINT('Ctrl Pts',(-36.3382426424894,3.37935268646081,0.));
#4375=CARTESIAN_POINT('Ctrl Pts',(-36.3382426424894,3.37935268646081,1.));
#4376=CARTESIAN_POINT('',(-35.0387850924406,-0.820853116456666,0.));
#4377=CARTESIAN_POINT('Ctrl Pts',(-35.0387850924406,-0.820853116456666,
0.));
#4378=CARTESIAN_POINT('Ctrl Pts',(-35.0685642523352,0.0154619778903142,
0.));
#4379=CARTESIAN_POINT('Ctrl Pts',(-35.1228610237073,1.54032734123627,0.));
#4380=CARTESIAN_POINT('Ctrl Pts',(-35.9601612156124,2.80726790597664,0.));
#4381=CARTESIAN_POINT('Ctrl Pts',(-36.3382426424894,3.37935268646081,0.));
#4382=CARTESIAN_POINT('',(-35.0387850924406,-0.820853116456666,1.));
#4383=CARTESIAN_POINT('',(-35.0387850924406,-0.820853116456666,0.));
#4384=CARTESIAN_POINT('Ctrl Pts',(-35.0387850924406,-0.820853116456666,
1.));
#4385=CARTESIAN_POINT('Ctrl Pts',(-35.0685642523352,0.0154619778903142,
1.));
#4386=CARTESIAN_POINT('Ctrl Pts',(-35.1228610237073,1.54032734123627,1.));
#4387=CARTESIAN_POINT('Ctrl Pts',(-35.9601612156124,2.80726790597664,1.));
#4388=CARTESIAN_POINT('Ctrl Pts',(-36.3382426424894,3.37935268646081,1.));
#4389=CARTESIAN_POINT('Ctrl Pts',(-36.3740531130705,-5.03128946060339,0.));
#4390=CARTESIAN_POINT('Ctrl Pts',(-36.3740531130705,-5.03128946060339,1.));
#4391=CARTESIAN_POINT('Ctrl Pts',(-35.9852608998453,-4.4472263807908,0.));
#4392=CARTESIAN_POINT('Ctrl Pts',(-35.9852608998453,-4.4472263807908,1.));
#4393=CARTESIAN_POINT('Ctrl Pts',(-35.139904241922,-3.17728939035824,0.));
#4394=CARTESIAN_POINT('Ctrl Pts',(-35.139904241922,-3.17728939035824,1.));
#4395=CARTESIAN_POINT('Ctrl Pts',(-35.0742460802365,-1.64722041067608,0.));
#4396=CARTESIAN_POINT('Ctrl Pts',(-35.0742460802365,-1.64722041067608,1.));
#4397=CARTESIAN_POINT('Ctrl Pts',(-35.0387850924406,-0.820853116456666,
0.));
#4398=CARTESIAN_POINT('Ctrl Pts',(-35.0387850924406,-0.820853116456666,
1.));
#4399=CARTESIAN_POINT('',(-36.3740531130705,-5.03128946060339,0.));
#4400=CARTESIAN_POINT('Ctrl Pts',(-36.3740531130705,-5.03128946060339,0.));
#4401=CARTESIAN_POINT('Ctrl Pts',(-35.9852608998453,-4.4472263807908,0.));
#4402=CARTESIAN_POINT('Ctrl Pts',(-35.139904241922,-3.17728939035824,0.));
#4403=CARTESIAN_POINT('Ctrl Pts',(-35.0742460802365,-1.64722041067608,0.));
#4404=CARTESIAN_POINT('Ctrl Pts',(-35.0387850924406,-0.820853116456666,
0.));
#4405=CARTESIAN_POINT('',(-36.3740531130705,-5.03128946060339,1.));
#4406=CARTESIAN_POINT('',(-36.3740531130705,-5.03128946060339,0.));
#4407=CARTESIAN_POINT('Ctrl Pts',(-36.3740531130705,-5.03128946060339,1.));
#4408=CARTESIAN_POINT('Ctrl Pts',(-35.9852608998453,-4.4472263807908,1.));
#4409=CARTESIAN_POINT('Ctrl Pts',(-35.139904241922,-3.17728939035824,1.));
#4410=CARTESIAN_POINT('Ctrl Pts',(-35.0742460802365,-1.64722041067608,1.));
#4411=CARTESIAN_POINT('Ctrl Pts',(-35.0387850924406,-0.820853116456666,
1.));
#4412=CARTESIAN_POINT('Ctrl Pts',(-39.5817557497892,-6.54049813980262,0.));
#4413=CARTESIAN_POINT('Ctrl Pts',(-39.5817557497892,-6.54049813980262,1.));
#4414=CARTESIAN_POINT('Ctrl Pts',(-38.9755281452391,-6.47249463860463,0.));
#4415=CARTESIAN_POINT('Ctrl Pts',(-38.9755281452391,-6.47249463860463,1.));
#4416=CARTESIAN_POINT('Ctrl Pts',(-37.7370623018787,-6.33356989675768,0.));
#4417=CARTESIAN_POINT('Ctrl Pts',(-37.7370623018787,-6.33356989675768,1.));
#4418=CARTESIAN_POINT('Ctrl Pts',(-36.8347066911684,-5.47141865967794,0.));
#4419=CARTESIAN_POINT('Ctrl Pts',(-36.8347066911684,-5.47141865967794,1.));
#4420=CARTESIAN_POINT('Ctrl Pts',(-36.3740531130705,-5.03128946060339,0.));
#4421=CARTESIAN_POINT('Ctrl Pts',(-36.3740531130705,-5.03128946060339,1.));
#4422=CARTESIAN_POINT('',(-39.5817557497892,-6.54049813980262,0.));
#4423=CARTESIAN_POINT('Ctrl Pts',(-39.5817557497892,-6.54049813980262,0.));
#4424=CARTESIAN_POINT('Ctrl Pts',(-38.9755281452391,-6.47249463860463,0.));
#4425=CARTESIAN_POINT('Ctrl Pts',(-37.7370623018787,-6.33356989675768,0.));
#4426=CARTESIAN_POINT('Ctrl Pts',(-36.8347066911684,-5.47141865967794,0.));
#4427=CARTESIAN_POINT('Ctrl Pts',(-36.3740531130705,-5.03128946060339,0.));
#4428=CARTESIAN_POINT('',(-39.5817557497892,-6.54049813980262,1.));
#4429=CARTESIAN_POINT('',(-39.5817557497892,-6.54049813980262,0.));
#4430=CARTESIAN_POINT('Ctrl Pts',(-39.5817557497892,-6.54049813980262,1.));
#4431=CARTESIAN_POINT('Ctrl Pts',(-38.9755281452391,-6.47249463860463,1.));
#4432=CARTESIAN_POINT('Ctrl Pts',(-37.7370623018787,-6.33356989675768,1.));
#4433=CARTESIAN_POINT('Ctrl Pts',(-36.8347066911684,-5.47141865967794,1.));
#4434=CARTESIAN_POINT('Ctrl Pts',(-36.3740531130705,-5.03128946060339,1.));
#4435=CARTESIAN_POINT('Ctrl Pts',(-41.4081565066252,-6.08517706627051,0.));
#4436=CARTESIAN_POINT('Ctrl Pts',(-41.4081565066252,-6.08517706627051,1.));
#4437=CARTESIAN_POINT('Ctrl Pts',(-41.1096984648322,-6.21795466129575,0.));
#4438=CARTESIAN_POINT('Ctrl Pts',(-41.1096984648322,-6.21795466129575,1.));
#4439=CARTESIAN_POINT('Ctrl Pts',(-40.5273154807923,-6.47704438640386,0.));
#4440=CARTESIAN_POINT('Ctrl Pts',(-40.5273154807923,-6.47704438640386,1.));
#4441=CARTESIAN_POINT('Ctrl Pts',(-39.8916547866903,-6.51970172005114,0.));
#4442=CARTESIAN_POINT('Ctrl Pts',(-39.8916547866903,-6.51970172005114,1.));
#4443=CARTESIAN_POINT('Ctrl Pts',(-39.5817557497892,-6.54049813980262,0.));
#4444=CARTESIAN_POINT('Ctrl Pts',(-39.5817557497892,-6.54049813980262,1.));
#4445=CARTESIAN_POINT('',(-41.4081565066252,-6.08517706627051,0.));
#4446=CARTESIAN_POINT('Ctrl Pts',(-41.4081565066252,-6.08517706627051,0.));
#4447=CARTESIAN_POINT('Ctrl Pts',(-41.1096984648322,-6.21795466129575,0.));
#4448=CARTESIAN_POINT('Ctrl Pts',(-40.5273154807923,-6.47704438640386,0.));
#4449=CARTESIAN_POINT('Ctrl Pts',(-39.8916547866903,-6.51970172005114,0.));
#4450=CARTESIAN_POINT('Ctrl Pts',(-39.5817557497892,-6.54049813980262,0.));
#4451=CARTESIAN_POINT('',(-41.4081565066252,-6.08517706627051,1.));
#4452=CARTESIAN_POINT('',(-41.4081565066252,-6.08517706627051,0.));
#4453=CARTESIAN_POINT('Ctrl Pts',(-41.4081565066252,-6.08517706627051,1.));
#4454=CARTESIAN_POINT('Ctrl Pts',(-41.1096984648322,-6.21795466129575,1.));
#4455=CARTESIAN_POINT('Ctrl Pts',(-40.5273154807923,-6.47704438640386,1.));
#4456=CARTESIAN_POINT('Ctrl Pts',(-39.8916547866903,-6.51970172005114,1.));
#4457=CARTESIAN_POINT('Ctrl Pts',(-39.5817557497892,-6.54049813980262,1.));
#4458=CARTESIAN_POINT('Ctrl Pts',(-42.9787627383146,-4.69875157112281,0.));
#4459=CARTESIAN_POINT('Ctrl Pts',(-42.9787627383146,-4.69875157112281,1.));
#4460=CARTESIAN_POINT('Ctrl Pts',(-42.7521176682316,-4.98669647036206,0.));
#4461=CARTESIAN_POINT('Ctrl Pts',(-42.7521176682316,-4.98669647036206,1.));
#4462=CARTESIAN_POINT('Ctrl Pts',(-42.3127326080619,-5.54492033480136,0.));
#4463=CARTESIAN_POINT('Ctrl Pts',(-42.3127326080619,-5.54492033480136,1.));
#4464=CARTESIAN_POINT('Ctrl Pts',(-41.7032525327274,-5.90893140349178,0.));
#4465=CARTESIAN_POINT('Ctrl Pts',(-41.7032525327274,-5.90893140349178,1.));
#4466=CARTESIAN_POINT('Ctrl Pts',(-41.4081565066252,-6.08517706627051,0.));
#4467=CARTESIAN_POINT('Ctrl Pts',(-41.4081565066252,-6.08517706627051,1.));
#4468=CARTESIAN_POINT('',(-42.9787627383146,-4.69875157112281,0.));
#4469=CARTESIAN_POINT('Ctrl Pts',(-42.9787627383146,-4.69875157112281,0.));
#4470=CARTESIAN_POINT('Ctrl Pts',(-42.7521176682316,-4.98669647036206,0.));
#4471=CARTESIAN_POINT('Ctrl Pts',(-42.3127326080619,-5.54492033480136,0.));
#4472=CARTESIAN_POINT('Ctrl Pts',(-41.7032525327274,-5.90893140349178,0.));
#4473=CARTESIAN_POINT('Ctrl Pts',(-41.4081565066252,-6.08517706627051,0.));
#4474=CARTESIAN_POINT('',(-42.9787627383146,-4.69875157112281,1.));
#4475=CARTESIAN_POINT('',(-42.9787627383146,-4.69875157112281,0.));
#4476=CARTESIAN_POINT('Ctrl Pts',(-42.9787627383146,-4.69875157112281,1.));
#4477=CARTESIAN_POINT('Ctrl Pts',(-42.7521176682316,-4.98669647036206,1.));
#4478=CARTESIAN_POINT('Ctrl Pts',(-42.3127326080619,-5.54492033480136,1.));
#4479=CARTESIAN_POINT('Ctrl Pts',(-41.7032525327274,-5.90893140349178,1.));
#4480=CARTESIAN_POINT('Ctrl Pts',(-41.4081565066252,-6.08517706627051,1.));
#4481=CARTESIAN_POINT('Origin',(-42.9787627383146,-6.29493177169959,0.));
#4482=CARTESIAN_POINT('',(-42.9787627383146,-6.29493177169959,0.));
#4483=CARTESIAN_POINT('',(-42.9787627383146,-3.14746588584979,0.));
#4484=CARTESIAN_POINT('',(-42.9787627383146,-6.29493177169959,1.));
#4485=CARTESIAN_POINT('',(-42.9787627383146,-6.29493177169959,0.));
#4486=CARTESIAN_POINT('',(-42.9787627383146,-6.29493177169959,1.));
#4487=CARTESIAN_POINT('Origin',(-45.6492892428312,-6.29493177169959,0.));
#4488=CARTESIAN_POINT('',(-45.6492892428312,-6.29493177169959,0.));
#4489=CARTESIAN_POINT('',(-22.8246446214156,-6.29493177169958,0.));
#4490=CARTESIAN_POINT('',(-45.6492892428312,-6.29493177169959,1.));
#4491=CARTESIAN_POINT('',(-45.6492892428312,-6.29493177169959,0.));
#4492=CARTESIAN_POINT('',(-45.6492892428312,-6.29493177169959,1.));
#4493=CARTESIAN_POINT('Origin',(-45.6492892428312,8.70506942039331,0.));
#4494=CARTESIAN_POINT('',(-45.6492892428312,4.35253471019664,0.));
#4495=CARTESIAN_POINT('',(-45.6492892428312,8.70506942039331,1.));
#4496=CARTESIAN_POINT('Origin',(0.066947586926478,1.08978252265539,1.));
#4497=CARTESIAN_POINT('Ctrl Pts',(-16.7441073580656,6.06523215537867,0.));
#4498=CARTESIAN_POINT('Ctrl Pts',(-16.7441073580656,6.06523215537867,1.));
#4499=CARTESIAN_POINT('Ctrl Pts',(-16.4723229790327,6.09465156261266,0.));
#4500=CARTESIAN_POINT('Ctrl Pts',(-16.4723229790327,6.09465156261266,1.));
#4501=CARTESIAN_POINT('Ctrl Pts',(-15.748348096386,6.17301850914411,0.));
#4502=CARTESIAN_POINT('Ctrl Pts',(-15.748348096386,6.17301850914411,1.));
#4503=CARTESIAN_POINT('Ctrl Pts',(-15.0197698135972,6.1696535849063,0.));
#4504=CARTESIAN_POINT('Ctrl Pts',(-15.0197698135972,6.1696535849063,1.));
#4505=CARTESIAN_POINT('Ctrl Pts',(-14.5647040530119,6.1675518727859,0.));
#4506=CARTESIAN_POINT('Ctrl Pts',(-14.5647040530119,6.1675518727859,1.));
#4507=CARTESIAN_POINT('',(-16.7441073580656,6.06523215537867,0.));
#4508=CARTESIAN_POINT('',(-14.5647040530119,6.1675518727859,0.));
#4509=CARTESIAN_POINT('Ctrl Pts',(-16.7441073580656,6.06523215537867,0.));
#4510=CARTESIAN_POINT('Ctrl Pts',(-16.4723229790327,6.09465156261266,0.));
#4511=CARTESIAN_POINT('Ctrl Pts',(-15.748348096386,6.17301850914411,0.));
#4512=CARTESIAN_POINT('Ctrl Pts',(-15.0197698135972,6.1696535849063,0.));
#4513=CARTESIAN_POINT('Ctrl Pts',(-14.5647040530119,6.1675518727859,0.));
#4514=CARTESIAN_POINT('',(-16.7441073580656,6.06523215537867,1.));
#4515=CARTESIAN_POINT('',(-16.7441073580656,6.06523215537867,0.));
#4516=CARTESIAN_POINT('',(-14.5647040530119,6.1675518727859,1.));
#4517=CARTESIAN_POINT('Ctrl Pts',(-16.7441073580656,6.06523215537867,1.));
#4518=CARTESIAN_POINT('Ctrl Pts',(-16.4723229790327,6.09465156261266,1.));
#4519=CARTESIAN_POINT('Ctrl Pts',(-15.748348096386,6.17301850914411,1.));
#4520=CARTESIAN_POINT('Ctrl Pts',(-15.0197698135972,6.1696535849063,1.));
#4521=CARTESIAN_POINT('Ctrl Pts',(-14.5647040530119,6.1675518727859,1.));
#4522=CARTESIAN_POINT('',(-14.5647040530119,6.1675518727859,0.));
#4523=CARTESIAN_POINT('Ctrl Pts',(-17.9617015047941,5.40015756851038,0.));
#4524=CARTESIAN_POINT('Ctrl Pts',(-17.9617015047941,5.40015756851038,1.));
#4525=CARTESIAN_POINT('Ctrl Pts',(-17.7893458737445,5.5611313128188,0.));
#4526=CARTESIAN_POINT('Ctrl Pts',(-17.7893458737445,5.5611313128188,1.));
#4527=CARTESIAN_POINT('Ctrl Pts',(-17.4405796095757,5.88686602244113,0.));
#4528=CARTESIAN_POINT('Ctrl Pts',(-17.4405796095757,5.88686602244113,1.));
#4529=CARTESIAN_POINT('Ctrl Pts',(-16.9780573118304,6.00531771016788,0.));
#4530=CARTESIAN_POINT('Ctrl Pts',(-16.9780573118304,6.00531771016788,1.));
#4531=CARTESIAN_POINT('Ctrl Pts',(-16.7441073580656,6.06523215537867,0.));
#4532=CARTESIAN_POINT('Ctrl Pts',(-16.7441073580656,6.06523215537867,1.));
#4533=CARTESIAN_POINT('',(-17.9617015047941,5.40015756851038,0.));
#4534=CARTESIAN_POINT('Ctrl Pts',(-17.9617015047941,5.40015756851038,0.));
#4535=CARTESIAN_POINT('Ctrl Pts',(-17.7893458737445,5.5611313128188,0.));
#4536=CARTESIAN_POINT('Ctrl Pts',(-17.4405796095757,5.88686602244113,0.));
#4537=CARTESIAN_POINT('Ctrl Pts',(-16.9780573118304,6.00531771016788,0.));
#4538=CARTESIAN_POINT('Ctrl Pts',(-16.7441073580656,6.06523215537867,0.));
#4539=CARTESIAN_POINT('',(-17.9617015047941,5.40015756851038,1.));
#4540=CARTESIAN_POINT('',(-17.9617015047941,5.40015756851038,0.));
#4541=CARTESIAN_POINT('Ctrl Pts',(-17.9617015047941,5.40015756851038,1.));
#4542=CARTESIAN_POINT('Ctrl Pts',(-17.7893458737445,5.5611313128188,1.));
#4543=CARTESIAN_POINT('Ctrl Pts',(-17.4405796095757,5.88686602244113,1.));
#4544=CARTESIAN_POINT('Ctrl Pts',(-16.9780573118304,6.00531771016788,1.));
#4545=CARTESIAN_POINT('Ctrl Pts',(-16.7441073580656,6.06523215537867,1.));
#4546=CARTESIAN_POINT('Ctrl Pts',(-18.4426013155851,4.04954373603663,0.));
#4547=CARTESIAN_POINT('Ctrl Pts',(-18.4426013155851,4.04954373603663,1.));
#4548=CARTESIAN_POINT('Ctrl Pts',(-18.4256581286694,4.30694004533046,0.));
#4549=CARTESIAN_POINT('Ctrl Pts',(-18.4256581286694,4.30694004533046,1.));
#4550=CARTESIAN_POINT('Ctrl Pts',(-18.3929659669493,4.80359051678484,0.));
#4551=CARTESIAN_POINT('Ctrl Pts',(-18.3929659669493,4.80359051678484,1.));
#4552=CARTESIAN_POINT('Ctrl Pts',(-18.101912359366,5.20620424410739,0.));
#4553=CARTESIAN_POINT('Ctrl Pts',(-18.101912359366,5.20620424410739,1.));
#4554=CARTESIAN_POINT('Ctrl Pts',(-17.9617015047941,5.40015756851038,0.));
#4555=CARTESIAN_POINT('Ctrl Pts',(-17.9617015047941,5.40015756851038,1.));
#4556=CARTESIAN_POINT('',(-18.4426013155851,4.04954373603663,0.));
#4557=CARTESIAN_POINT('Ctrl Pts',(-18.4426013155851,4.04954373603663,0.));
#4558=CARTESIAN_POINT('Ctrl Pts',(-18.4256581286694,4.30694004533046,0.));
#4559=CARTESIAN_POINT('Ctrl Pts',(-18.3929659669493,4.80359051678484,0.));
#4560=CARTESIAN_POINT('Ctrl Pts',(-18.101912359366,5.20620424410739,0.));
#4561=CARTESIAN_POINT('Ctrl Pts',(-17.9617015047941,5.40015756851038,0.));
#4562=CARTESIAN_POINT('',(-18.4426013155851,4.04954373603663,1.));
#4563=CARTESIAN_POINT('',(-18.4426013155851,4.04954373603663,0.));
#4564=CARTESIAN_POINT('Ctrl Pts',(-18.4426013155851,4.04954373603663,1.));
#4565=CARTESIAN_POINT('Ctrl Pts',(-18.4256581286694,4.30694004533046,1.));
#4566=CARTESIAN_POINT('Ctrl Pts',(-18.3929659669493,4.80359051678484,1.));
#4567=CARTESIAN_POINT('Ctrl Pts',(-18.101912359366,5.20620424410739,1.));
#4568=CARTESIAN_POINT('Ctrl Pts',(-17.9617015047941,5.40015756851038,1.));
#4569=CARTESIAN_POINT('Ctrl Pts',(-18.0998316927824,2.8831040835937,0.));
#4570=CARTESIAN_POINT('Ctrl Pts',(-18.0998316927824,2.8831040835937,1.));
#4571=CARTESIAN_POINT('Ctrl Pts',(-18.1997897329237,3.05961786619677,0.));
#4572=CARTESIAN_POINT('Ctrl Pts',(-18.1997897329237,3.05961786619677,1.));
#4573=CARTESIAN_POINT('Ctrl Pts',(-18.4046795038478,3.421428366196,0.));
#4574=CARTESIAN_POINT('Ctrl Pts',(-18.4046795038478,3.421428366196,1.));
#4575=CARTESIAN_POINT('Ctrl Pts',(-18.4297577869143,3.83681081554688,0.));
#4576=CARTESIAN_POINT('Ctrl Pts',(-18.4297577869143,3.83681081554688,1.));
#4577=CARTESIAN_POINT('Ctrl Pts',(-18.4426013155851,4.04954373603663,0.));
#4578=CARTESIAN_POINT('Ctrl Pts',(-18.4426013155851,4.04954373603663,1.));
#4579=CARTESIAN_POINT('',(-18.0998316927824,2.8831040835937,0.));
#4580=CARTESIAN_POINT('Ctrl Pts',(-18.0998316927824,2.8831040835937,0.));
#4581=CARTESIAN_POINT('Ctrl Pts',(-18.1997897329237,3.05961786619677,0.));
#4582=CARTESIAN_POINT('Ctrl Pts',(-18.4046795038478,3.421428366196,0.));
#4583=CARTESIAN_POINT('Ctrl Pts',(-18.4297577869143,3.83681081554688,0.));
#4584=CARTESIAN_POINT('Ctrl Pts',(-18.4426013155851,4.04954373603663,0.));
#4585=CARTESIAN_POINT('',(-18.0998316927824,2.8831040835937,1.));
#4586=CARTESIAN_POINT('',(-18.0998316927824,2.8831040835937,0.));
#4587=CARTESIAN_POINT('Ctrl Pts',(-18.0998316927824,2.8831040835937,1.));
#4588=CARTESIAN_POINT('Ctrl Pts',(-18.1997897329237,3.05961786619677,1.));
#4589=CARTESIAN_POINT('Ctrl Pts',(-18.4046795038478,3.421428366196,1.));
#4590=CARTESIAN_POINT('Ctrl Pts',(-18.4297577869143,3.83681081554688,1.));
#4591=CARTESIAN_POINT('Ctrl Pts',(-18.4426013155851,4.04954373603663,1.));
#4592=CARTESIAN_POINT('Ctrl Pts',(-17.1533862276945,2.14640557533106,0.));
#4593=CARTESIAN_POINT('Ctrl Pts',(-17.1533862276945,2.14640557533106,1.));
#4594=CARTESIAN_POINT('Ctrl Pts',(-17.3427108549891,2.23444528785439,0.));
#4595=CARTESIAN_POINT('Ctrl Pts',(-17.3427108549891,2.23444528785439,1.));
#4596=CARTESIAN_POINT('Ctrl Pts',(-17.7149219256285,2.40753082947328,0.));
#4597=CARTESIAN_POINT('Ctrl Pts',(-17.7149219256285,2.40753082947328,1.));
#4598=CARTESIAN_POINT('Ctrl Pts',(-17.9730165358955,2.7264182782985,0.));
#4599=CARTESIAN_POINT('Ctrl Pts',(-17.9730165358955,2.7264182782985,1.));
#4600=CARTESIAN_POINT('Ctrl Pts',(-18.0998316927824,2.8831040835937,0.));
#4601=CARTESIAN_POINT('Ctrl Pts',(-18.0998316927824,2.8831040835937,1.));
#4602=CARTESIAN_POINT('',(-17.1533862276945,2.14640557533106,0.));
#4603=CARTESIAN_POINT('Ctrl Pts',(-17.1533862276945,2.14640557533106,0.));
#4604=CARTESIAN_POINT('Ctrl Pts',(-17.3427108549891,2.23444528785439,0.));
#4605=CARTESIAN_POINT('Ctrl Pts',(-17.7149219256285,2.40753082947328,0.));
#4606=CARTESIAN_POINT('Ctrl Pts',(-17.9730165358955,2.7264182782985,0.));
#4607=CARTESIAN_POINT('Ctrl Pts',(-18.0998316927824,2.8831040835937,0.));
#4608=CARTESIAN_POINT('',(-17.1533862276945,2.14640557533106,1.));
#4609=CARTESIAN_POINT('',(-17.1533862276945,2.14640557533106,0.));
#4610=CARTESIAN_POINT('Ctrl Pts',(-17.1533862276945,2.14640557533106,1.));
#4611=CARTESIAN_POINT('Ctrl Pts',(-17.3427108549891,2.23444528785439,1.));
#4612=CARTESIAN_POINT('Ctrl Pts',(-17.7149219256285,2.40753082947328,1.));
#4613=CARTESIAN_POINT('Ctrl Pts',(-17.9730165358955,2.7264182782985,1.));
#4614=CARTESIAN_POINT('Ctrl Pts',(-18.0998316927824,2.8831040835937,1.));
#4615=CARTESIAN_POINT('Ctrl Pts',(-14.7591105624113,1.91107153659663,0.));
#4616=CARTESIAN_POINT('Ctrl Pts',(-14.7591105624113,1.91107153659663,1.));
#4617=CARTESIAN_POINT('Ctrl Pts',(-15.2598292820596,1.90705758380929,0.));
#4618=CARTESIAN_POINT('Ctrl Pts',(-15.2598292820596,1.90705758380929,1.));
#4619=CARTESIAN_POINT('Ctrl Pts',(-16.0678566160049,1.90058012762068,0.));
#4620=CARTESIAN_POINT('Ctrl Pts',(-16.0678566160049,1.90058012762068,1.));
#4621=CARTESIAN_POINT('Ctrl Pts',(-16.854290155993,2.07867326757763,0.));
#4622=CARTESIAN_POINT('Ctrl Pts',(-16.854290155993,2.07867326757763,1.));
#4623=CARTESIAN_POINT('Ctrl Pts',(-17.1533862276945,2.14640557533106,0.));
#4624=CARTESIAN_POINT('Ctrl Pts',(-17.1533862276945,2.14640557533106,1.));
#4625=CARTESIAN_POINT('',(-14.7591105624113,1.91107153659663,0.));
#4626=CARTESIAN_POINT('Ctrl Pts',(-14.7591105624113,1.91107153659663,0.));
#4627=CARTESIAN_POINT('Ctrl Pts',(-15.2598292820596,1.90705758380929,0.));
#4628=CARTESIAN_POINT('Ctrl Pts',(-16.0678566160049,1.90058012762068,0.));
#4629=CARTESIAN_POINT('Ctrl Pts',(-16.854290155993,2.07867326757763,0.));
#4630=CARTESIAN_POINT('Ctrl Pts',(-17.1533862276945,2.14640557533106,0.));
#4631=CARTESIAN_POINT('',(-14.7591105624113,1.91107153659663,1.));
#4632=CARTESIAN_POINT('',(-14.7591105624113,1.91107153659663,0.));
#4633=CARTESIAN_POINT('Ctrl Pts',(-14.7591105624113,1.91107153659663,1.));
#4634=CARTESIAN_POINT('Ctrl Pts',(-15.2598292820596,1.90705758380929,1.));
#4635=CARTESIAN_POINT('Ctrl Pts',(-16.0678566160049,1.90058012762068,1.));
#4636=CARTESIAN_POINT('Ctrl Pts',(-16.854290155993,2.07867326757763,1.));
#4637=CARTESIAN_POINT('Ctrl Pts',(-17.1533862276945,2.14640557533106,1.));
#4638=CARTESIAN_POINT('Origin',(-13.1015387698088,1.91107153659663,0.));
#4639=CARTESIAN_POINT('',(-13.1015387698088,1.91107153659663,0.));
#4640=CARTESIAN_POINT('',(-6.55076938490438,1.91107153659663,0.));
#4641=CARTESIAN_POINT('',(-13.1015387698088,1.91107153659663,1.));
#4642=CARTESIAN_POINT('',(-13.1015387698088,1.91107153659663,0.));
#4643=CARTESIAN_POINT('',(-13.1015387698088,1.91107153659663,1.));
#4644=CARTESIAN_POINT('Origin',(-13.1015387698088,6.1675518727859,0.));
#4645=CARTESIAN_POINT('',(-13.1015387698088,6.1675518727859,0.));
#4646=CARTESIAN_POINT('',(-13.1015387698088,3.08377593639295,0.));
#4647=CARTESIAN_POINT('',(-13.1015387698088,6.1675518727859,1.));
#4648=CARTESIAN_POINT('',(-13.1015387698088,6.1675518727859,0.));
#4649=CARTESIAN_POINT('',(-13.1015387698088,6.1675518727859,1.));
#4650=CARTESIAN_POINT('Origin',(-14.5647040530119,6.1675518727859,0.));
#4651=CARTESIAN_POINT('',(-7.28235202650594,6.1675518727859,0.));
#4652=CARTESIAN_POINT('',(-14.5647040530119,6.1675518727859,1.));
#4653=CARTESIAN_POINT('Origin',(-13.1015387698087,-0.636677148286489,0.));
#4654=CARTESIAN_POINT('',(-13.1015387698087,-0.636677148286488,0.));
#4655=CARTESIAN_POINT('',(-13.1015387698087,-6.29493177169957,0.));
#4656=CARTESIAN_POINT('',(-13.1015387698087,-0.318338574143247,0.));
#4657=CARTESIAN_POINT('',(-13.1015387698087,-0.636677148286487,1.));
#4658=CARTESIAN_POINT('',(-13.1015387698087,-0.636677148286488,0.));
#4659=CARTESIAN_POINT('',(-13.1015387698087,-6.29493177169957,1.));
#4660=CARTESIAN_POINT('',(-13.1015387698087,-0.636677148286489,1.));
#4661=CARTESIAN_POINT('',(-13.1015387698087,-6.29493177169957,0.));
#4662=CARTESIAN_POINT('Origin',(-15.076302640048,-0.636677148286489,0.));
#4663=CARTESIAN_POINT('',(-15.076302640048,-0.636677148286489,0.));
#4664=CARTESIAN_POINT('',(-7.538151320024,-0.636677148286485,0.));
#4665=CARTESIAN_POINT('',(-15.076302640048,-0.636677148286489,1.));
#4666=CARTESIAN_POINT('',(-15.076302640048,-0.636677148286489,0.));
#4667=CARTESIAN_POINT('',(-15.076302640048,-0.636677148286489,1.));
#4668=CARTESIAN_POINT('Ctrl Pts',(-18.2175055666837,-0.42180717224279,0.));
#4669=CARTESIAN_POINT('Ctrl Pts',(-18.2175055666837,-0.42180717224279,1.));
#4670=CARTESIAN_POINT('Ctrl Pts',(-17.7756229599689,-0.484120985678611,
0.));
#4671=CARTESIAN_POINT('Ctrl Pts',(-17.7756229599689,-0.484120985678611,
1.));
#4672=CARTESIAN_POINT('Ctrl Pts',(-16.7342238226806,-0.630977980199543,
0.));
#4673=CARTESIAN_POINT('Ctrl Pts',(-16.7342238226806,-0.630977980199543,
1.));
#4674=CARTESIAN_POINT('Ctrl Pts',(-15.6820322182605,-0.634594929470764,
0.));
#4675=CARTESIAN_POINT('Ctrl Pts',(-15.6820322182605,-0.634594929470764,
1.));
#4676=CARTESIAN_POINT('Ctrl Pts',(-15.076302640048,-0.636677148286489,0.));
#4677=CARTESIAN_POINT('Ctrl Pts',(-15.076302640048,-0.636677148286489,1.));
#4678=CARTESIAN_POINT('',(-18.2175055666837,-0.42180717224279,0.));
#4679=CARTESIAN_POINT('Ctrl Pts',(-18.2175055666837,-0.42180717224279,0.));
#4680=CARTESIAN_POINT('Ctrl Pts',(-17.7756229599689,-0.484120985678611,
0.));
#4681=CARTESIAN_POINT('Ctrl Pts',(-16.7342238226806,-0.630977980199543,
0.));
#4682=CARTESIAN_POINT('Ctrl Pts',(-15.6820322182605,-0.634594929470764,
0.));
#4683=CARTESIAN_POINT('Ctrl Pts',(-15.076302640048,-0.636677148286489,0.));
#4684=CARTESIAN_POINT('',(-18.2175055666837,-0.42180717224279,1.));
#4685=CARTESIAN_POINT('',(-18.2175055666837,-0.42180717224279,0.));
#4686=CARTESIAN_POINT('Ctrl Pts',(-18.2175055666837,-0.42180717224279,1.));
#4687=CARTESIAN_POINT('Ctrl Pts',(-17.7756229599689,-0.484120985678611,
1.));
#4688=CARTESIAN_POINT('Ctrl Pts',(-16.7342238226806,-0.630977980199543,
1.));
#4689=CARTESIAN_POINT('Ctrl Pts',(-15.6820322182605,-0.634594929470764,
1.));
#4690=CARTESIAN_POINT('Ctrl Pts',(-15.076302640048,-0.636677148286489,1.));
#4691=CARTESIAN_POINT('Ctrl Pts',(-19.78810226163,0.289312002714486,0.));
#4692=CARTESIAN_POINT('Ctrl Pts',(-19.78810226163,0.289312002714486,1.));
#4693=CARTESIAN_POINT('Ctrl Pts',(-19.5347279248203,0.126562574547959,0.));
#4694=CARTESIAN_POINT('Ctrl Pts',(-19.5347279248203,0.126562574547959,1.));
#4695=CARTESIAN_POINT('Ctrl Pts',(-19.0457462736303,-0.18752402600166,0.));
#4696=CARTESIAN_POINT('Ctrl Pts',(-19.0457462736303,-0.18752402600166,1.));
#4697=CARTESIAN_POINT('Ctrl Pts',(-18.4868162764742,-0.345627675295879,
0.));
#4698=CARTESIAN_POINT('Ctrl Pts',(-18.4868162764742,-0.345627675295879,
1.));
#4699=CARTESIAN_POINT('Ctrl Pts',(-18.2175055666837,-0.42180717224279,0.));
#4700=CARTESIAN_POINT('Ctrl Pts',(-18.2175055666837,-0.42180717224279,1.));
#4701=CARTESIAN_POINT('',(-19.78810226163,0.289312002714486,0.));
#4702=CARTESIAN_POINT('Ctrl Pts',(-19.78810226163,0.289312002714486,0.));
#4703=CARTESIAN_POINT('Ctrl Pts',(-19.5347279248203,0.126562574547959,0.));
#4704=CARTESIAN_POINT('Ctrl Pts',(-19.0457462736303,-0.18752402600166,0.));
#4705=CARTESIAN_POINT('Ctrl Pts',(-18.4868162764742,-0.345627675295879,
0.));
#4706=CARTESIAN_POINT('Ctrl Pts',(-18.2175055666837,-0.42180717224279,0.));
#4707=CARTESIAN_POINT('',(-19.78810226163,0.289312002714486,1.));
#4708=CARTESIAN_POINT('',(-19.78810226163,0.289312002714486,0.));
#4709=CARTESIAN_POINT('Ctrl Pts',(-19.78810226163,0.289312002714486,1.));
#4710=CARTESIAN_POINT('Ctrl Pts',(-19.5347279248203,0.126562574547959,1.));
#4711=CARTESIAN_POINT('Ctrl Pts',(-19.0457462736303,-0.18752402600166,1.));
#4712=CARTESIAN_POINT('Ctrl Pts',(-18.4868162764742,-0.345627675295879,
1.));
#4713=CARTESIAN_POINT('Ctrl Pts',(-18.2175055666837,-0.42180717224279,1.));
#4714=CARTESIAN_POINT('Ctrl Pts',(-21.0619727297697,1.76782428985438,0.));
#4715=CARTESIAN_POINT('Ctrl Pts',(-21.0619727297697,1.76782428985438,1.));
#4716=CARTESIAN_POINT('Ctrl Pts',(-20.8880161199826,1.4740406315436,0.));
#4717=CARTESIAN_POINT('Ctrl Pts',(-20.8880161199826,1.4740406315436,1.));
#4718=CARTESIAN_POINT('Ctrl Pts',(-20.5510952357694,0.905037533319282,0.));
#4719=CARTESIAN_POINT('Ctrl Pts',(-20.5510952357694,0.905037533319282,1.));
#4720=CARTESIAN_POINT('Ctrl Pts',(-20.0368405853708,0.49004063529436,0.));
#4721=CARTESIAN_POINT('Ctrl Pts',(-20.0368405853708,0.49004063529436,1.));
#4722=CARTESIAN_POINT('Ctrl Pts',(-19.78810226163,0.289312002714486,0.));
#4723=CARTESIAN_POINT('Ctrl Pts',(-19.78810226163,0.289312002714486,1.));
#4724=CARTESIAN_POINT('',(-21.0619727297697,1.76782428985438,0.));
#4725=CARTESIAN_POINT('Ctrl Pts',(-21.0619727297697,1.76782428985438,0.));
#4726=CARTESIAN_POINT('Ctrl Pts',(-20.8880161199826,1.4740406315436,0.));
#4727=CARTESIAN_POINT('Ctrl Pts',(-20.5510952357694,0.905037533319282,0.));
#4728=CARTESIAN_POINT('Ctrl Pts',(-20.0368405853708,0.49004063529436,0.));
#4729=CARTESIAN_POINT('Ctrl Pts',(-19.78810226163,0.289312002714486,0.));
#4730=CARTESIAN_POINT('',(-21.0619727297697,1.76782428985438,1.));
#4731=CARTESIAN_POINT('',(-21.0619727297697,1.76782428985438,0.));
#4732=CARTESIAN_POINT('Ctrl Pts',(-21.0619727297697,1.76782428985438,1.));
#4733=CARTESIAN_POINT('Ctrl Pts',(-20.8880161199826,1.4740406315436,1.));
#4734=CARTESIAN_POINT('Ctrl Pts',(-20.5510952357694,0.905037533319282,1.));
#4735=CARTESIAN_POINT('Ctrl Pts',(-20.0368405853708,0.49004063529436,1.));
#4736=CARTESIAN_POINT('Ctrl Pts',(-19.78810226163,0.289312002714486,1.));
#4737=CARTESIAN_POINT('Ctrl Pts',(-21.5633383913908,4.0904718614181,0.));
#4738=CARTESIAN_POINT('Ctrl Pts',(-21.5633383913908,4.0904718614181,1.));
#4739=CARTESIAN_POINT('Ctrl Pts',(-21.5486723427642,3.66061113866596,0.));
#4740=CARTESIAN_POINT('Ctrl Pts',(-21.5486723427642,3.66061113866596,1.));
#4741=CARTESIAN_POINT('Ctrl Pts',(-21.5211877712373,2.85504052575611,0.));
#4742=CARTESIAN_POINT('Ctrl Pts',(-21.5211877712373,2.85504052575611,1.));
#4743=CARTESIAN_POINT('Ctrl Pts',(-21.2080274833532,2.11361675109248,0.));
#4744=CARTESIAN_POINT('Ctrl Pts',(-21.2080274833532,2.11361675109248,1.));
#4745=CARTESIAN_POINT('Ctrl Pts',(-21.0619727297697,1.76782428985438,0.));
#4746=CARTESIAN_POINT('Ctrl Pts',(-21.0619727297697,1.76782428985438,1.));
#4747=CARTESIAN_POINT('',(-21.5633383913908,4.0904718614181,0.));
#4748=CARTESIAN_POINT('Ctrl Pts',(-21.5633383913908,4.0904718614181,0.));
#4749=CARTESIAN_POINT('Ctrl Pts',(-21.5486723427642,3.66061113866596,0.));
#4750=CARTESIAN_POINT('Ctrl Pts',(-21.5211877712373,2.85504052575611,0.));
#4751=CARTESIAN_POINT('Ctrl Pts',(-21.2080274833532,2.11361675109248,0.));
#4752=CARTESIAN_POINT('Ctrl Pts',(-21.0619727297697,1.76782428985438,0.));
#4753=CARTESIAN_POINT('',(-21.5633383913908,4.0904718614181,1.));
#4754=CARTESIAN_POINT('',(-21.5633383913908,4.0904718614181,0.));
#4755=CARTESIAN_POINT('Ctrl Pts',(-21.5633383913908,4.0904718614181,1.));
#4756=CARTESIAN_POINT('Ctrl Pts',(-21.5486723427642,3.66061113866596,1.));
#4757=CARTESIAN_POINT('Ctrl Pts',(-21.5211877712373,2.85504052575611,1.));
#4758=CARTESIAN_POINT('Ctrl Pts',(-21.2080274833532,2.11361675109248,1.));
#4759=CARTESIAN_POINT('Ctrl Pts',(-21.0619727297697,1.76782428985438,1.));
#4760=CARTESIAN_POINT('Ctrl Pts',(-20.6936255618009,7.01168596511683,0.));
#4761=CARTESIAN_POINT('Ctrl Pts',(-20.6936255618009,7.01168596511683,1.));
#4762=CARTESIAN_POINT('Ctrl Pts',(-20.9470350162442,6.59093146908596,0.));
#4763=CARTESIAN_POINT('Ctrl Pts',(-20.9470350162442,6.59093146908596,1.));
#4764=CARTESIAN_POINT('Ctrl Pts',(-21.4869631562811,5.69444876699714,0.));
#4765=CARTESIAN_POINT('Ctrl Pts',(-21.4869631562811,5.69444876699714,1.));
#4766=CARTESIAN_POINT('Ctrl Pts',(-21.5368600611499,4.64655041415315,0.));
#4767=CARTESIAN_POINT('Ctrl Pts',(-21.5368600611499,4.64655041415315,1.));
#4768=CARTESIAN_POINT('Ctrl Pts',(-21.5633383913908,4.0904718614181,0.));
#4769=CARTESIAN_POINT('Ctrl Pts',(-21.5633383913908,4.0904718614181,1.));
#4770=CARTESIAN_POINT('',(-20.6936255618009,7.01168596511683,0.));
#4771=CARTESIAN_POINT('Ctrl Pts',(-20.6936255618009,7.01168596511683,0.));
#4772=CARTESIAN_POINT('Ctrl Pts',(-20.9470350162442,6.59093146908596,0.));
#4773=CARTESIAN_POINT('Ctrl Pts',(-21.4869631562811,5.69444876699714,0.));
#4774=CARTESIAN_POINT('Ctrl Pts',(-21.5368600611499,4.64655041415315,0.));
#4775=CARTESIAN_POINT('Ctrl Pts',(-21.5633383913908,4.0904718614181,0.));
#4776=CARTESIAN_POINT('',(-20.6936255618009,7.01168596511683,1.));
#4777=CARTESIAN_POINT('',(-20.6936255618009,7.01168596511683,0.));
#4778=CARTESIAN_POINT('Ctrl Pts',(-20.6936255618009,7.01168596511683,1.));
#4779=CARTESIAN_POINT('Ctrl Pts',(-20.9470350162442,6.59093146908596,1.));
#4780=CARTESIAN_POINT('Ctrl Pts',(-21.4869631562811,5.69444876699714,1.));
#4781=CARTESIAN_POINT('Ctrl Pts',(-21.5368600611499,4.64655041415315,1.));
#4782=CARTESIAN_POINT('Ctrl Pts',(-21.5633383913908,4.0904718614181,1.));
#4783=CARTESIAN_POINT('Ctrl Pts',(-18.5346881075773,8.47996651893458,0.));
#4784=CARTESIAN_POINT('Ctrl Pts',(-18.5346881075773,8.47996651893458,1.));
#4785=CARTESIAN_POINT('Ctrl Pts',(-18.949514198064,8.33100573822715,0.));
#4786=CARTESIAN_POINT('Ctrl Pts',(-18.949514198064,8.33100573822715,1.));
#4787=CARTESIAN_POINT('Ctrl Pts',(-19.7947433780792,8.0274905991865,0.));
#4788=CARTESIAN_POINT('Ctrl Pts',(-19.7947433780792,8.0274905991865,1.));
#4789=CARTESIAN_POINT('Ctrl Pts',(-20.3903393575923,7.35442224053053,0.));
#4790=CARTESIAN_POINT('Ctrl Pts',(-20.3903393575923,7.35442224053053,1.));
#4791=CARTESIAN_POINT('Ctrl Pts',(-20.6936255618009,7.01168596511683,0.));
#4792=CARTESIAN_POINT('Ctrl Pts',(-20.6936255618009,7.01168596511683,1.));
#4793=CARTESIAN_POINT('',(-18.5346881075773,8.47996651893458,0.));
#4794=CARTESIAN_POINT('Ctrl Pts',(-18.5346881075773,8.47996651893458,0.));
#4795=CARTESIAN_POINT('Ctrl Pts',(-18.949514198064,8.33100573822715,0.));
#4796=CARTESIAN_POINT('Ctrl Pts',(-19.7947433780792,8.0274905991865,0.));
#4797=CARTESIAN_POINT('Ctrl Pts',(-20.3903393575923,7.35442224053053,0.));
#4798=CARTESIAN_POINT('Ctrl Pts',(-20.6936255618009,7.01168596511683,0.));
#4799=CARTESIAN_POINT('',(-18.5346881075773,8.47996651893458,1.));
#4800=CARTESIAN_POINT('',(-18.5346881075773,8.47996651893458,0.));
#4801=CARTESIAN_POINT('Ctrl Pts',(-18.5346881075773,8.47996651893458,1.));
#4802=CARTESIAN_POINT('Ctrl Pts',(-18.949514198064,8.33100573822715,1.));
#4803=CARTESIAN_POINT('Ctrl Pts',(-19.7947433780792,8.0274905991865,1.));
#4804=CARTESIAN_POINT('Ctrl Pts',(-20.3903393575923,7.35442224053053,1.));
#4805=CARTESIAN_POINT('Ctrl Pts',(-20.6936255618009,7.01168596511683,1.));
#4806=CARTESIAN_POINT('Ctrl Pts',(-14.9330512209806,8.70506942039332,0.));
#4807=CARTESIAN_POINT('Ctrl Pts',(-14.9330512209806,8.70506942039332,1.));
#4808=CARTESIAN_POINT('Ctrl Pts',(-15.6954944424324,8.71087418947659,0.));
#4809=CARTESIAN_POINT('Ctrl Pts',(-15.6954944424324,8.71087418947659,1.));
#4810=CARTESIAN_POINT('Ctrl Pts',(-16.9024481273645,8.7200631851134,0.));
#4811=CARTESIAN_POINT('Ctrl Pts',(-16.9024481273645,8.7200631851134,1.));
#4812=CARTESIAN_POINT('Ctrl Pts',(-18.0953520488364,8.54459128264247,0.));
#4813=CARTESIAN_POINT('Ctrl Pts',(-18.0953520488364,8.54459128264247,1.));
#4814=CARTESIAN_POINT('Ctrl Pts',(-18.5346881075773,8.47996651893458,0.));
#4815=CARTESIAN_POINT('Ctrl Pts',(-18.5346881075773,8.47996651893458,1.));
#4816=CARTESIAN_POINT('',(-14.9330512209806,8.70506942039332,0.));
#4817=CARTESIAN_POINT('Ctrl Pts',(-14.9330512209806,8.70506942039332,0.));
#4818=CARTESIAN_POINT('Ctrl Pts',(-15.6954944424324,8.71087418947659,0.));
#4819=CARTESIAN_POINT('Ctrl Pts',(-16.9024481273645,8.7200631851134,0.));
#4820=CARTESIAN_POINT('Ctrl Pts',(-18.0953520488364,8.54459128264247,0.));
#4821=CARTESIAN_POINT('Ctrl Pts',(-18.5346881075773,8.47996651893458,0.));
#4822=CARTESIAN_POINT('',(-14.9330512209806,8.70506942039332,1.));
#4823=CARTESIAN_POINT('',(-14.9330512209806,8.70506942039332,0.));
#4824=CARTESIAN_POINT('Ctrl Pts',(-14.9330512209806,8.70506942039332,1.));
#4825=CARTESIAN_POINT('Ctrl Pts',(-15.6954944424324,8.71087418947659,1.));
#4826=CARTESIAN_POINT('Ctrl Pts',(-16.9024481273645,8.7200631851134,1.));
#4827=CARTESIAN_POINT('Ctrl Pts',(-18.0953520488364,8.54459128264247,1.));
#4828=CARTESIAN_POINT('Ctrl Pts',(-18.5346881075773,8.47996651893458,1.));
#4829=CARTESIAN_POINT('Origin',(-10.0728884859953,8.70506942039332,0.));
#4830=CARTESIAN_POINT('',(-10.0728884859953,8.70506942039332,0.));
#4831=CARTESIAN_POINT('',(-5.03644424299764,8.70506942039333,0.));
#4832=CARTESIAN_POINT('',(-10.0728884859953,8.70506942039332,1.));
#4833=CARTESIAN_POINT('',(-10.0728884859953,8.70506942039332,0.));
#4834=CARTESIAN_POINT('',(-10.0728884859953,8.70506942039332,1.));
#4835=CARTESIAN_POINT('Origin',(-10.0728884859953,-6.29493177169957,0.));
#4836=CARTESIAN_POINT('',(-10.0728884859953,-6.29493177169957,0.));
#4837=CARTESIAN_POINT('',(-10.0728884859953,-3.14746588584979,0.));
#4838=CARTESIAN_POINT('',(-10.0728884859953,-6.29493177169957,1.));
#4839=CARTESIAN_POINT('',(-10.0728884859953,-6.29493177169957,0.));
#4840=CARTESIAN_POINT('',(-10.0728884859953,-6.29493177169957,1.));
#4841=CARTESIAN_POINT('Origin',(-13.1015387698087,-6.29493177169957,0.));
#4842=CARTESIAN_POINT('',(-6.55076938490437,-6.29493177169957,0.));
#4843=CARTESIAN_POINT('',(-13.1015387698087,-6.29493177169957,1.));
#4844=CARTESIAN_POINT('Origin',(0.066947586926478,1.08978252265539,1.));
#4845=CARTESIAN_POINT('Ctrl Pts',(-29.9125949068937,-3.0514115118424,0.));
#4846=CARTESIAN_POINT('Ctrl Pts',(-29.9125949068937,-3.0514115118424,1.));
#4847=CARTESIAN_POINT('Ctrl Pts',(-29.9450123819508,-2.87361135749999,0.));
#4848=CARTESIAN_POINT('Ctrl Pts',(-29.9450123819508,-2.87361135749999,1.));
#4849=CARTESIAN_POINT('Ctrl Pts',(-30.0293952784333,-2.41079640994414,0.));
#4850=CARTESIAN_POINT('Ctrl Pts',(-30.0293952784333,-2.41079640994414,1.));
#4851=CARTESIAN_POINT('Ctrl Pts',(-30.0267605529291,-1.93973253888639,0.));
#4852=CARTESIAN_POINT('Ctrl Pts',(-30.0267605529291,-1.93973253888639,1.));
#4853=CARTESIAN_POINT('Ctrl Pts',(-30.0251380129728,-1.64963782066504,0.));
#4854=CARTESIAN_POINT('Ctrl Pts',(-30.0251380129728,-1.64963782066504,1.));
#4855=CARTESIAN_POINT('',(-29.9125949068937,-3.0514115118424,0.));
#4856=CARTESIAN_POINT('',(-30.0251380129728,-1.64963782066504,0.));
#4857=CARTESIAN_POINT('Ctrl Pts',(-29.9125949068937,-3.0514115118424,0.));
#4858=CARTESIAN_POINT('Ctrl Pts',(-29.9450123819508,-2.87361135749999,0.));
#4859=CARTESIAN_POINT('Ctrl Pts',(-30.0293952784333,-2.41079640994414,0.));
#4860=CARTESIAN_POINT('Ctrl Pts',(-30.0267605529291,-1.93973253888639,0.));
#4861=CARTESIAN_POINT('Ctrl Pts',(-30.0251380129728,-1.64963782066504,0.));
#4862=CARTESIAN_POINT('',(-29.9125949068937,-3.0514115118424,1.));
#4863=CARTESIAN_POINT('',(-29.9125949068937,-3.0514115118424,0.));
#4864=CARTESIAN_POINT('',(-30.0251380129728,-1.64963782066504,1.));
#4865=CARTESIAN_POINT('Ctrl Pts',(-29.9125949068937,-3.0514115118424,1.));
#4866=CARTESIAN_POINT('Ctrl Pts',(-29.9450123819508,-2.87361135749999,1.));
#4867=CARTESIAN_POINT('Ctrl Pts',(-30.0293952784333,-2.41079640994414,1.));
#4868=CARTESIAN_POINT('Ctrl Pts',(-30.0267605529291,-1.93973253888639,1.));
#4869=CARTESIAN_POINT('Ctrl Pts',(-30.0251380129728,-1.64963782066504,1.));
#4870=CARTESIAN_POINT('',(-30.0251380129728,-1.64963782066504,0.));
#4871=CARTESIAN_POINT('Ctrl Pts',(-29.2270556612882,-4.00298059219519,0.));
#4872=CARTESIAN_POINT('Ctrl Pts',(-29.2270556612882,-4.00298059219519,1.));
#4873=CARTESIAN_POINT('Ctrl Pts',(-29.3852341462465,-3.86892389118175,0.));
#4874=CARTESIAN_POINT('Ctrl Pts',(-29.3852341462465,-3.86892389118175,1.));
#4875=CARTESIAN_POINT('Ctrl Pts',(-29.6928904605508,-3.60818431871416,0.));
#4876=CARTESIAN_POINT('Ctrl Pts',(-29.6928904605508,-3.60818431871416,1.));
#4877=CARTESIAN_POINT('Ctrl Pts',(-29.8407539731258,-3.23347008647767,0.));
#4878=CARTESIAN_POINT('Ctrl Pts',(-29.8407539731258,-3.23347008647767,1.));
#4879=CARTESIAN_POINT('Ctrl Pts',(-29.9125949068937,-3.0514115118424,0.));
#4880=CARTESIAN_POINT('Ctrl Pts',(-29.9125949068937,-3.0514115118424,1.));
#4881=CARTESIAN_POINT('',(-29.2270556612882,-4.00298059219519,0.));
#4882=CARTESIAN_POINT('Ctrl Pts',(-29.2270556612882,-4.00298059219519,0.));
#4883=CARTESIAN_POINT('Ctrl Pts',(-29.3852341462465,-3.86892389118175,0.));
#4884=CARTESIAN_POINT('Ctrl Pts',(-29.6928904605508,-3.60818431871416,0.));
#4885=CARTESIAN_POINT('Ctrl Pts',(-29.8407539731258,-3.23347008647767,0.));
#4886=CARTESIAN_POINT('Ctrl Pts',(-29.9125949068937,-3.0514115118424,0.));
#4887=CARTESIAN_POINT('',(-29.2270556612882,-4.00298059219519,1.));
#4888=CARTESIAN_POINT('',(-29.2270556612882,-4.00298059219519,0.));
#4889=CARTESIAN_POINT('Ctrl Pts',(-29.2270556612882,-4.00298059219519,1.));
#4890=CARTESIAN_POINT('Ctrl Pts',(-29.3852341462465,-3.86892389118175,1.));
#4891=CARTESIAN_POINT('Ctrl Pts',(-29.6928904605508,-3.60818431871416,1.));
#4892=CARTESIAN_POINT('Ctrl Pts',(-29.8407539731258,-3.23347008647767,1.));
#4893=CARTESIAN_POINT('Ctrl Pts',(-29.9125949068937,-3.0514115118424,1.));
#4894=CARTESIAN_POINT('Ctrl Pts',(-27.743424527255,-4.51457679504553,0.));
#4895=CARTESIAN_POINT('Ctrl Pts',(-27.743424527255,-4.51457679504553,1.));
#4896=CARTESIAN_POINT('Ctrl Pts',(-28.0030468711485,-4.49075467506899,0.));
#4897=CARTESIAN_POINT('Ctrl Pts',(-28.0030468711485,-4.49075467506899,1.));
#4898=CARTESIAN_POINT('Ctrl Pts',(-28.5387699893282,-4.44159842678893,0.));
#4899=CARTESIAN_POINT('Ctrl Pts',(-28.5387699893282,-4.44159842678893,1.));
#4900=CARTESIAN_POINT('Ctrl Pts',(-28.9929701549095,-4.15215423055562,0.));
#4901=CARTESIAN_POINT('Ctrl Pts',(-28.9929701549095,-4.15215423055562,1.));
#4902=CARTESIAN_POINT('Ctrl Pts',(-29.2270556612882,-4.00298059219519,0.));
#4903=CARTESIAN_POINT('Ctrl Pts',(-29.2270556612882,-4.00298059219519,1.));
#4904=CARTESIAN_POINT('',(-27.743424527255,-4.51457679504553,0.));
#4905=CARTESIAN_POINT('Ctrl Pts',(-27.743424527255,-4.51457679504553,0.));
#4906=CARTESIAN_POINT('Ctrl Pts',(-28.0030468711485,-4.49075467506899,0.));
#4907=CARTESIAN_POINT('Ctrl Pts',(-28.5387699893282,-4.44159842678893,0.));
#4908=CARTESIAN_POINT('Ctrl Pts',(-28.9929701549095,-4.15215423055562,0.));
#4909=CARTESIAN_POINT('Ctrl Pts',(-29.2270556612882,-4.00298059219519,0.));
#4910=CARTESIAN_POINT('',(-27.743424527255,-4.51457679504553,1.));
#4911=CARTESIAN_POINT('',(-27.743424527255,-4.51457679504553,0.));
#4912=CARTESIAN_POINT('Ctrl Pts',(-27.743424527255,-4.51457679504553,1.));
#4913=CARTESIAN_POINT('Ctrl Pts',(-28.0030468711485,-4.49075467506899,1.));
#4914=CARTESIAN_POINT('Ctrl Pts',(-28.5387699893282,-4.44159842678893,1.));
#4915=CARTESIAN_POINT('Ctrl Pts',(-28.9929701549095,-4.15215423055562,1.));
#4916=CARTESIAN_POINT('Ctrl Pts',(-29.2270556612882,-4.00298059219519,1.));
#4917=CARTESIAN_POINT('Ctrl Pts',(-26.5974513216886,-4.07460391754309,0.));
#4918=CARTESIAN_POINT('Ctrl Pts',(-26.5974513216886,-4.07460391754309,1.));
#4919=CARTESIAN_POINT('Ctrl Pts',(-26.760835258374,-4.20290139463496,0.));
#4920=CARTESIAN_POINT('Ctrl Pts',(-26.760835258374,-4.20290139463496,1.));
#4921=CARTESIAN_POINT('Ctrl Pts',(-27.0970133102907,-4.46688570539153,0.));
#4922=CARTESIAN_POINT('Ctrl Pts',(-27.0970133102907,-4.46688570539153,1.));
#4923=CARTESIAN_POINT('Ctrl Pts',(-27.5239703772632,-4.4983858514673,0.));
#4924=CARTESIAN_POINT('Ctrl Pts',(-27.5239703772632,-4.4983858514673,1.));
#4925=CARTESIAN_POINT('Ctrl Pts',(-27.743424527255,-4.51457679504553,0.));
#4926=CARTESIAN_POINT('Ctrl Pts',(-27.743424527255,-4.51457679504553,1.));
#4927=CARTESIAN_POINT('',(-26.5974513216886,-4.07460391754309,0.));
#4928=CARTESIAN_POINT('Ctrl Pts',(-26.5974513216886,-4.07460391754309,0.));
#4929=CARTESIAN_POINT('Ctrl Pts',(-26.760835258374,-4.20290139463496,0.));
#4930=CARTESIAN_POINT('Ctrl Pts',(-27.0970133102907,-4.46688570539153,0.));
#4931=CARTESIAN_POINT('Ctrl Pts',(-27.5239703772632,-4.4983858514673,0.));
#4932=CARTESIAN_POINT('Ctrl Pts',(-27.743424527255,-4.51457679504553,0.));
#4933=CARTESIAN_POINT('',(-26.5974513216886,-4.07460391754309,1.));
#4934=CARTESIAN_POINT('',(-26.5974513216886,-4.07460391754309,0.));
#4935=CARTESIAN_POINT('Ctrl Pts',(-26.5974513216886,-4.07460391754309,1.));
#4936=CARTESIAN_POINT('Ctrl Pts',(-26.760835258374,-4.20290139463496,1.));
#4937=CARTESIAN_POINT('Ctrl Pts',(-27.0970133102907,-4.46688570539153,1.));
#4938=CARTESIAN_POINT('Ctrl Pts',(-27.5239703772632,-4.4983858514673,1.));
#4939=CARTESIAN_POINT('Ctrl Pts',(-27.743424527255,-4.51457679504553,1.));
#4940=CARTESIAN_POINT('Ctrl Pts',(-26.1472407503996,-3.03094804519812,0.));
#4941=CARTESIAN_POINT('Ctrl Pts',(-26.1472407503996,-3.03094804519812,1.));
#4942=CARTESIAN_POINT('Ctrl Pts',(-26.1668693541252,-3.22619728821159,0.));
#4943=CARTESIAN_POINT('Ctrl Pts',(-26.1668693541252,-3.22619728821159,1.));
#4944=CARTESIAN_POINT('Ctrl Pts',(-26.2065952752592,-3.621358153338,0.));
#4945=CARTESIAN_POINT('Ctrl Pts',(-26.2065952752592,-3.621358153338,1.));
#4946=CARTESIAN_POINT('Ctrl Pts',(-26.4661451902006,-3.92233827280053,0.));
#4947=CARTESIAN_POINT('Ctrl Pts',(-26.4661451902006,-3.92233827280053,1.));
#4948=CARTESIAN_POINT('Ctrl Pts',(-26.5974513216886,-4.07460391754309,0.));
#4949=CARTESIAN_POINT('Ctrl Pts',(-26.5974513216886,-4.07460391754309,1.));
#4950=CARTESIAN_POINT('',(-26.1472407503996,-3.03094804519812,0.));
#4951=CARTESIAN_POINT('Ctrl Pts',(-26.1472407503996,-3.03094804519812,0.));
#4952=CARTESIAN_POINT('Ctrl Pts',(-26.1668693541252,-3.22619728821159,0.));
#4953=CARTESIAN_POINT('Ctrl Pts',(-26.2065952752592,-3.621358153338,0.));
#4954=CARTESIAN_POINT('Ctrl Pts',(-26.4661451902006,-3.92233827280053,0.));
#4955=CARTESIAN_POINT('Ctrl Pts',(-26.5974513216886,-4.07460391754309,0.));
#4956=CARTESIAN_POINT('',(-26.1472407503996,-3.03094804519812,1.));
#4957=CARTESIAN_POINT('',(-26.1472407503996,-3.03094804519812,0.));
#4958=CARTESIAN_POINT('Ctrl Pts',(-26.1472407503996,-3.03094804519812,1.));
#4959=CARTESIAN_POINT('Ctrl Pts',(-26.1668693541252,-3.22619728821159,1.));
#4960=CARTESIAN_POINT('Ctrl Pts',(-26.2065952752592,-3.621358153338,1.));
#4961=CARTESIAN_POINT('Ctrl Pts',(-26.4661451902006,-3.92233827280053,1.));
#4962=CARTESIAN_POINT('Ctrl Pts',(-26.5974513216886,-4.07460391754309,1.));
#4963=CARTESIAN_POINT('Ctrl Pts',(-26.7099944277677,-2.01798737281958,0.));
#4964=CARTESIAN_POINT('Ctrl Pts',(-26.7099944277677,-2.01798737281958,1.));
#4965=CARTESIAN_POINT('Ctrl Pts',(-26.5459172563703,-2.15618553219537,0.));
#4966=CARTESIAN_POINT('Ctrl Pts',(-26.5459172563703,-2.15618553219537,1.));
#4967=CARTESIAN_POINT('Ctrl Pts',(-26.2287322260359,-2.42334266929409,0.));
#4968=CARTESIAN_POINT('Ctrl Pts',(-26.2287322260359,-2.42334266929409,1.));
#4969=CARTESIAN_POINT('Ctrl Pts',(-26.1737709949364,-2.83313693576921,0.));
#4970=CARTESIAN_POINT('Ctrl Pts',(-26.1737709949364,-2.83313693576921,1.));
#4971=CARTESIAN_POINT('Ctrl Pts',(-26.1472407503996,-3.03094804519812,0.));
#4972=CARTESIAN_POINT('Ctrl Pts',(-26.1472407503996,-3.03094804519812,1.));
#4973=CARTESIAN_POINT('',(-26.7099944277677,-2.01798737281958,0.));
#4974=CARTESIAN_POINT('Ctrl Pts',(-26.7099944277677,-2.01798737281958,0.));
#4975=CARTESIAN_POINT('Ctrl Pts',(-26.5459172563703,-2.15618553219537,0.));
#4976=CARTESIAN_POINT('Ctrl Pts',(-26.2287322260359,-2.42334266929409,0.));
#4977=CARTESIAN_POINT('Ctrl Pts',(-26.1737709949364,-2.83313693576921,0.));
#4978=CARTESIAN_POINT('Ctrl Pts',(-26.1472407503996,-3.03094804519812,0.));
#4979=CARTESIAN_POINT('',(-26.7099944277677,-2.01798737281958,1.));
#4980=CARTESIAN_POINT('',(-26.7099944277677,-2.01798737281958,0.));
#4981=CARTESIAN_POINT('Ctrl Pts',(-26.7099944277677,-2.01798737281958,1.));
#4982=CARTESIAN_POINT('Ctrl Pts',(-26.5459172563703,-2.15618553219537,1.));
#4983=CARTESIAN_POINT('Ctrl Pts',(-26.2287322260359,-2.42334266929409,1.));
#4984=CARTESIAN_POINT('Ctrl Pts',(-26.1737709949364,-2.83313693576921,1.));
#4985=CARTESIAN_POINT('Ctrl Pts',(-26.1472407503996,-3.03094804519812,1.));
#4986=CARTESIAN_POINT('Ctrl Pts',(-28.2754794283781,-1.51662290329138,0.));
#4987=CARTESIAN_POINT('Ctrl Pts',(-28.2754794283781,-1.51662290329138,1.));
#4988=CARTESIAN_POINT('Ctrl Pts',(-27.9401709060763,-1.58540849665623,0.));
#4989=CARTESIAN_POINT('Ctrl Pts',(-27.9401709060763,-1.58540849665623,1.));
#4990=CARTESIAN_POINT('Ctrl Pts',(-27.3991909095018,-1.69638578350668,0.));
#4991=CARTESIAN_POINT('Ctrl Pts',(-27.3991909095018,-1.69638578350668,1.));
#4992=CARTESIAN_POINT('Ctrl Pts',(-26.8998394384538,-1.92939949000543,0.));
#4993=CARTESIAN_POINT('Ctrl Pts',(-26.8998394384538,-1.92939949000543,1.));
#4994=CARTESIAN_POINT('Ctrl Pts',(-26.7099944277677,-2.01798737281958,0.));
#4995=CARTESIAN_POINT('Ctrl Pts',(-26.7099944277677,-2.01798737281958,1.));
#4996=CARTESIAN_POINT('',(-28.2754794283781,-1.51662290329138,0.));
#4997=CARTESIAN_POINT('Ctrl Pts',(-28.2754794283781,-1.51662290329138,0.));
#4998=CARTESIAN_POINT('Ctrl Pts',(-27.9401709060763,-1.58540849665623,0.));
#4999=CARTESIAN_POINT('Ctrl Pts',(-27.3991909095018,-1.69638578350668,0.));
#5000=CARTESIAN_POINT('Ctrl Pts',(-26.8998394384538,-1.92939949000543,0.));
#5001=CARTESIAN_POINT('Ctrl Pts',(-26.7099944277677,-2.01798737281958,0.));
#5002=CARTESIAN_POINT('',(-28.2754794283781,-1.51662290329138,1.));
#5003=CARTESIAN_POINT('',(-28.2754794283781,-1.51662290329138,0.));
#5004=CARTESIAN_POINT('Ctrl Pts',(-28.2754794283781,-1.51662290329138,1.));
#5005=CARTESIAN_POINT('Ctrl Pts',(-27.9401709060763,-1.58540849665623,1.));
#5006=CARTESIAN_POINT('Ctrl Pts',(-27.3991909095018,-1.69638578350668,1.));
#5007=CARTESIAN_POINT('Ctrl Pts',(-26.8998394384538,-1.92939949000543,1.));
#5008=CARTESIAN_POINT('Ctrl Pts',(-26.7099944277677,-2.01798737281958,1.));
#5009=CARTESIAN_POINT('Ctrl Pts',(-30.0251380129728,-1.07665002578894,0.));
#5010=CARTESIAN_POINT('Ctrl Pts',(-30.0251380129728,-1.07665002578894,1.));
#5011=CARTESIAN_POINT('Ctrl Pts',(-29.7878803671811,-1.14648186879877,0.));
#5012=CARTESIAN_POINT('Ctrl Pts',(-29.7878803671811,-1.14648186879877,1.));
#5013=CARTESIAN_POINT('Ctrl Pts',(-29.2106173724624,-1.31638719972316,0.));
#5014=CARTESIAN_POINT('Ctrl Pts',(-29.2106173724624,-1.31638719972316,1.));
#5015=CARTESIAN_POINT('Ctrl Pts',(-28.6221085311655,-1.44240120935527,0.));
#5016=CARTESIAN_POINT('Ctrl Pts',(-28.6221085311655,-1.44240120935527,1.));
#5017=CARTESIAN_POINT('Ctrl Pts',(-28.2754794283781,-1.51662290329138,0.));
#5018=CARTESIAN_POINT('Ctrl Pts',(-28.2754794283781,-1.51662290329138,1.));
#5019=CARTESIAN_POINT('',(-30.0251380129728,-1.07665002578894,0.));
#5020=CARTESIAN_POINT('Ctrl Pts',(-30.0251380129728,-1.07665002578894,0.));
#5021=CARTESIAN_POINT('Ctrl Pts',(-29.7878803671811,-1.14648186879877,0.));
#5022=CARTESIAN_POINT('Ctrl Pts',(-29.2106173724624,-1.31638719972316,0.));
#5023=CARTESIAN_POINT('Ctrl Pts',(-28.6221085311655,-1.44240120935527,0.));
#5024=CARTESIAN_POINT('Ctrl Pts',(-28.2754794283781,-1.51662290329138,0.));
#5025=CARTESIAN_POINT('',(-30.0251380129728,-1.07665002578894,1.));
#5026=CARTESIAN_POINT('',(-30.0251380129728,-1.07665002578894,0.));
#5027=CARTESIAN_POINT('Ctrl Pts',(-30.0251380129728,-1.07665002578894,1.));
#5028=CARTESIAN_POINT('Ctrl Pts',(-29.7878803671811,-1.14648186879877,1.));
#5029=CARTESIAN_POINT('Ctrl Pts',(-29.2106173724624,-1.31638719972316,1.));
#5030=CARTESIAN_POINT('Ctrl Pts',(-28.6221085311655,-1.44240120935527,1.));
#5031=CARTESIAN_POINT('Ctrl Pts',(-28.2754794283781,-1.51662290329138,1.));
#5032=CARTESIAN_POINT('Origin',(-30.0251380129728,-1.64963782066504,0.));
#5033=CARTESIAN_POINT('',(-30.0251380129728,-0.824818910332518,0.));
#5034=CARTESIAN_POINT('',(-30.0251380129728,-1.64963782066504,1.));
#5035=CARTESIAN_POINT('Ctrl Pts',(-28.0708399935636,2.61707424884638,0.));
#5036=CARTESIAN_POINT('Ctrl Pts',(-28.0708399935636,2.61707424884638,1.));
#5037=CARTESIAN_POINT('Ctrl Pts',(-27.8382192162383,2.61039202038246,0.));
#5038=CARTESIAN_POINT('Ctrl Pts',(-27.8382192162383,2.61039202038246,1.));
#5039=CARTESIAN_POINT('Ctrl Pts',(-27.4154143188209,2.59824659230552,0.));
#5040=CARTESIAN_POINT('Ctrl Pts',(-27.4154143188209,2.59824659230552,1.));
#5041=CARTESIAN_POINT('Ctrl Pts',(-27.0417787158553,2.40303935929722,0.));
#5042=CARTESIAN_POINT('Ctrl Pts',(-27.0417787158553,2.40303935929722,1.));
#5043=CARTESIAN_POINT('Ctrl Pts',(-26.8737116976652,2.31523215537867,0.));
#5044=CARTESIAN_POINT('Ctrl Pts',(-26.8737116976652,2.31523215537867,1.));
#5045=CARTESIAN_POINT('',(-28.0708399935636,2.61707424884638,0.));
#5046=CARTESIAN_POINT('',(-26.8737116976652,2.31523215537867,0.));
#5047=CARTESIAN_POINT('Ctrl Pts',(-28.0708399935636,2.61707424884638,0.));
#5048=CARTESIAN_POINT('Ctrl Pts',(-27.8382192162383,2.61039202038246,0.));
#5049=CARTESIAN_POINT('Ctrl Pts',(-27.4154143188209,2.59824659230552,0.));
#5050=CARTESIAN_POINT('Ctrl Pts',(-27.0417787158553,2.40303935929722,0.));
#5051=CARTESIAN_POINT('Ctrl Pts',(-26.8737116976652,2.31523215537867,0.));
#5052=CARTESIAN_POINT('',(-28.0708399935636,2.61707424884638,1.));
#5053=CARTESIAN_POINT('',(-28.0708399935636,2.61707424884638,0.));
#5054=CARTESIAN_POINT('',(-26.8737116976652,2.31523215537867,1.));
#5055=CARTESIAN_POINT('Ctrl Pts',(-28.0708399935636,2.61707424884638,1.));
#5056=CARTESIAN_POINT('Ctrl Pts',(-27.8382192162383,2.61039202038246,1.));
#5057=CARTESIAN_POINT('Ctrl Pts',(-27.4154143188209,2.59824659230552,1.));
#5058=CARTESIAN_POINT('Ctrl Pts',(-27.0417787158553,2.40303935929722,1.));
#5059=CARTESIAN_POINT('Ctrl Pts',(-26.8737116976652,2.31523215537867,1.));
#5060=CARTESIAN_POINT('',(-26.8737116976652,2.31523215537867,0.));
#5061=CARTESIAN_POINT('Ctrl Pts',(-29.6158686800871,2.2640728927215,0.));
#5062=CARTESIAN_POINT('Ctrl Pts',(-29.6158686800871,2.2640728927215,1.));
#5063=CARTESIAN_POINT('Ctrl Pts',(-29.4225221583185,2.36610860403278,0.));
#5064=CARTESIAN_POINT('Ctrl Pts',(-29.4225221583185,2.36610860403278,1.));
#5065=CARTESIAN_POINT('Ctrl Pts',(-28.9430497105011,2.61914295820533,0.));
#5066=CARTESIAN_POINT('Ctrl Pts',(-28.9430497105011,2.61914295820533,1.));
#5067=CARTESIAN_POINT('Ctrl Pts',(-28.3968096161312,2.61784738447631,0.));
#5068=CARTESIAN_POINT('Ctrl Pts',(-28.3968096161312,2.61784738447631,1.));
#5069=CARTESIAN_POINT('Ctrl Pts',(-28.0708399935636,2.61707424884638,0.));
#5070=CARTESIAN_POINT('Ctrl Pts',(-28.0708399935636,2.61707424884638,1.));
#5071=CARTESIAN_POINT('',(-29.6158686800871,2.2640728927215,0.));
#5072=CARTESIAN_POINT('Ctrl Pts',(-29.6158686800871,2.2640728927215,0.));
#5073=CARTESIAN_POINT('Ctrl Pts',(-29.4225221583185,2.36610860403278,0.));
#5074=CARTESIAN_POINT('Ctrl Pts',(-28.9430497105011,2.61914295820533,0.));
#5075=CARTESIAN_POINT('Ctrl Pts',(-28.3968096161312,2.61784738447631,0.));
#5076=CARTESIAN_POINT('Ctrl Pts',(-28.0708399935636,2.61707424884638,0.));
#5077=CARTESIAN_POINT('',(-29.6158686800871,2.2640728927215,1.));
#5078=CARTESIAN_POINT('',(-29.6158686800871,2.2640728927215,0.));
#5079=CARTESIAN_POINT('Ctrl Pts',(-29.6158686800871,2.2640728927215,1.));
#5080=CARTESIAN_POINT('Ctrl Pts',(-29.4225221583185,2.36610860403278,1.));
#5081=CARTESIAN_POINT('Ctrl Pts',(-28.9430497105011,2.61914295820533,1.));
#5082=CARTESIAN_POINT('Ctrl Pts',(-28.3968096161312,2.61784738447631,1.));
#5083=CARTESIAN_POINT('Ctrl Pts',(-28.0708399935636,2.61707424884638,1.));
#5084=CARTESIAN_POINT('Ctrl Pts',(-30.0251380129728,1.08228564029535,0.));
#5085=CARTESIAN_POINT('Ctrl Pts',(-30.0251380129728,1.08228564029535,1.));
#5086=CARTESIAN_POINT('Ctrl Pts',(-30.0179896584102,1.32904259636341,0.));
#5087=CARTESIAN_POINT('Ctrl Pts',(-30.0179896584102,1.32904259636341,1.));
#5088=CARTESIAN_POINT('Ctrl Pts',(-30.0052297994415,1.76950535340628,0.));
#5089=CARTESIAN_POINT('Ctrl Pts',(-30.0052297994415,1.76950535340628,1.));
#5090=CARTESIAN_POINT('Ctrl Pts',(-29.7347984291884,2.1130080060632,0.));
#5091=CARTESIAN_POINT('Ctrl Pts',(-29.7347984291884,2.1130080060632,1.));
#5092=CARTESIAN_POINT('Ctrl Pts',(-29.6158686800871,2.2640728927215,0.));
#5093=CARTESIAN_POINT('Ctrl Pts',(-29.6158686800871,2.2640728927215,1.));
#5094=CARTESIAN_POINT('',(-30.0251380129728,1.08228564029535,0.));
#5095=CARTESIAN_POINT('Ctrl Pts',(-30.0251380129728,1.08228564029535,0.));
#5096=CARTESIAN_POINT('Ctrl Pts',(-30.0179896584102,1.32904259636341,0.));
#5097=CARTESIAN_POINT('Ctrl Pts',(-30.0052297994415,1.76950535340628,0.));
#5098=CARTESIAN_POINT('Ctrl Pts',(-29.7347984291884,2.1130080060632,0.));
#5099=CARTESIAN_POINT('Ctrl Pts',(-29.6158686800871,2.2640728927215,0.));
#5100=CARTESIAN_POINT('',(-30.0251380129728,1.08228564029535,1.));
#5101=CARTESIAN_POINT('',(-30.0251380129728,1.08228564029535,0.));
#5102=CARTESIAN_POINT('Ctrl Pts',(-30.0251380129728,1.08228564029535,1.));
#5103=CARTESIAN_POINT('Ctrl Pts',(-30.0179896584102,1.32904259636341,1.));
#5104=CARTESIAN_POINT('Ctrl Pts',(-30.0052297994415,1.76950535340628,1.));
#5105=CARTESIAN_POINT('Ctrl Pts',(-29.7347984291884,2.1130080060632,1.));
#5106=CARTESIAN_POINT('Ctrl Pts',(-29.6158686800871,2.2640728927215,1.));
#5107=CARTESIAN_POINT('Origin',(-30.0251380129728,0.795791742857302,0.));
#5108=CARTESIAN_POINT('',(-30.0251380129728,0.795791742857302,0.));
#5109=CARTESIAN_POINT('',(-30.0251380129728,0.397895871428651,0.));
#5110=CARTESIAN_POINT('',(-30.0251380129728,0.795791742857302,1.));
#5111=CARTESIAN_POINT('',(-30.0251380129728,0.795791742857302,0.));
#5112=CARTESIAN_POINT('',(-30.0251380129728,0.795791742857302,1.));
#5113=CARTESIAN_POINT('Ctrl Pts',(-27.2318259402189,0.0897890306075477,
0.));
#5114=CARTESIAN_POINT('Ctrl Pts',(-27.2318259402189,0.0897890306075477,
1.));
#5115=CARTESIAN_POINT('Ctrl Pts',(-27.8046706729407,0.196054229836966,0.));
#5116=CARTESIAN_POINT('Ctrl Pts',(-27.8046706729407,0.196054229836966,1.));
#5117=CARTESIAN_POINT('Ctrl Pts',(-28.7514792150432,0.371691348608383,0.));
#5118=CARTESIAN_POINT('Ctrl Pts',(-28.7514792150432,0.371691348608383,1.));
#5119=CARTESIAN_POINT('Ctrl Pts',(-29.6645139467663,0.675711852621044,0.));
#5120=CARTESIAN_POINT('Ctrl Pts',(-29.6645139467663,0.675711852621044,1.));
#5121=CARTESIAN_POINT('Ctrl Pts',(-30.0251380129728,0.795791742857302,0.));
#5122=CARTESIAN_POINT('Ctrl Pts',(-30.0251380129728,0.795791742857302,1.));
#5123=CARTESIAN_POINT('',(-27.2318259402189,0.0897890306075477,0.));
#5124=CARTESIAN_POINT('Ctrl Pts',(-27.2318259402189,0.0897890306075477,
0.));
#5125=CARTESIAN_POINT('Ctrl Pts',(-27.8046706729407,0.196054229836966,0.));
#5126=CARTESIAN_POINT('Ctrl Pts',(-28.7514792150432,0.371691348608383,0.));
#5127=CARTESIAN_POINT('Ctrl Pts',(-29.6645139467663,0.675711852621044,0.));
#5128=CARTESIAN_POINT('Ctrl Pts',(-30.0251380129728,0.795791742857302,0.));
#5129=CARTESIAN_POINT('',(-27.2318259402189,0.0897890306075477,1.));
#5130=CARTESIAN_POINT('',(-27.2318259402189,0.0897890306075477,0.));
#5131=CARTESIAN_POINT('Ctrl Pts',(-27.2318259402189,0.0897890306075477,
1.));
#5132=CARTESIAN_POINT('Ctrl Pts',(-27.8046706729407,0.196054229836966,1.));
#5133=CARTESIAN_POINT('Ctrl Pts',(-28.7514792150432,0.371691348608383,1.));
#5134=CARTESIAN_POINT('Ctrl Pts',(-29.6645139467663,0.675711852621044,1.));
#5135=CARTESIAN_POINT('Ctrl Pts',(-30.0251380129728,0.795791742857302,1.));
#5136=CARTESIAN_POINT('Ctrl Pts',(-24.944991223422,-0.580402018968256,0.));
#5137=CARTESIAN_POINT('Ctrl Pts',(-24.944991223422,-0.580402018968256,1.));
#5138=CARTESIAN_POINT('Ctrl Pts',(-25.2650528063039,-0.451773655184073,
0.));
#5139=CARTESIAN_POINT('Ctrl Pts',(-25.2650528063039,-0.451773655184073,
1.));
#5140=CARTESIAN_POINT('Ctrl Pts',(-26.0049791851199,-0.154407384071857,
0.));
#5141=CARTESIAN_POINT('Ctrl Pts',(-26.0049791851199,-0.154407384071857,
1.));
#5142=CARTESIAN_POINT('Ctrl Pts',(-26.787685845272,0.00138563519517685,
0.));
#5143=CARTESIAN_POINT('Ctrl Pts',(-26.787685845272,0.00138563519517685,
1.));
#5144=CARTESIAN_POINT('Ctrl Pts',(-27.2318259402189,0.0897890306075477,
0.));
#5145=CARTESIAN_POINT('Ctrl Pts',(-27.2318259402189,0.0897890306075477,
1.));
#5146=CARTESIAN_POINT('',(-24.944991223422,-0.580402018968256,0.));
#5147=CARTESIAN_POINT('Ctrl Pts',(-24.944991223422,-0.580402018968256,0.));
#5148=CARTESIAN_POINT('Ctrl Pts',(-25.2650528063039,-0.451773655184073,
0.));
#5149=CARTESIAN_POINT('Ctrl Pts',(-26.0049791851199,-0.154407384071857,
0.));
#5150=CARTESIAN_POINT('Ctrl Pts',(-26.787685845272,0.00138563519517687,
0.));
#5151=CARTESIAN_POINT('Ctrl Pts',(-27.2318259402189,0.0897890306075477,
0.));
#5152=CARTESIAN_POINT('',(-24.944991223422,-0.580402018968256,1.));
#5153=CARTESIAN_POINT('',(-24.944991223422,-0.580402018968256,0.));
#5154=CARTESIAN_POINT('Ctrl Pts',(-24.944991223422,-0.580402018968256,1.));
#5155=CARTESIAN_POINT('Ctrl Pts',(-25.2650528063039,-0.451773655184073,
1.));
#5156=CARTESIAN_POINT('Ctrl Pts',(-26.0049791851199,-0.154407384071857,
1.));
#5157=CARTESIAN_POINT('Ctrl Pts',(-26.787685845272,0.00138563519517687,
1.));
#5158=CARTESIAN_POINT('Ctrl Pts',(-27.2318259402189,0.0897890306075477,
1.));
#5159=CARTESIAN_POINT('Ctrl Pts',(-23.7120429201994,-1.68544948333898,0.));
#5160=CARTESIAN_POINT('Ctrl Pts',(-23.7120429201994,-1.68544948333898,1.));
#5161=CARTESIAN_POINT('Ctrl Pts',(-23.8748450955868,-1.45837824876907,0.));
#5162=CARTESIAN_POINT('Ctrl Pts',(-23.8748450955868,-1.45837824876907,1.));
#5163=CARTESIAN_POINT('Ctrl Pts',(-24.2041013768178,-0.999142184563455,
0.));
#5164=CARTESIAN_POINT('Ctrl Pts',(-24.2041013768178,-0.999142184563455,
1.));
#5165=CARTESIAN_POINT('Ctrl Pts',(-24.696208546761,-0.721010369453479,0.));
#5166=CARTESIAN_POINT('Ctrl Pts',(-24.696208546761,-0.721010369453479,1.));
#5167=CARTESIAN_POINT('Ctrl Pts',(-24.944991223422,-0.580402018968256,0.));
#5168=CARTESIAN_POINT('Ctrl Pts',(-24.944991223422,-0.580402018968256,1.));
#5169=CARTESIAN_POINT('',(-23.7120429201994,-1.68544948333898,0.));
#5170=CARTESIAN_POINT('Ctrl Pts',(-23.7120429201994,-1.68544948333898,0.));
#5171=CARTESIAN_POINT('Ctrl Pts',(-23.8748450955868,-1.45837824876907,0.));
#5172=CARTESIAN_POINT('Ctrl Pts',(-24.2041013768178,-0.999142184563455,
0.));
#5173=CARTESIAN_POINT('Ctrl Pts',(-24.696208546761,-0.721010369453479,0.));
#5174=CARTESIAN_POINT('Ctrl Pts',(-24.944991223422,-0.580402018968256,0.));
#5175=CARTESIAN_POINT('',(-23.7120429201994,-1.68544948333898,1.));
#5176=CARTESIAN_POINT('',(-23.7120429201994,-1.68544948333898,0.));
#5177=CARTESIAN_POINT('Ctrl Pts',(-23.7120429201994,-1.68544948333898,1.));
#5178=CARTESIAN_POINT('Ctrl Pts',(-23.8748450955868,-1.45837824876907,1.));
#5179=CARTESIAN_POINT('Ctrl Pts',(-24.2041013768178,-0.999142184563455,
1.));
#5180=CARTESIAN_POINT('Ctrl Pts',(-24.696208546761,-0.721010369453479,1.));
#5181=CARTESIAN_POINT('Ctrl Pts',(-24.944991223422,-0.580402018968256,1.));
#5182=CARTESIAN_POINT('Ctrl Pts',(-23.2720748110685,-3.32767427200475,0.));
#5183=CARTESIAN_POINT('Ctrl Pts',(-23.2720748110685,-3.32767427200475,1.));
#5184=CARTESIAN_POINT('Ctrl Pts',(-23.2886782067511,-3.03190057405448,0.));
#5185=CARTESIAN_POINT('Ctrl Pts',(-23.2886782067511,-3.03190057405448,1.));
#5186=CARTESIAN_POINT('Ctrl Pts',(-23.3211464602116,-2.45350952829601,0.));
#5187=CARTESIAN_POINT('Ctrl Pts',(-23.3211464602116,-2.45350952829601,1.));
#5188=CARTESIAN_POINT('Ctrl Pts',(-23.5837350876454,-1.93755747030531,0.));
#5189=CARTESIAN_POINT('Ctrl Pts',(-23.5837350876454,-1.93755747030531,1.));
#5190=CARTESIAN_POINT('Ctrl Pts',(-23.7120429201994,-1.68544948333898,0.));
#5191=CARTESIAN_POINT('Ctrl Pts',(-23.7120429201994,-1.68544948333898,1.));
#5192=CARTESIAN_POINT('',(-23.2720748110685,-3.32767427200475,0.));
#5193=CARTESIAN_POINT('Ctrl Pts',(-23.2720748110685,-3.32767427200475,0.));
#5194=CARTESIAN_POINT('Ctrl Pts',(-23.2886782067511,-3.03190057405448,0.));
#5195=CARTESIAN_POINT('Ctrl Pts',(-23.3211464602116,-2.45350952829601,0.));
#5196=CARTESIAN_POINT('Ctrl Pts',(-23.5837350876454,-1.93755747030531,0.));
#5197=CARTESIAN_POINT('Ctrl Pts',(-23.7120429201994,-1.68544948333898,0.));
#5198=CARTESIAN_POINT('',(-23.2720748110685,-3.32767427200475,1.));
#5199=CARTESIAN_POINT('',(-23.2720748110685,-3.32767427200475,0.));
#5200=CARTESIAN_POINT('Ctrl Pts',(-23.2720748110685,-3.32767427200475,1.));
#5201=CARTESIAN_POINT('Ctrl Pts',(-23.2886782067511,-3.03190057405448,1.));
#5202=CARTESIAN_POINT('Ctrl Pts',(-23.3211464602116,-2.45350952829601,1.));
#5203=CARTESIAN_POINT('Ctrl Pts',(-23.5837350876454,-1.93755747030531,1.));
#5204=CARTESIAN_POINT('Ctrl Pts',(-23.7120429201994,-1.68544948333898,1.));
#5205=CARTESIAN_POINT('Ctrl Pts',(-24.2389861269865,-5.62985718483129,0.));
#5206=CARTESIAN_POINT('Ctrl Pts',(-24.2389861269865,-5.62985718483129,1.));
#5207=CARTESIAN_POINT('Ctrl Pts',(-23.9569841731614,-5.30328534840789,0.));
#5208=CARTESIAN_POINT('Ctrl Pts',(-23.9569841731614,-5.30328534840789,1.));
#5209=CARTESIAN_POINT('Ctrl Pts',(-23.3854386028656,-4.64140806720666,0.));
#5210=CARTESIAN_POINT('Ctrl Pts',(-23.3854386028656,-4.64140806720666,1.));
#5211=CARTESIAN_POINT('Ctrl Pts',(-23.3101936990516,-3.76942088778908,0.));
#5212=CARTESIAN_POINT('Ctrl Pts',(-23.3101936990516,-3.76942088778908,1.));
#5213=CARTESIAN_POINT('Ctrl Pts',(-23.2720748110685,-3.32767427200475,0.));
#5214=CARTESIAN_POINT('Ctrl Pts',(-23.2720748110685,-3.32767427200475,1.));
#5215=CARTESIAN_POINT('',(-24.2389861269865,-5.62985718483129,0.));
#5216=CARTESIAN_POINT('Ctrl Pts',(-24.2389861269865,-5.62985718483129,0.));
#5217=CARTESIAN_POINT('Ctrl Pts',(-23.9569841731614,-5.30328534840789,0.));
#5218=CARTESIAN_POINT('Ctrl Pts',(-23.3854386028656,-4.64140806720666,0.));
#5219=CARTESIAN_POINT('Ctrl Pts',(-23.3101936990516,-3.76942088778908,0.));
#5220=CARTESIAN_POINT('Ctrl Pts',(-23.2720748110685,-3.32767427200475,0.));
#5221=CARTESIAN_POINT('',(-24.2389861269865,-5.62985718483129,1.));
#5222=CARTESIAN_POINT('',(-24.2389861269865,-5.62985718483129,0.));
#5223=CARTESIAN_POINT('Ctrl Pts',(-24.2389861269865,-5.62985718483129,1.));
#5224=CARTESIAN_POINT('Ctrl Pts',(-23.9569841731614,-5.30328534840789,1.));
#5225=CARTESIAN_POINT('Ctrl Pts',(-23.3854386028656,-4.64140806720666,1.));
#5226=CARTESIAN_POINT('Ctrl Pts',(-23.3101936990516,-3.76942088778908,1.));
#5227=CARTESIAN_POINT('Ctrl Pts',(-23.2720748110685,-3.32767427200475,1.));
#5228=CARTESIAN_POINT('Ctrl Pts',(-26.8839446230802,-6.54049813980261,0.));
#5229=CARTESIAN_POINT('Ctrl Pts',(-26.8839446230802,-6.54049813980261,1.));
#5230=CARTESIAN_POINT('Ctrl Pts',(-26.3663682773668,-6.5133959741372,0.));
#5231=CARTESIAN_POINT('Ctrl Pts',(-26.3663682773668,-6.5133959741372,1.));
#5232=CARTESIAN_POINT('Ctrl Pts',(-25.3941318124533,-6.46248616352422,0.));
#5233=CARTESIAN_POINT('Ctrl Pts',(-25.3941318124533,-6.46248616352422,1.));
#5234=CARTESIAN_POINT('Ctrl Pts',(-24.6070567222175,-5.89516245987133,0.));
#5235=CARTESIAN_POINT('Ctrl Pts',(-24.6070567222175,-5.89516245987133,1.));
#5236=CARTESIAN_POINT('Ctrl Pts',(-24.2389861269865,-5.62985718483129,0.));
#5237=CARTESIAN_POINT('Ctrl Pts',(-24.2389861269865,-5.62985718483129,1.));
#5238=CARTESIAN_POINT('',(-26.8839446230802,-6.54049813980261,0.));
#5239=CARTESIAN_POINT('Ctrl Pts',(-26.8839446230802,-6.54049813980261,0.));
#5240=CARTESIAN_POINT('Ctrl Pts',(-26.3663682773668,-6.5133959741372,0.));
#5241=CARTESIAN_POINT('Ctrl Pts',(-25.3941318124533,-6.46248616352422,0.));
#5242=CARTESIAN_POINT('Ctrl Pts',(-24.6070567222175,-5.89516245987133,0.));
#5243=CARTESIAN_POINT('Ctrl Pts',(-24.2389861269865,-5.62985718483129,0.));
#5244=CARTESIAN_POINT('',(-26.8839446230802,-6.54049813980261,1.));
#5245=CARTESIAN_POINT('',(-26.8839446230802,-6.54049813980261,0.));
#5246=CARTESIAN_POINT('Ctrl Pts',(-26.8839446230802,-6.54049813980261,1.));
#5247=CARTESIAN_POINT('Ctrl Pts',(-26.3663682773668,-6.5133959741372,1.));
#5248=CARTESIAN_POINT('Ctrl Pts',(-25.3941318124533,-6.46248616352422,1.));
#5249=CARTESIAN_POINT('Ctrl Pts',(-24.6070567222175,-5.89516245987133,1.));
#5250=CARTESIAN_POINT('Ctrl Pts',(-24.2389861269865,-5.62985718483129,1.));
#5251=CARTESIAN_POINT('Ctrl Pts',(-28.674525372592,-6.18238032097021,0.));
#5252=CARTESIAN_POINT('Ctrl Pts',(-28.674525372592,-6.18238032097021,1.));
#5253=CARTESIAN_POINT('Ctrl Pts',(-28.3884771417939,-6.28682830026703,0.));
#5254=CARTESIAN_POINT('Ctrl Pts',(-28.3884771417939,-6.28682830026703,1.));
#5255=CARTESIAN_POINT('Ctrl Pts',(-27.8100874568182,-6.49802217366836,0.));
#5256=CARTESIAN_POINT('Ctrl Pts',(-27.8100874568182,-6.49802217366836,1.));
#5257=CARTESIAN_POINT('Ctrl Pts',(-27.1948901384254,-6.52623715251397,0.));
#5258=CARTESIAN_POINT('Ctrl Pts',(-27.1948901384254,-6.52623715251397,1.));
#5259=CARTESIAN_POINT('Ctrl Pts',(-26.8839446230802,-6.54049813980261,0.));
#5260=CARTESIAN_POINT('Ctrl Pts',(-26.8839446230802,-6.54049813980261,1.));
#5261=CARTESIAN_POINT('',(-28.674525372592,-6.18238032097021,0.));
#5262=CARTESIAN_POINT('Ctrl Pts',(-28.674525372592,-6.18238032097021,0.));
#5263=CARTESIAN_POINT('Ctrl Pts',(-28.3884771417939,-6.28682830026703,0.));
#5264=CARTESIAN_POINT('Ctrl Pts',(-27.8100874568182,-6.49802217366836,0.));
#5265=CARTESIAN_POINT('Ctrl Pts',(-27.1948901384254,-6.52623715251397,0.));
#5266=CARTESIAN_POINT('Ctrl Pts',(-26.8839446230802,-6.54049813980261,0.));
#5267=CARTESIAN_POINT('',(-28.674525372592,-6.18238032097021,1.));
#5268=CARTESIAN_POINT('',(-28.674525372592,-6.18238032097021,0.));
#5269=CARTESIAN_POINT('Ctrl Pts',(-28.674525372592,-6.18238032097021,1.));
#5270=CARTESIAN_POINT('Ctrl Pts',(-28.3884771417939,-6.28682830026703,1.));
#5271=CARTESIAN_POINT('Ctrl Pts',(-27.8100874568182,-6.49802217366836,1.));
#5272=CARTESIAN_POINT('Ctrl Pts',(-27.1948901384254,-6.52623715251397,1.));
#5273=CARTESIAN_POINT('Ctrl Pts',(-26.8839446230802,-6.54049813980261,1.));
#5274=CARTESIAN_POINT('Ctrl Pts',(-30.2502432986173,-5.10802924865881,0.));
#5275=CARTESIAN_POINT('Ctrl Pts',(-30.2502432986173,-5.10802924865881,1.));
#5276=CARTESIAN_POINT('Ctrl Pts',(-30.0049359902591,-5.32989157667672,0.));
#5277=CARTESIAN_POINT('Ctrl Pts',(-30.0049359902591,-5.32989157667672,1.));
#5278=CARTESIAN_POINT('Ctrl Pts',(-29.5288232668977,-5.76050034210997,0.));
#5279=CARTESIAN_POINT('Ctrl Pts',(-29.5288232668977,-5.76050034210997,1.));
#5280=CARTESIAN_POINT('Ctrl Pts',(-28.9534495779995,-6.04463851139149,0.));
#5281=CARTESIAN_POINT('Ctrl Pts',(-28.9534495779995,-6.04463851139149,1.));
#5282=CARTESIAN_POINT('Ctrl Pts',(-28.674525372592,-6.18238032097021,0.));
#5283=CARTESIAN_POINT('Ctrl Pts',(-28.674525372592,-6.18238032097021,1.));
#5284=CARTESIAN_POINT('',(-30.2502432986173,-5.10802924865881,0.));
#5285=CARTESIAN_POINT('Ctrl Pts',(-30.2502432986173,-5.10802924865881,0.));
#5286=CARTESIAN_POINT('Ctrl Pts',(-30.0049359902591,-5.32989157667672,0.));
#5287=CARTESIAN_POINT('Ctrl Pts',(-29.5288232668977,-5.76050034210997,0.));
#5288=CARTESIAN_POINT('Ctrl Pts',(-28.9534495779995,-6.04463851139149,0.));
#5289=CARTESIAN_POINT('Ctrl Pts',(-28.674525372592,-6.18238032097021,0.));
#5290=CARTESIAN_POINT('',(-30.2502432986173,-5.10802924865881,1.));
#5291=CARTESIAN_POINT('',(-30.2502432986173,-5.10802924865881,0.));
#5292=CARTESIAN_POINT('Ctrl Pts',(-30.2502432986173,-5.10802924865881,1.));
#5293=CARTESIAN_POINT('Ctrl Pts',(-30.0049359902591,-5.32989157667672,1.));
#5294=CARTESIAN_POINT('Ctrl Pts',(-29.5288232668977,-5.76050034210997,1.));
#5295=CARTESIAN_POINT('Ctrl Pts',(-28.9534495779995,-6.04463851139149,1.));
#5296=CARTESIAN_POINT('Ctrl Pts',(-28.674525372592,-6.18238032097021,1.));
#5297=CARTESIAN_POINT('Ctrl Pts',(-30.3525630160246,-5.44568240875403,0.));
#5298=CARTESIAN_POINT('Ctrl Pts',(-30.3525630160246,-5.44568240875403,1.));
#5299=CARTESIAN_POINT('Ctrl Pts',(-30.3328539539431,-5.37467990158903,0.));
#5300=CARTESIAN_POINT('Ctrl Pts',(-30.3328539539431,-5.37467990158903,1.));
#5301=CARTESIAN_POINT('Ctrl Pts',(-30.301386302743,-5.26131671258654,0.));
#5302=CARTESIAN_POINT('Ctrl Pts',(-30.301386302743,-5.26131671258654,1.));
#5303=CARTESIAN_POINT('Ctrl Pts',(-30.2641554401169,-5.14972716853515,0.));
#5304=CARTESIAN_POINT('Ctrl Pts',(-30.2641554401169,-5.14972716853515,1.));
#5305=CARTESIAN_POINT('Ctrl Pts',(-30.2502432986173,-5.10802924865881,0.));
#5306=CARTESIAN_POINT('Ctrl Pts',(-30.2502432986173,-5.10802924865881,1.));
#5307=CARTESIAN_POINT('',(-30.3525630160246,-5.44568240875403,0.));
#5308=CARTESIAN_POINT('Ctrl Pts',(-30.3525630160246,-5.44568240875403,0.));
#5309=CARTESIAN_POINT('Ctrl Pts',(-30.3328539539431,-5.37467990158903,0.));
#5310=CARTESIAN_POINT('Ctrl Pts',(-30.301386302743,-5.26131671258654,0.));
#5311=CARTESIAN_POINT('Ctrl Pts',(-30.2641554401169,-5.14972716853515,0.));
#5312=CARTESIAN_POINT('Ctrl Pts',(-30.2502432986173,-5.10802924865881,0.));
#5313=CARTESIAN_POINT('',(-30.3525630160246,-5.44568240875403,1.));
#5314=CARTESIAN_POINT('',(-30.3525630160246,-5.44568240875403,0.));
#5315=CARTESIAN_POINT('Ctrl Pts',(-30.3525630160246,-5.44568240875403,1.));
#5316=CARTESIAN_POINT('Ctrl Pts',(-30.3328539539431,-5.37467990158903,1.));
#5317=CARTESIAN_POINT('Ctrl Pts',(-30.301386302743,-5.26131671258654,1.));
#5318=CARTESIAN_POINT('Ctrl Pts',(-30.2641554401169,-5.14972716853515,1.));
#5319=CARTESIAN_POINT('Ctrl Pts',(-30.2502432986173,-5.10802924865881,1.));
#5320=CARTESIAN_POINT('Ctrl Pts',(-30.6288233920011,-6.29493177169958,0.));
#5321=CARTESIAN_POINT('Ctrl Pts',(-30.6288233920011,-6.29493177169958,1.));
#5322=CARTESIAN_POINT('Ctrl Pts',(-30.585978822347,-6.17676193850909,0.));
#5323=CARTESIAN_POINT('Ctrl Pts',(-30.585978822347,-6.17676193850909,1.));
#5324=CARTESIAN_POINT('Ctrl Pts',(-30.4844661850424,-5.89677939897461,0.));
#5325=CARTESIAN_POINT('Ctrl Pts',(-30.4844661850424,-5.89677939897461,1.));
#5326=CARTESIAN_POINT('Ctrl Pts',(-30.4008741034644,-5.61090198839455,0.));
#5327=CARTESIAN_POINT('Ctrl Pts',(-30.4008741034644,-5.61090198839455,1.));
#5328=CARTESIAN_POINT('Ctrl Pts',(-30.3525630160246,-5.44568240875403,0.));
#5329=CARTESIAN_POINT('Ctrl Pts',(-30.3525630160246,-5.44568240875403,1.));
#5330=CARTESIAN_POINT('',(-30.6288233920011,-6.29493177169958,0.));
#5331=CARTESIAN_POINT('Ctrl Pts',(-30.6288233920011,-6.29493177169958,0.));
#5332=CARTESIAN_POINT('Ctrl Pts',(-30.585978822347,-6.17676193850909,0.));
#5333=CARTESIAN_POINT('Ctrl Pts',(-30.4844661850424,-5.89677939897461,0.));
#5334=CARTESIAN_POINT('Ctrl Pts',(-30.4008741034644,-5.61090198839455,0.));
#5335=CARTESIAN_POINT('Ctrl Pts',(-30.3525630160246,-5.44568240875403,0.));
#5336=CARTESIAN_POINT('',(-30.6288233920011,-6.29493177169958,1.));
#5337=CARTESIAN_POINT('',(-30.6288233920011,-6.29493177169958,0.));
#5338=CARTESIAN_POINT('Ctrl Pts',(-30.6288233920011,-6.29493177169958,1.));
#5339=CARTESIAN_POINT('Ctrl Pts',(-30.585978822347,-6.17676193850909,1.));
#5340=CARTESIAN_POINT('Ctrl Pts',(-30.4844661850424,-5.89677939897461,1.));
#5341=CARTESIAN_POINT('Ctrl Pts',(-30.4008741034644,-5.61090198839455,1.));
#5342=CARTESIAN_POINT('Ctrl Pts',(-30.3525630160246,-5.44568240875403,1.));
#5343=CARTESIAN_POINT('Origin',(-33.4733000918302,-6.29493177169958,0.));
#5344=CARTESIAN_POINT('',(-33.4733000918302,-6.29493177169958,0.));
#5345=CARTESIAN_POINT('',(-16.7366500459151,-6.29493177169958,0.));
#5346=CARTESIAN_POINT('',(-33.4733000918302,-6.29493177169958,1.));
#5347=CARTESIAN_POINT('',(-33.4733000918302,-6.29493177169958,0.));
#5348=CARTESIAN_POINT('',(-33.4733000918302,-6.29493177169958,1.));
#5349=CARTESIAN_POINT('Ctrl Pts',(-32.9565898104582,-4.83688295120398,0.));
#5350=CARTESIAN_POINT('Ctrl Pts',(-32.9565898104582,-4.83688295120398,1.));
#5351=CARTESIAN_POINT('Ctrl Pts',(-33.0158353400108,-5.07418650186282,0.));
#5352=CARTESIAN_POINT('Ctrl Pts',(-33.0158353400108,-5.07418650186282,1.));
#5353=CARTESIAN_POINT('Ctrl Pts',(-33.1412699263958,-5.57660538391781,0.));
#5354=CARTESIAN_POINT('Ctrl Pts',(-33.1412699263958,-5.57660538391781,1.));
#5355=CARTESIAN_POINT('Ctrl Pts',(-33.3586129732628,-6.04681340119585,0.));
#5356=CARTESIAN_POINT('Ctrl Pts',(-33.3586129732628,-6.04681340119585,1.));
#5357=CARTESIAN_POINT('Ctrl Pts',(-33.4733000918302,-6.29493177169958,0.));
#5358=CARTESIAN_POINT('Ctrl Pts',(-33.4733000918302,-6.29493177169958,1.));
#5359=CARTESIAN_POINT('',(-32.9565898104582,-4.83688295120398,0.));
#5360=CARTESIAN_POINT('Ctrl Pts',(-32.9565898104582,-4.83688295120398,0.));
#5361=CARTESIAN_POINT('Ctrl Pts',(-33.0158353400108,-5.07418650186282,0.));
#5362=CARTESIAN_POINT('Ctrl Pts',(-33.1412699263958,-5.57660538391781,0.));
#5363=CARTESIAN_POINT('Ctrl Pts',(-33.3586129732628,-6.04681340119585,0.));
#5364=CARTESIAN_POINT('Ctrl Pts',(-33.4733000918302,-6.29493177169958,0.));
#5365=CARTESIAN_POINT('',(-32.9565898104582,-4.83688295120398,1.));
#5366=CARTESIAN_POINT('',(-32.9565898104582,-4.83688295120398,0.));
#5367=CARTESIAN_POINT('Ctrl Pts',(-32.9565898104582,-4.83688295120398,1.));
#5368=CARTESIAN_POINT('Ctrl Pts',(-33.0158353400108,-5.07418650186282,1.));
#5369=CARTESIAN_POINT('Ctrl Pts',(-33.1412699263958,-5.57660538391781,1.));
#5370=CARTESIAN_POINT('Ctrl Pts',(-33.3586129732628,-6.04681340119585,1.));
#5371=CARTESIAN_POINT('Ctrl Pts',(-33.4733000918302,-6.29493177169958,1.));
#5372=CARTESIAN_POINT('Ctrl Pts',(-32.8184596224699,-2.72399008506933,0.));
#5373=CARTESIAN_POINT('Ctrl Pts',(-32.8184596224699,-2.72399008506933,1.));
#5374=CARTESIAN_POINT('Ctrl Pts',(-32.8189149580884,-3.13962052407673,0.));
#5375=CARTESIAN_POINT('Ctrl Pts',(-32.8189149580884,-3.13962052407673,1.));
#5376=CARTESIAN_POINT('Ctrl Pts',(-32.8196901757731,-3.84723937387933,0.));
#5377=CARTESIAN_POINT('Ctrl Pts',(-32.8196901757731,-3.84723937387933,1.));
#5378=CARTESIAN_POINT('Ctrl Pts',(-32.9166009985059,-4.54780496349119,0.));
#5379=CARTESIAN_POINT('Ctrl Pts',(-32.9166009985059,-4.54780496349119,1.));
#5380=CARTESIAN_POINT('Ctrl Pts',(-32.9565898104582,-4.83688295120398,0.));
#5381=CARTESIAN_POINT('Ctrl Pts',(-32.9565898104582,-4.83688295120398,1.));
#5382=CARTESIAN_POINT('',(-32.8184596224699,-2.72399008506933,0.));
#5383=CARTESIAN_POINT('Ctrl Pts',(-32.8184596224699,-2.72399008506933,0.));
#5384=CARTESIAN_POINT('Ctrl Pts',(-32.8189149580884,-3.13962052407673,0.));
#5385=CARTESIAN_POINT('Ctrl Pts',(-32.8196901757731,-3.84723937387933,0.));
#5386=CARTESIAN_POINT('Ctrl Pts',(-32.9166009985059,-4.54780496349119,0.));
#5387=CARTESIAN_POINT('Ctrl Pts',(-32.9565898104582,-4.83688295120398,0.));
#5388=CARTESIAN_POINT('',(-32.8184596224699,-2.72399008506933,1.));
#5389=CARTESIAN_POINT('',(-32.8184596224699,-2.72399008506933,0.));
#5390=CARTESIAN_POINT('Ctrl Pts',(-32.8184596224699,-2.72399008506933,1.));
#5391=CARTESIAN_POINT('Ctrl Pts',(-32.8189149580884,-3.13962052407673,1.));
#5392=CARTESIAN_POINT('Ctrl Pts',(-32.8196901757731,-3.84723937387933,1.));
#5393=CARTESIAN_POINT('Ctrl Pts',(-32.9166009985059,-4.54780496349119,1.));
#5394=CARTESIAN_POINT('Ctrl Pts',(-32.9565898104582,-4.83688295120398,1.));
#5395=CARTESIAN_POINT('Origin',(-32.8491488619718,0.632081625517213,0.));
#5396=CARTESIAN_POINT('',(-32.8491488619718,0.632081625517213,0.));
#5397=CARTESIAN_POINT('',(-32.8448857952434,0.165887028331197,0.));
#5398=CARTESIAN_POINT('',(-32.8491488619718,0.632081625517213,1.));
#5399=CARTESIAN_POINT('',(-32.8491488619718,0.632081625517213,0.));
#5400=CARTESIAN_POINT('',(-32.8491488619718,0.632081625517213,1.));
#5401=CARTESIAN_POINT('Ctrl Pts',(-32.4654570742521,3.20540964370569,0.));
#5402=CARTESIAN_POINT('Ctrl Pts',(-32.4654570742521,3.20540964370569,1.));
#5403=CARTESIAN_POINT('Ctrl Pts',(-32.576209557817,2.87671573174509,0.));
#5404=CARTESIAN_POINT('Ctrl Pts',(-32.576209557817,2.87671573174509,1.));
#5405=CARTESIAN_POINT('Ctrl Pts',(-32.8563619733013,2.04527258548961,0.));
#5406=CARTESIAN_POINT('Ctrl Pts',(-32.8563619733013,2.04527258548961,1.));
#5407=CARTESIAN_POINT('Ctrl Pts',(-32.8518669004276,1.16459903709582,0.));
#5408=CARTESIAN_POINT('Ctrl Pts',(-32.8518669004276,1.16459903709582,1.));
#5409=CARTESIAN_POINT('Ctrl Pts',(-32.8491488619718,0.632081625517213,0.));
#5410=CARTESIAN_POINT('Ctrl Pts',(-32.8491488619718,0.632081625517213,1.));
#5411=CARTESIAN_POINT('',(-32.4654570742521,3.20540964370569,0.));
#5412=CARTESIAN_POINT('Ctrl Pts',(-32.4654570742521,3.20540964370569,0.));
#5413=CARTESIAN_POINT('Ctrl Pts',(-32.576209557817,2.87671573174509,0.));
#5414=CARTESIAN_POINT('Ctrl Pts',(-32.8563619733013,2.04527258548961,0.));
#5415=CARTESIAN_POINT('Ctrl Pts',(-32.8518669004276,1.16459903709582,0.));
#5416=CARTESIAN_POINT('Ctrl Pts',(-32.8491488619718,0.632081625517213,0.));
#5417=CARTESIAN_POINT('',(-32.4654570742521,3.20540964370569,1.));
#5418=CARTESIAN_POINT('',(-32.4654570742521,3.20540964370569,0.));
#5419=CARTESIAN_POINT('Ctrl Pts',(-32.4654570742521,3.20540964370569,1.));
#5420=CARTESIAN_POINT('Ctrl Pts',(-32.576209557817,2.87671573174509,1.));
#5421=CARTESIAN_POINT('Ctrl Pts',(-32.8563619733013,2.04527258548961,1.));
#5422=CARTESIAN_POINT('Ctrl Pts',(-32.8518669004276,1.16459903709582,1.));
#5423=CARTESIAN_POINT('Ctrl Pts',(-32.8491488619718,0.632081625517213,1.));
#5424=CARTESIAN_POINT('Ctrl Pts',(-31.1404219790373,4.36161696678003,0.));
#5425=CARTESIAN_POINT('Ctrl Pts',(-31.1404219790373,4.36161696678003,1.));
#5426=CARTESIAN_POINT('Ctrl Pts',(-31.4254068358406,4.20918026943819,0.));
#5427=CARTESIAN_POINT('Ctrl Pts',(-31.4254068358406,4.20918026943819,1.));
#5428=CARTESIAN_POINT('Ctrl Pts',(-31.9572033738597,3.92472547832135,0.));
#5429=CARTESIAN_POINT('Ctrl Pts',(-31.9572033738597,3.92472547832135,1.));
#5430=CARTESIAN_POINT('Ctrl Pts',(-32.3043453017598,3.43342618152373,0.));
#5431=CARTESIAN_POINT('Ctrl Pts',(-32.3043453017598,3.43342618152373,1.));
#5432=CARTESIAN_POINT('Ctrl Pts',(-32.4654570742521,3.20540964370569,0.));
#5433=CARTESIAN_POINT('Ctrl Pts',(-32.4654570742521,3.20540964370569,1.));
#5434=CARTESIAN_POINT('',(-31.1404219790373,4.36161696678003,0.));
#5435=CARTESIAN_POINT('Ctrl Pts',(-31.1404219790373,4.36161696678003,0.));
#5436=CARTESIAN_POINT('Ctrl Pts',(-31.4254068358406,4.20918026943819,0.));
#5437=CARTESIAN_POINT('Ctrl Pts',(-31.9572033738597,3.92472547832135,0.));
#5438=CARTESIAN_POINT('Ctrl Pts',(-32.3043453017598,3.43342618152373,0.));
#5439=CARTESIAN_POINT('Ctrl Pts',(-32.4654570742521,3.20540964370569,0.));
#5440=CARTESIAN_POINT('',(-31.1404219790373,4.36161696678003,1.));
#5441=CARTESIAN_POINT('',(-31.1404219790373,4.36161696678003,0.));
#5442=CARTESIAN_POINT('Ctrl Pts',(-31.1404219790373,4.36161696678003,1.));
#5443=CARTESIAN_POINT('Ctrl Pts',(-31.4254068358406,4.20918026943819,1.));
#5444=CARTESIAN_POINT('Ctrl Pts',(-31.9572033738597,3.92472547832135,1.));
#5445=CARTESIAN_POINT('Ctrl Pts',(-32.3043453017598,3.43342618152373,1.));
#5446=CARTESIAN_POINT('Ctrl Pts',(-32.4654570742521,3.20540964370569,1.));
#5447=CARTESIAN_POINT('Ctrl Pts',(-28.2754794283781,4.81693804031214,0.));
#5448=CARTESIAN_POINT('Ctrl Pts',(-28.2754794283781,4.81693804031214,1.));
#5449=CARTESIAN_POINT('Ctrl Pts',(-28.8407558865563,4.81274547285863,0.));
#5450=CARTESIAN_POINT('Ctrl Pts',(-28.8407558865563,4.81274547285863,1.));
#5451=CARTESIAN_POINT('Ctrl Pts',(-29.8211281000779,4.80547420483522,0.));
#5452=CARTESIAN_POINT('Ctrl Pts',(-29.8211281000779,4.80547420483522,1.));
#5453=CARTESIAN_POINT('Ctrl Pts',(-30.7479849604707,4.49364669415888,0.));
#5454=CARTESIAN_POINT('Ctrl Pts',(-30.7479849604707,4.49364669415888,1.));
#5455=CARTESIAN_POINT('Ctrl Pts',(-31.1404219790373,4.36161696678003,0.));
#5456=CARTESIAN_POINT('Ctrl Pts',(-31.1404219790373,4.36161696678003,1.));
#5457=CARTESIAN_POINT('',(-28.2754794283781,4.81693804031214,0.));
#5458=CARTESIAN_POINT('Ctrl Pts',(-28.2754794283781,4.81693804031214,0.));
#5459=CARTESIAN_POINT('Ctrl Pts',(-28.8407558865563,4.81274547285863,0.));
#5460=CARTESIAN_POINT('Ctrl Pts',(-29.8211281000779,4.80547420483522,0.));
#5461=CARTESIAN_POINT('Ctrl Pts',(-30.7479849604707,4.49364669415888,0.));
#5462=CARTESIAN_POINT('Ctrl Pts',(-31.1404219790373,4.36161696678003,0.));
#5463=CARTESIAN_POINT('',(-28.2754794283781,4.81693804031214,1.));
#5464=CARTESIAN_POINT('',(-28.2754794283781,4.81693804031214,0.));
#5465=CARTESIAN_POINT('Ctrl Pts',(-28.2754794283781,4.81693804031214,1.));
#5466=CARTESIAN_POINT('Ctrl Pts',(-28.8407558865563,4.81274547285863,1.));
#5467=CARTESIAN_POINT('Ctrl Pts',(-29.8211281000779,4.80547420483522,1.));
#5468=CARTESIAN_POINT('Ctrl Pts',(-30.7479849604707,4.49364669415888,1.));
#5469=CARTESIAN_POINT('Ctrl Pts',(-31.1404219790373,4.36161696678003,1.));
#5470=CARTESIAN_POINT('Ctrl Pts',(-25.0831214114103,4.05977546935877,0.));
#5471=CARTESIAN_POINT('Ctrl Pts',(-25.0831214114103,4.05977546935877,1.));
#5472=CARTESIAN_POINT('Ctrl Pts',(-25.5203195677041,4.27973424725538,0.));
#5473=CARTESIAN_POINT('Ctrl Pts',(-25.5203195677041,4.27973424725538,1.));
#5474=CARTESIAN_POINT('Ctrl Pts',(-26.5199709110842,4.78266886545356,0.));
#5475=CARTESIAN_POINT('Ctrl Pts',(-26.5199709110842,4.78266886545356,1.));
#5476=CARTESIAN_POINT('Ctrl Pts',(-27.6433889752416,4.8045990410697,0.));
#5477=CARTESIAN_POINT('Ctrl Pts',(-27.6433889752416,4.8045990410697,1.));
#5478=CARTESIAN_POINT('Ctrl Pts',(-28.2754794283781,4.81693804031214,0.));
#5479=CARTESIAN_POINT('Ctrl Pts',(-28.2754794283781,4.81693804031214,1.));
#5480=CARTESIAN_POINT('',(-25.0831214114103,4.05977546935877,0.));
#5481=CARTESIAN_POINT('Ctrl Pts',(-25.0831214114103,4.05977546935877,0.));
#5482=CARTESIAN_POINT('Ctrl Pts',(-25.5203195677041,4.27973424725538,0.));
#5483=CARTESIAN_POINT('Ctrl Pts',(-26.5199709110842,4.78266886545356,0.));
#5484=CARTESIAN_POINT('Ctrl Pts',(-27.6433889752416,4.8045990410697,0.));
#5485=CARTESIAN_POINT('Ctrl Pts',(-28.2754794283781,4.81693804031214,0.));
#5486=CARTESIAN_POINT('',(-25.0831214114103,4.05977546935877,1.));
#5487=CARTESIAN_POINT('',(-25.0831214114103,4.05977546935877,0.));
#5488=CARTESIAN_POINT('Ctrl Pts',(-25.0831214114103,4.05977546935877,1.));
#5489=CARTESIAN_POINT('Ctrl Pts',(-25.5203195677041,4.27973424725538,1.));
#5490=CARTESIAN_POINT('Ctrl Pts',(-26.5199709110842,4.78266886545356,1.));
#5491=CARTESIAN_POINT('Ctrl Pts',(-27.6433889752416,4.8045990410697,1.));
#5492=CARTESIAN_POINT('Ctrl Pts',(-28.2754794283781,4.81693804031214,1.));
#5493=CARTESIAN_POINT('Ctrl Pts',(-23.5688010378752,1.72689676051935,0.));
#5494=CARTESIAN_POINT('Ctrl Pts',(-23.5688010378752,1.72689676051935,1.));
#5495=CARTESIAN_POINT('Ctrl Pts',(-23.7300886894604,2.20931532639208,0.));
#5496=CARTESIAN_POINT('Ctrl Pts',(-23.7300886894604,2.20931532639208,1.));
#5497=CARTESIAN_POINT('Ctrl Pts',(-24.0345512147358,3.11997633088785,0.));
#5498=CARTESIAN_POINT('Ctrl Pts',(-24.0345512147358,3.11997633088785,1.));
#5499=CARTESIAN_POINT('Ctrl Pts',(-24.7477407979694,3.75918480545164,0.));
#5500=CARTESIAN_POINT('Ctrl Pts',(-24.7477407979694,3.75918480545164,1.));
#5501=CARTESIAN_POINT('Ctrl Pts',(-25.0831214114103,4.05977546935877,0.));
#5502=CARTESIAN_POINT('Ctrl Pts',(-25.0831214114103,4.05977546935877,1.));
#5503=CARTESIAN_POINT('',(-23.5688010378752,1.72689676051935,0.));
#5504=CARTESIAN_POINT('Ctrl Pts',(-23.5688010378752,1.72689676051935,0.));
#5505=CARTESIAN_POINT('Ctrl Pts',(-23.7300886894604,2.20931532639208,0.));
#5506=CARTESIAN_POINT('Ctrl Pts',(-24.0345512147358,3.11997633088785,0.));
#5507=CARTESIAN_POINT('Ctrl Pts',(-24.7477407979694,3.75918480545164,0.));
#5508=CARTESIAN_POINT('Ctrl Pts',(-25.0831214114103,4.05977546935877,0.));
#5509=CARTESIAN_POINT('',(-23.5688010378752,1.72689676051935,1.));
#5510=CARTESIAN_POINT('',(-23.5688010378752,1.72689676051935,0.));
#5511=CARTESIAN_POINT('Ctrl Pts',(-23.5688010378752,1.72689676051935,1.));
#5512=CARTESIAN_POINT('Ctrl Pts',(-23.7300886894604,2.20931532639208,1.));
#5513=CARTESIAN_POINT('Ctrl Pts',(-24.0345512147358,3.11997633088785,1.));
#5514=CARTESIAN_POINT('Ctrl Pts',(-24.7477407979694,3.75918480545164,1.));
#5515=CARTESIAN_POINT('Ctrl Pts',(-25.0831214114103,4.05977546935877,1.));
#5516=CARTESIAN_POINT('Origin',(-26.1779395266447,1.25622808700403,0.));
#5517=CARTESIAN_POINT('',(-26.1779395266447,1.25622808700403,0.));
#5518=CARTESIAN_POINT('',(-13.6112156193052,3.52316918551588,0.));
#5519=CARTESIAN_POINT('',(-26.1779395266447,1.25622808700403,1.));
#5520=CARTESIAN_POINT('',(-26.1779395266447,1.25622808700403,0.));
#5521=CARTESIAN_POINT('',(-26.1779395266447,1.25622808700403,1.));
#5522=CARTESIAN_POINT('Ctrl Pts',(-26.8737116976652,2.31523215537867,0.));
#5523=CARTESIAN_POINT('Ctrl Pts',(-26.8737116976652,2.31523215537867,1.));
#5524=CARTESIAN_POINT('Ctrl Pts',(-26.7334734086513,2.18392837243199,0.));
#5525=CARTESIAN_POINT('Ctrl Pts',(-26.7334734086513,2.18392837243199,1.));
#5526=CARTESIAN_POINT('Ctrl Pts',(-26.4176058288896,1.88818454651569,0.));
#5527=CARTESIAN_POINT('Ctrl Pts',(-26.4176058288896,1.88818454651569,1.));
#5528=CARTESIAN_POINT('Ctrl Pts',(-26.2635808098451,1.48204857829723,0.));
#5529=CARTESIAN_POINT('Ctrl Pts',(-26.2635808098451,1.48204857829723,1.));
#5530=CARTESIAN_POINT('Ctrl Pts',(-26.1779395266447,1.25622808700403,0.));
#5531=CARTESIAN_POINT('Ctrl Pts',(-26.1779395266447,1.25622808700403,1.));
#5532=CARTESIAN_POINT('Ctrl Pts',(-26.8737116976652,2.31523215537867,0.));
#5533=CARTESIAN_POINT('Ctrl Pts',(-26.7334734086513,2.18392837243199,0.));
#5534=CARTESIAN_POINT('Ctrl Pts',(-26.4176058288896,1.88818454651569,0.));
#5535=CARTESIAN_POINT('Ctrl Pts',(-26.2635808098451,1.48204857829723,0.));
#5536=CARTESIAN_POINT('Ctrl Pts',(-26.1779395266447,1.25622808700403,0.));
#5537=CARTESIAN_POINT('Ctrl Pts',(-26.8737116976652,2.31523215537867,1.));
#5538=CARTESIAN_POINT('Ctrl Pts',(-26.7334734086513,2.18392837243199,1.));
#5539=CARTESIAN_POINT('Ctrl Pts',(-26.4176058288896,1.88818454651569,1.));
#5540=CARTESIAN_POINT('Ctrl Pts',(-26.2635808098451,1.48204857829723,1.));
#5541=CARTESIAN_POINT('Ctrl Pts',(-26.1779395266447,1.25622808700403,1.));
#5542=CARTESIAN_POINT('Origin',(0.066947586926478,1.08978252265539,1.));
#5543=CARTESIAN_POINT('Origin',(-0.413953415957433,0.693472621496538,0.));
#5544=CARTESIAN_POINT('',(-0.413953415957432,0.693472621496539,0.));
#5545=CARTESIAN_POINT('',(1.42779196062948,-6.29493177169957,0.));
#5546=CARTESIAN_POINT('',(-0.315066128766484,0.318250095613432,0.));
#5547=CARTESIAN_POINT('',(-0.413953415957432,0.693472621496539,1.));
#5548=CARTESIAN_POINT('',(-0.413953415957432,0.693472621496539,0.));
#5549=CARTESIAN_POINT('',(1.42779196062948,-6.29493177169957,1.));
#5550=CARTESIAN_POINT('',(-0.413953415957433,0.693472621496538,1.));
#5551=CARTESIAN_POINT('',(1.42779196062948,-6.29493177169957,0.));
#5552=CARTESIAN_POINT('Origin',(-2.28639280041788,-6.29493177169957,0.));
#5553=CARTESIAN_POINT('',(-2.28639280041788,-6.29493177169957,0.));
#5554=CARTESIAN_POINT('',(-1.42298980240531,-3.07249939045139,0.));
#5555=CARTESIAN_POINT('',(-2.28639280041788,-6.29493177169957,1.));
#5556=CARTESIAN_POINT('',(-2.28639280041788,-6.29493177169957,0.));
#5557=CARTESIAN_POINT('',(-2.28639280041788,-6.29493177169957,1.));
#5558=CARTESIAN_POINT('Origin',(-5.04901563366983,-6.29493177169957,0.));
#5559=CARTESIAN_POINT('',(-5.04901563366983,-6.29493177169957,0.));
#5560=CARTESIAN_POINT('',(-2.52450781683491,-6.29493177169957,0.));
#5561=CARTESIAN_POINT('',(-5.04901563366983,-6.29493177169957,1.));
#5562=CARTESIAN_POINT('',(-5.04901563366983,-6.29493177169957,0.));
#5563=CARTESIAN_POINT('',(-5.04901563366983,-6.29493177169957,1.));
#5564=CARTESIAN_POINT('Origin',(-8.53809987744425,4.57137167220912,0.));
#5565=CARTESIAN_POINT('',(-8.53809987744425,4.57137167220912,0.));
#5566=CARTESIAN_POINT('',(-7.47377645033275,1.2566734553087,0.));
#5567=CARTESIAN_POINT('',(-8.53809987744425,4.57137167220912,1.));
#5568=CARTESIAN_POINT('',(-8.53809987744425,4.57137167220912,0.));
#5569=CARTESIAN_POINT('',(-8.53809987744425,4.57137167220912,1.));
#5570=CARTESIAN_POINT('Origin',(-5.70385610303019,4.57137167220912,0.));
#5571=CARTESIAN_POINT('',(-5.70385610303019,4.57137167220912,0.));
#5572=CARTESIAN_POINT('',(-2.8519280515151,4.57137167220912,0.));
#5573=CARTESIAN_POINT('',(-5.70385610303019,4.57137167220912,1.));
#5574=CARTESIAN_POINT('',(-5.70385610303019,4.57137167220912,0.));
#5575=CARTESIAN_POINT('',(-5.70385610303019,4.57137167220912,1.));
#5576=CARTESIAN_POINT('Origin',(-3.62677728375528,-2.55004823440709,0.));
#5577=CARTESIAN_POINT('',(-3.62677728375528,-2.55004823440709,0.));
#5578=CARTESIAN_POINT('',(-3.82733407116707,-1.86242430553765,0.));
#5579=CARTESIAN_POINT('',(-3.62677728375528,-2.55004823440709,1.));
#5580=CARTESIAN_POINT('',(-3.62677728375528,-2.55004823440709,0.));
#5581=CARTESIAN_POINT('',(-3.62677728375528,-2.55004823440709,1.));
#5582=CARTESIAN_POINT('Origin',(-1.81572591504191,4.57137167220912,0.));
#5583=CARTESIAN_POINT('',(-1.81572591504191,4.57137167220912,0.));
#5584=CARTESIAN_POINT('',(-2.3065417968342,2.64138445513632,0.));
#5585=CARTESIAN_POINT('',(-1.81572591504191,4.57137167220912,1.));
#5586=CARTESIAN_POINT('',(-1.81572591504191,4.57137167220912,0.));
#5587=CARTESIAN_POINT('',(-1.81572591504191,4.57137167220912,1.));
#5588=CARTESIAN_POINT('Origin',(0.957125075253502,4.57137167220912,0.));
#5589=CARTESIAN_POINT('',(0.957125075253502,4.57137167220912,0.));
#5590=CARTESIAN_POINT('',(0.47856253762675,4.57137167220912,0.));
#5591=CARTESIAN_POINT('',(0.957125075253502,4.57137167220912,1.));
#5592=CARTESIAN_POINT('',(0.957125075253502,4.57137167220912,0.));
#5593=CARTESIAN_POINT('',(0.957125075253504,4.57137167220912,1.));
#5594=CARTESIAN_POINT('Origin',(2.82956922808554,-2.55004823440709,0.));
#5595=CARTESIAN_POINT('',(2.82956922808554,-2.55004823440709,0.));
#5596=CARTESIAN_POINT('',(2.42451961291416,-1.00953318711669,0.));
#5597=CARTESIAN_POINT('',(2.82956922808554,-2.55004823440709,1.));
#5598=CARTESIAN_POINT('',(2.82956922808554,-2.55004823440709,0.));
#5599=CARTESIAN_POINT('',(2.82956922808554,-2.55004823440709,1.));
#5600=CARTESIAN_POINT('Origin',(4.86572111407186,4.57137167220913,0.));
#5601=CARTESIAN_POINT('',(4.86572111407186,4.57137167220913,0.));
#5602=CARTESIAN_POINT('',(4.07773126959653,1.81538543990516,0.));
#5603=CARTESIAN_POINT('',(4.86572111407186,4.57137167220913,1.));
#5604=CARTESIAN_POINT('',(4.86572111407186,4.57137167220913,0.));
#5605=CARTESIAN_POINT('',(4.86572111407186,4.57137167220913,1.));
#5606=CARTESIAN_POINT('Origin',(7.65903557101156,4.57137167220913,0.));
#5607=CARTESIAN_POINT('',(7.65903557101156,4.57137167220913,0.));
#5608=CARTESIAN_POINT('',(3.82951778550578,4.57137167220913,0.));
#5609=CARTESIAN_POINT('',(7.65903557101156,4.57137167220913,1.));
#5610=CARTESIAN_POINT('',(7.65903557101156,4.57137167220913,0.));
#5611=CARTESIAN_POINT('',(7.65903557101156,4.57137167220913,1.));
#5612=CARTESIAN_POINT('Origin',(4.22110880175497,-6.29493177169957,0.));
#5613=CARTESIAN_POINT('',(4.22110880175497,-6.29493177169957,0.));
#5614=CARTESIAN_POINT('',(4.93426662167172,-4.04084383012091,0.));
#5615=CARTESIAN_POINT('',(4.22110880175497,-6.29493177169957,1.));
#5616=CARTESIAN_POINT('',(4.22110880175497,-6.29493177169957,0.));
#5617=CARTESIAN_POINT('',(4.22110880175497,-6.29493177169957,1.));
#5618=CARTESIAN_POINT('Origin',(1.42779196062949,-6.29493177169957,0.));
#5619=CARTESIAN_POINT('',(0.713895980314744,-6.29493177169957,0.));
#5620=CARTESIAN_POINT('',(1.42779196062949,-6.29493177169957,1.));
#5621=CARTESIAN_POINT('Origin',(0.066947586926478,1.08978252265539,1.));
#5622=CARTESIAN_POINT('Ctrl Pts',(14.1051443890658,2.47382700210415,0.));
#5623=CARTESIAN_POINT('Ctrl Pts',(14.1051443890658,2.47382700210415,1.));
#5624=CARTESIAN_POINT('Ctrl Pts',(14.4662377828069,2.4370648746915,0.));
#5625=CARTESIAN_POINT('Ctrl Pts',(14.4662377828069,2.4370648746915,1.));
#5626=CARTESIAN_POINT('Ctrl Pts',(15.1932966041045,2.36304460877603,0.));
#5627=CARTESIAN_POINT('Ctrl Pts',(15.1932966041045,2.36304460877603,1.));
#5628=CARTESIAN_POINT('Ctrl Pts',(15.728602918629,1.86502415735621,0.));
#5629=CARTESIAN_POINT('Ctrl Pts',(15.728602918629,1.86502415735621,1.));
#5630=CARTESIAN_POINT('Ctrl Pts',(15.9980496243563,1.61434530979,0.));
#5631=CARTESIAN_POINT('Ctrl Pts',(15.9980496243563,1.61434530979,1.));
#5632=CARTESIAN_POINT('',(14.1051443890658,2.47382700210415,0.));
#5633=CARTESIAN_POINT('',(15.9980496243563,1.61434530979,0.));
#5634=CARTESIAN_POINT('Ctrl Pts',(14.1051443890658,2.47382700210415,0.));
#5635=CARTESIAN_POINT('Ctrl Pts',(14.4662377828069,2.4370648746915,0.));
#5636=CARTESIAN_POINT('Ctrl Pts',(15.1932966041045,2.36304460877603,0.));
#5637=CARTESIAN_POINT('Ctrl Pts',(15.728602918629,1.86502415735621,0.));
#5638=CARTESIAN_POINT('Ctrl Pts',(15.9980496243563,1.61434530979,0.));
#5639=CARTESIAN_POINT('',(14.1051443890658,2.47382700210415,1.));
#5640=CARTESIAN_POINT('',(14.1051443890658,2.47382700210415,0.));
#5641=CARTESIAN_POINT('',(15.9980496243563,1.61434530979,1.));
#5642=CARTESIAN_POINT('Ctrl Pts',(14.1051443890658,2.47382700210415,1.));
#5643=CARTESIAN_POINT('Ctrl Pts',(14.4662377828069,2.4370648746915,1.));
#5644=CARTESIAN_POINT('Ctrl Pts',(15.1932966041045,2.36304460877603,1.));
#5645=CARTESIAN_POINT('Ctrl Pts',(15.728602918629,1.86502415735621,1.));
#5646=CARTESIAN_POINT('Ctrl Pts',(15.9980496243563,1.61434530979,1.));
#5647=CARTESIAN_POINT('',(15.9980496243563,1.61434530979,0.));
#5648=CARTESIAN_POINT('Ctrl Pts',(12.217353232297,1.61434530979,0.));
#5649=CARTESIAN_POINT('Ctrl Pts',(12.217353232297,1.61434530979,1.));
#5650=CARTESIAN_POINT('Ctrl Pts',(12.4854690369084,1.86502491921639,0.));
#5651=CARTESIAN_POINT('Ctrl Pts',(12.4854690369084,1.86502491921639,1.));
#5652=CARTESIAN_POINT('Ctrl Pts',(13.0185753754345,2.36346211100429,0.));
#5653=CARTESIAN_POINT('Ctrl Pts',(13.0185753754345,2.36346211100429,1.));
#5654=CARTESIAN_POINT('Ctrl Pts',(13.7443730178201,2.4371827645086,0.));
#5655=CARTESIAN_POINT('Ctrl Pts',(13.7443730178201,2.4371827645086,1.));
#5656=CARTESIAN_POINT('Ctrl Pts',(14.1051443890658,2.47382700210415,0.));
#5657=CARTESIAN_POINT('Ctrl Pts',(14.1051443890658,2.47382700210415,1.));
#5658=CARTESIAN_POINT('',(12.217353232297,1.61434530979,0.));
#5659=CARTESIAN_POINT('Ctrl Pts',(12.217353232297,1.61434530979,0.));
#5660=CARTESIAN_POINT('Ctrl Pts',(12.4854690369084,1.86502491921639,0.));
#5661=CARTESIAN_POINT('Ctrl Pts',(13.0185753754345,2.36346211100429,0.));
#5662=CARTESIAN_POINT('Ctrl Pts',(13.7443730178201,2.4371827645086,0.));
#5663=CARTESIAN_POINT('Ctrl Pts',(14.1051443890658,2.47382700210415,0.));
#5664=CARTESIAN_POINT('',(12.217353232297,1.61434530979,1.));
#5665=CARTESIAN_POINT('',(12.217353232297,1.61434530979,0.));
#5666=CARTESIAN_POINT('Ctrl Pts',(12.217353232297,1.61434530979,1.));
#5667=CARTESIAN_POINT('Ctrl Pts',(12.4854690369084,1.86502491921639,1.));
#5668=CARTESIAN_POINT('Ctrl Pts',(13.0185753754345,2.36346211100429,1.));
#5669=CARTESIAN_POINT('Ctrl Pts',(13.7443730178201,2.4371827645086,1.));
#5670=CARTESIAN_POINT('Ctrl Pts',(14.1051443890658,2.47382700210415,1.));
#5671=CARTESIAN_POINT('Ctrl Pts',(11.4550765828219,-0.841316583100928,0.));
#5672=CARTESIAN_POINT('Ctrl Pts',(11.4550765828219,-0.841316583100928,1.));
#5673=CARTESIAN_POINT('Ctrl Pts',(11.4737396356455,-0.355899018555239,0.));
#5674=CARTESIAN_POINT('Ctrl Pts',(11.4737396356455,-0.355899018555239,1.));
#5675=CARTESIAN_POINT('Ctrl Pts',(11.5079899168653,0.534935308060509,0.));
#5676=CARTESIAN_POINT('Ctrl Pts',(11.5079899168653,0.534935308060509,1.));
#5677=CARTESIAN_POINT('Ctrl Pts',(11.9954920659043,1.2767479787892,0.));
#5678=CARTESIAN_POINT('Ctrl Pts',(11.9954920659043,1.2767479787892,1.));
#5679=CARTESIAN_POINT('Ctrl Pts',(12.217353232297,1.61434530979,0.));
#5680=CARTESIAN_POINT('Ctrl Pts',(12.217353232297,1.61434530979,1.));
#5681=CARTESIAN_POINT('',(11.4550765828219,-0.841316583100928,0.));
#5682=CARTESIAN_POINT('Ctrl Pts',(11.4550765828219,-0.841316583100928,0.));
#5683=CARTESIAN_POINT('Ctrl Pts',(11.4737396356455,-0.355899018555239,0.));
#5684=CARTESIAN_POINT('Ctrl Pts',(11.5079899168653,0.534935308060509,0.));
#5685=CARTESIAN_POINT('Ctrl Pts',(11.9954920659043,1.2767479787892,0.));
#5686=CARTESIAN_POINT('Ctrl Pts',(12.217353232297,1.61434530979,0.));
#5687=CARTESIAN_POINT('',(11.4550765828219,-0.841316583100928,1.));
#5688=CARTESIAN_POINT('',(11.4550765828219,-0.841316583100928,0.));
#5689=CARTESIAN_POINT('Ctrl Pts',(11.4550765828219,-0.841316583100928,1.));
#5690=CARTESIAN_POINT('Ctrl Pts',(11.4737396356455,-0.355899018555239,1.));
#5691=CARTESIAN_POINT('Ctrl Pts',(11.5079899168653,0.534935308060509,1.));
#5692=CARTESIAN_POINT('Ctrl Pts',(11.9954920659043,1.2767479787892,1.));
#5693=CARTESIAN_POINT('Ctrl Pts',(12.217353232297,1.61434530979,1.));
#5694=CARTESIAN_POINT('Ctrl Pts',(12.217353232297,-3.33790481323399,0.));
#5695=CARTESIAN_POINT('Ctrl Pts',(12.217353232297,-3.33790481323399,1.));
#5696=CARTESIAN_POINT('Ctrl Pts',(11.9955631310303,-2.99675481835326,0.));
#5697=CARTESIAN_POINT('Ctrl Pts',(11.9955631310303,-2.99675481835326,1.));
#5698=CARTESIAN_POINT('Ctrl Pts',(11.5045778376455,-2.24153792919516,0.));
#5699=CARTESIAN_POINT('Ctrl Pts',(11.5045778376455,-2.24153792919516,1.));
#5700=CARTESIAN_POINT('Ctrl Pts',(11.4726059722977,-1.33716311094266,0.));
#5701=CARTESIAN_POINT('Ctrl Pts',(11.4726059722977,-1.33716311094266,1.));
#5702=CARTESIAN_POINT('Ctrl Pts',(11.4550765828219,-0.841316583100928,0.));
#5703=CARTESIAN_POINT('Ctrl Pts',(11.4550765828219,-0.841316583100928,1.));
#5704=CARTESIAN_POINT('',(12.217353232297,-3.33790481323399,0.));
#5705=CARTESIAN_POINT('Ctrl Pts',(12.217353232297,-3.33790481323399,0.));
#5706=CARTESIAN_POINT('Ctrl Pts',(11.9955631310303,-2.99675481835326,0.));
#5707=CARTESIAN_POINT('Ctrl Pts',(11.5045778376455,-2.24153792919516,0.));
#5708=CARTESIAN_POINT('Ctrl Pts',(11.4726059722977,-1.33716311094266,0.));
#5709=CARTESIAN_POINT('Ctrl Pts',(11.4550765828219,-0.841316583100928,0.));
#5710=CARTESIAN_POINT('',(12.217353232297,-3.33790481323399,1.));
#5711=CARTESIAN_POINT('',(12.217353232297,-3.33790481323399,0.));
#5712=CARTESIAN_POINT('Ctrl Pts',(12.217353232297,-3.33790481323399,1.));
#5713=CARTESIAN_POINT('Ctrl Pts',(11.9955631310303,-2.99675481835326,1.));
#5714=CARTESIAN_POINT('Ctrl Pts',(11.5045778376455,-2.24153792919516,1.));
#5715=CARTESIAN_POINT('Ctrl Pts',(11.4726059722977,-1.33716311094266,1.));
#5716=CARTESIAN_POINT('Ctrl Pts',(11.4550765828219,-0.841316583100928,1.));
#5717=CARTESIAN_POINT('Ctrl Pts',(14.1051443890658,-4.19738710159458,0.));
#5718=CARTESIAN_POINT('Ctrl Pts',(14.1051443890658,-4.19738710159458,1.));
#5719=CARTESIAN_POINT('Ctrl Pts',(13.7443734395065,-4.16074301397638,0.));
#5720=CARTESIAN_POINT('Ctrl Pts',(13.7443734395065,-4.16074301397638,1.));
#5721=CARTESIAN_POINT('Ctrl Pts',(13.0185756304012,-4.08702255909374,0.));
#5722=CARTESIAN_POINT('Ctrl Pts',(13.0185756304012,-4.08702255909374,1.));
#5723=CARTESIAN_POINT('Ctrl Pts',(12.4854693688156,-3.58858496932131,0.));
#5724=CARTESIAN_POINT('Ctrl Pts',(12.4854693688156,-3.58858496932131,1.));
#5725=CARTESIAN_POINT('Ctrl Pts',(12.217353232297,-3.33790481323399,0.));
#5726=CARTESIAN_POINT('Ctrl Pts',(12.217353232297,-3.33790481323399,1.));
#5727=CARTESIAN_POINT('',(14.1051443890658,-4.19738710159458,0.));
#5728=CARTESIAN_POINT('Ctrl Pts',(14.1051443890658,-4.19738710159458,0.));
#5729=CARTESIAN_POINT('Ctrl Pts',(13.7443734395065,-4.16074301397638,0.));
#5730=CARTESIAN_POINT('Ctrl Pts',(13.0185756304012,-4.08702255909374,0.));
#5731=CARTESIAN_POINT('Ctrl Pts',(12.4854693688156,-3.58858496932131,0.));
#5732=CARTESIAN_POINT('Ctrl Pts',(12.217353232297,-3.33790481323399,0.));
#5733=CARTESIAN_POINT('',(14.1051443890658,-4.19738710159458,1.));
#5734=CARTESIAN_POINT('',(14.1051443890658,-4.19738710159458,0.));
#5735=CARTESIAN_POINT('Ctrl Pts',(14.1051443890658,-4.19738710159458,1.));
#5736=CARTESIAN_POINT('Ctrl Pts',(13.7443734395065,-4.16074301397638,1.));
#5737=CARTESIAN_POINT('Ctrl Pts',(13.0185756304012,-4.08702255909374,1.));
#5738=CARTESIAN_POINT('Ctrl Pts',(12.4854693688156,-3.58858496932131,1.));
#5739=CARTESIAN_POINT('Ctrl Pts',(12.217353232297,-3.33790481323399,1.));
#5740=CARTESIAN_POINT('Ctrl Pts',(15.9980496243563,-3.33790481323398,0.));
#5741=CARTESIAN_POINT('Ctrl Pts',(15.9980496243563,-3.33790481323398,1.));
#5742=CARTESIAN_POINT('Ctrl Pts',(15.7286029938675,-3.58858420846991,0.));
#5743=CARTESIAN_POINT('Ctrl Pts',(15.7286029938675,-3.58858420846991,1.));
#5744=CARTESIAN_POINT('Ctrl Pts',(15.1932970369085,-4.08660555434169,0.));
#5745=CARTESIAN_POINT('Ctrl Pts',(15.1932970369085,-4.08660555434169,1.));
#5746=CARTESIAN_POINT('Ctrl Pts',(14.4662378313751,-4.16062526462142,0.));
#5747=CARTESIAN_POINT('Ctrl Pts',(14.4662378313751,-4.16062526462142,1.));
#5748=CARTESIAN_POINT('Ctrl Pts',(14.1051443890658,-4.19738710159458,0.));
#5749=CARTESIAN_POINT('Ctrl Pts',(14.1051443890658,-4.19738710159458,1.));
#5750=CARTESIAN_POINT('',(15.9980496243563,-3.33790481323398,0.));
#5751=CARTESIAN_POINT('Ctrl Pts',(15.9980496243563,-3.33790481323398,0.));
#5752=CARTESIAN_POINT('Ctrl Pts',(15.7286029938675,-3.58858420846991,0.));
#5753=CARTESIAN_POINT('Ctrl Pts',(15.1932970369085,-4.08660555434169,0.));
#5754=CARTESIAN_POINT('Ctrl Pts',(14.4662378313751,-4.16062526462142,0.));
#5755=CARTESIAN_POINT('Ctrl Pts',(14.1051443890658,-4.19738710159458,0.));
#5756=CARTESIAN_POINT('',(15.9980496243563,-3.33790481323398,1.));
#5757=CARTESIAN_POINT('',(15.9980496243563,-3.33790481323398,0.));
#5758=CARTESIAN_POINT('Ctrl Pts',(15.9980496243563,-3.33790481323398,1.));
#5759=CARTESIAN_POINT('Ctrl Pts',(15.7286029938675,-3.58858420846991,1.));
#5760=CARTESIAN_POINT('Ctrl Pts',(15.1932970369085,-4.08660555434169,1.));
#5761=CARTESIAN_POINT('Ctrl Pts',(14.4662378313751,-4.16062526462142,1.));
#5762=CARTESIAN_POINT('Ctrl Pts',(14.1051443890658,-4.19738710159458,1.));
#5763=CARTESIAN_POINT('Ctrl Pts',(16.7654451207247,-0.861780049745213,0.));
#5764=CARTESIAN_POINT('Ctrl Pts',(16.7654451207247,-0.861780049745213,1.));
#5765=CARTESIAN_POINT('Ctrl Pts',(16.7471096420488,-1.35256673909473,0.));
#5766=CARTESIAN_POINT('Ctrl Pts',(16.7471096420488,-1.35256673909473,1.));
#5767=CARTESIAN_POINT('Ctrl Pts',(16.7135434596031,-2.25103445012877,0.));
#5768=CARTESIAN_POINT('Ctrl Pts',(16.7135434596031,-2.25103445012877,1.));
#5769=CARTESIAN_POINT('Ctrl Pts',(16.2213727807898,-2.99866594328758,0.));
#5770=CARTESIAN_POINT('Ctrl Pts',(16.2213727807898,-2.99866594328758,1.));
#5771=CARTESIAN_POINT('Ctrl Pts',(15.9980496243563,-3.33790481323398,0.));
#5772=CARTESIAN_POINT('Ctrl Pts',(15.9980496243563,-3.33790481323398,1.));
#5773=CARTESIAN_POINT('',(16.7654451207247,-0.861780049745213,0.));
#5774=CARTESIAN_POINT('Ctrl Pts',(16.7654451207247,-0.861780049745213,0.));
#5775=CARTESIAN_POINT('Ctrl Pts',(16.7471096420488,-1.35256673909473,0.));
#5776=CARTESIAN_POINT('Ctrl Pts',(16.7135434596031,-2.25103445012877,0.));
#5777=CARTESIAN_POINT('Ctrl Pts',(16.2213727807898,-2.99866594328758,0.));
#5778=CARTESIAN_POINT('Ctrl Pts',(15.9980496243563,-3.33790481323398,0.));
#5779=CARTESIAN_POINT('',(16.7654451207247,-0.861780049745213,1.));
#5780=CARTESIAN_POINT('',(16.7654451207247,-0.861780049745213,0.));
#5781=CARTESIAN_POINT('Ctrl Pts',(16.7654451207247,-0.861780049745213,1.));
#5782=CARTESIAN_POINT('Ctrl Pts',(16.7471096420488,-1.35256673909473,1.));
#5783=CARTESIAN_POINT('Ctrl Pts',(16.7135434596031,-2.25103445012877,1.));
#5784=CARTESIAN_POINT('Ctrl Pts',(16.2213727807898,-2.99866594328758,1.));
#5785=CARTESIAN_POINT('Ctrl Pts',(15.9980496243563,-3.33790481323398,1.));
#5786=CARTESIAN_POINT('Ctrl Pts',(15.9980496243563,1.61434530979,0.));
#5787=CARTESIAN_POINT('Ctrl Pts',(15.9980496243563,1.61434530979,1.));
#5788=CARTESIAN_POINT('Ctrl Pts',(16.2213727830353,1.27510623771976,0.));
#5789=CARTESIAN_POINT('Ctrl Pts',(16.2213727830353,1.27510623771976,1.));
#5790=CARTESIAN_POINT('Ctrl Pts',(16.7135433493686,0.527474477490171,0.));
#5791=CARTESIAN_POINT('Ctrl Pts',(16.7135433493686,0.527474477490171,1.));
#5792=CARTESIAN_POINT('Ctrl Pts',(16.7471096054561,-0.370993378489344,0.));
#5793=CARTESIAN_POINT('Ctrl Pts',(16.7471096054561,-0.370993378489344,1.));
#5794=CARTESIAN_POINT('Ctrl Pts',(16.7654451207247,-0.861780049745213,0.));
#5795=CARTESIAN_POINT('Ctrl Pts',(16.7654451207247,-0.861780049745213,1.));
#5796=CARTESIAN_POINT('Ctrl Pts',(15.9980496243563,1.61434530979,0.));
#5797=CARTESIAN_POINT('Ctrl Pts',(16.2213727830353,1.27510623771976,0.));
#5798=CARTESIAN_POINT('Ctrl Pts',(16.7135433493686,0.527474477490171,0.));
#5799=CARTESIAN_POINT('Ctrl Pts',(16.7471096054561,-0.370993378489344,0.));
#5800=CARTESIAN_POINT('Ctrl Pts',(16.7654451207247,-0.861780049745213,0.));
#5801=CARTESIAN_POINT('Ctrl Pts',(15.9980496243563,1.61434530979,1.));
#5802=CARTESIAN_POINT('Ctrl Pts',(16.2213727830353,1.27510623771976,1.));
#5803=CARTESIAN_POINT('Ctrl Pts',(16.7135433493686,0.527474477490171,1.));
#5804=CARTESIAN_POINT('Ctrl Pts',(16.7471096054561,-0.370993378489344,1.));
#5805=CARTESIAN_POINT('Ctrl Pts',(16.7654451207247,-0.861780049745213,1.));
#5806=CARTESIAN_POINT('Ctrl Pts',(16.9445046261873,-5.86519062751926,0.));
#5807=CARTESIAN_POINT('Ctrl Pts',(16.9445046261873,-5.86519062751926,1.));
#5808=CARTESIAN_POINT('Ctrl Pts',(17.3686748255598,-5.61509753288055,0.));
#5809=CARTESIAN_POINT('Ctrl Pts',(17.3686748255598,-5.61509753288055,1.));
#5810=CARTESIAN_POINT('Ctrl Pts',(18.212296491952,-5.11769353428648,0.));
#5811=CARTESIAN_POINT('Ctrl Pts',(18.212296491952,-5.11769353428648,1.));
#5812=CARTESIAN_POINT('Ctrl Pts',(18.7425784887396,-4.29457240393143,0.));
#5813=CARTESIAN_POINT('Ctrl Pts',(18.7425784887396,-4.29457240393143,1.));
#5814=CARTESIAN_POINT('Ctrl Pts',(19.0062364415255,-3.88531387085117,0.));
#5815=CARTESIAN_POINT('Ctrl Pts',(19.0062364415255,-3.88531387085117,1.));
#5816=CARTESIAN_POINT('',(16.9445046261873,-5.86519062751926,0.));
#5817=CARTESIAN_POINT('',(19.0062364415255,-3.88531387085117,0.));
#5818=CARTESIAN_POINT('Ctrl Pts',(16.9445046261873,-5.86519062751926,0.));
#5819=CARTESIAN_POINT('Ctrl Pts',(17.3686748255598,-5.61509753288055,0.));
#5820=CARTESIAN_POINT('Ctrl Pts',(18.212296491952,-5.11769353428648,0.));
#5821=CARTESIAN_POINT('Ctrl Pts',(18.7425784887396,-4.29457240393143,0.));
#5822=CARTESIAN_POINT('Ctrl Pts',(19.0062364415255,-3.88531387085117,0.));
#5823=CARTESIAN_POINT('',(16.9445046261873,-5.86519062751926,1.));
#5824=CARTESIAN_POINT('',(16.9445046261873,-5.86519062751926,0.));
#5825=CARTESIAN_POINT('',(19.0062364415255,-3.88531387085117,1.));
#5826=CARTESIAN_POINT('Ctrl Pts',(16.9445046261873,-5.86519062751926,1.));
#5827=CARTESIAN_POINT('Ctrl Pts',(17.3686748255598,-5.61509753288055,1.));
#5828=CARTESIAN_POINT('Ctrl Pts',(18.212296491952,-5.11769353428648,1.));
#5829=CARTESIAN_POINT('Ctrl Pts',(18.7425784887396,-4.29457240393143,1.));
#5830=CARTESIAN_POINT('Ctrl Pts',(19.0062364415255,-3.88531387085117,1.));
#5831=CARTESIAN_POINT('',(19.0062364415255,-3.88531387085117,0.));
#5832=CARTESIAN_POINT('Ctrl Pts',(14.0949138478365,-6.54049813980259,0.));
#5833=CARTESIAN_POINT('Ctrl Pts',(14.0949138478365,-6.54049813980259,1.));
#5834=CARTESIAN_POINT('Ctrl Pts',(14.587916690168,-6.51195851466716,0.));
#5835=CARTESIAN_POINT('Ctrl Pts',(14.587916690168,-6.51195851466716,1.));
#5836=CARTESIAN_POINT('Ctrl Pts',(15.5774755118601,-6.45467357552364,0.));
#5837=CARTESIAN_POINT('Ctrl Pts',(15.5774755118601,-6.45467357552364,1.));
#5838=CARTESIAN_POINT('Ctrl Pts',(16.4877387826614,-6.06215473981754,0.));
#5839=CARTESIAN_POINT('Ctrl Pts',(16.4877387826614,-6.06215473981754,1.));
#5840=CARTESIAN_POINT('Ctrl Pts',(16.9445046261873,-5.86519062751926,0.));
#5841=CARTESIAN_POINT('Ctrl Pts',(16.9445046261873,-5.86519062751926,1.));
#5842=CARTESIAN_POINT('',(14.0949138478365,-6.54049813980259,0.));
#5843=CARTESIAN_POINT('Ctrl Pts',(14.0949138478365,-6.54049813980259,0.));
#5844=CARTESIAN_POINT('Ctrl Pts',(14.587916690168,-6.51195851466716,0.));
#5845=CARTESIAN_POINT('Ctrl Pts',(15.5774755118601,-6.45467357552364,0.));
#5846=CARTESIAN_POINT('Ctrl Pts',(16.4877387826614,-6.06215473981754,0.));
#5847=CARTESIAN_POINT('Ctrl Pts',(16.9445046261873,-5.86519062751926,0.));
#5848=CARTESIAN_POINT('',(14.0949138478365,-6.54049813980259,1.));
#5849=CARTESIAN_POINT('',(14.0949138478365,-6.54049813980259,0.));
#5850=CARTESIAN_POINT('Ctrl Pts',(14.0949138478365,-6.54049813980259,1.));
#5851=CARTESIAN_POINT('Ctrl Pts',(14.587916690168,-6.51195851466716,1.));
#5852=CARTESIAN_POINT('Ctrl Pts',(15.5774755118601,-6.45467357552364,1.));
#5853=CARTESIAN_POINT('Ctrl Pts',(16.4877387826614,-6.06215473981754,1.));
#5854=CARTESIAN_POINT('Ctrl Pts',(16.9445046261873,-5.86519062751926,1.));
#5855=CARTESIAN_POINT('Ctrl Pts',(10.0891145543184,-4.918738009874,0.));
#5856=CARTESIAN_POINT('Ctrl Pts',(10.0891145543184,-4.918738009874,1.));
#5857=CARTESIAN_POINT('Ctrl Pts',(10.6604838426141,-5.39171208802402,0.));
#5858=CARTESIAN_POINT('Ctrl Pts',(10.6604838426141,-5.39171208802402,1.));
#5859=CARTESIAN_POINT('Ctrl Pts',(11.8231796989526,-6.35418069122975,0.));
#5860=CARTESIAN_POINT('Ctrl Pts',(11.8231796989526,-6.35418069122975,1.));
#5861=CARTESIAN_POINT('Ctrl Pts',(13.3290531957191,-6.47768568318879,0.));
#5862=CARTESIAN_POINT('Ctrl Pts',(13.3290531957191,-6.47768568318879,1.));
#5863=CARTESIAN_POINT('Ctrl Pts',(14.0949138478365,-6.54049813980259,0.));
#5864=CARTESIAN_POINT('Ctrl Pts',(14.0949138478365,-6.54049813980259,1.));
#5865=CARTESIAN_POINT('',(10.0891145543184,-4.918738009874,0.));
#5866=CARTESIAN_POINT('Ctrl Pts',(10.0891145543184,-4.918738009874,0.));
#5867=CARTESIAN_POINT('Ctrl Pts',(10.6604838426141,-5.39171208802402,0.));
#5868=CARTESIAN_POINT('Ctrl Pts',(11.8231796989526,-6.35418069122975,0.));
#5869=CARTESIAN_POINT('Ctrl Pts',(13.3290531957191,-6.47768568318879,0.));
#5870=CARTESIAN_POINT('Ctrl Pts',(14.0949138478365,-6.54049813980259,0.));
#5871=CARTESIAN_POINT('',(10.0891145543184,-4.918738009874,1.));
#5872=CARTESIAN_POINT('',(10.0891145543184,-4.918738009874,0.));
#5873=CARTESIAN_POINT('Ctrl Pts',(10.0891145543184,-4.918738009874,1.));
#5874=CARTESIAN_POINT('Ctrl Pts',(10.6604838426141,-5.39171208802402,1.));
#5875=CARTESIAN_POINT('Ctrl Pts',(11.8231796989526,-6.35418069122975,1.));
#5876=CARTESIAN_POINT('Ctrl Pts',(13.3290531957191,-6.47768568318879,1.));
#5877=CARTESIAN_POINT('Ctrl Pts',(14.0949138478365,-6.54049813980259,1.));
#5878=CARTESIAN_POINT('Ctrl Pts',(8.49804962435629,-0.831083657685892,0.));
#5879=CARTESIAN_POINT('Ctrl Pts',(8.49804962435629,-0.831083657685892,1.));
#5880=CARTESIAN_POINT('Ctrl Pts',(8.55804942963931,-1.61134972936998,0.));
#5881=CARTESIAN_POINT('Ctrl Pts',(8.55804942963931,-1.61134972936998,1.));
#5882=CARTESIAN_POINT('Ctrl Pts',(8.67535925124244,-3.13690257475801,0.));
#5883=CARTESIAN_POINT('Ctrl Pts',(8.67535925124244,-3.13690257475801,1.));
#5884=CARTESIAN_POINT('Ctrl Pts',(9.62512180037061,-4.33394180870505,0.));
#5885=CARTESIAN_POINT('Ctrl Pts',(9.62512180037061,-4.33394180870505,1.));
#5886=CARTESIAN_POINT('Ctrl Pts',(10.0891145543184,-4.918738009874,0.));
#5887=CARTESIAN_POINT('Ctrl Pts',(10.0891145543184,-4.918738009874,1.));
#5888=CARTESIAN_POINT('',(8.49804962435629,-0.831083657685892,0.));
#5889=CARTESIAN_POINT('Ctrl Pts',(8.49804962435629,-0.831083657685892,0.));
#5890=CARTESIAN_POINT('Ctrl Pts',(8.55804942963931,-1.61134972936998,0.));
#5891=CARTESIAN_POINT('Ctrl Pts',(8.67535925124244,-3.13690257475801,0.));
#5892=CARTESIAN_POINT('Ctrl Pts',(9.62512180037061,-4.33394180870505,0.));
#5893=CARTESIAN_POINT('Ctrl Pts',(10.0891145543184,-4.918738009874,0.));
#5894=CARTESIAN_POINT('',(8.49804962435629,-0.831083657685892,1.));
#5895=CARTESIAN_POINT('',(8.49804962435629,-0.831083657685892,0.));
#5896=CARTESIAN_POINT('Ctrl Pts',(8.49804962435629,-0.831083657685892,1.));
#5897=CARTESIAN_POINT('Ctrl Pts',(8.55804942963931,-1.61134972936998,1.));
#5898=CARTESIAN_POINT('Ctrl Pts',(8.67535925124244,-3.13690257475801,1.));
#5899=CARTESIAN_POINT('Ctrl Pts',(9.62512180037061,-4.33394180870505,1.));
#5900=CARTESIAN_POINT('Ctrl Pts',(10.0891145543184,-4.918738009874,1.));
#5901=CARTESIAN_POINT('Ctrl Pts',(10.0737651661959,3.21564137702785,0.));
#5902=CARTESIAN_POINT('Ctrl Pts',(10.0737651661959,3.21564137702785,1.));
#5903=CARTESIAN_POINT('Ctrl Pts',(9.61425409046579,2.63743547713497,0.));
#5904=CARTESIAN_POINT('Ctrl Pts',(9.61425409046579,2.63743547713497,1.));
#5905=CARTESIAN_POINT('Ctrl Pts',(8.67287704839135,1.45289436702937,0.));
#5906=CARTESIAN_POINT('Ctrl Pts',(8.67287704839135,1.45289436702937,1.));
#5907=CARTESIAN_POINT('Ctrl Pts',(8.55724077100365,-0.0577994950527039,
0.));
#5908=CARTESIAN_POINT('Ctrl Pts',(8.55724077100365,-0.0577994950527039,
1.));
#5909=CARTESIAN_POINT('Ctrl Pts',(8.49804962435629,-0.831083657685892,0.));
#5910=CARTESIAN_POINT('Ctrl Pts',(8.49804962435629,-0.831083657685892,1.));
#5911=CARTESIAN_POINT('',(10.0737651661959,3.21564137702785,0.));
#5912=CARTESIAN_POINT('Ctrl Pts',(10.0737651661959,3.21564137702785,0.));
#5913=CARTESIAN_POINT('Ctrl Pts',(9.61425409046579,2.63743547713497,0.));
#5914=CARTESIAN_POINT('Ctrl Pts',(8.67287704839135,1.45289436702937,0.));
#5915=CARTESIAN_POINT('Ctrl Pts',(8.55724077100365,-0.0577994950527039,
0.));
#5916=CARTESIAN_POINT('Ctrl Pts',(8.49804962435629,-0.831083657685892,0.));
#5917=CARTESIAN_POINT('',(10.0737651661959,3.21564137702785,1.));
#5918=CARTESIAN_POINT('',(10.0737651661959,3.21564137702785,0.));
#5919=CARTESIAN_POINT('Ctrl Pts',(10.0737651661959,3.21564137702785,1.));
#5920=CARTESIAN_POINT('Ctrl Pts',(9.61425409046579,2.63743547713497,1.));
#5921=CARTESIAN_POINT('Ctrl Pts',(8.67287704839135,1.45289436702937,1.));
#5922=CARTESIAN_POINT('Ctrl Pts',(8.55724077100365,-0.0577994950527039,
1.));
#5923=CARTESIAN_POINT('Ctrl Pts',(8.49804962435629,-0.831083657685892,1.));
#5924=CARTESIAN_POINT('Ctrl Pts',(14.1153773144808,4.81693804031216,0.));
#5925=CARTESIAN_POINT('Ctrl Pts',(14.1153773144808,4.81693804031216,1.));
#5926=CARTESIAN_POINT('Ctrl Pts',(13.3378069317785,4.75749221779373,0.));
#5927=CARTESIAN_POINT('Ctrl Pts',(13.3378069317785,4.75749221779373,1.));
#5928=CARTESIAN_POINT('Ctrl Pts',(11.8223716181615,4.64163608348682,0.));
#5929=CARTESIAN_POINT('Ctrl Pts',(11.8223716181615,4.64163608348682,1.));
#5930=CARTESIAN_POINT('Ctrl Pts',(10.6463632396252,3.6825971181101,0.));
#5931=CARTESIAN_POINT('Ctrl Pts',(10.6463632396252,3.6825971181101,1.));
#5932=CARTESIAN_POINT('Ctrl Pts',(10.0737651661959,3.21564137702785,0.));
#5933=CARTESIAN_POINT('Ctrl Pts',(10.0737651661959,3.21564137702785,1.));
#5934=CARTESIAN_POINT('',(14.1153773144808,4.81693804031216,0.));
#5935=CARTESIAN_POINT('Ctrl Pts',(14.1153773144808,4.81693804031216,0.));
#5936=CARTESIAN_POINT('Ctrl Pts',(13.3378069317785,4.75749221779373,0.));
#5937=CARTESIAN_POINT('Ctrl Pts',(11.8223716181615,4.64163608348682,0.));
#5938=CARTESIAN_POINT('Ctrl Pts',(10.6463632396252,3.6825971181101,0.));
#5939=CARTESIAN_POINT('Ctrl Pts',(10.0737651661959,3.21564137702785,0.));
#5940=CARTESIAN_POINT('',(14.1153773144808,4.81693804031216,1.));
#5941=CARTESIAN_POINT('',(14.1153773144808,4.81693804031216,0.));
#5942=CARTESIAN_POINT('Ctrl Pts',(14.1153773144808,4.81693804031216,1.));
#5943=CARTESIAN_POINT('Ctrl Pts',(13.3378069317785,4.75749221779373,1.));
#5944=CARTESIAN_POINT('Ctrl Pts',(11.8223716181615,4.64163608348682,1.));
#5945=CARTESIAN_POINT('Ctrl Pts',(10.6463632396252,3.6825971181101,1.));
#5946=CARTESIAN_POINT('Ctrl Pts',(10.0737651661959,3.21564137702785,1.));
#5947=CARTESIAN_POINT('Ctrl Pts',(17.0058950261202,4.1109353280624,0.));
#5948=CARTESIAN_POINT('Ctrl Pts',(17.0058950261202,4.1109353280624,1.));
#5949=CARTESIAN_POINT('Ctrl Pts',(16.5565566285642,4.31682788346281,0.));
#5950=CARTESIAN_POINT('Ctrl Pts',(16.5565566285642,4.31682788346281,1.));
#5951=CARTESIAN_POINT('Ctrl Pts',(15.6388032366313,4.73735413298926,0.));
#5952=CARTESIAN_POINT('Ctrl Pts',(15.6388032366313,4.73735413298926,1.));
#5953=CARTESIAN_POINT('Ctrl Pts',(14.6301744717421,4.79004499047109,0.));
#5954=CARTESIAN_POINT('Ctrl Pts',(14.6301744717421,4.79004499047109,1.));
#5955=CARTESIAN_POINT('Ctrl Pts',(14.1153773144808,4.81693804031216,0.));
#5956=CARTESIAN_POINT('Ctrl Pts',(14.1153773144808,4.81693804031216,1.));
#5957=CARTESIAN_POINT('',(17.0058950261202,4.1109353280624,0.));
#5958=CARTESIAN_POINT('Ctrl Pts',(17.0058950261202,4.1109353280624,0.));
#5959=CARTESIAN_POINT('Ctrl Pts',(16.5565566285642,4.31682788346281,0.));
#5960=CARTESIAN_POINT('Ctrl Pts',(15.6388032366313,4.73735413298926,0.));
#5961=CARTESIAN_POINT('Ctrl Pts',(14.6301744717421,4.79004499047109,0.));
#5962=CARTESIAN_POINT('Ctrl Pts',(14.1153773144808,4.81693804031216,0.));
#5963=CARTESIAN_POINT('',(17.0058950261202,4.1109353280624,1.));
#5964=CARTESIAN_POINT('',(17.0058950261202,4.1109353280624,0.));
#5965=CARTESIAN_POINT('Ctrl Pts',(17.0058950261202,4.1109353280624,1.));
#5966=CARTESIAN_POINT('Ctrl Pts',(16.5565566285642,4.31682788346281,1.));
#5967=CARTESIAN_POINT('Ctrl Pts',(15.6388032366313,4.73735413298926,1.));
#5968=CARTESIAN_POINT('Ctrl Pts',(14.6301744717421,4.79004499047109,1.));
#5969=CARTESIAN_POINT('Ctrl Pts',(14.1153773144808,4.81693804031216,1.));
#5970=CARTESIAN_POINT('Ctrl Pts',(19.0062364415255,2.06454992061459,0.));
#5971=CARTESIAN_POINT('Ctrl Pts',(19.0062364415255,2.06454992061459,1.));
#5972=CARTESIAN_POINT('Ctrl Pts',(18.7479706063992,2.48404409516114,0.));
#5973=CARTESIAN_POINT('Ctrl Pts',(18.7479706063992,2.48404409516114,1.));
#5974=CARTESIAN_POINT('Ctrl Pts',(18.235152607152,3.31700042940356,0.));
#5975=CARTESIAN_POINT('Ctrl Pts',(18.235152607152,3.31700042940356,1.));
#5976=CARTESIAN_POINT('Ctrl Pts',(17.4136645648006,3.84757110532835,0.));
#5977=CARTESIAN_POINT('Ctrl Pts',(17.4136645648006,3.84757110532835,1.));
#5978=CARTESIAN_POINT('Ctrl Pts',(17.0058950261202,4.1109353280624,0.));
#5979=CARTESIAN_POINT('Ctrl Pts',(17.0058950261202,4.1109353280624,1.));
#5980=CARTESIAN_POINT('',(19.0062364415255,2.06454992061459,0.));
#5981=CARTESIAN_POINT('Ctrl Pts',(19.0062364415255,2.06454992061459,0.));
#5982=CARTESIAN_POINT('Ctrl Pts',(18.7479706063992,2.48404409516114,0.));
#5983=CARTESIAN_POINT('Ctrl Pts',(18.235152607152,3.31700042940356,0.));
#5984=CARTESIAN_POINT('Ctrl Pts',(17.4136645648006,3.84757110532835,0.));
#5985=CARTESIAN_POINT('Ctrl Pts',(17.0058950261202,4.1109353280624,0.));
#5986=CARTESIAN_POINT('',(19.0062364415255,2.06454992061459,1.));
#5987=CARTESIAN_POINT('',(19.0062364415255,2.06454992061459,0.));
#5988=CARTESIAN_POINT('Ctrl Pts',(19.0062364415255,2.06454992061459,1.));
#5989=CARTESIAN_POINT('Ctrl Pts',(18.7479706063992,2.48404409516114,1.));
#5990=CARTESIAN_POINT('Ctrl Pts',(18.235152607152,3.31700042940356,1.));
#5991=CARTESIAN_POINT('Ctrl Pts',(17.4136645648006,3.84757110532835,1.));
#5992=CARTESIAN_POINT('Ctrl Pts',(17.0058950261202,4.1109353280624,1.));
#5993=CARTESIAN_POINT('Ctrl Pts',(19.7122391537752,-0.708300473634373,0.));
#5994=CARTESIAN_POINT('Ctrl Pts',(19.7122391537752,-0.708300473634373,1.));
#5995=CARTESIAN_POINT('Ctrl Pts',(19.6811386537356,-0.231476833978943,0.));
#5996=CARTESIAN_POINT('Ctrl Pts',(19.6811386537356,-0.231476833978943,1.));
#5997=CARTESIAN_POINT('Ctrl Pts',(19.6180146038461,0.736322371168227,0.));
#5998=CARTESIAN_POINT('Ctrl Pts',(19.6180146038461,0.736322371168227,1.));
#5999=CARTESIAN_POINT('Ctrl Pts',(19.2121408314604,1.61751225221187,0.));
#6000=CARTESIAN_POINT('Ctrl Pts',(19.2121408314604,1.61751225221187,1.));
#6001=CARTESIAN_POINT('Ctrl Pts',(19.0062364415255,2.06454992061459,0.));
#6002=CARTESIAN_POINT('Ctrl Pts',(19.0062364415255,2.06454992061459,1.));
#6003=CARTESIAN_POINT('',(19.7122391537752,-0.708300473634373,0.));
#6004=CARTESIAN_POINT('Ctrl Pts',(19.7122391537752,-0.708300473634373,0.));
#6005=CARTESIAN_POINT('Ctrl Pts',(19.6811386537356,-0.231476833978943,0.));
#6006=CARTESIAN_POINT('Ctrl Pts',(19.6180146038461,0.736322371168227,0.));
#6007=CARTESIAN_POINT('Ctrl Pts',(19.2121408314604,1.61751225221187,0.));
#6008=CARTESIAN_POINT('Ctrl Pts',(19.0062364415255,2.06454992061459,0.));
#6009=CARTESIAN_POINT('',(19.7122391537752,-0.708300473634373,1.));
#6010=CARTESIAN_POINT('',(19.7122391537752,-0.708300473634373,0.));
#6011=CARTESIAN_POINT('Ctrl Pts',(19.7122391537752,-0.708300473634373,1.));
#6012=CARTESIAN_POINT('Ctrl Pts',(19.6811386537356,-0.231476833978943,1.));
#6013=CARTESIAN_POINT('Ctrl Pts',(19.6180146038461,0.736322371168227,1.));
#6014=CARTESIAN_POINT('Ctrl Pts',(19.2121408314604,1.61751225221187,1.));
#6015=CARTESIAN_POINT('Ctrl Pts',(19.0062364415255,2.06454992061459,1.));
#6016=CARTESIAN_POINT('Ctrl Pts',(19.0062364415255,-3.88531387085117,0.));
#6017=CARTESIAN_POINT('Ctrl Pts',(19.0062364415255,-3.88531387085117,1.));
#6018=CARTESIAN_POINT('Ctrl Pts',(19.2119493213747,-3.40985964852561,0.));
#6019=CARTESIAN_POINT('Ctrl Pts',(19.2119493213747,-3.40985964852561,1.));
#6020=CARTESIAN_POINT('Ctrl Pts',(19.6499571059024,-2.39751345650434,0.));
#6021=CARTESIAN_POINT('Ctrl Pts',(19.6499571059024,-2.39751345650434,1.));
#6022=CARTESIAN_POINT('Ctrl Pts',(19.6906551699918,-1.29370103245065,0.));
#6023=CARTESIAN_POINT('Ctrl Pts',(19.6906551699918,-1.29370103245065,1.));
#6024=CARTESIAN_POINT('Ctrl Pts',(19.7122391537752,-0.708300473634373,0.));
#6025=CARTESIAN_POINT('Ctrl Pts',(19.7122391537752,-0.708300473634373,1.));
#6026=CARTESIAN_POINT('Ctrl Pts',(19.0062364415255,-3.88531387085117,0.));
#6027=CARTESIAN_POINT('Ctrl Pts',(19.2119493213747,-3.40985964852561,0.));
#6028=CARTESIAN_POINT('Ctrl Pts',(19.6499571059024,-2.39751345650434,0.));
#6029=CARTESIAN_POINT('Ctrl Pts',(19.6906551699918,-1.29370103245065,0.));
#6030=CARTESIAN_POINT('Ctrl Pts',(19.7122391537752,-0.708300473634373,0.));
#6031=CARTESIAN_POINT('Ctrl Pts',(19.0062364415255,-3.88531387085117,1.));
#6032=CARTESIAN_POINT('Ctrl Pts',(19.2119493213747,-3.40985964852561,1.));
#6033=CARTESIAN_POINT('Ctrl Pts',(19.6499571059024,-2.39751345650434,1.));
#6034=CARTESIAN_POINT('Ctrl Pts',(19.6906551699918,-1.29370103245065,1.));
#6035=CARTESIAN_POINT('Ctrl Pts',(19.7122391537752,-0.708300473634373,1.));
#6036=CARTESIAN_POINT('Origin',(0.066947586926478,1.08978252265539,1.));
#6037=CARTESIAN_POINT('Origin',(42.9694041089144,3.4867876744827,0.));
#6038=CARTESIAN_POINT('',(42.9694041089144,3.4867876744827,0.));
#6039=CARTESIAN_POINT('',(42.9694041089144,-6.29493177169955,0.));
#6040=CARTESIAN_POINT('',(42.9694041089144,1.74339383724135,0.));
#6041=CARTESIAN_POINT('',(42.9694041089144,3.4867876744827,1.));
#6042=CARTESIAN_POINT('',(42.9694041089144,3.4867876744827,0.));
#6043=CARTESIAN_POINT('',(42.9694041089144,-6.29493177169955,1.));
#6044=CARTESIAN_POINT('',(42.9694041089144,3.4867876744827,1.));
#6045=CARTESIAN_POINT('',(42.9694041089144,-6.29493177169955,0.));
#6046=CARTESIAN_POINT('Origin',(36.9223376587954,-6.29493177169955,0.));
#6047=CARTESIAN_POINT('',(36.9223376587954,-6.29493177169955,0.));
#6048=CARTESIAN_POINT('',(33.225562765518,-12.2748255201828,0.));
#6049=CARTESIAN_POINT('',(36.9223376587954,-6.29493177169955,1.));
#6050=CARTESIAN_POINT('',(36.9223376587954,-6.29493177169955,0.));
#6051=CARTESIAN_POINT('',(36.9223376587954,-6.29493177169955,1.));
#6052=CARTESIAN_POINT('Origin',(33.8834568337526,-6.29493177169955,0.));
#6053=CARTESIAN_POINT('',(33.8834568337526,-6.29493177169955,0.));
#6054=CARTESIAN_POINT('',(16.9417284168763,-6.29493177169956,0.));
#6055=CARTESIAN_POINT('',(33.8834568337526,-6.29493177169955,1.));
#6056=CARTESIAN_POINT('',(33.8834568337526,-6.29493177169955,0.));
#6057=CARTESIAN_POINT('',(33.8834568337526,-6.29493177169955,1.));
#6058=CARTESIAN_POINT('Origin',(33.8834568337526,8.70506942039334,0.));
#6059=CARTESIAN_POINT('',(33.8834568337526,8.70506942039334,0.));
#6060=CARTESIAN_POINT('',(33.8834568337526,4.35253471019668,0.));
#6061=CARTESIAN_POINT('',(33.8834568337526,8.70506942039334,1.));
#6062=CARTESIAN_POINT('',(33.8834568337526,8.70506942039334,0.));
#6063=CARTESIAN_POINT('',(33.8834568337526,8.70506942039334,1.));
#6064=CARTESIAN_POINT('Origin',(36.6972359494295,8.70506942039334,0.));
#6065=CARTESIAN_POINT('',(36.6972359494295,8.70506942039334,0.));
#6066=CARTESIAN_POINT('',(18.3486179747148,8.70506942039334,0.));
#6067=CARTESIAN_POINT('',(36.6972359494295,8.70506942039334,1.));
#6068=CARTESIAN_POINT('',(36.6972359494295,8.70506942039334,0.));
#6069=CARTESIAN_POINT('',(36.6972359494295,8.70506942039334,1.));
#6070=CARTESIAN_POINT('Origin',(36.6972359494295,-1.31198466056979,0.));
#6071=CARTESIAN_POINT('',(36.6972359494295,-1.31198466056979,0.));
#6072=CARTESIAN_POINT('',(36.6972359494295,-0.655992330284886,0.));
#6073=CARTESIAN_POINT('',(36.6972359494295,-1.31198466056979,1.));
#6074=CARTESIAN_POINT('',(36.6972359494295,-1.31198466056979,0.));
#6075=CARTESIAN_POINT('',(36.6972359494295,-1.31198466056979,1.));
#6076=CARTESIAN_POINT('Origin',(42.8363903836336,8.70506942039335,0.));
#6077=CARTESIAN_POINT('',(42.8363903836336,8.70506942039335,0.));
#6078=CARTESIAN_POINT('',(35.0489894852786,-4.00137358979563,0.));
#6079=CARTESIAN_POINT('',(42.8363903836336,8.70506942039335,1.));
#6080=CARTESIAN_POINT('',(42.8363903836336,8.70506942039335,0.));
#6081=CARTESIAN_POINT('',(42.8363903836336,8.70506942039335,1.));
#6082=CARTESIAN_POINT('Origin',(45.7831844166842,8.70506942039335,0.));
#6083=CARTESIAN_POINT('',(45.7831844166842,8.70506942039335,0.));
#6084=CARTESIAN_POINT('',(22.8915922083421,8.70506942039334,0.));
#6085=CARTESIAN_POINT('',(45.7831844166842,8.70506942039335,1.));
#6086=CARTESIAN_POINT('',(45.7831844166842,8.70506942039335,0.));
#6087=CARTESIAN_POINT('',(45.7831844166842,8.70506942039335,1.));
#6088=CARTESIAN_POINT('Origin',(45.7831844166842,-6.29493177169955,0.));
#6089=CARTESIAN_POINT('',(45.7831844166842,-6.29493177169955,0.));
#6090=CARTESIAN_POINT('',(45.7831844166842,-3.14746588584976,0.));
#6091=CARTESIAN_POINT('',(45.7831844166842,-6.29493177169955,1.));
#6092=CARTESIAN_POINT('',(45.7831844166842,-6.29493177169955,0.));
#6093=CARTESIAN_POINT('',(45.7831844166842,-6.29493177169955,1.));
#6094=CARTESIAN_POINT('Origin',(42.9694041089144,-6.29493177169955,0.));
#6095=CARTESIAN_POINT('',(21.4847020544572,-6.29493177169955,0.));
#6096=CARTESIAN_POINT('',(42.9694041089144,-6.29493177169955,1.));
#6097=CARTESIAN_POINT('Origin',(0.066947586926478,1.08978252265539,1.));
#6098=CARTESIAN_POINT('Origin',(0.,0.,0.));
#6099=CARTESIAN_POINT('',(-55.5,55.5,0.));
#6100=CARTESIAN_POINT('',(-60.5,50.5,0.));
#6101=CARTESIAN_POINT('Origin',(-55.5,50.5,0.));
#6102=CARTESIAN_POINT('',(55.5,55.5,0.));
#6103=CARTESIAN_POINT('',(-60.5,55.5,0.));
#6104=CARTESIAN_POINT('',(60.5,50.5,0.));
#6105=CARTESIAN_POINT('Origin',(55.5,50.5,0.));
#6106=CARTESIAN_POINT('',(60.5,-50.5,0.));
#6107=CARTESIAN_POINT('',(60.5,55.5,0.));
#6108=CARTESIAN_POINT('',(55.5,-55.5,0.));
#6109=CARTESIAN_POINT('Origin',(55.5,-50.5,0.));
#6110=CARTESIAN_POINT('',(-55.5,-55.5,0.));
#6111=CARTESIAN_POINT('',(60.5,-55.5,0.));
#6112=CARTESIAN_POINT('',(-60.5,-50.5,0.));
#6113=CARTESIAN_POINT('Origin',(-55.5,-50.5,0.));
#6114=CARTESIAN_POINT('',(-60.5,-55.5,0.));
#6115=CARTESIAN_POINT('',(-56.95,-50.5,0.));
#6116=CARTESIAN_POINT('Origin',(-55.5,-50.5,0.));
#6117=CARTESIAN_POINT('',(-56.95,50.5,0.));
#6118=CARTESIAN_POINT('Origin',(-55.5,50.5,0.));
#6119=CARTESIAN_POINT('',(54.05,50.5,0.));
#6120=CARTESIAN_POINT('Origin',(55.5,50.5,0.));
#6121=CARTESIAN_POINT('',(54.05,-50.5,0.));
#6122=CARTESIAN_POINT('Origin',(55.5,-50.5,0.));
#6123=CARTESIAN_POINT('Origin',(0.,0.,0.));
#6124=CARTESIAN_POINT('Origin',(0.,0.,0.));
#6125=CARTESIAN_POINT('Origin',(0.,0.,0.));
#6126=CARTESIAN_POINT('Origin',(0.,0.,0.));
#6127=CARTESIAN_POINT('Origin',(-55.5,50.5,0.));
#6128=CARTESIAN_POINT('',(-60.5,50.5,13.));
#6129=CARTESIAN_POINT('',(-55.5,55.5,13.));
#6130=CARTESIAN_POINT('Origin',(-55.5,50.5,13.));
#6131=CARTESIAN_POINT('',(-55.5,55.5,0.));
#6132=CARTESIAN_POINT('',(-60.5,50.5,0.));
#6133=CARTESIAN_POINT('Origin',(0.,8.88178419700125E-15,13.));
#6134=CARTESIAN_POINT('',(-60.5,-50.5,13.));
#6135=CARTESIAN_POINT('',(-60.5,-55.5,13.));
#6136=CARTESIAN_POINT('',(-55.5,-55.5,13.));
#6137=CARTESIAN_POINT('Origin',(-55.5,-50.5,13.));
#6138=CARTESIAN_POINT('',(55.5,-55.5,13.));
#6139=CARTESIAN_POINT('',(60.5,-55.5,13.));
#6140=CARTESIAN_POINT('',(60.5,-50.5,13.));
#6141=CARTESIAN_POINT('Origin',(55.5,-50.5,13.));
#6142=CARTESIAN_POINT('',(60.5,50.5,13.));
#6143=CARTESIAN_POINT('',(60.5,55.5,13.));
#6144=CARTESIAN_POINT('',(55.5,55.5,13.));
#6145=CARTESIAN_POINT('Origin',(55.5,50.5,13.));
#6146=CARTESIAN_POINT('',(9.396,55.5,13.));
#6147=CARTESIAN_POINT('',(-60.5,55.5,13.));
#6148=CARTESIAN_POINT('',(9.396,45.5,13.));
#6149=CARTESIAN_POINT('',(9.396,27.75,13.));
#6150=CARTESIAN_POINT('',(50.5,45.5,13.));
#6151=CARTESIAN_POINT('',(-50.5,45.5,13.));
#6152=CARTESIAN_POINT('',(50.5,-45.5,13.));
#6153=CARTESIAN_POINT('',(50.5,45.5,13.));
#6154=CARTESIAN_POINT('',(-50.5,-45.5,13.));
#6155=CARTESIAN_POINT('',(50.5,-45.5,13.));
#6156=CARTESIAN_POINT('',(-50.5,45.5,13.));
#6157=CARTESIAN_POINT('',(-50.5,-45.5,13.));
#6158=CARTESIAN_POINT('',(-9.404,45.5,13.));
#6159=CARTESIAN_POINT('',(-50.5,45.5,13.));
#6160=CARTESIAN_POINT('',(-9.404,55.5,13.));
#6161=CARTESIAN_POINT('',(-9.404,22.75,13.));
#6162=CARTESIAN_POINT('',(-60.5,55.5,13.));
#6163=CARTESIAN_POINT('',(54.05,-50.5,13.));
#6164=CARTESIAN_POINT('Origin',(55.5,-50.5,13.));
#6165=CARTESIAN_POINT('',(54.05,50.5,13.));
#6166=CARTESIAN_POINT('Origin',(55.5,50.5,13.));
#6167=CARTESIAN_POINT('',(-56.95,50.5,13.));
#6168=CARTESIAN_POINT('Origin',(-55.5,50.5,13.));
#6169=CARTESIAN_POINT('',(-56.95,-50.5,13.));
#6170=CARTESIAN_POINT('Origin',(-55.5,-50.5,13.));
#6171=CARTESIAN_POINT('Origin',(-60.5,55.5,0.));
#6172=CARTESIAN_POINT('',(-60.5,-50.5,0.));
#6173=CARTESIAN_POINT('Origin',(-55.5,-50.5,0.));
#6174=CARTESIAN_POINT('',(-55.5,-55.5,0.));
#6175=CARTESIAN_POINT('Origin',(55.5,-50.5,0.));
#6176=CARTESIAN_POINT('',(55.5,-55.5,0.));
#6177=CARTESIAN_POINT('',(60.5,-50.5,0.));
#6178=CARTESIAN_POINT('Origin',(60.5,-55.5,0.));
#6179=CARTESIAN_POINT('',(60.5,50.5,0.));
#6180=CARTESIAN_POINT('Origin',(55.5,50.5,0.));
#6181=CARTESIAN_POINT('',(55.5,55.5,0.));
#6182=CARTESIAN_POINT('Origin',(9.396,55.5,13.));
#6183=CARTESIAN_POINT('',(9.396,55.5,6.));
#6184=CARTESIAN_POINT('',(9.396,55.5,6.5));
#6185=CARTESIAN_POINT('',(9.396,45.5,6.));
#6186=CARTESIAN_POINT('',(9.396,45.5,6.));
#6187=CARTESIAN_POINT('',(9.396,45.5,6.5));
#6188=CARTESIAN_POINT('Origin',(-9.404,45.5,13.));
#6189=CARTESIAN_POINT('',(-9.404,45.5,6.));
#6190=CARTESIAN_POINT('',(-9.404,45.5,6.5));
#6191=CARTESIAN_POINT('',(-9.404,55.5,6.));
#6192=CARTESIAN_POINT('',(-9.404,45.5,6.));
#6193=CARTESIAN_POINT('',(-9.404,55.5,6.5));
#6194=CARTESIAN_POINT('Origin',(-0.00400000000000289,50.5,6.));
#6195=CARTESIAN_POINT('',(-25.252,45.5,6.));
#6196=CARTESIAN_POINT('',(30.248,55.5,6.));
#6197=CARTESIAN_POINT('Origin',(-50.5,45.5,0.));
#6198=CARTESIAN_POINT('',(-50.5,45.5,3.));
#6199=CARTESIAN_POINT('',(-50.5,45.5,0.));
#6200=CARTESIAN_POINT('',(50.5,45.5,3.));
#6201=CARTESIAN_POINT('',(-50.5,45.5,3.));
#6202=CARTESIAN_POINT('',(50.5,45.5,0.));
#6203=CARTESIAN_POINT('Origin',(-50.5,-45.5,0.));
#6204=CARTESIAN_POINT('',(-50.5,-45.5,3.));
#6205=CARTESIAN_POINT('',(-50.5,-45.5,3.));
#6206=CARTESIAN_POINT('',(-50.5,-45.5,0.));
#6207=CARTESIAN_POINT('Origin',(55.5,-50.5,0.));
#6208=CARTESIAN_POINT('',(54.05,-50.5,0.));
#6209=CARTESIAN_POINT('Origin',(55.5,50.5,0.));
#6210=CARTESIAN_POINT('',(54.05,50.5,0.));
#6211=CARTESIAN_POINT('Origin',(-55.5,50.5,0.));
#6212=CARTESIAN_POINT('',(-56.95,50.5,0.));
#6213=CARTESIAN_POINT('Origin',(50.5,-45.5,0.));
#6214=CARTESIAN_POINT('',(50.5,-45.5,3.));
#6215=CARTESIAN_POINT('',(50.5,-45.5,3.));
#6216=CARTESIAN_POINT('',(50.5,-45.5,0.));
#6217=CARTESIAN_POINT('Origin',(50.5,45.5,0.));
#6218=CARTESIAN_POINT('',(50.5,45.5,3.));
#6219=CARTESIAN_POINT('Origin',(-55.5,-50.5,0.));
#6220=CARTESIAN_POINT('',(-56.95,-50.5,0.));
#6221=CARTESIAN_POINT('Origin',(-60.5,-55.5,0.));
#6222=CARTESIAN_POINT('Origin',(60.5,55.5,0.));
#6223=CARTESIAN_POINT('Origin',(0.,0.,3.));
#6224=CARTESIAN_POINT('Origin',(0.,0.,0.));
#6225=UNCERTAINTY_MEASURE_WITH_UNIT(LENGTH_MEASURE(0.01),#6229,
'DISTANCE_ACCURACY_VALUE',
'Maximum model space distance between geometric entities at asserted c
onnectivities');
#6226=UNCERTAINTY_MEASURE_WITH_UNIT(LENGTH_MEASURE(0.01),#6229,
'DISTANCE_ACCURACY_VALUE',
'Maximum model space distance between geometric entities at asserted c
onnectivities');
#6227=(
GEOMETRIC_REPRESENTATION_CONTEXT(3)
GLOBAL_UNCERTAINTY_ASSIGNED_CONTEXT((#6225))
GLOBAL_UNIT_ASSIGNED_CONTEXT((#6229,#6231,#6232))
REPRESENTATION_CONTEXT('','3D')
);
#6228=(
GEOMETRIC_REPRESENTATION_CONTEXT(3)
GLOBAL_UNCERTAINTY_ASSIGNED_CONTEXT((#6226))
GLOBAL_UNIT_ASSIGNED_CONTEXT((#6229,#6231,#6232))
REPRESENTATION_CONTEXT('','3D')
);
#6229=(
LENGTH_UNIT()
NAMED_UNIT(*)
SI_UNIT(.MILLI.,.METRE.)
);
#6230=(
LENGTH_UNIT()
NAMED_UNIT(*)
SI_UNIT($,.METRE.)
);
#6231=(
NAMED_UNIT(*)
PLANE_ANGLE_UNIT()
SI_UNIT($,.RADIAN.)
);
#6232=(
NAMED_UNIT(*)
SI_UNIT($,.STERADIAN.)
SOLID_ANGLE_UNIT()
);
#6233=SHAPE_DEFINITION_REPRESENTATION(#6234,#6235);
#6234=PRODUCT_DEFINITION_SHAPE('',$,#6237);
#6235=SHAPE_REPRESENTATION('',(#3181),#6227);
#6236=PRODUCT_DEFINITION_CONTEXT('part definition',#6241,'design');
#6237=PRODUCT_DEFINITION('2026-03-31-19-47-08-928','Bottom',#6238,#6236);
#6238=PRODUCT_DEFINITION_FORMATION('',$,#6243);
#6239=PRODUCT_RELATED_PRODUCT_CATEGORY('Bottom','Bottom',(#6243));
#6240=APPLICATION_PROTOCOL_DEFINITION('international standard',
'automotive_design',2009,#6241);
#6241=APPLICATION_CONTEXT(
'Core Data for Automotive Mechanical Design Process');
#6242=PRODUCT_CONTEXT('part definition',#6241,'mechanical');
#6243=PRODUCT('2026-03-31-19-47-08-928','Bottom',$,(#6242));
#6244=PRESENTATION_STYLE_ASSIGNMENT((#6245));
#6245=SURFACE_STYLE_USAGE(.BOTH.,#6246);
#6246=SURFACE_SIDE_STYLE('',(#6247));
#6247=SURFACE_STYLE_FILL_AREA(#6248);
#6248=FILL_AREA_STYLE('Acero - Satinado',(#6249));
#6249=FILL_AREA_STYLE_COLOUR('Acero - Satinado',#6250);
#6250=COLOUR_RGB('Acero - Satinado',0.627450980392157,0.627450980392157,
0.627450980392157);
ENDSEC;
END-ISO-10303-21;
