ISO-10303-21;
HEADER;
/* Generated by software containing ST-Developer
 * from STEP Tools, Inc. (www.steptools.com) 
 */

FILE_DESCRIPTION(
/* description */ (''),
/* implementation_level */ '2;1');

FILE_NAME(
/* name */ 'Assemble.step',
/* time_stamp */ '2026-03-31T20:13:24+02:00',
/* author */ (''),
/* organization */ (''),
/* preprocessor_version */ 'ST-DEVELOPER v20.1',
/* originating_system */ 'Autodesk Translation Framework v14.24.0.0',
/* authorisation */ '');

FILE_SCHEMA (('AUTOMOTIVE_DESIGN { 1 0 10303 214 3 1 1 }'));
ENDSEC;

DATA;
#10=MECHANICAL_DESIGN_GEOMETRIC_PRESENTATION_REPRESENTATION('',(#13,#14,
#15),#12427);
#11=SHAPE_REPRESENTATION_RELATIONSHIP('SRR','None',#12434,#12);
#12=ADVANCED_BREP_SHAPE_REPRESENTATION('',(#16,#17,#18),#12426);
#13=STYLED_ITEM('',(#12443),#16);
#14=STYLED_ITEM('',(#12443),#17);
#15=STYLED_ITEM('',(#12443),#18);
#16=MANIFOLD_SOLID_BREP('Cuerpo1',#6333);
#17=MANIFOLD_SOLID_BREP('Cuerpo1 (1)',#6334);
#18=MANIFOLD_SOLID_BREP('Cuerpo1 (2)',#6335);
#19=CYLINDRICAL_SURFACE('',#6413,5.);
#20=CYLINDRICAL_SURFACE('',#6424,5.);
#21=CYLINDRICAL_SURFACE('',#6425,5.);
#22=CYLINDRICAL_SURFACE('',#6427,5.);
#23=CYLINDRICAL_SURFACE('',#6433,1.45);
#24=CYLINDRICAL_SURFACE('',#6434,1.45);
#25=CYLINDRICAL_SURFACE('',#6435,1.45);
#26=CYLINDRICAL_SURFACE('',#6438,1.45);
#27=CYLINDRICAL_SURFACE('',#6443,5.);
#28=CYLINDRICAL_SURFACE('',#6451,5.);
#29=CYLINDRICAL_SURFACE('',#6453,5.);
#30=CYLINDRICAL_SURFACE('',#6456,5.);
#31=CIRCLE('',#6401,5.);
#32=CIRCLE('',#6402,5.);
#33=CIRCLE('',#6403,5.);
#34=CIRCLE('',#6404,5.);
#35=CIRCLE('',#6405,1.45);
#36=CIRCLE('',#6406,1.45);
#37=CIRCLE('',#6407,1.45);
#38=CIRCLE('',#6408,1.45);
#39=CIRCLE('',#6414,5.);
#40=CIRCLE('',#6416,5.);
#41=CIRCLE('',#6417,5.);
#42=CIRCLE('',#6418,5.);
#43=CIRCLE('',#6419,1.45);
#44=CIRCLE('',#6420,1.45);
#45=CIRCLE('',#6421,1.45);
#46=CIRCLE('',#6422,1.45);
#47=CIRCLE('',#6444,5.);
#48=CIRCLE('',#6445,5.);
#49=CIRCLE('',#6447,5.);
#50=CIRCLE('',#6448,5.);
#51=CIRCLE('',#6449,5.);
#52=CIRCLE('',#6452,5.);
#53=CIRCLE('',#6454,5.);
#54=CIRCLE('',#6457,5.);
#55=FACE_BOUND('',#597,.T.);
#56=FACE_BOUND('',#619,.T.);
#57=FACE_BOUND('',#642,.T.);
#58=FACE_BOUND('',#678,.T.);
#59=FACE_BOUND('',#712,.T.);
#60=FACE_BOUND('',#725,.T.);
#61=FACE_BOUND('',#726,.T.);
#62=FACE_BOUND('',#727,.T.);
#63=FACE_BOUND('',#728,.T.);
#64=FACE_BOUND('',#729,.T.);
#65=FACE_BOUND('',#730,.T.);
#66=FACE_BOUND('',#731,.T.);
#67=FACE_BOUND('',#732,.T.);
#68=FACE_BOUND('',#733,.T.);
#69=FACE_BOUND('',#734,.T.);
#70=FACE_BOUND('',#735,.T.);
#71=FACE_BOUND('',#742,.T.);
#72=FACE_BOUND('',#743,.T.);
#73=FACE_BOUND('',#744,.T.);
#74=FACE_BOUND('',#745,.T.);
#75=FACE_BOUND('',#768,.T.);
#76=FACE_BOUND('',#769,.T.);
#77=FACE_BOUND('',#770,.T.);
#78=FACE_BOUND('',#771,.T.);
#79=FACE_BOUND('',#772,.T.);
#80=FACE_BOUND('',#773,.T.);
#81=FACE_BOUND('',#774,.T.);
#82=FACE_BOUND('',#775,.T.);
#83=FACE_BOUND('',#776,.T.);
#84=FACE_BOUND('',#802,.T.);
#85=FACE_BOUND('',#824,.T.);
#86=FACE_BOUND('',#847,.T.);
#87=FACE_BOUND('',#883,.T.);
#88=FACE_BOUND('',#917,.T.);
#89=FACE_BOUND('',#945,.T.);
#90=FACE_BOUND('',#946,.T.);
#91=PLANE('',#6349);
#92=PLANE('',#6350);
#93=PLANE('',#6351);
#94=PLANE('',#6352);
#95=PLANE('',#6353);
#96=PLANE('',#6354);
#97=PLANE('',#6355);
#98=PLANE('',#6356);
#99=PLANE('',#6357);
#100=PLANE('',#6358);
#101=PLANE('',#6359);
#102=PLANE('',#6360);
#103=PLANE('',#6361);
#104=PLANE('',#6362);
#105=PLANE('',#6363);
#106=PLANE('',#6364);
#107=PLANE('',#6365);
#108=PLANE('',#6366);
#109=PLANE('',#6367);
#110=PLANE('',#6368);
#111=PLANE('',#6369);
#112=PLANE('',#6370);
#113=PLANE('',#6371);
#114=PLANE('',#6372);
#115=PLANE('',#6373);
#116=PLANE('',#6374);
#117=PLANE('',#6375);
#118=PLANE('',#6376);
#119=PLANE('',#6377);
#120=PLANE('',#6378);
#121=PLANE('',#6379);
#122=PLANE('',#6380);
#123=PLANE('',#6381);
#124=PLANE('',#6382);
#125=PLANE('',#6383);
#126=PLANE('',#6384);
#127=PLANE('',#6385);
#128=PLANE('',#6386);
#129=PLANE('',#6387);
#130=PLANE('',#6388);
#131=PLANE('',#6389);
#132=PLANE('',#6390);
#133=PLANE('',#6391);
#134=PLANE('',#6392);
#135=PLANE('',#6393);
#136=PLANE('',#6394);
#137=PLANE('',#6395);
#138=PLANE('',#6396);
#139=PLANE('',#6397);
#140=PLANE('',#6398);
#141=PLANE('',#6399);
#142=PLANE('',#6400);
#143=PLANE('',#6409);
#144=PLANE('',#6410);
#145=PLANE('',#6411);
#146=PLANE('',#6412);
#147=PLANE('',#6415);
#148=PLANE('',#6423);
#149=PLANE('',#6426);
#150=PLANE('',#6428);
#151=PLANE('',#6429);
#152=PLANE('',#6430);
#153=PLANE('',#6431);
#154=PLANE('',#6432);
#155=PLANE('',#6436);
#156=PLANE('',#6437);
#157=PLANE('',#6439);
#158=PLANE('',#6440);
#159=PLANE('',#6441);
#160=PLANE('',#6442);
#161=PLANE('',#6446);
#162=PLANE('',#6450);
#163=PLANE('',#6455);
#164=PLANE('',#6458);
#165=PLANE('',#6459);
#166=PLANE('',#6460);
#167=PLANE('',#6461);
#168=PLANE('',#6462);
#169=PLANE('',#6463);
#170=PLANE('',#6464);
#171=PLANE('',#6465);
#172=PLANE('',#6466);
#173=PLANE('',#6467);
#174=PLANE('',#6468);
#175=PLANE('',#6469);
#176=PLANE('',#6470);
#177=PLANE('',#6471);
#178=PLANE('',#6472);
#179=PLANE('',#6473);
#180=PLANE('',#6474);
#181=PLANE('',#6475);
#182=PLANE('',#6476);
#183=PLANE('',#6477);
#184=PLANE('',#6478);
#185=PLANE('',#6479);
#186=PLANE('',#6480);
#187=PLANE('',#6481);
#188=PLANE('',#6482);
#189=PLANE('',#6483);
#190=PLANE('',#6484);
#191=PLANE('',#6485);
#192=PLANE('',#6486);
#193=PLANE('',#6487);
#194=PLANE('',#6488);
#195=PLANE('',#6489);
#196=PLANE('',#6490);
#197=PLANE('',#6491);
#198=PLANE('',#6492);
#199=PLANE('',#6493);
#200=PLANE('',#6494);
#201=PLANE('',#6495);
#202=PLANE('',#6496);
#203=PLANE('',#6497);
#204=PLANE('',#6498);
#205=PLANE('',#6499);
#206=PLANE('',#6500);
#207=PLANE('',#6501);
#208=PLANE('',#6502);
#209=PLANE('',#6503);
#210=PLANE('',#6504);
#211=PLANE('',#6505);
#212=PLANE('',#6506);
#213=PLANE('',#6507);
#214=PLANE('',#6508);
#215=PLANE('',#6509);
#216=PLANE('',#6510);
#217=PLANE('',#6511);
#218=PLANE('',#6512);
#219=PLANE('',#6513);
#220=PLANE('',#6514);
#221=PLANE('',#6515);
#222=PLANE('',#6516);
#223=PLANE('',#6517);
#224=PLANE('',#6518);
#225=PLANE('',#6519);
#226=PLANE('',#6520);
#227=PLANE('',#6521);
#228=PLANE('',#6522);
#229=PLANE('',#6523);
#230=PLANE('',#6524);
#231=PLANE('',#6525);
#232=PLANE('',#6526);
#233=PLANE('',#6527);
#234=PLANE('',#6528);
#235=PLANE('',#6529);
#236=PLANE('',#6530);
#237=FACE_OUTER_BOUND('',#577,.T.);
#238=FACE_OUTER_BOUND('',#578,.T.);
#239=FACE_OUTER_BOUND('',#579,.T.);
#240=FACE_OUTER_BOUND('',#580,.T.);
#241=FACE_OUTER_BOUND('',#581,.T.);
#242=FACE_OUTER_BOUND('',#582,.T.);
#243=FACE_OUTER_BOUND('',#583,.T.);
#244=FACE_OUTER_BOUND('',#584,.T.);
#245=FACE_OUTER_BOUND('',#585,.T.);
#246=FACE_OUTER_BOUND('',#586,.T.);
#247=FACE_OUTER_BOUND('',#587,.T.);
#248=FACE_OUTER_BOUND('',#588,.T.);
#249=FACE_OUTER_BOUND('',#589,.T.);
#250=FACE_OUTER_BOUND('',#590,.T.);
#251=FACE_OUTER_BOUND('',#591,.T.);
#252=FACE_OUTER_BOUND('',#592,.T.);
#253=FACE_OUTER_BOUND('',#593,.T.);
#254=FACE_OUTER_BOUND('',#594,.T.);
#255=FACE_OUTER_BOUND('',#595,.T.);
#256=FACE_OUTER_BOUND('',#596,.T.);
#257=FACE_OUTER_BOUND('',#598,.T.);
#258=FACE_OUTER_BOUND('',#599,.T.);
#259=FACE_OUTER_BOUND('',#600,.T.);
#260=FACE_OUTER_BOUND('',#601,.T.);
#261=FACE_OUTER_BOUND('',#602,.T.);
#262=FACE_OUTER_BOUND('',#603,.T.);
#263=FACE_OUTER_BOUND('',#604,.T.);
#264=FACE_OUTER_BOUND('',#605,.T.);
#265=FACE_OUTER_BOUND('',#606,.T.);
#266=FACE_OUTER_BOUND('',#607,.T.);
#267=FACE_OUTER_BOUND('',#608,.T.);
#268=FACE_OUTER_BOUND('',#609,.T.);
#269=FACE_OUTER_BOUND('',#610,.T.);
#270=FACE_OUTER_BOUND('',#611,.T.);
#271=FACE_OUTER_BOUND('',#612,.T.);
#272=FACE_OUTER_BOUND('',#613,.T.);
#273=FACE_OUTER_BOUND('',#614,.T.);
#274=FACE_OUTER_BOUND('',#615,.T.);
#275=FACE_OUTER_BOUND('',#616,.T.);
#276=FACE_OUTER_BOUND('',#617,.T.);
#277=FACE_OUTER_BOUND('',#618,.T.);
#278=FACE_OUTER_BOUND('',#620,.T.);
#279=FACE_OUTER_BOUND('',#621,.T.);
#280=FACE_OUTER_BOUND('',#622,.T.);
#281=FACE_OUTER_BOUND('',#623,.T.);
#282=FACE_OUTER_BOUND('',#624,.T.);
#283=FACE_OUTER_BOUND('',#625,.T.);
#284=FACE_OUTER_BOUND('',#626,.T.);
#285=FACE_OUTER_BOUND('',#627,.T.);
#286=FACE_OUTER_BOUND('',#628,.T.);
#287=FACE_OUTER_BOUND('',#629,.T.);
#288=FACE_OUTER_BOUND('',#630,.T.);
#289=FACE_OUTER_BOUND('',#631,.T.);
#290=FACE_OUTER_BOUND('',#632,.T.);
#291=FACE_OUTER_BOUND('',#633,.T.);
#292=FACE_OUTER_BOUND('',#634,.T.);
#293=FACE_OUTER_BOUND('',#635,.T.);
#294=FACE_OUTER_BOUND('',#636,.T.);
#295=FACE_OUTER_BOUND('',#637,.T.);
#296=FACE_OUTER_BOUND('',#638,.T.);
#297=FACE_OUTER_BOUND('',#639,.T.);
#298=FACE_OUTER_BOUND('',#640,.T.);
#299=FACE_OUTER_BOUND('',#641,.T.);
#300=FACE_OUTER_BOUND('',#643,.T.);
#301=FACE_OUTER_BOUND('',#644,.T.);
#302=FACE_OUTER_BOUND('',#645,.T.);
#303=FACE_OUTER_BOUND('',#646,.T.);
#304=FACE_OUTER_BOUND('',#647,.T.);
#305=FACE_OUTER_BOUND('',#648,.T.);
#306=FACE_OUTER_BOUND('',#649,.T.);
#307=FACE_OUTER_BOUND('',#650,.T.);
#308=FACE_OUTER_BOUND('',#651,.T.);
#309=FACE_OUTER_BOUND('',#652,.T.);
#310=FACE_OUTER_BOUND('',#653,.T.);
#311=FACE_OUTER_BOUND('',#654,.T.);
#312=FACE_OUTER_BOUND('',#655,.T.);
#313=FACE_OUTER_BOUND('',#656,.T.);
#314=FACE_OUTER_BOUND('',#657,.T.);
#315=FACE_OUTER_BOUND('',#658,.T.);
#316=FACE_OUTER_BOUND('',#659,.T.);
#317=FACE_OUTER_BOUND('',#660,.T.);
#318=FACE_OUTER_BOUND('',#661,.T.);
#319=FACE_OUTER_BOUND('',#662,.T.);
#320=FACE_OUTER_BOUND('',#663,.T.);
#321=FACE_OUTER_BOUND('',#664,.T.);
#322=FACE_OUTER_BOUND('',#665,.T.);
#323=FACE_OUTER_BOUND('',#666,.T.);
#324=FACE_OUTER_BOUND('',#667,.T.);
#325=FACE_OUTER_BOUND('',#668,.T.);
#326=FACE_OUTER_BOUND('',#669,.T.);
#327=FACE_OUTER_BOUND('',#670,.T.);
#328=FACE_OUTER_BOUND('',#671,.T.);
#329=FACE_OUTER_BOUND('',#672,.T.);
#330=FACE_OUTER_BOUND('',#673,.T.);
#331=FACE_OUTER_BOUND('',#674,.T.);
#332=FACE_OUTER_BOUND('',#675,.T.);
#333=FACE_OUTER_BOUND('',#676,.T.);
#334=FACE_OUTER_BOUND('',#677,.T.);
#335=FACE_OUTER_BOUND('',#679,.T.);
#336=FACE_OUTER_BOUND('',#680,.T.);
#337=FACE_OUTER_BOUND('',#681,.T.);
#338=FACE_OUTER_BOUND('',#682,.T.);
#339=FACE_OUTER_BOUND('',#683,.T.);
#340=FACE_OUTER_BOUND('',#684,.T.);
#341=FACE_OUTER_BOUND('',#685,.T.);
#342=FACE_OUTER_BOUND('',#686,.T.);
#343=FACE_OUTER_BOUND('',#687,.T.);
#344=FACE_OUTER_BOUND('',#688,.T.);
#345=FACE_OUTER_BOUND('',#689,.T.);
#346=FACE_OUTER_BOUND('',#690,.T.);
#347=FACE_OUTER_BOUND('',#691,.T.);
#348=FACE_OUTER_BOUND('',#692,.T.);
#349=FACE_OUTER_BOUND('',#693,.T.);
#350=FACE_OUTER_BOUND('',#694,.T.);
#351=FACE_OUTER_BOUND('',#695,.T.);
#352=FACE_OUTER_BOUND('',#696,.T.);
#353=FACE_OUTER_BOUND('',#697,.T.);
#354=FACE_OUTER_BOUND('',#698,.T.);
#355=FACE_OUTER_BOUND('',#699,.T.);
#356=FACE_OUTER_BOUND('',#700,.T.);
#357=FACE_OUTER_BOUND('',#701,.T.);
#358=FACE_OUTER_BOUND('',#702,.T.);
#359=FACE_OUTER_BOUND('',#703,.T.);
#360=FACE_OUTER_BOUND('',#704,.T.);
#361=FACE_OUTER_BOUND('',#705,.T.);
#362=FACE_OUTER_BOUND('',#706,.T.);
#363=FACE_OUTER_BOUND('',#707,.T.);
#364=FACE_OUTER_BOUND('',#708,.T.);
#365=FACE_OUTER_BOUND('',#709,.T.);
#366=FACE_OUTER_BOUND('',#710,.T.);
#367=FACE_OUTER_BOUND('',#711,.T.);
#368=FACE_OUTER_BOUND('',#713,.T.);
#369=FACE_OUTER_BOUND('',#714,.T.);
#370=FACE_OUTER_BOUND('',#715,.T.);
#371=FACE_OUTER_BOUND('',#716,.T.);
#372=FACE_OUTER_BOUND('',#717,.T.);
#373=FACE_OUTER_BOUND('',#718,.T.);
#374=FACE_OUTER_BOUND('',#719,.T.);
#375=FACE_OUTER_BOUND('',#720,.T.);
#376=FACE_OUTER_BOUND('',#721,.T.);
#377=FACE_OUTER_BOUND('',#722,.T.);
#378=FACE_OUTER_BOUND('',#723,.T.);
#379=FACE_OUTER_BOUND('',#724,.T.);
#380=FACE_OUTER_BOUND('',#736,.T.);
#381=FACE_OUTER_BOUND('',#737,.T.);
#382=FACE_OUTER_BOUND('',#738,.T.);
#383=FACE_OUTER_BOUND('',#739,.T.);
#384=FACE_OUTER_BOUND('',#740,.T.);
#385=FACE_OUTER_BOUND('',#741,.T.);
#386=FACE_OUTER_BOUND('',#746,.T.);
#387=FACE_OUTER_BOUND('',#747,.T.);
#388=FACE_OUTER_BOUND('',#748,.T.);
#389=FACE_OUTER_BOUND('',#749,.T.);
#390=FACE_OUTER_BOUND('',#750,.T.);
#391=FACE_OUTER_BOUND('',#751,.T.);
#392=FACE_OUTER_BOUND('',#752,.T.);
#393=FACE_OUTER_BOUND('',#753,.T.);
#394=FACE_OUTER_BOUND('',#754,.T.);
#395=FACE_OUTER_BOUND('',#755,.T.);
#396=FACE_OUTER_BOUND('',#756,.T.);
#397=FACE_OUTER_BOUND('',#757,.T.);
#398=FACE_OUTER_BOUND('',#758,.T.);
#399=FACE_OUTER_BOUND('',#759,.T.);
#400=FACE_OUTER_BOUND('',#760,.T.);
#401=FACE_OUTER_BOUND('',#761,.T.);
#402=FACE_OUTER_BOUND('',#762,.T.);
#403=FACE_OUTER_BOUND('',#763,.T.);
#404=FACE_OUTER_BOUND('',#764,.T.);
#405=FACE_OUTER_BOUND('',#765,.T.);
#406=FACE_OUTER_BOUND('',#766,.T.);
#407=FACE_OUTER_BOUND('',#767,.T.);
#408=FACE_OUTER_BOUND('',#777,.T.);
#409=FACE_OUTER_BOUND('',#778,.T.);
#410=FACE_OUTER_BOUND('',#779,.T.);
#411=FACE_OUTER_BOUND('',#780,.T.);
#412=FACE_OUTER_BOUND('',#781,.T.);
#413=FACE_OUTER_BOUND('',#782,.T.);
#414=FACE_OUTER_BOUND('',#783,.T.);
#415=FACE_OUTER_BOUND('',#784,.T.);
#416=FACE_OUTER_BOUND('',#785,.T.);
#417=FACE_OUTER_BOUND('',#786,.T.);
#418=FACE_OUTER_BOUND('',#787,.T.);
#419=FACE_OUTER_BOUND('',#788,.T.);
#420=FACE_OUTER_BOUND('',#789,.T.);
#421=FACE_OUTER_BOUND('',#790,.T.);
#422=FACE_OUTER_BOUND('',#791,.T.);
#423=FACE_OUTER_BOUND('',#792,.T.);
#424=FACE_OUTER_BOUND('',#793,.T.);
#425=FACE_OUTER_BOUND('',#794,.T.);
#426=FACE_OUTER_BOUND('',#795,.T.);
#427=FACE_OUTER_BOUND('',#796,.T.);
#428=FACE_OUTER_BOUND('',#797,.T.);
#429=FACE_OUTER_BOUND('',#798,.T.);
#430=FACE_OUTER_BOUND('',#799,.T.);
#431=FACE_OUTER_BOUND('',#800,.T.);
#432=FACE_OUTER_BOUND('',#801,.T.);
#433=FACE_OUTER_BOUND('',#803,.T.);
#434=FACE_OUTER_BOUND('',#804,.T.);
#435=FACE_OUTER_BOUND('',#805,.T.);
#436=FACE_OUTER_BOUND('',#806,.T.);
#437=FACE_OUTER_BOUND('',#807,.T.);
#438=FACE_OUTER_BOUND('',#808,.T.);
#439=FACE_OUTER_BOUND('',#809,.T.);
#440=FACE_OUTER_BOUND('',#810,.T.);
#441=FACE_OUTER_BOUND('',#811,.T.);
#442=FACE_OUTER_BOUND('',#812,.T.);
#443=FACE_OUTER_BOUND('',#813,.T.);
#444=FACE_OUTER_BOUND('',#814,.T.);
#445=FACE_OUTER_BOUND('',#815,.T.);
#446=FACE_OUTER_BOUND('',#816,.T.);
#447=FACE_OUTER_BOUND('',#817,.T.);
#448=FACE_OUTER_BOUND('',#818,.T.);
#449=FACE_OUTER_BOUND('',#819,.T.);
#450=FACE_OUTER_BOUND('',#820,.T.);
#451=FACE_OUTER_BOUND('',#821,.T.);
#452=FACE_OUTER_BOUND('',#822,.T.);
#453=FACE_OUTER_BOUND('',#823,.T.);
#454=FACE_OUTER_BOUND('',#825,.T.);
#455=FACE_OUTER_BOUND('',#826,.T.);
#456=FACE_OUTER_BOUND('',#827,.T.);
#457=FACE_OUTER_BOUND('',#828,.T.);
#458=FACE_OUTER_BOUND('',#829,.T.);
#459=FACE_OUTER_BOUND('',#830,.T.);
#460=FACE_OUTER_BOUND('',#831,.T.);
#461=FACE_OUTER_BOUND('',#832,.T.);
#462=FACE_OUTER_BOUND('',#833,.T.);
#463=FACE_OUTER_BOUND('',#834,.T.);
#464=FACE_OUTER_BOUND('',#835,.T.);
#465=FACE_OUTER_BOUND('',#836,.T.);
#466=FACE_OUTER_BOUND('',#837,.T.);
#467=FACE_OUTER_BOUND('',#838,.T.);
#468=FACE_OUTER_BOUND('',#839,.T.);
#469=FACE_OUTER_BOUND('',#840,.T.);
#470=FACE_OUTER_BOUND('',#841,.T.);
#471=FACE_OUTER_BOUND('',#842,.T.);
#472=FACE_OUTER_BOUND('',#843,.T.);
#473=FACE_OUTER_BOUND('',#844,.T.);
#474=FACE_OUTER_BOUND('',#845,.T.);
#475=FACE_OUTER_BOUND('',#846,.T.);
#476=FACE_OUTER_BOUND('',#848,.T.);
#477=FACE_OUTER_BOUND('',#849,.T.);
#478=FACE_OUTER_BOUND('',#850,.T.);
#479=FACE_OUTER_BOUND('',#851,.T.);
#480=FACE_OUTER_BOUND('',#852,.T.);
#481=FACE_OUTER_BOUND('',#853,.T.);
#482=FACE_OUTER_BOUND('',#854,.T.);
#483=FACE_OUTER_BOUND('',#855,.T.);
#484=FACE_OUTER_BOUND('',#856,.T.);
#485=FACE_OUTER_BOUND('',#857,.T.);
#486=FACE_OUTER_BOUND('',#858,.T.);
#487=FACE_OUTER_BOUND('',#859,.T.);
#488=FACE_OUTER_BOUND('',#860,.T.);
#489=FACE_OUTER_BOUND('',#861,.T.);
#490=FACE_OUTER_BOUND('',#862,.T.);
#491=FACE_OUTER_BOUND('',#863,.T.);
#492=FACE_OUTER_BOUND('',#864,.T.);
#493=FACE_OUTER_BOUND('',#865,.T.);
#494=FACE_OUTER_BOUND('',#866,.T.);
#495=FACE_OUTER_BOUND('',#867,.T.);
#496=FACE_OUTER_BOUND('',#868,.T.);
#497=FACE_OUTER_BOUND('',#869,.T.);
#498=FACE_OUTER_BOUND('',#870,.T.);
#499=FACE_OUTER_BOUND('',#871,.T.);
#500=FACE_OUTER_BOUND('',#872,.T.);
#501=FACE_OUTER_BOUND('',#873,.T.);
#502=FACE_OUTER_BOUND('',#874,.T.);
#503=FACE_OUTER_BOUND('',#875,.T.);
#504=FACE_OUTER_BOUND('',#876,.T.);
#505=FACE_OUTER_BOUND('',#877,.T.);
#506=FACE_OUTER_BOUND('',#878,.T.);
#507=FACE_OUTER_BOUND('',#879,.T.);
#508=FACE_OUTER_BOUND('',#880,.T.);
#509=FACE_OUTER_BOUND('',#881,.T.);
#510=FACE_OUTER_BOUND('',#882,.T.);
#511=FACE_OUTER_BOUND('',#884,.T.);
#512=FACE_OUTER_BOUND('',#885,.T.);
#513=FACE_OUTER_BOUND('',#886,.T.);
#514=FACE_OUTER_BOUND('',#887,.T.);
#515=FACE_OUTER_BOUND('',#888,.T.);
#516=FACE_OUTER_BOUND('',#889,.T.);
#517=FACE_OUTER_BOUND('',#890,.T.);
#518=FACE_OUTER_BOUND('',#891,.T.);
#519=FACE_OUTER_BOUND('',#892,.T.);
#520=FACE_OUTER_BOUND('',#893,.T.);
#521=FACE_OUTER_BOUND('',#894,.T.);
#522=FACE_OUTER_BOUND('',#895,.T.);
#523=FACE_OUTER_BOUND('',#896,.T.);
#524=FACE_OUTER_BOUND('',#897,.T.);
#525=FACE_OUTER_BOUND('',#898,.T.);
#526=FACE_OUTER_BOUND('',#899,.T.);
#527=FACE_OUTER_BOUND('',#900,.T.);
#528=FACE_OUTER_BOUND('',#901,.T.);
#529=FACE_OUTER_BOUND('',#902,.T.);
#530=FACE_OUTER_BOUND('',#903,.T.);
#531=FACE_OUTER_BOUND('',#904,.T.);
#532=FACE_OUTER_BOUND('',#905,.T.);
#533=FACE_OUTER_BOUND('',#906,.T.);
#534=FACE_OUTER_BOUND('',#907,.T.);
#535=FACE_OUTER_BOUND('',#908,.T.);
#536=FACE_OUTER_BOUND('',#909,.T.);
#537=FACE_OUTER_BOUND('',#910,.T.);
#538=FACE_OUTER_BOUND('',#911,.T.);
#539=FACE_OUTER_BOUND('',#912,.T.);
#540=FACE_OUTER_BOUND('',#913,.T.);
#541=FACE_OUTER_BOUND('',#914,.T.);
#542=FACE_OUTER_BOUND('',#915,.T.);
#543=FACE_OUTER_BOUND('',#916,.T.);
#544=FACE_OUTER_BOUND('',#918,.T.);
#545=FACE_OUTER_BOUND('',#919,.T.);
#546=FACE_OUTER_BOUND('',#920,.T.);
#547=FACE_OUTER_BOUND('',#921,.T.);
#548=FACE_OUTER_BOUND('',#922,.T.);
#549=FACE_OUTER_BOUND('',#923,.T.);
#550=FACE_OUTER_BOUND('',#924,.T.);
#551=FACE_OUTER_BOUND('',#925,.T.);
#552=FACE_OUTER_BOUND('',#926,.T.);
#553=FACE_OUTER_BOUND('',#927,.T.);
#554=FACE_OUTER_BOUND('',#928,.T.);
#555=FACE_OUTER_BOUND('',#929,.T.);
#556=FACE_OUTER_BOUND('',#930,.T.);
#557=FACE_OUTER_BOUND('',#931,.T.);
#558=FACE_OUTER_BOUND('',#932,.T.);
#559=FACE_OUTER_BOUND('',#933,.T.);
#560=FACE_OUTER_BOUND('',#934,.T.);
#561=FACE_OUTER_BOUND('',#935,.T.);
#562=FACE_OUTER_BOUND('',#936,.T.);
#563=FACE_OUTER_BOUND('',#937,.T.);
#564=FACE_OUTER_BOUND('',#938,.T.);
#565=FACE_OUTER_BOUND('',#939,.T.);
#566=FACE_OUTER_BOUND('',#940,.T.);
#567=FACE_OUTER_BOUND('',#941,.T.);
#568=FACE_OUTER_BOUND('',#942,.T.);
#569=FACE_OUTER_BOUND('',#943,.T.);
#570=FACE_OUTER_BOUND('',#944,.T.);
#571=FACE_OUTER_BOUND('',#947,.T.);
#572=FACE_OUTER_BOUND('',#948,.T.);
#573=FACE_OUTER_BOUND('',#949,.T.);
#574=FACE_OUTER_BOUND('',#950,.T.);
#575=FACE_OUTER_BOUND('',#951,.T.);
#576=FACE_OUTER_BOUND('',#952,.T.);
#577=EDGE_LOOP('',(#3951,#3952,#3953,#3954));
#578=EDGE_LOOP('',(#3955,#3956,#3957,#3958));
#579=EDGE_LOOP('',(#3959,#3960,#3961,#3962));
#580=EDGE_LOOP('',(#3963,#3964,#3965,#3966));
#581=EDGE_LOOP('',(#3967,#3968,#3969,#3970));
#582=EDGE_LOOP('',(#3971,#3972,#3973,#3974));
#583=EDGE_LOOP('',(#3975,#3976,#3977,#3978));
#584=EDGE_LOOP('',(#3979,#3980,#3981,#3982));
#585=EDGE_LOOP('',(#3983,#3984,#3985,#3986));
#586=EDGE_LOOP('',(#3987,#3988,#3989,#3990));
#587=EDGE_LOOP('',(#3991,#3992,#3993,#3994));
#588=EDGE_LOOP('',(#3995,#3996,#3997,#3998));
#589=EDGE_LOOP('',(#3999,#4000,#4001,#4002));
#590=EDGE_LOOP('',(#4003,#4004,#4005,#4006));
#591=EDGE_LOOP('',(#4007,#4008,#4009,#4010));
#592=EDGE_LOOP('',(#4011,#4012,#4013,#4014));
#593=EDGE_LOOP('',(#4015,#4016,#4017,#4018));
#594=EDGE_LOOP('',(#4019,#4020,#4021,#4022));
#595=EDGE_LOOP('',(#4023,#4024,#4025,#4026));
#596=EDGE_LOOP('',(#4027,#4028,#4029,#4030,#4031,#4032,#4033,#4034,#4035,
#4036,#4037,#4038,#4039,#4040));
#597=EDGE_LOOP('',(#4041,#4042,#4043,#4044,#4045));
#598=EDGE_LOOP('',(#4046,#4047,#4048,#4049));
#599=EDGE_LOOP('',(#4050,#4051,#4052,#4053));
#600=EDGE_LOOP('',(#4054,#4055,#4056,#4057));
#601=EDGE_LOOP('',(#4058,#4059,#4060,#4061));
#602=EDGE_LOOP('',(#4062,#4063,#4064,#4065));
#603=EDGE_LOOP('',(#4066,#4067,#4068,#4069));
#604=EDGE_LOOP('',(#4070,#4071,#4072,#4073));
#605=EDGE_LOOP('',(#4074,#4075,#4076,#4077));
#606=EDGE_LOOP('',(#4078,#4079,#4080,#4081));
#607=EDGE_LOOP('',(#4082,#4083,#4084,#4085));
#608=EDGE_LOOP('',(#4086,#4087,#4088,#4089));
#609=EDGE_LOOP('',(#4090,#4091,#4092,#4093));
#610=EDGE_LOOP('',(#4094,#4095,#4096,#4097));
#611=EDGE_LOOP('',(#4098,#4099,#4100,#4101));
#612=EDGE_LOOP('',(#4102,#4103,#4104,#4105));
#613=EDGE_LOOP('',(#4106,#4107,#4108,#4109));
#614=EDGE_LOOP('',(#4110,#4111,#4112,#4113));
#615=EDGE_LOOP('',(#4114,#4115,#4116,#4117));
#616=EDGE_LOOP('',(#4118,#4119,#4120,#4121));
#617=EDGE_LOOP('',(#4122,#4123,#4124,#4125));
#618=EDGE_LOOP('',(#4126,#4127,#4128,#4129,#4130,#4131,#4132,#4133,#4134,
#4135,#4136,#4137));
#619=EDGE_LOOP('',(#4138,#4139,#4140,#4141,#4142,#4143,#4144,#4145));
#620=EDGE_LOOP('',(#4146,#4147,#4148,#4149));
#621=EDGE_LOOP('',(#4150,#4151,#4152,#4153));
#622=EDGE_LOOP('',(#4154,#4155,#4156,#4157));
#623=EDGE_LOOP('',(#4158,#4159,#4160,#4161));
#624=EDGE_LOOP('',(#4162,#4163,#4164,#4165));
#625=EDGE_LOOP('',(#4166,#4167,#4168,#4169));
#626=EDGE_LOOP('',(#4170,#4171,#4172,#4173));
#627=EDGE_LOOP('',(#4174,#4175,#4176,#4177));
#628=EDGE_LOOP('',(#4178,#4179,#4180,#4181));
#629=EDGE_LOOP('',(#4182,#4183,#4184,#4185));
#630=EDGE_LOOP('',(#4186,#4187,#4188,#4189));
#631=EDGE_LOOP('',(#4190,#4191,#4192,#4193));
#632=EDGE_LOOP('',(#4194,#4195,#4196,#4197));
#633=EDGE_LOOP('',(#4198,#4199,#4200,#4201));
#634=EDGE_LOOP('',(#4202,#4203,#4204,#4205));
#635=EDGE_LOOP('',(#4206,#4207,#4208,#4209));
#636=EDGE_LOOP('',(#4210,#4211,#4212,#4213));
#637=EDGE_LOOP('',(#4214,#4215,#4216,#4217));
#638=EDGE_LOOP('',(#4218,#4219,#4220,#4221));
#639=EDGE_LOOP('',(#4222,#4223,#4224,#4225));
#640=EDGE_LOOP('',(#4226,#4227,#4228,#4229));
#641=EDGE_LOOP('',(#4230,#4231,#4232,#4233,#4234,#4235,#4236,#4237,#4238,
#4239,#4240,#4241));
#642=EDGE_LOOP('',(#4242,#4243,#4244,#4245,#4246,#4247,#4248,#4249,#4250));
#643=EDGE_LOOP('',(#4251,#4252,#4253,#4254));
#644=EDGE_LOOP('',(#4255,#4256,#4257,#4258));
#645=EDGE_LOOP('',(#4259,#4260,#4261,#4262));
#646=EDGE_LOOP('',(#4263,#4264,#4265,#4266));
#647=EDGE_LOOP('',(#4267,#4268,#4269,#4270));
#648=EDGE_LOOP('',(#4271,#4272,#4273,#4274));
#649=EDGE_LOOP('',(#4275,#4276,#4277,#4278));
#650=EDGE_LOOP('',(#4279,#4280,#4281,#4282));
#651=EDGE_LOOP('',(#4283,#4284,#4285,#4286));
#652=EDGE_LOOP('',(#4287,#4288,#4289,#4290));
#653=EDGE_LOOP('',(#4291,#4292,#4293,#4294));
#654=EDGE_LOOP('',(#4295,#4296,#4297,#4298));
#655=EDGE_LOOP('',(#4299,#4300,#4301,#4302));
#656=EDGE_LOOP('',(#4303,#4304,#4305,#4306));
#657=EDGE_LOOP('',(#4307,#4308,#4309,#4310));
#658=EDGE_LOOP('',(#4311,#4312,#4313,#4314));
#659=EDGE_LOOP('',(#4315,#4316,#4317,#4318));
#660=EDGE_LOOP('',(#4319,#4320,#4321,#4322));
#661=EDGE_LOOP('',(#4323,#4324,#4325,#4326));
#662=EDGE_LOOP('',(#4327,#4328,#4329,#4330));
#663=EDGE_LOOP('',(#4331,#4332,#4333,#4334));
#664=EDGE_LOOP('',(#4335,#4336,#4337,#4338));
#665=EDGE_LOOP('',(#4339,#4340,#4341,#4342));
#666=EDGE_LOOP('',(#4343,#4344,#4345,#4346));
#667=EDGE_LOOP('',(#4347,#4348,#4349,#4350));
#668=EDGE_LOOP('',(#4351,#4352,#4353,#4354));
#669=EDGE_LOOP('',(#4355,#4356,#4357,#4358));
#670=EDGE_LOOP('',(#4359,#4360,#4361,#4362));
#671=EDGE_LOOP('',(#4363,#4364,#4365,#4366));
#672=EDGE_LOOP('',(#4367,#4368,#4369,#4370));
#673=EDGE_LOOP('',(#4371,#4372,#4373,#4374));
#674=EDGE_LOOP('',(#4375,#4376,#4377,#4378));
#675=EDGE_LOOP('',(#4379,#4380,#4381,#4382));
#676=EDGE_LOOP('',(#4383,#4384,#4385,#4386));
#677=EDGE_LOOP('',(#4387,#4388,#4389,#4390,#4391,#4392,#4393,#4394,#4395,
#4396,#4397,#4398,#4399,#4400,#4401,#4402,#4403,#4404,#4405,#4406,#4407,
#4408,#4409,#4410,#4411));
#678=EDGE_LOOP('',(#4412,#4413,#4414,#4415,#4416,#4417,#4418,#4419,#4420));
#679=EDGE_LOOP('',(#4421,#4422,#4423,#4424));
#680=EDGE_LOOP('',(#4425,#4426,#4427,#4428));
#681=EDGE_LOOP('',(#4429,#4430,#4431,#4432));
#682=EDGE_LOOP('',(#4433,#4434,#4435,#4436));
#683=EDGE_LOOP('',(#4437,#4438,#4439,#4440));
#684=EDGE_LOOP('',(#4441,#4442,#4443,#4444));
#685=EDGE_LOOP('',(#4445,#4446,#4447,#4448));
#686=EDGE_LOOP('',(#4449,#4450,#4451,#4452));
#687=EDGE_LOOP('',(#4453,#4454,#4455,#4456));
#688=EDGE_LOOP('',(#4457,#4458,#4459,#4460));
#689=EDGE_LOOP('',(#4461,#4462,#4463,#4464));
#690=EDGE_LOOP('',(#4465,#4466,#4467,#4468));
#691=EDGE_LOOP('',(#4469,#4470,#4471,#4472));
#692=EDGE_LOOP('',(#4473,#4474,#4475,#4476,#4477,#4478,#4479,#4480,#4481,
#4482,#4483,#4484,#4485));
#693=EDGE_LOOP('',(#4486,#4487,#4488,#4489));
#694=EDGE_LOOP('',(#4490,#4491,#4492,#4493));
#695=EDGE_LOOP('',(#4494,#4495,#4496,#4497));
#696=EDGE_LOOP('',(#4498,#4499,#4500,#4501));
#697=EDGE_LOOP('',(#4502,#4503,#4504,#4505));
#698=EDGE_LOOP('',(#4506,#4507,#4508,#4509));
#699=EDGE_LOOP('',(#4510,#4511,#4512,#4513));
#700=EDGE_LOOP('',(#4514,#4515,#4516,#4517));
#701=EDGE_LOOP('',(#4518,#4519,#4520,#4521));
#702=EDGE_LOOP('',(#4522,#4523,#4524,#4525));
#703=EDGE_LOOP('',(#4526,#4527,#4528,#4529));
#704=EDGE_LOOP('',(#4530,#4531,#4532,#4533));
#705=EDGE_LOOP('',(#4534,#4535,#4536,#4537));
#706=EDGE_LOOP('',(#4538,#4539,#4540,#4541));
#707=EDGE_LOOP('',(#4542,#4543,#4544,#4545));
#708=EDGE_LOOP('',(#4546,#4547,#4548,#4549));
#709=EDGE_LOOP('',(#4550,#4551,#4552,#4553));
#710=EDGE_LOOP('',(#4554,#4555,#4556,#4557));
#711=EDGE_LOOP('',(#4558,#4559,#4560,#4561,#4562,#4563,#4564,#4565,#4566,
#4567));
#712=EDGE_LOOP('',(#4568,#4569,#4570,#4571,#4572,#4573,#4574,#4575));
#713=EDGE_LOOP('',(#4576,#4577,#4578,#4579));
#714=EDGE_LOOP('',(#4580,#4581,#4582,#4583));
#715=EDGE_LOOP('',(#4584,#4585,#4586,#4587));
#716=EDGE_LOOP('',(#4588,#4589,#4590,#4591));
#717=EDGE_LOOP('',(#4592,#4593,#4594,#4595));
#718=EDGE_LOOP('',(#4596,#4597,#4598,#4599));
#719=EDGE_LOOP('',(#4600,#4601,#4602,#4603));
#720=EDGE_LOOP('',(#4604,#4605,#4606,#4607));
#721=EDGE_LOOP('',(#4608,#4609,#4610,#4611));
#722=EDGE_LOOP('',(#4612,#4613,#4614,#4615));
#723=EDGE_LOOP('',(#4616,#4617,#4618,#4619,#4620,#4621,#4622,#4623,#4624,
#4625));
#724=EDGE_LOOP('',(#4626,#4627,#4628,#4629,#4630,#4631,#4632,#4633));
#725=EDGE_LOOP('',(#4634));
#726=EDGE_LOOP('',(#4635));
#727=EDGE_LOOP('',(#4636));
#728=EDGE_LOOP('',(#4637));
#729=EDGE_LOOP('',(#4638,#4639,#4640,#4641,#4642,#4643,#4644,#4645,#4646,
#4647));
#730=EDGE_LOOP('',(#4648,#4649,#4650,#4651,#4652,#4653,#4654,#4655,#4656,
#4657));
#731=EDGE_LOOP('',(#4658,#4659,#4660,#4661,#4662,#4663,#4664,#4665,#4666,
#4667,#4668,#4669,#4670));
#732=EDGE_LOOP('',(#4671,#4672,#4673,#4674,#4675,#4676,#4677,#4678,#4679,
#4680,#4681,#4682,#4683,#4684,#4685,#4686,#4687,#4688,#4689,#4690,#4691,
#4692,#4693,#4694,#4695));
#733=EDGE_LOOP('',(#4696,#4697,#4698,#4699,#4700,#4701,#4702,#4703,#4704,
#4705,#4706,#4707));
#734=EDGE_LOOP('',(#4708,#4709,#4710,#4711,#4712,#4713,#4714,#4715,#4716,
#4717,#4718,#4719));
#735=EDGE_LOOP('',(#4720,#4721,#4722,#4723,#4724,#4725,#4726,#4727,#4728,
#4729,#4730,#4731,#4732,#4733));
#736=EDGE_LOOP('',(#4734,#4735,#4736,#4737,#4738,#4739,#4740,#4741));
#737=EDGE_LOOP('',(#4742,#4743,#4744,#4745,#4746,#4747,#4748,#4749,#4750));
#738=EDGE_LOOP('',(#4751,#4752,#4753,#4754,#4755,#4756,#4757,#4758,#4759));
#739=EDGE_LOOP('',(#4760,#4761,#4762,#4763,#4764,#4765,#4766,#4767));
#740=EDGE_LOOP('',(#4768,#4769,#4770,#4771));
#741=EDGE_LOOP('',(#4772,#4773,#4774,#4775,#4776,#4777,#4778,#4779,#4780,
#4781,#4782,#4783,#4784,#4785,#4786,#4787));
#742=EDGE_LOOP('',(#4788));
#743=EDGE_LOOP('',(#4789));
#744=EDGE_LOOP('',(#4790));
#745=EDGE_LOOP('',(#4791));
#746=EDGE_LOOP('',(#4792,#4793,#4794,#4795));
#747=EDGE_LOOP('',(#4796,#4797,#4798,#4799));
#748=EDGE_LOOP('',(#4800,#4801,#4802,#4803));
#749=EDGE_LOOP('',(#4804,#4805,#4806,#4807));
#750=EDGE_LOOP('',(#4808,#4809,#4810,#4811));
#751=EDGE_LOOP('',(#4812,#4813,#4814,#4815));
#752=EDGE_LOOP('',(#4816,#4817,#4818,#4819));
#753=EDGE_LOOP('',(#4820,#4821,#4822,#4823));
#754=EDGE_LOOP('',(#4824,#4825,#4826,#4827,#4828,#4829,#4830,#4831));
#755=EDGE_LOOP('',(#4832,#4833,#4834,#4835));
#756=EDGE_LOOP('',(#4836,#4837,#4838,#4839));
#757=EDGE_LOOP('',(#4840,#4841,#4842,#4843));
#758=EDGE_LOOP('',(#4844,#4845,#4846,#4847));
#759=EDGE_LOOP('',(#4848,#4849,#4850,#4851));
#760=EDGE_LOOP('',(#4852,#4853,#4854,#4855));
#761=EDGE_LOOP('',(#4856,#4857,#4858,#4859));
#762=EDGE_LOOP('',(#4860,#4861,#4862,#4863));
#763=EDGE_LOOP('',(#4864,#4865,#4866,#4867,#4868,#4869,#4870,#4871));
#764=EDGE_LOOP('',(#4872,#4873,#4874,#4875));
#765=EDGE_LOOP('',(#4876,#4877,#4878,#4879,#4880));
#766=EDGE_LOOP('',(#4881,#4882,#4883,#4884));
#767=EDGE_LOOP('',(#4885,#4886,#4887,#4888,#4889,#4890,#4891,#4892));
#768=EDGE_LOOP('',(#4893,#4894,#4895,#4896));
#769=EDGE_LOOP('',(#4897,#4898,#4899,#4900));
#770=EDGE_LOOP('',(#4901,#4902,#4903,#4904,#4905,#4906,#4907,#4908,#4909,
#4910));
#771=EDGE_LOOP('',(#4911,#4912,#4913,#4914,#4915,#4916,#4917,#4918,#4919,
#4920));
#772=EDGE_LOOP('',(#4921,#4922,#4923,#4924,#4925,#4926,#4927,#4928,#4929,
#4930,#4931,#4932,#4933));
#773=EDGE_LOOP('',(#4934,#4935,#4936,#4937,#4938,#4939,#4940,#4941,#4942,
#4943,#4944,#4945,#4946,#4947,#4948,#4949,#4950,#4951,#4952,#4953,#4954,
#4955,#4956,#4957,#4958));
#774=EDGE_LOOP('',(#4959,#4960,#4961,#4962,#4963,#4964,#4965,#4966,#4967,
#4968,#4969,#4970));
#775=EDGE_LOOP('',(#4971,#4972,#4973,#4974,#4975,#4976,#4977,#4978,#4979,
#4980,#4981,#4982));
#776=EDGE_LOOP('',(#4983,#4984,#4985,#4986,#4987,#4988,#4989,#4990,#4991,
#4992,#4993,#4994,#4995,#4996));
#777=EDGE_LOOP('',(#4997,#4998,#4999,#5000));
#778=EDGE_LOOP('',(#5001,#5002,#5003,#5004));
#779=EDGE_LOOP('',(#5005,#5006,#5007,#5008));
#780=EDGE_LOOP('',(#5009,#5010,#5011,#5012));
#781=EDGE_LOOP('',(#5013,#5014,#5015,#5016));
#782=EDGE_LOOP('',(#5017,#5018,#5019,#5020));
#783=EDGE_LOOP('',(#5021,#5022,#5023,#5024));
#784=EDGE_LOOP('',(#5025,#5026,#5027,#5028));
#785=EDGE_LOOP('',(#5029,#5030,#5031,#5032));
#786=EDGE_LOOP('',(#5033,#5034,#5035,#5036));
#787=EDGE_LOOP('',(#5037,#5038,#5039,#5040));
#788=EDGE_LOOP('',(#5041,#5042,#5043,#5044));
#789=EDGE_LOOP('',(#5045,#5046,#5047,#5048));
#790=EDGE_LOOP('',(#5049,#5050,#5051,#5052));
#791=EDGE_LOOP('',(#5053,#5054,#5055,#5056));
#792=EDGE_LOOP('',(#5057,#5058,#5059,#5060));
#793=EDGE_LOOP('',(#5061,#5062,#5063,#5064));
#794=EDGE_LOOP('',(#5065,#5066,#5067,#5068));
#795=EDGE_LOOP('',(#5069,#5070,#5071,#5072));
#796=EDGE_LOOP('',(#5073,#5074,#5075,#5076));
#797=EDGE_LOOP('',(#5077,#5078,#5079,#5080));
#798=EDGE_LOOP('',(#5081,#5082,#5083,#5084));
#799=EDGE_LOOP('',(#5085,#5086,#5087,#5088));
#800=EDGE_LOOP('',(#5089,#5090,#5091,#5092));
#801=EDGE_LOOP('',(#5093,#5094,#5095,#5096,#5097,#5098,#5099,#5100,#5101,
#5102,#5103,#5104,#5105,#5106));
#802=EDGE_LOOP('',(#5107,#5108,#5109,#5110,#5111));
#803=EDGE_LOOP('',(#5112,#5113,#5114,#5115));
#804=EDGE_LOOP('',(#5116,#5117,#5118,#5119));
#805=EDGE_LOOP('',(#5120,#5121,#5122,#5123));
#806=EDGE_LOOP('',(#5124,#5125,#5126,#5127));
#807=EDGE_LOOP('',(#5128,#5129,#5130,#5131));
#808=EDGE_LOOP('',(#5132,#5133,#5134,#5135));
#809=EDGE_LOOP('',(#5136,#5137,#5138,#5139));
#810=EDGE_LOOP('',(#5140,#5141,#5142,#5143));
#811=EDGE_LOOP('',(#5144,#5145,#5146,#5147));
#812=EDGE_LOOP('',(#5148,#5149,#5150,#5151));
#813=EDGE_LOOP('',(#5152,#5153,#5154,#5155));
#814=EDGE_LOOP('',(#5156,#5157,#5158,#5159));
#815=EDGE_LOOP('',(#5160,#5161,#5162,#5163));
#816=EDGE_LOOP('',(#5164,#5165,#5166,#5167));
#817=EDGE_LOOP('',(#5168,#5169,#5170,#5171));
#818=EDGE_LOOP('',(#5172,#5173,#5174,#5175));
#819=EDGE_LOOP('',(#5176,#5177,#5178,#5179));
#820=EDGE_LOOP('',(#5180,#5181,#5182,#5183));
#821=EDGE_LOOP('',(#5184,#5185,#5186,#5187));
#822=EDGE_LOOP('',(#5188,#5189,#5190,#5191));
#823=EDGE_LOOP('',(#5192,#5193,#5194,#5195,#5196,#5197,#5198,#5199,#5200,
#5201,#5202,#5203));
#824=EDGE_LOOP('',(#5204,#5205,#5206,#5207,#5208,#5209,#5210,#5211));
#825=EDGE_LOOP('',(#5212,#5213,#5214,#5215));
#826=EDGE_LOOP('',(#5216,#5217,#5218,#5219));
#827=EDGE_LOOP('',(#5220,#5221,#5222,#5223));
#828=EDGE_LOOP('',(#5224,#5225,#5226,#5227));
#829=EDGE_LOOP('',(#5228,#5229,#5230,#5231));
#830=EDGE_LOOP('',(#5232,#5233,#5234,#5235));
#831=EDGE_LOOP('',(#5236,#5237,#5238,#5239));
#832=EDGE_LOOP('',(#5240,#5241,#5242,#5243));
#833=EDGE_LOOP('',(#5244,#5245,#5246,#5247));
#834=EDGE_LOOP('',(#5248,#5249,#5250,#5251));
#835=EDGE_LOOP('',(#5252,#5253,#5254,#5255));
#836=EDGE_LOOP('',(#5256,#5257,#5258,#5259));
#837=EDGE_LOOP('',(#5260,#5261,#5262,#5263));
#838=EDGE_LOOP('',(#5264,#5265,#5266,#5267));
#839=EDGE_LOOP('',(#5268,#5269,#5270,#5271));
#840=EDGE_LOOP('',(#5272,#5273,#5274,#5275));
#841=EDGE_LOOP('',(#5276,#5277,#5278,#5279));
#842=EDGE_LOOP('',(#5280,#5281,#5282,#5283));
#843=EDGE_LOOP('',(#5284,#5285,#5286,#5287));
#844=EDGE_LOOP('',(#5288,#5289,#5290,#5291));
#845=EDGE_LOOP('',(#5292,#5293,#5294,#5295));
#846=EDGE_LOOP('',(#5296,#5297,#5298,#5299,#5300,#5301,#5302,#5303,#5304,
#5305,#5306,#5307));
#847=EDGE_LOOP('',(#5308,#5309,#5310,#5311,#5312,#5313,#5314,#5315,#5316));
#848=EDGE_LOOP('',(#5317,#5318,#5319,#5320));
#849=EDGE_LOOP('',(#5321,#5322,#5323,#5324));
#850=EDGE_LOOP('',(#5325,#5326,#5327,#5328));
#851=EDGE_LOOP('',(#5329,#5330,#5331,#5332));
#852=EDGE_LOOP('',(#5333,#5334,#5335,#5336));
#853=EDGE_LOOP('',(#5337,#5338,#5339,#5340));
#854=EDGE_LOOP('',(#5341,#5342,#5343,#5344));
#855=EDGE_LOOP('',(#5345,#5346,#5347,#5348));
#856=EDGE_LOOP('',(#5349,#5350,#5351,#5352));
#857=EDGE_LOOP('',(#5353,#5354,#5355,#5356));
#858=EDGE_LOOP('',(#5357,#5358,#5359,#5360));
#859=EDGE_LOOP('',(#5361,#5362,#5363,#5364));
#860=EDGE_LOOP('',(#5365,#5366,#5367,#5368));
#861=EDGE_LOOP('',(#5369,#5370,#5371,#5372));
#862=EDGE_LOOP('',(#5373,#5374,#5375,#5376));
#863=EDGE_LOOP('',(#5377,#5378,#5379,#5380));
#864=EDGE_LOOP('',(#5381,#5382,#5383,#5384));
#865=EDGE_LOOP('',(#5385,#5386,#5387,#5388));
#866=EDGE_LOOP('',(#5389,#5390,#5391,#5392));
#867=EDGE_LOOP('',(#5393,#5394,#5395,#5396));
#868=EDGE_LOOP('',(#5397,#5398,#5399,#5400));
#869=EDGE_LOOP('',(#5401,#5402,#5403,#5404));
#870=EDGE_LOOP('',(#5405,#5406,#5407,#5408));
#871=EDGE_LOOP('',(#5409,#5410,#5411,#5412));
#872=EDGE_LOOP('',(#5413,#5414,#5415,#5416));
#873=EDGE_LOOP('',(#5417,#5418,#5419,#5420));
#874=EDGE_LOOP('',(#5421,#5422,#5423,#5424));
#875=EDGE_LOOP('',(#5425,#5426,#5427,#5428));
#876=EDGE_LOOP('',(#5429,#5430,#5431,#5432));
#877=EDGE_LOOP('',(#5433,#5434,#5435,#5436));
#878=EDGE_LOOP('',(#5437,#5438,#5439,#5440));
#879=EDGE_LOOP('',(#5441,#5442,#5443,#5444));
#880=EDGE_LOOP('',(#5445,#5446,#5447,#5448));
#881=EDGE_LOOP('',(#5449,#5450,#5451,#5452));
#882=EDGE_LOOP('',(#5453,#5454,#5455,#5456,#5457,#5458,#5459,#5460,#5461,
#5462,#5463,#5464,#5465,#5466,#5467,#5468,#5469,#5470,#5471,#5472,#5473,
#5474,#5475,#5476,#5477));
#883=EDGE_LOOP('',(#5478,#5479,#5480,#5481,#5482,#5483,#5484,#5485,#5486));
#884=EDGE_LOOP('',(#5487,#5488,#5489,#5490));
#885=EDGE_LOOP('',(#5491,#5492,#5493,#5494));
#886=EDGE_LOOP('',(#5495,#5496,#5497,#5498));
#887=EDGE_LOOP('',(#5499,#5500,#5501,#5502));
#888=EDGE_LOOP('',(#5503,#5504,#5505,#5506));
#889=EDGE_LOOP('',(#5507,#5508,#5509,#5510));
#890=EDGE_LOOP('',(#5511,#5512,#5513,#5514));
#891=EDGE_LOOP('',(#5515,#5516,#5517,#5518));
#892=EDGE_LOOP('',(#5519,#5520,#5521,#5522));
#893=EDGE_LOOP('',(#5523,#5524,#5525,#5526));
#894=EDGE_LOOP('',(#5527,#5528,#5529,#5530));
#895=EDGE_LOOP('',(#5531,#5532,#5533,#5534));
#896=EDGE_LOOP('',(#5535,#5536,#5537,#5538));
#897=EDGE_LOOP('',(#5539,#5540,#5541,#5542,#5543,#5544,#5545,#5546,#5547,
#5548,#5549,#5550,#5551));
#898=EDGE_LOOP('',(#5552,#5553,#5554,#5555));
#899=EDGE_LOOP('',(#5556,#5557,#5558,#5559));
#900=EDGE_LOOP('',(#5560,#5561,#5562,#5563));
#901=EDGE_LOOP('',(#5564,#5565,#5566,#5567));
#902=EDGE_LOOP('',(#5568,#5569,#5570,#5571));
#903=EDGE_LOOP('',(#5572,#5573,#5574,#5575));
#904=EDGE_LOOP('',(#5576,#5577,#5578,#5579));
#905=EDGE_LOOP('',(#5580,#5581,#5582,#5583));
#906=EDGE_LOOP('',(#5584,#5585,#5586,#5587));
#907=EDGE_LOOP('',(#5588,#5589,#5590,#5591));
#908=EDGE_LOOP('',(#5592,#5593,#5594,#5595));
#909=EDGE_LOOP('',(#5596,#5597,#5598,#5599));
#910=EDGE_LOOP('',(#5600,#5601,#5602,#5603));
#911=EDGE_LOOP('',(#5604,#5605,#5606,#5607));
#912=EDGE_LOOP('',(#5608,#5609,#5610,#5611));
#913=EDGE_LOOP('',(#5612,#5613,#5614,#5615));
#914=EDGE_LOOP('',(#5616,#5617,#5618,#5619));
#915=EDGE_LOOP('',(#5620,#5621,#5622,#5623));
#916=EDGE_LOOP('',(#5624,#5625,#5626,#5627,#5628,#5629,#5630,#5631,#5632,
#5633));
#917=EDGE_LOOP('',(#5634,#5635,#5636,#5637,#5638,#5639,#5640,#5641));
#918=EDGE_LOOP('',(#5642,#5643,#5644,#5645));
#919=EDGE_LOOP('',(#5646,#5647,#5648,#5649));
#920=EDGE_LOOP('',(#5650,#5651,#5652,#5653));
#921=EDGE_LOOP('',(#5654,#5655,#5656,#5657));
#922=EDGE_LOOP('',(#5658,#5659,#5660,#5661));
#923=EDGE_LOOP('',(#5662,#5663,#5664,#5665));
#924=EDGE_LOOP('',(#5666,#5667,#5668,#5669));
#925=EDGE_LOOP('',(#5670,#5671,#5672,#5673));
#926=EDGE_LOOP('',(#5674,#5675,#5676,#5677));
#927=EDGE_LOOP('',(#5678,#5679,#5680,#5681));
#928=EDGE_LOOP('',(#5682,#5683,#5684,#5685,#5686,#5687,#5688,#5689,#5690,
#5691));
#929=EDGE_LOOP('',(#5692,#5693,#5694,#5695,#5696,#5697,#5698,#5699));
#930=EDGE_LOOP('',(#5700,#5701,#5702,#5703,#5704,#5705,#5706,#5707,#5708));
#931=EDGE_LOOP('',(#5709,#5710,#5711,#5712,#5713,#5714,#5715,#5716,#5717));
#932=EDGE_LOOP('',(#5718,#5719,#5720,#5721,#5722,#5723,#5724,#5725));
#933=EDGE_LOOP('',(#5726,#5727,#5728,#5729));
#934=EDGE_LOOP('',(#5730,#5731,#5732,#5733));
#935=EDGE_LOOP('',(#5734,#5735,#5736,#5737));
#936=EDGE_LOOP('',(#5738,#5739,#5740,#5741));
#937=EDGE_LOOP('',(#5742,#5743,#5744,#5745));
#938=EDGE_LOOP('',(#5746,#5747,#5748,#5749));
#939=EDGE_LOOP('',(#5750,#5751,#5752,#5753));
#940=EDGE_LOOP('',(#5754,#5755,#5756,#5757));
#941=EDGE_LOOP('',(#5758,#5759,#5760,#5761));
#942=EDGE_LOOP('',(#5762,#5763,#5764,#5765));
#943=EDGE_LOOP('',(#5766,#5767,#5768,#5769,#5770));
#944=EDGE_LOOP('',(#5771,#5772,#5773,#5774,#5775,#5776,#5777,#5778));
#945=EDGE_LOOP('',(#5779,#5780,#5781,#5782));
#946=EDGE_LOOP('',(#5783,#5784,#5785,#5786));
#947=EDGE_LOOP('',(#5787,#5788,#5789,#5790));
#948=EDGE_LOOP('',(#5791,#5792,#5793,#5794));
#949=EDGE_LOOP('',(#5795,#5796,#5797,#5798));
#950=EDGE_LOOP('',(#5799,#5800,#5801,#5802));
#951=EDGE_LOOP('',(#5803,#5804,#5805,#5806));
#952=EDGE_LOOP('',(#5807,#5808,#5809,#5810));
#953=LINE('',#7458,#1495);
#954=LINE('',#7465,#1496);
#955=LINE('',#7483,#1497);
#956=LINE('',#7506,#1498);
#957=LINE('',#7529,#1499);
#958=LINE('',#7536,#1500);
#959=LINE('',#7537,#1501);
#960=LINE('',#7556,#1502);
#961=LINE('',#7563,#1503);
#962=LINE('',#7581,#1504);
#963=LINE('',#7604,#1505);
#964=LINE('',#7612,#1506);
#965=LINE('',#7614,#1507);
#966=LINE('',#7615,#1508);
#967=LINE('',#7633,#1509);
#968=LINE('',#7656,#1510);
#969=LINE('',#7679,#1511);
#970=LINE('',#7702,#1512);
#971=LINE('',#7725,#1513);
#972=LINE('',#7748,#1514);
#973=LINE('',#7771,#1515);
#974=LINE('',#7794,#1516);
#975=LINE('',#7802,#1517);
#976=LINE('',#7804,#1518);
#977=LINE('',#7805,#1519);
#978=LINE('',#7845,#1520);
#979=LINE('',#7852,#1521);
#980=LINE('',#7870,#1522);
#981=LINE('',#7893,#1523);
#982=LINE('',#7916,#1524);
#983=LINE('',#7939,#1525);
#984=LINE('',#7962,#1526);
#985=LINE('',#7985,#1527);
#986=LINE('',#8014,#1528);
#987=LINE('',#8016,#1529);
#988=LINE('',#8018,#1530);
#989=LINE('',#8019,#1531);
#990=LINE('',#8022,#1532);
#991=LINE('',#8024,#1533);
#992=LINE('',#8025,#1534);
#993=LINE('',#8043,#1535);
#994=LINE('',#8066,#1536);
#995=LINE('',#8089,#1537);
#996=LINE('',#8112,#1538);
#997=LINE('',#8135,#1539);
#998=LINE('',#8158,#1540);
#999=LINE('',#8181,#1541);
#1000=LINE('',#8189,#1542);
#1001=LINE('',#8191,#1543);
#1002=LINE('',#8192,#1544);
#1003=LINE('',#8195,#1545);
#1004=LINE('',#8197,#1546);
#1005=LINE('',#8198,#1547);
#1006=LINE('',#8200,#1548);
#1007=LINE('',#8201,#1549);
#1008=LINE('',#8221,#1550);
#1009=LINE('',#8228,#1551);
#1010=LINE('',#8246,#1552);
#1011=LINE('',#8269,#1553);
#1012=LINE('',#8292,#1554);
#1013=LINE('',#8315,#1555);
#1014=LINE('',#8338,#1556);
#1015=LINE('',#8346,#1557);
#1016=LINE('',#8348,#1558);
#1017=LINE('',#8349,#1559);
#1018=LINE('',#8352,#1560);
#1019=LINE('',#8354,#1561);
#1020=LINE('',#8355,#1562);
#1021=LINE('',#8357,#1563);
#1022=LINE('',#8358,#1564);
#1023=LINE('',#8362,#1565);
#1024=LINE('',#8364,#1566);
#1025=LINE('',#8366,#1567);
#1026=LINE('',#8367,#1568);
#1027=LINE('',#8370,#1569);
#1028=LINE('',#8372,#1570);
#1029=LINE('',#8373,#1571);
#1030=LINE('',#8391,#1572);
#1031=LINE('',#8414,#1573);
#1032=LINE('',#8437,#1574);
#1033=LINE('',#8460,#1575);
#1034=LINE('',#8483,#1576);
#1035=LINE('',#8506,#1577);
#1036=LINE('',#8529,#1578);
#1037=LINE('',#8537,#1579);
#1038=LINE('',#8539,#1580);
#1039=LINE('',#8540,#1581);
#1040=LINE('',#8543,#1582);
#1041=LINE('',#8545,#1583);
#1042=LINE('',#8546,#1584);
#1043=LINE('',#8548,#1585);
#1044=LINE('',#8549,#1586);
#1045=LINE('',#8569,#1587);
#1046=LINE('',#8576,#1588);
#1047=LINE('',#8594,#1589);
#1048=LINE('',#8617,#1590);
#1049=LINE('',#8640,#1591);
#1050=LINE('',#8663,#1592);
#1051=LINE('',#8686,#1593);
#1052=LINE('',#8709,#1594);
#1053=LINE('',#8732,#1595);
#1054=LINE('',#8739,#1596);
#1055=LINE('',#8740,#1597);
#1056=LINE('',#8759,#1598);
#1057=LINE('',#8766,#1599);
#1058=LINE('',#8784,#1600);
#1059=LINE('',#8807,#1601);
#1060=LINE('',#8815,#1602);
#1061=LINE('',#8817,#1603);
#1062=LINE('',#8818,#1604);
#1063=LINE('',#8836,#1605);
#1064=LINE('',#8859,#1606);
#1065=LINE('',#8882,#1607);
#1066=LINE('',#8905,#1608);
#1067=LINE('',#8928,#1609);
#1068=LINE('',#8951,#1610);
#1069=LINE('',#8974,#1611);
#1070=LINE('',#8997,#1612);
#1071=LINE('',#9020,#1613);
#1072=LINE('',#9043,#1614);
#1073=LINE('',#9051,#1615);
#1074=LINE('',#9053,#1616);
#1075=LINE('',#9054,#1617);
#1076=LINE('',#9072,#1618);
#1077=LINE('',#9095,#1619);
#1078=LINE('',#9103,#1620);
#1079=LINE('',#9105,#1621);
#1080=LINE('',#9106,#1622);
#1081=LINE('',#9124,#1623);
#1082=LINE('',#9147,#1624);
#1083=LINE('',#9170,#1625);
#1084=LINE('',#9193,#1626);
#1085=LINE('',#9216,#1627);
#1086=LINE('',#9224,#1628);
#1087=LINE('',#9226,#1629);
#1088=LINE('',#9227,#1630);
#1089=LINE('',#9252,#1631);
#1090=LINE('',#9254,#1632);
#1091=LINE('',#9256,#1633);
#1092=LINE('',#9257,#1634);
#1093=LINE('',#9260,#1635);
#1094=LINE('',#9262,#1636);
#1095=LINE('',#9263,#1637);
#1096=LINE('',#9266,#1638);
#1097=LINE('',#9268,#1639);
#1098=LINE('',#9269,#1640);
#1099=LINE('',#9272,#1641);
#1100=LINE('',#9274,#1642);
#1101=LINE('',#9275,#1643);
#1102=LINE('',#9278,#1644);
#1103=LINE('',#9280,#1645);
#1104=LINE('',#9281,#1646);
#1105=LINE('',#9284,#1647);
#1106=LINE('',#9286,#1648);
#1107=LINE('',#9287,#1649);
#1108=LINE('',#9290,#1650);
#1109=LINE('',#9292,#1651);
#1110=LINE('',#9293,#1652);
#1111=LINE('',#9296,#1653);
#1112=LINE('',#9298,#1654);
#1113=LINE('',#9299,#1655);
#1114=LINE('',#9302,#1656);
#1115=LINE('',#9304,#1657);
#1116=LINE('',#9305,#1658);
#1117=LINE('',#9308,#1659);
#1118=LINE('',#9310,#1660);
#1119=LINE('',#9311,#1661);
#1120=LINE('',#9314,#1662);
#1121=LINE('',#9316,#1663);
#1122=LINE('',#9317,#1664);
#1123=LINE('',#9320,#1665);
#1124=LINE('',#9322,#1666);
#1125=LINE('',#9323,#1667);
#1126=LINE('',#9325,#1668);
#1127=LINE('',#9326,#1669);
#1128=LINE('',#9346,#1670);
#1129=LINE('',#9353,#1671);
#1130=LINE('',#9371,#1672);
#1131=LINE('',#9394,#1673);
#1132=LINE('',#9417,#1674);
#1133=LINE('',#9440,#1675);
#1134=LINE('',#9463,#1676);
#1135=LINE('',#9486,#1677);
#1136=LINE('',#9530,#1678);
#1137=LINE('',#9537,#1679);
#1138=LINE('',#9555,#1680);
#1139=LINE('',#9578,#1681);
#1140=LINE('',#9601,#1682);
#1141=LINE('',#9624,#1683);
#1142=LINE('',#9647,#1684);
#1143=LINE('',#9670,#1685);
#1144=LINE('',#9693,#1686);
#1145=LINE('',#9716,#1687);
#1146=LINE('',#9746,#1688);
#1147=LINE('',#9748,#1689);
#1148=LINE('',#9750,#1690);
#1149=LINE('',#9751,#1691);
#1150=LINE('',#9754,#1692);
#1151=LINE('',#9756,#1693);
#1152=LINE('',#9757,#1694);
#1153=LINE('',#9760,#1695);
#1154=LINE('',#9762,#1696);
#1155=LINE('',#9763,#1697);
#1156=LINE('',#9766,#1698);
#1157=LINE('',#9768,#1699);
#1158=LINE('',#9769,#1700);
#1159=LINE('',#9772,#1701);
#1160=LINE('',#9774,#1702);
#1161=LINE('',#9775,#1703);
#1162=LINE('',#9778,#1704);
#1163=LINE('',#9780,#1705);
#1164=LINE('',#9781,#1706);
#1165=LINE('',#9784,#1707);
#1166=LINE('',#9786,#1708);
#1167=LINE('',#9787,#1709);
#1168=LINE('',#9790,#1710);
#1169=LINE('',#9792,#1711);
#1170=LINE('',#9793,#1712);
#1171=LINE('',#9796,#1713);
#1172=LINE('',#9798,#1714);
#1173=LINE('',#9799,#1715);
#1174=LINE('',#9801,#1716);
#1175=LINE('',#9802,#1717);
#1176=LINE('',#9809,#1718);
#1177=LINE('',#9813,#1719);
#1178=LINE('',#9817,#1720);
#1179=LINE('',#9820,#1721);
#1180=LINE('',#9837,#1722);
#1181=LINE('',#9838,#1723);
#1182=LINE('',#9841,#1724);
#1183=LINE('',#9845,#1725);
#1184=LINE('',#9849,#1726);
#1185=LINE('',#9853,#1727);
#1186=LINE('',#9855,#1728);
#1187=LINE('',#9857,#1729);
#1188=LINE('',#9859,#1730);
#1189=LINE('',#9861,#1731);
#1190=LINE('',#9863,#1732);
#1191=LINE('',#9865,#1733);
#1192=LINE('',#9867,#1734);
#1193=LINE('',#9868,#1735);
#1194=LINE('',#9878,#1736);
#1195=LINE('',#9880,#1737);
#1196=LINE('',#9882,#1738);
#1197=LINE('',#9883,#1739);
#1198=LINE('',#9885,#1740);
#1199=LINE('',#9887,#1741);
#1200=LINE('',#9890,#1742);
#1201=LINE('',#9892,#1743);
#1202=LINE('',#9893,#1744);
#1203=LINE('',#9896,#1745);
#1204=LINE('',#9898,#1746);
#1205=LINE('',#9899,#1747);
#1206=LINE('',#9901,#1748);
#1207=LINE('',#9902,#1749);
#1208=LINE('',#9905,#1750);
#1209=LINE('',#9907,#1751);
#1210=LINE('',#9908,#1752);
#1211=LINE('',#9911,#1753);
#1212=LINE('',#9912,#1754);
#1213=LINE('',#9914,#1755);
#1214=LINE('',#9916,#1756);
#1215=LINE('',#9918,#1757);
#1216=LINE('',#9921,#1758);
#1217=LINE('',#9922,#1759);
#1218=LINE('',#9924,#1760);
#1219=LINE('',#9926,#1761);
#1220=LINE('',#9936,#1762);
#1221=LINE('',#9939,#1763);
#1222=LINE('',#9942,#1764);
#1223=LINE('',#9946,#1765);
#1224=LINE('',#9950,#1766);
#1225=LINE('',#9953,#1767);
#1226=LINE('',#9956,#1768);
#1227=LINE('',#9958,#1769);
#1228=LINE('',#9960,#1770);
#1229=LINE('',#9961,#1771);
#1230=LINE('',#9964,#1772);
#1231=LINE('',#9966,#1773);
#1232=LINE('',#9968,#1774);
#1233=LINE('',#9969,#1775);
#1234=LINE('',#9972,#1776);
#1235=LINE('',#9974,#1777);
#1236=LINE('',#9976,#1778);
#1237=LINE('',#9978,#1779);
#1238=LINE('',#9980,#1780);
#1239=LINE('',#9982,#1781);
#1240=LINE('',#9984,#1782);
#1241=LINE('',#9986,#1783);
#1242=LINE('',#9988,#1784);
#1243=LINE('',#9989,#1785);
#1244=LINE('',#10052,#1786);
#1245=LINE('',#10054,#1787);
#1246=LINE('',#10056,#1788);
#1247=LINE('',#10058,#1789);
#1248=LINE('',#10060,#1790);
#1249=LINE('',#10062,#1791);
#1250=LINE('',#10064,#1792);
#1251=LINE('',#10066,#1793);
#1252=LINE('',#10068,#1794);
#1253=LINE('',#10070,#1795);
#1254=LINE('',#10072,#1796);
#1255=LINE('',#10074,#1797);
#1256=LINE('',#10075,#1798);
#1257=LINE('',#10090,#1799);
#1258=LINE('',#10122,#1800);
#1259=LINE('',#10136,#1801);
#1260=LINE('',#10198,#1802);
#1261=LINE('',#10212,#1803);
#1262=LINE('',#10214,#1804);
#1263=LINE('',#10216,#1805);
#1264=LINE('',#10218,#1806);
#1265=LINE('',#10261,#1807);
#1266=LINE('',#10264,#1808);
#1267=LINE('',#10266,#1809);
#1268=LINE('',#10268,#1810);
#1269=LINE('',#10270,#1811);
#1270=LINE('',#10313,#1812);
#1271=LINE('',#10328,#1813);
#1272=LINE('',#10378,#1814);
#1273=LINE('',#10392,#1815);
#1274=LINE('',#10393,#1816);
#1275=LINE('',#10397,#1817);
#1276=LINE('',#10400,#1818);
#1277=LINE('',#10403,#1819);
#1278=LINE('',#10406,#1820);
#1279=LINE('',#10407,#1821);
#1280=LINE('',#10411,#1822);
#1281=LINE('',#10430,#1823);
#1282=LINE('',#10437,#1824);
#1283=LINE('',#10455,#1825);
#1284=LINE('',#10478,#1826);
#1285=LINE('',#10501,#1827);
#1286=LINE('',#10508,#1828);
#1287=LINE('',#10509,#1829);
#1288=LINE('',#10521,#1830);
#1289=LINE('',#10528,#1831);
#1290=LINE('',#10540,#1832);
#1291=LINE('',#10557,#1833);
#1292=LINE('',#10565,#1834);
#1293=LINE('',#10566,#1835);
#1294=LINE('',#10578,#1836);
#1295=LINE('',#10595,#1837);
#1296=LINE('',#10612,#1838);
#1297=LINE('',#10629,#1839);
#1298=LINE('',#10646,#1840);
#1299=LINE('',#10663,#1841);
#1300=LINE('',#10680,#1842);
#1301=LINE('',#10697,#1843);
#1302=LINE('',#10705,#1844);
#1303=LINE('',#10706,#1845);
#1304=LINE('',#10741,#1846);
#1305=LINE('',#10748,#1847);
#1306=LINE('',#10766,#1848);
#1307=LINE('',#10789,#1849);
#1308=LINE('',#10812,#1850);
#1309=LINE('',#10835,#1851);
#1310=LINE('',#10858,#1852);
#1311=LINE('',#10881,#1853);
#1312=LINE('',#10909,#1854);
#1313=LINE('',#10911,#1855);
#1314=LINE('',#10912,#1856);
#1315=LINE('',#10915,#1857);
#1316=LINE('',#10916,#1858);
#1317=LINE('',#10928,#1859);
#1318=LINE('',#10945,#1860);
#1319=LINE('',#10962,#1861);
#1320=LINE('',#10979,#1862);
#1321=LINE('',#10996,#1863);
#1322=LINE('',#11013,#1864);
#1323=LINE('',#11030,#1865);
#1324=LINE('',#11038,#1866);
#1325=LINE('',#11039,#1867);
#1326=LINE('',#11042,#1868);
#1327=LINE('',#11043,#1869);
#1328=LINE('',#11045,#1870);
#1329=LINE('',#11065,#1871);
#1330=LINE('',#11072,#1872);
#1331=LINE('',#11090,#1873);
#1332=LINE('',#11113,#1874);
#1333=LINE('',#11136,#1875);
#1334=LINE('',#11159,#1876);
#1335=LINE('',#11182,#1877);
#1336=LINE('',#11190,#1878);
#1337=LINE('',#11192,#1879);
#1338=LINE('',#11193,#1880);
#1339=LINE('',#11196,#1881);
#1340=LINE('',#11198,#1882);
#1341=LINE('',#11199,#1883);
#1342=LINE('',#11201,#1884);
#1343=LINE('',#11202,#1885);
#1344=LINE('',#11205,#1886);
#1345=LINE('',#11207,#1887);
#1346=LINE('',#11208,#1888);
#1347=LINE('',#11211,#1889);
#1348=LINE('',#11212,#1890);
#1349=LINE('',#11224,#1891);
#1350=LINE('',#11241,#1892);
#1351=LINE('',#11258,#1893);
#1352=LINE('',#11275,#1894);
#1353=LINE('',#11292,#1895);
#1354=LINE('',#11309,#1896);
#1355=LINE('',#11326,#1897);
#1356=LINE('',#11334,#1898);
#1357=LINE('',#11335,#1899);
#1358=LINE('',#11338,#1900);
#1359=LINE('',#11339,#1901);
#1360=LINE('',#11341,#1902);
#1361=LINE('',#11361,#1903);
#1362=LINE('',#11368,#1904);
#1363=LINE('',#11386,#1905);
#1364=LINE('',#11409,#1906);
#1365=LINE('',#11432,#1907);
#1366=LINE('',#11455,#1908);
#1367=LINE('',#11478,#1909);
#1368=LINE('',#11501,#1910);
#1369=LINE('',#11524,#1911);
#1370=LINE('',#11531,#1912);
#1371=LINE('',#11532,#1913);
#1372=LINE('',#11544,#1914);
#1373=LINE('',#11551,#1915);
#1374=LINE('',#11563,#1916);
#1375=LINE('',#11580,#1917);
#1376=LINE('',#11588,#1918);
#1377=LINE('',#11589,#1919);
#1378=LINE('',#11601,#1920);
#1379=LINE('',#11618,#1921);
#1380=LINE('',#11635,#1922);
#1381=LINE('',#11652,#1923);
#1382=LINE('',#11669,#1924);
#1383=LINE('',#11686,#1925);
#1384=LINE('',#11703,#1926);
#1385=LINE('',#11720,#1927);
#1386=LINE('',#11737,#1928);
#1387=LINE('',#11754,#1929);
#1388=LINE('',#11762,#1930);
#1389=LINE('',#11763,#1931);
#1390=LINE('',#11775,#1932);
#1391=LINE('',#11792,#1933);
#1392=LINE('',#11800,#1934);
#1393=LINE('',#11801,#1935);
#1394=LINE('',#11813,#1936);
#1395=LINE('',#11830,#1937);
#1396=LINE('',#11847,#1938);
#1397=LINE('',#11864,#1939);
#1398=LINE('',#11881,#1940);
#1399=LINE('',#11889,#1941);
#1400=LINE('',#11890,#1942);
#1401=LINE('',#11909,#1943);
#1402=LINE('',#11911,#1944);
#1403=LINE('',#11912,#1945);
#1404=LINE('',#11915,#1946);
#1405=LINE('',#11916,#1947);
#1406=LINE('',#11919,#1948);
#1407=LINE('',#11920,#1949);
#1408=LINE('',#11923,#1950);
#1409=LINE('',#11924,#1951);
#1410=LINE('',#11927,#1952);
#1411=LINE('',#11928,#1953);
#1412=LINE('',#11931,#1954);
#1413=LINE('',#11932,#1955);
#1414=LINE('',#11935,#1956);
#1415=LINE('',#11936,#1957);
#1416=LINE('',#11939,#1958);
#1417=LINE('',#11940,#1959);
#1418=LINE('',#11943,#1960);
#1419=LINE('',#11944,#1961);
#1420=LINE('',#11947,#1962);
#1421=LINE('',#11948,#1963);
#1422=LINE('',#11951,#1964);
#1423=LINE('',#11952,#1965);
#1424=LINE('',#11955,#1966);
#1425=LINE('',#11956,#1967);
#1426=LINE('',#11958,#1968);
#1427=LINE('',#11978,#1969);
#1428=LINE('',#11985,#1970);
#1429=LINE('',#12003,#1971);
#1430=LINE('',#12026,#1972);
#1431=LINE('',#12049,#1973);
#1432=LINE('',#12072,#1974);
#1433=LINE('',#12095,#1975);
#1434=LINE('',#12118,#1976);
#1435=LINE('',#12155,#1977);
#1436=LINE('',#12162,#1978);
#1437=LINE('',#12174,#1979);
#1438=LINE('',#12191,#1980);
#1439=LINE('',#12208,#1981);
#1440=LINE('',#12225,#1982);
#1441=LINE('',#12242,#1983);
#1442=LINE('',#12259,#1984);
#1443=LINE('',#12276,#1985);
#1444=LINE('',#12293,#1986);
#1445=LINE('',#12317,#1987);
#1446=LINE('',#12319,#1988);
#1447=LINE('',#12320,#1989);
#1448=LINE('',#12323,#1990);
#1449=LINE('',#12324,#1991);
#1450=LINE('',#12327,#1992);
#1451=LINE('',#12328,#1993);
#1452=LINE('',#12331,#1994);
#1453=LINE('',#12332,#1995);
#1454=LINE('',#12335,#1996);
#1455=LINE('',#12336,#1997);
#1456=LINE('',#12339,#1998);
#1457=LINE('',#12340,#1999);
#1458=LINE('',#12343,#2000);
#1459=LINE('',#12344,#2001);
#1460=LINE('',#12347,#2002);
#1461=LINE('',#12348,#2003);
#1462=LINE('',#12351,#2004);
#1463=LINE('',#12352,#2005);
#1464=LINE('',#12354,#2006);
#1465=LINE('',#12363,#2007);
#1466=LINE('',#12364,#2008);
#1467=LINE('',#12365,#2009);
#1468=LINE('',#12368,#2010);
#1469=LINE('',#12369,#2011);
#1470=LINE('',#12372,#2012);
#1471=LINE('',#12373,#2013);
#1472=LINE('',#12375,#2014);
#1473=LINE('',#12379,#2015);
#1474=LINE('',#12380,#2016);
#1475=LINE('',#12381,#2017);
#1476=LINE('',#12384,#2018);
#1477=LINE('',#12385,#2019);
#1478=LINE('',#12388,#2020);
#1479=LINE('',#12389,#2021);
#1480=LINE('',#12391,#2022);
#1481=LINE('',#12393,#2023);
#1482=LINE('',#12395,#2024);
#1483=LINE('',#12401,#2025);
#1484=LINE('',#12403,#2026);
#1485=LINE('',#12405,#2027);
#1486=LINE('',#12406,#2028);
#1487=LINE('',#12409,#2029);
#1488=LINE('',#12411,#2030);
#1489=LINE('',#12412,#2031);
#1490=LINE('',#12415,#2032);
#1491=LINE('',#12417,#2033);
#1492=LINE('',#12418,#2034);
#1493=LINE('',#12420,#2035);
#1494=LINE('',#12421,#2036);
#1495=VECTOR('',#6533,10.);
#1496=VECTOR('',#6534,10.);
#1497=VECTOR('',#6535,10.);
#1498=VECTOR('',#6536,10.);
#1499=VECTOR('',#6537,10.);
#1500=VECTOR('',#6540,10.);
#1501=VECTOR('',#6541,10.);
#1502=VECTOR('',#6542,10.);
#1503=VECTOR('',#6543,10.);
#1504=VECTOR('',#6544,10.);
#1505=VECTOR('',#6545,10.);
#1506=VECTOR('',#6548,10.);
#1507=VECTOR('',#6549,10.);
#1508=VECTOR('',#6550,10.);
#1509=VECTOR('',#6551,10.);
#1510=VECTOR('',#6552,10.);
#1511=VECTOR('',#6553,10.);
#1512=VECTOR('',#6554,10.);
#1513=VECTOR('',#6555,10.);
#1514=VECTOR('',#6556,10.);
#1515=VECTOR('',#6557,10.);
#1516=VECTOR('',#6558,10.);
#1517=VECTOR('',#6561,10.);
#1518=VECTOR('',#6562,10.);
#1519=VECTOR('',#6563,10.);
#1520=VECTOR('',#6566,10.);
#1521=VECTOR('',#6567,10.);
#1522=VECTOR('',#6568,10.);
#1523=VECTOR('',#6569,10.);
#1524=VECTOR('',#6570,10.);
#1525=VECTOR('',#6571,10.);
#1526=VECTOR('',#6572,10.);
#1527=VECTOR('',#6573,10.);
#1528=VECTOR('',#6576,10.);
#1529=VECTOR('',#6577,10.);
#1530=VECTOR('',#6578,10.);
#1531=VECTOR('',#6579,10.);
#1532=VECTOR('',#6582,10.);
#1533=VECTOR('',#6583,10.);
#1534=VECTOR('',#6584,10.);
#1535=VECTOR('',#6585,10.);
#1536=VECTOR('',#6586,10.);
#1537=VECTOR('',#6587,10.);
#1538=VECTOR('',#6588,10.);
#1539=VECTOR('',#6589,10.);
#1540=VECTOR('',#6590,10.);
#1541=VECTOR('',#6591,10.);
#1542=VECTOR('',#6594,10.);
#1543=VECTOR('',#6595,10.);
#1544=VECTOR('',#6596,10.);
#1545=VECTOR('',#6599,10.);
#1546=VECTOR('',#6600,10.);
#1547=VECTOR('',#6601,10.);
#1548=VECTOR('',#6604,10.);
#1549=VECTOR('',#6605,10.);
#1550=VECTOR('',#6608,10.);
#1551=VECTOR('',#6609,10.);
#1552=VECTOR('',#6610,10.);
#1553=VECTOR('',#6611,10.);
#1554=VECTOR('',#6612,10.);
#1555=VECTOR('',#6613,10.);
#1556=VECTOR('',#6614,10.);
#1557=VECTOR('',#6617,10.);
#1558=VECTOR('',#6618,10.);
#1559=VECTOR('',#6619,10.);
#1560=VECTOR('',#6622,10.);
#1561=VECTOR('',#6623,10.);
#1562=VECTOR('',#6624,10.);
#1563=VECTOR('',#6627,10.);
#1564=VECTOR('',#6628,10.);
#1565=VECTOR('',#6631,10.);
#1566=VECTOR('',#6632,10.);
#1567=VECTOR('',#6633,10.);
#1568=VECTOR('',#6634,10.);
#1569=VECTOR('',#6637,10.);
#1570=VECTOR('',#6638,10.);
#1571=VECTOR('',#6639,10.);
#1572=VECTOR('',#6640,10.);
#1573=VECTOR('',#6641,10.);
#1574=VECTOR('',#6642,10.);
#1575=VECTOR('',#6643,10.);
#1576=VECTOR('',#6644,10.);
#1577=VECTOR('',#6645,10.);
#1578=VECTOR('',#6646,10.);
#1579=VECTOR('',#6649,10.);
#1580=VECTOR('',#6650,10.);
#1581=VECTOR('',#6651,10.);
#1582=VECTOR('',#6654,10.);
#1583=VECTOR('',#6655,10.);
#1584=VECTOR('',#6656,10.);
#1585=VECTOR('',#6659,10.);
#1586=VECTOR('',#6660,10.);
#1587=VECTOR('',#6663,10.);
#1588=VECTOR('',#6664,10.);
#1589=VECTOR('',#6665,10.);
#1590=VECTOR('',#6666,10.);
#1591=VECTOR('',#6667,10.);
#1592=VECTOR('',#6668,10.);
#1593=VECTOR('',#6669,10.);
#1594=VECTOR('',#6670,10.);
#1595=VECTOR('',#6671,10.);
#1596=VECTOR('',#6674,10.);
#1597=VECTOR('',#6675,10.);
#1598=VECTOR('',#6676,10.);
#1599=VECTOR('',#6677,10.);
#1600=VECTOR('',#6678,10.);
#1601=VECTOR('',#6679,10.);
#1602=VECTOR('',#6682,10.);
#1603=VECTOR('',#6683,10.);
#1604=VECTOR('',#6684,10.);
#1605=VECTOR('',#6685,10.);
#1606=VECTOR('',#6686,10.);
#1607=VECTOR('',#6687,10.);
#1608=VECTOR('',#6688,10.);
#1609=VECTOR('',#6689,10.);
#1610=VECTOR('',#6690,10.);
#1611=VECTOR('',#6691,10.);
#1612=VECTOR('',#6692,10.);
#1613=VECTOR('',#6693,10.);
#1614=VECTOR('',#6694,10.);
#1615=VECTOR('',#6697,10.);
#1616=VECTOR('',#6698,10.);
#1617=VECTOR('',#6699,10.);
#1618=VECTOR('',#6700,10.);
#1619=VECTOR('',#6701,10.);
#1620=VECTOR('',#6704,10.);
#1621=VECTOR('',#6705,10.);
#1622=VECTOR('',#6706,10.);
#1623=VECTOR('',#6707,10.);
#1624=VECTOR('',#6708,10.);
#1625=VECTOR('',#6709,10.);
#1626=VECTOR('',#6710,10.);
#1627=VECTOR('',#6711,10.);
#1628=VECTOR('',#6714,10.);
#1629=VECTOR('',#6715,10.);
#1630=VECTOR('',#6716,10.);
#1631=VECTOR('',#6721,10.);
#1632=VECTOR('',#6722,10.);
#1633=VECTOR('',#6723,10.);
#1634=VECTOR('',#6724,10.);
#1635=VECTOR('',#6727,10.);
#1636=VECTOR('',#6728,10.);
#1637=VECTOR('',#6729,10.);
#1638=VECTOR('',#6732,10.);
#1639=VECTOR('',#6733,10.);
#1640=VECTOR('',#6734,10.);
#1641=VECTOR('',#6737,10.);
#1642=VECTOR('',#6738,10.);
#1643=VECTOR('',#6739,10.);
#1644=VECTOR('',#6742,10.);
#1645=VECTOR('',#6743,10.);
#1646=VECTOR('',#6744,10.);
#1647=VECTOR('',#6747,10.);
#1648=VECTOR('',#6748,10.);
#1649=VECTOR('',#6749,10.);
#1650=VECTOR('',#6752,10.);
#1651=VECTOR('',#6753,10.);
#1652=VECTOR('',#6754,10.);
#1653=VECTOR('',#6757,10.);
#1654=VECTOR('',#6758,10.);
#1655=VECTOR('',#6759,10.);
#1656=VECTOR('',#6762,10.);
#1657=VECTOR('',#6763,10.);
#1658=VECTOR('',#6764,10.);
#1659=VECTOR('',#6767,10.);
#1660=VECTOR('',#6768,10.);
#1661=VECTOR('',#6769,10.);
#1662=VECTOR('',#6772,10.);
#1663=VECTOR('',#6773,10.);
#1664=VECTOR('',#6774,10.);
#1665=VECTOR('',#6777,10.);
#1666=VECTOR('',#6778,10.);
#1667=VECTOR('',#6779,10.);
#1668=VECTOR('',#6782,10.);
#1669=VECTOR('',#6783,10.);
#1670=VECTOR('',#6786,10.);
#1671=VECTOR('',#6787,10.);
#1672=VECTOR('',#6788,10.);
#1673=VECTOR('',#6789,10.);
#1674=VECTOR('',#6790,10.);
#1675=VECTOR('',#6791,10.);
#1676=VECTOR('',#6792,10.);
#1677=VECTOR('',#6793,10.);
#1678=VECTOR('',#6794,10.);
#1679=VECTOR('',#6795,10.);
#1680=VECTOR('',#6796,10.);
#1681=VECTOR('',#6797,10.);
#1682=VECTOR('',#6798,10.);
#1683=VECTOR('',#6799,10.);
#1684=VECTOR('',#6800,10.);
#1685=VECTOR('',#6801,10.);
#1686=VECTOR('',#6802,10.);
#1687=VECTOR('',#6803,10.);
#1688=VECTOR('',#6808,10.);
#1689=VECTOR('',#6809,10.);
#1690=VECTOR('',#6810,10.);
#1691=VECTOR('',#6811,10.);
#1692=VECTOR('',#6814,10.);
#1693=VECTOR('',#6815,10.);
#1694=VECTOR('',#6816,10.);
#1695=VECTOR('',#6819,10.);
#1696=VECTOR('',#6820,10.);
#1697=VECTOR('',#6821,10.);
#1698=VECTOR('',#6824,10.);
#1699=VECTOR('',#6825,10.);
#1700=VECTOR('',#6826,10.);
#1701=VECTOR('',#6829,10.);
#1702=VECTOR('',#6830,10.);
#1703=VECTOR('',#6831,10.);
#1704=VECTOR('',#6834,10.);
#1705=VECTOR('',#6835,10.);
#1706=VECTOR('',#6836,10.);
#1707=VECTOR('',#6839,10.);
#1708=VECTOR('',#6840,10.);
#1709=VECTOR('',#6841,10.);
#1710=VECTOR('',#6844,10.);
#1711=VECTOR('',#6845,10.);
#1712=VECTOR('',#6846,10.);
#1713=VECTOR('',#6849,10.);
#1714=VECTOR('',#6850,10.);
#1715=VECTOR('',#6851,10.);
#1716=VECTOR('',#6854,10.);
#1717=VECTOR('',#6855,10.);
#1718=VECTOR('',#6862,10.);
#1719=VECTOR('',#6865,10.);
#1720=VECTOR('',#6868,10.);
#1721=VECTOR('',#6871,10.);
#1722=VECTOR('',#6892,10.);
#1723=VECTOR('',#6893,10.);
#1724=VECTOR('',#6896,10.);
#1725=VECTOR('',#6899,10.);
#1726=VECTOR('',#6902,10.);
#1727=VECTOR('',#6905,10.);
#1728=VECTOR('',#6906,10.);
#1729=VECTOR('',#6907,10.);
#1730=VECTOR('',#6908,10.);
#1731=VECTOR('',#6909,10.);
#1732=VECTOR('',#6910,10.);
#1733=VECTOR('',#6911,10.);
#1734=VECTOR('',#6912,10.);
#1735=VECTOR('',#6913,10.);
#1736=VECTOR('',#6924,10.);
#1737=VECTOR('',#6927,10.);
#1738=VECTOR('',#6930,10.);
#1739=VECTOR('',#6931,10.);
#1740=VECTOR('',#6934,10.);
#1741=VECTOR('',#6937,10.);
#1742=VECTOR('',#6940,10.);
#1743=VECTOR('',#6941,10.);
#1744=VECTOR('',#6942,10.);
#1745=VECTOR('',#6945,10.);
#1746=VECTOR('',#6946,10.);
#1747=VECTOR('',#6947,10.);
#1748=VECTOR('',#6950,10.);
#1749=VECTOR('',#6951,10.);
#1750=VECTOR('',#6954,10.);
#1751=VECTOR('',#6955,10.);
#1752=VECTOR('',#6956,10.);
#1753=VECTOR('',#6959,10.);
#1754=VECTOR('',#6960,10.);
#1755=VECTOR('',#6963,1.45);
#1756=VECTOR('',#6966,1.45);
#1757=VECTOR('',#6969,1.45);
#1758=VECTOR('',#6972,10.);
#1759=VECTOR('',#6973,10.);
#1760=VECTOR('',#6976,10.);
#1761=VECTOR('',#6979,1.45);
#1762=VECTOR('',#6992,10.);
#1763=VECTOR('',#6995,10.);
#1764=VECTOR('',#6998,10.);
#1765=VECTOR('',#7001,10.);
#1766=VECTOR('',#7004,10.);
#1767=VECTOR('',#7007,10.);
#1768=VECTOR('',#7008,10.);
#1769=VECTOR('',#7009,10.);
#1770=VECTOR('',#7010,10.);
#1771=VECTOR('',#7011,10.);
#1772=VECTOR('',#7012,10.);
#1773=VECTOR('',#7013,10.);
#1774=VECTOR('',#7014,10.);
#1775=VECTOR('',#7015,10.);
#1776=VECTOR('',#7016,10.);
#1777=VECTOR('',#7017,10.);
#1778=VECTOR('',#7018,10.);
#1779=VECTOR('',#7019,10.);
#1780=VECTOR('',#7020,10.);
#1781=VECTOR('',#7021,10.);
#1782=VECTOR('',#7022,10.);
#1783=VECTOR('',#7023,10.);
#1784=VECTOR('',#7024,10.);
#1785=VECTOR('',#7025,10.);
#1786=VECTOR('',#7026,10.);
#1787=VECTOR('',#7027,10.);
#1788=VECTOR('',#7028,10.);
#1789=VECTOR('',#7029,10.);
#1790=VECTOR('',#7030,10.);
#1791=VECTOR('',#7031,10.);
#1792=VECTOR('',#7032,10.);
#1793=VECTOR('',#7033,10.);
#1794=VECTOR('',#7034,10.);
#1795=VECTOR('',#7035,10.);
#1796=VECTOR('',#7036,10.);
#1797=VECTOR('',#7037,10.);
#1798=VECTOR('',#7038,10.);
#1799=VECTOR('',#7039,10.);
#1800=VECTOR('',#7040,10.);
#1801=VECTOR('',#7041,10.);
#1802=VECTOR('',#7042,10.);
#1803=VECTOR('',#7043,10.);
#1804=VECTOR('',#7044,10.);
#1805=VECTOR('',#7045,10.);
#1806=VECTOR('',#7046,10.);
#1807=VECTOR('',#7047,10.);
#1808=VECTOR('',#7048,10.);
#1809=VECTOR('',#7049,10.);
#1810=VECTOR('',#7050,10.);
#1811=VECTOR('',#7051,10.);
#1812=VECTOR('',#7052,10.);
#1813=VECTOR('',#7053,10.);
#1814=VECTOR('',#7054,10.);
#1815=VECTOR('',#7057,10.);
#1816=VECTOR('',#7058,10.);
#1817=VECTOR('',#7063,10.);
#1818=VECTOR('',#7066,10.);
#1819=VECTOR('',#7069,10.);
#1820=VECTOR('',#7072,10.);
#1821=VECTOR('',#7073,10.);
#1822=VECTOR('',#7078,10.);
#1823=VECTOR('',#7079,10.);
#1824=VECTOR('',#7080,10.);
#1825=VECTOR('',#7081,10.);
#1826=VECTOR('',#7082,10.);
#1827=VECTOR('',#7083,10.);
#1828=VECTOR('',#7086,10.);
#1829=VECTOR('',#7087,10.);
#1830=VECTOR('',#7088,10.);
#1831=VECTOR('',#7089,10.);
#1832=VECTOR('',#7090,10.);
#1833=VECTOR('',#7091,10.);
#1834=VECTOR('',#7094,10.);
#1835=VECTOR('',#7095,10.);
#1836=VECTOR('',#7096,10.);
#1837=VECTOR('',#7097,10.);
#1838=VECTOR('',#7098,10.);
#1839=VECTOR('',#7099,10.);
#1840=VECTOR('',#7100,10.);
#1841=VECTOR('',#7101,10.);
#1842=VECTOR('',#7102,10.);
#1843=VECTOR('',#7103,10.);
#1844=VECTOR('',#7106,10.);
#1845=VECTOR('',#7107,10.);
#1846=VECTOR('',#7110,10.);
#1847=VECTOR('',#7111,10.);
#1848=VECTOR('',#7112,10.);
#1849=VECTOR('',#7113,10.);
#1850=VECTOR('',#7114,10.);
#1851=VECTOR('',#7115,10.);
#1852=VECTOR('',#7116,10.);
#1853=VECTOR('',#7117,10.);
#1854=VECTOR('',#7120,10.);
#1855=VECTOR('',#7121,10.);
#1856=VECTOR('',#7122,10.);
#1857=VECTOR('',#7125,10.);
#1858=VECTOR('',#7126,10.);
#1859=VECTOR('',#7127,10.);
#1860=VECTOR('',#7128,10.);
#1861=VECTOR('',#7129,10.);
#1862=VECTOR('',#7130,10.);
#1863=VECTOR('',#7131,10.);
#1864=VECTOR('',#7132,10.);
#1865=VECTOR('',#7133,10.);
#1866=VECTOR('',#7136,10.);
#1867=VECTOR('',#7137,10.);
#1868=VECTOR('',#7140,10.);
#1869=VECTOR('',#7141,10.);
#1870=VECTOR('',#7144,10.);
#1871=VECTOR('',#7147,10.);
#1872=VECTOR('',#7148,10.);
#1873=VECTOR('',#7149,10.);
#1874=VECTOR('',#7150,10.);
#1875=VECTOR('',#7151,10.);
#1876=VECTOR('',#7152,10.);
#1877=VECTOR('',#7153,10.);
#1878=VECTOR('',#7156,10.);
#1879=VECTOR('',#7157,10.);
#1880=VECTOR('',#7158,10.);
#1881=VECTOR('',#7161,10.);
#1882=VECTOR('',#7162,10.);
#1883=VECTOR('',#7163,10.);
#1884=VECTOR('',#7166,10.);
#1885=VECTOR('',#7167,10.);
#1886=VECTOR('',#7170,10.);
#1887=VECTOR('',#7171,10.);
#1888=VECTOR('',#7172,10.);
#1889=VECTOR('',#7175,10.);
#1890=VECTOR('',#7176,10.);
#1891=VECTOR('',#7177,10.);
#1892=VECTOR('',#7178,10.);
#1893=VECTOR('',#7179,10.);
#1894=VECTOR('',#7180,10.);
#1895=VECTOR('',#7181,10.);
#1896=VECTOR('',#7182,10.);
#1897=VECTOR('',#7183,10.);
#1898=VECTOR('',#7186,10.);
#1899=VECTOR('',#7187,10.);
#1900=VECTOR('',#7190,10.);
#1901=VECTOR('',#7191,10.);
#1902=VECTOR('',#7194,10.);
#1903=VECTOR('',#7197,10.);
#1904=VECTOR('',#7198,10.);
#1905=VECTOR('',#7199,10.);
#1906=VECTOR('',#7200,10.);
#1907=VECTOR('',#7201,10.);
#1908=VECTOR('',#7202,10.);
#1909=VECTOR('',#7203,10.);
#1910=VECTOR('',#7204,10.);
#1911=VECTOR('',#7205,10.);
#1912=VECTOR('',#7208,10.);
#1913=VECTOR('',#7209,10.);
#1914=VECTOR('',#7210,10.);
#1915=VECTOR('',#7211,10.);
#1916=VECTOR('',#7212,10.);
#1917=VECTOR('',#7213,10.);
#1918=VECTOR('',#7216,10.);
#1919=VECTOR('',#7217,10.);
#1920=VECTOR('',#7218,10.);
#1921=VECTOR('',#7219,10.);
#1922=VECTOR('',#7220,10.);
#1923=VECTOR('',#7221,10.);
#1924=VECTOR('',#7222,10.);
#1925=VECTOR('',#7223,10.);
#1926=VECTOR('',#7224,10.);
#1927=VECTOR('',#7225,10.);
#1928=VECTOR('',#7226,10.);
#1929=VECTOR('',#7227,10.);
#1930=VECTOR('',#7230,10.);
#1931=VECTOR('',#7231,10.);
#1932=VECTOR('',#7232,10.);
#1933=VECTOR('',#7233,10.);
#1934=VECTOR('',#7236,10.);
#1935=VECTOR('',#7237,10.);
#1936=VECTOR('',#7238,10.);
#1937=VECTOR('',#7239,10.);
#1938=VECTOR('',#7240,10.);
#1939=VECTOR('',#7241,10.);
#1940=VECTOR('',#7242,10.);
#1941=VECTOR('',#7245,10.);
#1942=VECTOR('',#7246,10.);
#1943=VECTOR('',#7251,10.);
#1944=VECTOR('',#7252,10.);
#1945=VECTOR('',#7253,10.);
#1946=VECTOR('',#7256,10.);
#1947=VECTOR('',#7257,10.);
#1948=VECTOR('',#7260,10.);
#1949=VECTOR('',#7261,10.);
#1950=VECTOR('',#7264,10.);
#1951=VECTOR('',#7265,10.);
#1952=VECTOR('',#7268,10.);
#1953=VECTOR('',#7269,10.);
#1954=VECTOR('',#7272,10.);
#1955=VECTOR('',#7273,10.);
#1956=VECTOR('',#7276,10.);
#1957=VECTOR('',#7277,10.);
#1958=VECTOR('',#7280,10.);
#1959=VECTOR('',#7281,10.);
#1960=VECTOR('',#7284,10.);
#1961=VECTOR('',#7285,10.);
#1962=VECTOR('',#7288,10.);
#1963=VECTOR('',#7289,10.);
#1964=VECTOR('',#7292,10.);
#1965=VECTOR('',#7293,10.);
#1966=VECTOR('',#7296,10.);
#1967=VECTOR('',#7297,10.);
#1968=VECTOR('',#7300,10.);
#1969=VECTOR('',#7303,10.);
#1970=VECTOR('',#7304,10.);
#1971=VECTOR('',#7305,10.);
#1972=VECTOR('',#7306,10.);
#1973=VECTOR('',#7307,10.);
#1974=VECTOR('',#7308,10.);
#1975=VECTOR('',#7309,10.);
#1976=VECTOR('',#7310,10.);
#1977=VECTOR('',#7311,10.);
#1978=VECTOR('',#7312,10.);
#1979=VECTOR('',#7313,10.);
#1980=VECTOR('',#7314,10.);
#1981=VECTOR('',#7315,10.);
#1982=VECTOR('',#7316,10.);
#1983=VECTOR('',#7317,10.);
#1984=VECTOR('',#7318,10.);
#1985=VECTOR('',#7319,10.);
#1986=VECTOR('',#7320,10.);
#1987=VECTOR('',#7325,10.);
#1988=VECTOR('',#7326,10.);
#1989=VECTOR('',#7327,10.);
#1990=VECTOR('',#7330,10.);
#1991=VECTOR('',#7331,10.);
#1992=VECTOR('',#7334,10.);
#1993=VECTOR('',#7335,10.);
#1994=VECTOR('',#7338,10.);
#1995=VECTOR('',#7339,10.);
#1996=VECTOR('',#7342,10.);
#1997=VECTOR('',#7343,10.);
#1998=VECTOR('',#7346,10.);
#1999=VECTOR('',#7347,10.);
#2000=VECTOR('',#7350,10.);
#2001=VECTOR('',#7351,10.);
#2002=VECTOR('',#7354,10.);
#2003=VECTOR('',#7355,10.);
#2004=VECTOR('',#7358,10.);
#2005=VECTOR('',#7359,10.);
#2006=VECTOR('',#7362,10.);
#2007=VECTOR('',#7375,10.);
#2008=VECTOR('',#7376,10.);
#2009=VECTOR('',#7377,10.);
#2010=VECTOR('',#7380,10.);
#2011=VECTOR('',#7381,10.);
#2012=VECTOR('',#7384,10.);
#2013=VECTOR('',#7385,10.);
#2014=VECTOR('',#7388,10.);
#2015=VECTOR('',#7391,10.);
#2016=VECTOR('',#7392,10.);
#2017=VECTOR('',#7393,10.);
#2018=VECTOR('',#7396,10.);
#2019=VECTOR('',#7397,10.);
#2020=VECTOR('',#7400,10.);
#2021=VECTOR('',#7401,10.);
#2022=VECTOR('',#7404,10.);
#2023=VECTOR('',#7407,10.);
#2024=VECTOR('',#7410,10.);
#2025=VECTOR('',#7417,10.);
#2026=VECTOR('',#7418,10.);
#2027=VECTOR('',#7419,10.);
#2028=VECTOR('',#7420,10.);
#2029=VECTOR('',#7423,10.);
#2030=VECTOR('',#7424,10.);
#2031=VECTOR('',#7425,10.);
#2032=VECTOR('',#7428,10.);
#2033=VECTOR('',#7429,10.);
#2034=VECTOR('',#7430,10.);
#2035=VECTOR('',#7433,10.);
#2036=VECTOR('',#7434,10.);
#2037=B_SPLINE_CURVE_WITH_KNOTS('',3,(#7452,#7453,#7454,#7455,#7456),
 .UNSPECIFIED.,.F.,.F.,(4,1,4),(0.,0.0928998047154575,0.199292390731346),
 .UNSPECIFIED.);
#2038=B_SPLINE_CURVE_WITH_KNOTS('',3,(#7460,#7461,#7462,#7463,#7464),
 .UNSPECIFIED.,.F.,.F.,(4,1,4),(0.,0.0928998047154575,0.199292390731346),
 .UNSPECIFIED.);
#2039=B_SPLINE_CURVE_WITH_KNOTS('',3,(#7477,#7478,#7479,#7480,#7481),
 .UNSPECIFIED.,.F.,.F.,(4,1,4),(0.,0.0876403193504364,0.174153346027566),
 .UNSPECIFIED.);
#2040=B_SPLINE_CURVE_WITH_KNOTS('',3,(#7484,#7485,#7486,#7487,#7488),
 .UNSPECIFIED.,.F.,.F.,(4,1,4),(0.,0.0876403193504364,0.174153346027566),
 .UNSPECIFIED.);
#2041=B_SPLINE_CURVE_WITH_KNOTS('',3,(#7500,#7501,#7502,#7503,#7504),
 .UNSPECIFIED.,.F.,.F.,(4,1,4),(0.,0.0836917162893257,0.166641406450988),
 .UNSPECIFIED.);
#2042=B_SPLINE_CURVE_WITH_KNOTS('',3,(#7507,#7508,#7509,#7510,#7511),
 .UNSPECIFIED.,.F.,.F.,(4,1,4),(0.,0.0836917162893257,0.166641406450988),
 .UNSPECIFIED.);
#2043=B_SPLINE_CURVE_WITH_KNOTS('',3,(#7523,#7524,#7525,#7526,#7527),
 .UNSPECIFIED.,.F.,.F.,(4,1,4),(0.,0.111273985101588,0.203908651107522),
 .UNSPECIFIED.);
#2044=B_SPLINE_CURVE_WITH_KNOTS('',3,(#7530,#7531,#7532,#7533,#7534),
 .UNSPECIFIED.,.F.,.F.,(4,1,4),(0.,0.111273985101588,0.203908651107522),
 .UNSPECIFIED.);
#2045=B_SPLINE_CURVE_WITH_KNOTS('',3,(#7550,#7551,#7552,#7553,#7554),
 .UNSPECIFIED.,.F.,.F.,(4,1,4),(0.,0.0628373015087875,0.121204696683214),
 .UNSPECIFIED.);
#2046=B_SPLINE_CURVE_WITH_KNOTS('',3,(#7558,#7559,#7560,#7561,#7562),
 .UNSPECIFIED.,.F.,.F.,(4,1,4),(0.,0.0628373015087875,0.121204696683214),
 .UNSPECIFIED.);
#2047=B_SPLINE_CURVE_WITH_KNOTS('',3,(#7575,#7576,#7577,#7578,#7579),
 .UNSPECIFIED.,.F.,.F.,(4,1,4),(0.,0.0917800200235803,0.184563229280611),
 .UNSPECIFIED.);
#2048=B_SPLINE_CURVE_WITH_KNOTS('',3,(#7582,#7583,#7584,#7585,#7586),
 .UNSPECIFIED.,.F.,.F.,(4,1,4),(0.,0.0917800200235803,0.184563229280611),
 .UNSPECIFIED.);
#2049=B_SPLINE_CURVE_WITH_KNOTS('',3,(#7598,#7599,#7600,#7601,#7602),
 .UNSPECIFIED.,.F.,.F.,(4,1,4),(0.,0.115267171115685,0.214477933316895),
 .UNSPECIFIED.);
#2050=B_SPLINE_CURVE_WITH_KNOTS('',3,(#7605,#7606,#7607,#7608,#7609),
 .UNSPECIFIED.,.F.,.F.,(4,1,4),(0.,0.115267171115685,0.214477933316895),
 .UNSPECIFIED.);
#2051=B_SPLINE_CURVE_WITH_KNOTS('',3,(#7627,#7628,#7629,#7630,#7631),
 .UNSPECIFIED.,.F.,.F.,(4,1,4),(0.,0.22765758337725,0.51716308427362),
 .UNSPECIFIED.);
#2052=B_SPLINE_CURVE_WITH_KNOTS('',3,(#7634,#7635,#7636,#7637,#7638),
 .UNSPECIFIED.,.F.,.F.,(4,1,4),(0.,0.22765758337725,0.51716308427362),
 .UNSPECIFIED.);
#2053=B_SPLINE_CURVE_WITH_KNOTS('',3,(#7650,#7651,#7652,#7653,#7654),
 .UNSPECIFIED.,.F.,.F.,(4,1,4),(0.,0.220579953247701,0.425271866306106),
 .UNSPECIFIED.);
#2054=B_SPLINE_CURVE_WITH_KNOTS('',3,(#7657,#7658,#7659,#7660,#7661),
 .UNSPECIFIED.,.F.,.F.,(4,1,4),(0.,0.220579953247701,0.425271866306106),
 .UNSPECIFIED.);
#2055=B_SPLINE_CURVE_WITH_KNOTS('',3,(#7673,#7674,#7675,#7676,#7677),
 .UNSPECIFIED.,.F.,.F.,(4,1,4),(0.,0.196777970818347,0.397671733986434),
 .UNSPECIFIED.);
#2056=B_SPLINE_CURVE_WITH_KNOTS('',3,(#7680,#7681,#7682,#7683,#7684),
 .UNSPECIFIED.,.F.,.F.,(4,1,4),(0.,0.196777970818347,0.397671733986434),
 .UNSPECIFIED.);
#2057=B_SPLINE_CURVE_WITH_KNOTS('',3,(#7696,#7697,#7698,#7699,#7700),
 .UNSPECIFIED.,.F.,.F.,(4,1,4),(0.,0.243407300702257,0.454196780553688),
 .UNSPECIFIED.);
#2058=B_SPLINE_CURVE_WITH_KNOTS('',3,(#7703,#7704,#7705,#7706,#7707),
 .UNSPECIFIED.,.F.,.F.,(4,1,4),(0.,0.243407300702257,0.454196780553688),
 .UNSPECIFIED.);
#2059=B_SPLINE_CURVE_WITH_KNOTS('',3,(#7719,#7720,#7721,#7722,#7723),
 .UNSPECIFIED.,.F.,.F.,(4,1,4),(0.,0.186146669982108,0.394569349979085),
 .UNSPECIFIED.);
#2060=B_SPLINE_CURVE_WITH_KNOTS('',3,(#7726,#7727,#7728,#7729,#7730),
 .UNSPECIFIED.,.F.,.F.,(4,1,4),(0.,0.186146669982108,0.394569349979085),
 .UNSPECIFIED.);
#2061=B_SPLINE_CURVE_WITH_KNOTS('',3,(#7742,#7743,#7744,#7745,#7746),
 .UNSPECIFIED.,.F.,.F.,(4,1,4),(0.,0.250898263903003,0.472695254814715),
 .UNSPECIFIED.);
#2062=B_SPLINE_CURVE_WITH_KNOTS('',3,(#7749,#7750,#7751,#7752,#7753),
 .UNSPECIFIED.,.F.,.F.,(4,1,4),(0.,0.250898263903003,0.472695254814715),
 .UNSPECIFIED.);
#2063=B_SPLINE_CURVE_WITH_KNOTS('',3,(#7765,#7766,#7767,#7768,#7769),
 .UNSPECIFIED.,.F.,.F.,(4,1,4),(0.,0.147704905626737,0.313086423946976),
 .UNSPECIFIED.);
#2064=B_SPLINE_CURVE_WITH_KNOTS('',3,(#7772,#7773,#7774,#7775,#7776),
 .UNSPECIFIED.,.F.,.F.,(4,1,4),(0.,0.147704905626737,0.313086423946976),
 .UNSPECIFIED.);
#2065=B_SPLINE_CURVE_WITH_KNOTS('',3,(#7788,#7789,#7790,#7791,#7792),
 .UNSPECIFIED.,.F.,.F.,(4,1,4),(0.,0.155988259587503,0.300515866686911),
 .UNSPECIFIED.);
#2066=B_SPLINE_CURVE_WITH_KNOTS('',3,(#7795,#7796,#7797,#7798,#7799),
 .UNSPECIFIED.,.F.,.F.,(4,1,4),(0.,0.155988259587503,0.300515866686911),
 .UNSPECIFIED.);
#2067=B_SPLINE_CURVE_WITH_KNOTS('',3,(#7816,#7817,#7818,#7819,#7820),
 .UNSPECIFIED.,.F.,.F.,(4,1,4),(0.,0.0628180639299299,0.139203715689618),
 .UNSPECIFIED.);
#2068=B_SPLINE_CURVE_WITH_KNOTS('',3,(#7821,#7822,#7823,#7824,#7825),
 .UNSPECIFIED.,.F.,.F.,(4,1,4),(0.,0.0628180639299299,0.139203715689618),
 .UNSPECIFIED.);
#2069=B_SPLINE_CURVE_WITH_KNOTS('',3,(#7839,#7840,#7841,#7842,#7843),
 .UNSPECIFIED.,.F.,.F.,(4,1,4),(0.,0.0961800484908584,0.19471686078661),
 .UNSPECIFIED.);
#2070=B_SPLINE_CURVE_WITH_KNOTS('',3,(#7847,#7848,#7849,#7850,#7851),
 .UNSPECIFIED.,.F.,.F.,(4,1,4),(0.,0.0961800484908584,0.19471686078661),
 .UNSPECIFIED.);
#2071=B_SPLINE_CURVE_WITH_KNOTS('',3,(#7864,#7865,#7866,#7867,#7868),
 .UNSPECIFIED.,.F.,.F.,(4,1,4),(0.,0.0987137155025268,0.196823377475338),
 .UNSPECIFIED.);
#2072=B_SPLINE_CURVE_WITH_KNOTS('',3,(#7871,#7872,#7873,#7874,#7875),
 .UNSPECIFIED.,.F.,.F.,(4,1,4),(0.,0.0987137155025268,0.196823377475338),
 .UNSPECIFIED.);
#2073=B_SPLINE_CURVE_WITH_KNOTS('',3,(#7887,#7888,#7889,#7890,#7891),
 .UNSPECIFIED.,.F.,.F.,(4,1,4),(0.,0.16190756516909,0.281725246398825),
 .UNSPECIFIED.);
#2074=B_SPLINE_CURVE_WITH_KNOTS('',3,(#7894,#7895,#7896,#7897,#7898),
 .UNSPECIFIED.,.F.,.F.,(4,1,4),(0.,0.16190756516909,0.281725246398825),
 .UNSPECIFIED.);
#2075=B_SPLINE_CURVE_WITH_KNOTS('',3,(#7910,#7911,#7912,#7913,#7914),
 .UNSPECIFIED.,.F.,.F.,(4,1,4),(0.,0.117485756313344,0.265467600934866),
 .UNSPECIFIED.);
#2076=B_SPLINE_CURVE_WITH_KNOTS('',3,(#7917,#7918,#7919,#7920,#7921),
 .UNSPECIFIED.,.F.,.F.,(4,1,4),(0.,0.117485756313344,0.265467600934866),
 .UNSPECIFIED.);
#2077=B_SPLINE_CURVE_WITH_KNOTS('',3,(#7933,#7934,#7935,#7936,#7937),
 .UNSPECIFIED.,.F.,.F.,(4,1,4),(0.,0.0942248553522985,0.193906876284101),
 .UNSPECIFIED.);
#2078=B_SPLINE_CURVE_WITH_KNOTS('',3,(#7940,#7941,#7942,#7943,#7944),
 .UNSPECIFIED.,.F.,.F.,(4,1,4),(0.,0.0942248553522985,0.193906876284101),
 .UNSPECIFIED.);
#2079=B_SPLINE_CURVE_WITH_KNOTS('',3,(#7956,#7957,#7958,#7959,#7960),
 .UNSPECIFIED.,.F.,.F.,(4,1,4),(0.,0.118657301089979,0.233183930934486),
 .UNSPECIFIED.);
#2080=B_SPLINE_CURVE_WITH_KNOTS('',3,(#7963,#7964,#7965,#7966,#7967),
 .UNSPECIFIED.,.F.,.F.,(4,1,4),(0.,0.118657301089979,0.233183930934486),
 .UNSPECIFIED.);
#2081=B_SPLINE_CURVE_WITH_KNOTS('',3,(#7979,#7980,#7981,#7982,#7983),
 .UNSPECIFIED.,.F.,.F.,(4,1,4),(0.,0.150378971144946,0.258386449558307),
 .UNSPECIFIED.);
#2082=B_SPLINE_CURVE_WITH_KNOTS('',3,(#7986,#7987,#7988,#7989,#7990),
 .UNSPECIFIED.,.F.,.F.,(4,1,4),(0.,0.150378971144946,0.258386449558307),
 .UNSPECIFIED.);
#2083=B_SPLINE_CURVE_WITH_KNOTS('',3,(#8001,#8002,#8003,#8004,#8005),
 .UNSPECIFIED.,.F.,.F.,(4,1,4),(0.,0.113885650024413,0.256518857018675),
 .UNSPECIFIED.);
#2084=B_SPLINE_CURVE_WITH_KNOTS('',3,(#8006,#8007,#8008,#8009,#8010),
 .UNSPECIFIED.,.F.,.F.,(4,1,4),(0.,0.113885650024413,0.256518857018675),
 .UNSPECIFIED.);
#2085=B_SPLINE_CURVE_WITH_KNOTS('',3,(#8037,#8038,#8039,#8040,#8041),
 .UNSPECIFIED.,.F.,.F.,(4,1,4),(0.,0.174017398941702,0.358434162179285),
 .UNSPECIFIED.);
#2086=B_SPLINE_CURVE_WITH_KNOTS('',3,(#8044,#8045,#8046,#8047,#8048),
 .UNSPECIFIED.,.F.,.F.,(4,1,4),(0.,0.174017398941702,0.358434162179285),
 .UNSPECIFIED.);
#2087=B_SPLINE_CURVE_WITH_KNOTS('',3,(#8060,#8061,#8062,#8063,#8064),
 .UNSPECIFIED.,.F.,.F.,(4,1,4),(0.,0.182368877584419,0.367256793834409),
 .UNSPECIFIED.);
#2088=B_SPLINE_CURVE_WITH_KNOTS('',3,(#8067,#8068,#8069,#8070,#8071),
 .UNSPECIFIED.,.F.,.F.,(4,1,4),(0.,0.182368877584419,0.367256793834409),
 .UNSPECIFIED.);
#2089=B_SPLINE_CURVE_WITH_KNOTS('',3,(#8083,#8084,#8085,#8086,#8087),
 .UNSPECIFIED.,.F.,.F.,(4,1,4),(0.,0.245296890852875,0.447253355973524),
 .UNSPECIFIED.);
#2090=B_SPLINE_CURVE_WITH_KNOTS('',3,(#8090,#8091,#8092,#8093,#8094),
 .UNSPECIFIED.,.F.,.F.,(4,1,4),(0.,0.245296890852875,0.447253355973524),
 .UNSPECIFIED.);
#2091=B_SPLINE_CURVE_WITH_KNOTS('',3,(#8106,#8107,#8108,#8109,#8110),
 .UNSPECIFIED.,.F.,.F.,(4,1,4),(0.,0.206613821491233,0.449243487074269),
 .UNSPECIFIED.);
#2092=B_SPLINE_CURVE_WITH_KNOTS('',3,(#8113,#8114,#8115,#8116,#8117),
 .UNSPECIFIED.,.F.,.F.,(4,1,4),(0.,0.206613821491233,0.449243487074269),
 .UNSPECIFIED.);
#2093=B_SPLINE_CURVE_WITH_KNOTS('',3,(#8129,#8130,#8131,#8132,#8133),
 .UNSPECIFIED.,.F.,.F.,(4,1,4),(0.,0.177862713295736,0.363356755071625),
 .UNSPECIFIED.);
#2094=B_SPLINE_CURVE_WITH_KNOTS('',3,(#8136,#8137,#8138,#8139,#8140),
 .UNSPECIFIED.,.F.,.F.,(4,1,4),(0.,0.177862713295736,0.363356755071625),
 .UNSPECIFIED.);
#2095=B_SPLINE_CURVE_WITH_KNOTS('',3,(#8152,#8153,#8154,#8155,#8156),
 .UNSPECIFIED.,.F.,.F.,(4,1,4),(0.,0.0971371913118282,0.189544389548338),
 .UNSPECIFIED.);
#2096=B_SPLINE_CURVE_WITH_KNOTS('',3,(#8159,#8160,#8161,#8162,#8163),
 .UNSPECIFIED.,.F.,.F.,(4,1,4),(0.,0.0971371913118282,0.189544389548338),
 .UNSPECIFIED.);
#2097=B_SPLINE_CURVE_WITH_KNOTS('',3,(#8175,#8176,#8177,#8178,#8179),
 .UNSPECIFIED.,.F.,.F.,(4,1,4),(0.,0.108881055490191,0.211082063688376),
 .UNSPECIFIED.);
#2098=B_SPLINE_CURVE_WITH_KNOTS('',3,(#8182,#8183,#8184,#8185,#8186),
 .UNSPECIFIED.,.F.,.F.,(4,1,4),(0.,0.108881055490191,0.211082063688376),
 .UNSPECIFIED.);
#2099=B_SPLINE_CURVE_WITH_KNOTS('',3,(#8215,#8216,#8217,#8218,#8219),
 .UNSPECIFIED.,.F.,.F.,(4,1,4),(0.,0.0819602393215757,0.218324374843256),
 .UNSPECIFIED.);
#2100=B_SPLINE_CURVE_WITH_KNOTS('',3,(#8223,#8224,#8225,#8226,#8227),
 .UNSPECIFIED.,.F.,.F.,(4,1,4),(0.,0.0819602393215757,0.218324374843256),
 .UNSPECIFIED.);
#2101=B_SPLINE_CURVE_WITH_KNOTS('',3,(#8240,#8241,#8242,#8243,#8244),
 .UNSPECIFIED.,.F.,.F.,(4,1,4),(0.,0.0695515493652616,0.140739434456281),
 .UNSPECIFIED.);
#2102=B_SPLINE_CURVE_WITH_KNOTS('',3,(#8247,#8248,#8249,#8250,#8251),
 .UNSPECIFIED.,.F.,.F.,(4,1,4),(0.,0.0695515493652616,0.140739434456281),
 .UNSPECIFIED.);
#2103=B_SPLINE_CURVE_WITH_KNOTS('',3,(#8263,#8264,#8265,#8266,#8267),
 .UNSPECIFIED.,.F.,.F.,(4,1,4),(0.,0.0756544589205198,0.145976540198212),
 .UNSPECIFIED.);
#2104=B_SPLINE_CURVE_WITH_KNOTS('',3,(#8270,#8271,#8272,#8273,#8274),
 .UNSPECIFIED.,.F.,.F.,(4,1,4),(0.,0.0756544589205198,0.145976540198212),
 .UNSPECIFIED.);
#2105=B_SPLINE_CURVE_WITH_KNOTS('',3,(#8286,#8287,#8288,#8289,#8290),
 .UNSPECIFIED.,.F.,.F.,(4,1,4),(0.,0.0600141073068659,0.123014383644659),
 .UNSPECIFIED.);
#2106=B_SPLINE_CURVE_WITH_KNOTS('',3,(#8293,#8294,#8295,#8296,#8297),
 .UNSPECIFIED.,.F.,.F.,(4,1,4),(0.,0.0600141073068659,0.123014383644659),
 .UNSPECIFIED.);
#2107=B_SPLINE_CURVE_WITH_KNOTS('',3,(#8309,#8310,#8311,#8312,#8313),
 .UNSPECIFIED.,.F.,.F.,(4,1,4),(0.,0.0617281074294967,0.12135708535751),
 .UNSPECIFIED.);
#2108=B_SPLINE_CURVE_WITH_KNOTS('',3,(#8316,#8317,#8318,#8319,#8320),
 .UNSPECIFIED.,.F.,.F.,(4,1,4),(0.,0.0617281074294967,0.12135708535751),
 .UNSPECIFIED.);
#2109=B_SPLINE_CURVE_WITH_KNOTS('',3,(#8332,#8333,#8334,#8335,#8336),
 .UNSPECIFIED.,.F.,.F.,(4,1,4),(0.,0.149502216123184,0.241256961988123),
 .UNSPECIFIED.);
#2110=B_SPLINE_CURVE_WITH_KNOTS('',3,(#8339,#8340,#8341,#8342,#8343),
 .UNSPECIFIED.,.F.,.F.,(4,1,4),(0.,0.149502216123184,0.241256961988123),
 .UNSPECIFIED.);
#2111=B_SPLINE_CURVE_WITH_KNOTS('',3,(#8385,#8386,#8387,#8388,#8389),
 .UNSPECIFIED.,.F.,.F.,(4,1,4),(0.,0.133733602383763,0.315174338235039),
 .UNSPECIFIED.);
#2112=B_SPLINE_CURVE_WITH_KNOTS('',3,(#8392,#8393,#8394,#8395,#8396),
 .UNSPECIFIED.,.F.,.F.,(4,1,4),(0.,0.133733602383763,0.315174338235039),
 .UNSPECIFIED.);
#2113=B_SPLINE_CURVE_WITH_KNOTS('',3,(#8408,#8409,#8410,#8411,#8412),
 .UNSPECIFIED.,.F.,.F.,(4,1,4),(0.,0.0897738890174278,0.173252686275197),
 .UNSPECIFIED.);
#2114=B_SPLINE_CURVE_WITH_KNOTS('',3,(#8415,#8416,#8417,#8418,#8419),
 .UNSPECIFIED.,.F.,.F.,(4,1,4),(0.,0.0897738890174278,0.173252686275197),
 .UNSPECIFIED.);
#2115=B_SPLINE_CURVE_WITH_KNOTS('',3,(#8431,#8432,#8433,#8434,#8435),
 .UNSPECIFIED.,.F.,.F.,(4,1,4),(0.,0.101489985172047,0.196566808152915),
 .UNSPECIFIED.);
#2116=B_SPLINE_CURVE_WITH_KNOTS('',3,(#8438,#8439,#8440,#8441,#8442),
 .UNSPECIFIED.,.F.,.F.,(4,1,4),(0.,0.101489985172047,0.196566808152915),
 .UNSPECIFIED.);
#2117=B_SPLINE_CURVE_WITH_KNOTS('',3,(#8454,#8455,#8456,#8457,#8458),
 .UNSPECIFIED.,.F.,.F.,(4,1,4),(0.,0.127748087970754,0.239403369690978),
 .UNSPECIFIED.);
#2118=B_SPLINE_CURVE_WITH_KNOTS('',3,(#8461,#8462,#8463,#8464,#8465),
 .UNSPECIFIED.,.F.,.F.,(4,1,4),(0.,0.127748087970754,0.239403369690978),
 .UNSPECIFIED.);
#2119=B_SPLINE_CURVE_WITH_KNOTS('',3,(#8477,#8478,#8479,#8480,#8481),
 .UNSPECIFIED.,.F.,.F.,(4,1,4),(0.,0.145055134908359,0.309062459275457),
 .UNSPECIFIED.);
#2120=B_SPLINE_CURVE_WITH_KNOTS('',3,(#8484,#8485,#8486,#8487,#8488),
 .UNSPECIFIED.,.F.,.F.,(4,1,4),(0.,0.145055134908359,0.309062459275457),
 .UNSPECIFIED.);
#2121=B_SPLINE_CURVE_WITH_KNOTS('',3,(#8500,#8501,#8502,#8503,#8504),
 .UNSPECIFIED.,.F.,.F.,(4,1,4),(0.,0.129994922553265,0.264871241987004),
 .UNSPECIFIED.);
#2122=B_SPLINE_CURVE_WITH_KNOTS('',3,(#8507,#8508,#8509,#8510,#8511),
 .UNSPECIFIED.,.F.,.F.,(4,1,4),(0.,0.129994922553265,0.264871241987004),
 .UNSPECIFIED.);
#2123=B_SPLINE_CURVE_WITH_KNOTS('',3,(#8523,#8524,#8525,#8526,#8527),
 .UNSPECIFIED.,.F.,.F.,(4,1,4),(0.,0.228241690067647,0.361308411081041),
 .UNSPECIFIED.);
#2124=B_SPLINE_CURVE_WITH_KNOTS('',3,(#8530,#8531,#8532,#8533,#8534),
 .UNSPECIFIED.,.F.,.F.,(4,1,4),(0.,0.228241690067647,0.361308411081041),
 .UNSPECIFIED.);
#2125=B_SPLINE_CURVE_WITH_KNOTS('',3,(#8563,#8564,#8565,#8566,#8567),
 .UNSPECIFIED.,.F.,.F.,(4,1,4),(0.,0.0541240519253751,0.140885255954901),
 .UNSPECIFIED.);
#2126=B_SPLINE_CURVE_WITH_KNOTS('',3,(#8571,#8572,#8573,#8574,#8575),
 .UNSPECIFIED.,.F.,.F.,(4,1,4),(0.,0.0541240519253751,0.140885255954901),
 .UNSPECIFIED.);
#2127=B_SPLINE_CURVE_WITH_KNOTS('',3,(#8588,#8589,#8590,#8591,#8592),
 .UNSPECIFIED.,.F.,.F.,(4,1,4),(0.,0.0611360268140128,0.118909247902911),
 .UNSPECIFIED.);
#2128=B_SPLINE_CURVE_WITH_KNOTS('',3,(#8595,#8596,#8597,#8598,#8599),
 .UNSPECIFIED.,.F.,.F.,(4,1,4),(0.,0.0611360268140128,0.118909247902911),
 .UNSPECIFIED.);
#2129=B_SPLINE_CURVE_WITH_KNOTS('',3,(#8611,#8612,#8613,#8614,#8615),
 .UNSPECIFIED.,.F.,.F.,(4,1,4),(0.,0.0770411589411318,0.158972179655882),
 .UNSPECIFIED.);
#2130=B_SPLINE_CURVE_WITH_KNOTS('',3,(#8618,#8619,#8620,#8621,#8622),
 .UNSPECIFIED.,.F.,.F.,(4,1,4),(0.,0.0770411589411318,0.158972179655882),
 .UNSPECIFIED.);
#2131=B_SPLINE_CURVE_WITH_KNOTS('',3,(#8634,#8635,#8636,#8637,#8638),
 .UNSPECIFIED.,.F.,.F.,(4,1,4),(0.,0.0608781414034034,0.125262589435097),
 .UNSPECIFIED.);
#2132=B_SPLINE_CURVE_WITH_KNOTS('',3,(#8641,#8642,#8643,#8644,#8645),
 .UNSPECIFIED.,.F.,.F.,(4,1,4),(0.,0.0608781414034034,0.125262589435097),
 .UNSPECIFIED.);
#2133=B_SPLINE_CURVE_WITH_KNOTS('',3,(#8657,#8658,#8659,#8660,#8661),
 .UNSPECIFIED.,.F.,.F.,(4,1,4),(0.,0.0573899939456706,0.116150410148352),
 .UNSPECIFIED.);
#2134=B_SPLINE_CURVE_WITH_KNOTS('',3,(#8664,#8665,#8666,#8667,#8668),
 .UNSPECIFIED.,.F.,.F.,(4,1,4),(0.,0.0573899939456706,0.116150410148352),
 .UNSPECIFIED.);
#2135=B_SPLINE_CURVE_WITH_KNOTS('',3,(#8680,#8681,#8682,#8683,#8684),
 .UNSPECIFIED.,.F.,.F.,(4,1,4),(0.,0.0618975977507829,0.119657056816664),
 .UNSPECIFIED.);
#2136=B_SPLINE_CURVE_WITH_KNOTS('',3,(#8687,#8688,#8689,#8690,#8691),
 .UNSPECIFIED.,.F.,.F.,(4,1,4),(0.,0.0618975977507829,0.119657056816664),
 .UNSPECIFIED.);
#2137=B_SPLINE_CURVE_WITH_KNOTS('',3,(#8703,#8704,#8705,#8706,#8707),
 .UNSPECIFIED.,.F.,.F.,(4,1,4),(0.,0.102181104115909,0.164856929299419),
 .UNSPECIFIED.);
#2138=B_SPLINE_CURVE_WITH_KNOTS('',3,(#8710,#8711,#8712,#8713,#8714),
 .UNSPECIFIED.,.F.,.F.,(4,1,4),(0.,0.102181104115909,0.164856929299419),
 .UNSPECIFIED.);
#2139=B_SPLINE_CURVE_WITH_KNOTS('',3,(#8726,#8727,#8728,#8729,#8730),
 .UNSPECIFIED.,.F.,.F.,(4,1,4),(0.,0.0741731384623558,0.180467979835096),
 .UNSPECIFIED.);
#2140=B_SPLINE_CURVE_WITH_KNOTS('',3,(#8733,#8734,#8735,#8736,#8737),
 .UNSPECIFIED.,.F.,.F.,(4,1,4),(0.,0.0741731384623558,0.180467979835096),
 .UNSPECIFIED.);
#2141=B_SPLINE_CURVE_WITH_KNOTS('',3,(#8753,#8754,#8755,#8756,#8757),
 .UNSPECIFIED.,.F.,.F.,(4,1,4),(0.,0.0687134653650042,0.124891636976234),
 .UNSPECIFIED.);
#2142=B_SPLINE_CURVE_WITH_KNOTS('',3,(#8761,#8762,#8763,#8764,#8765),
 .UNSPECIFIED.,.F.,.F.,(4,1,4),(0.,0.0687134653650042,0.124891636976234),
 .UNSPECIFIED.);
#2143=B_SPLINE_CURVE_WITH_KNOTS('',3,(#8778,#8779,#8780,#8781,#8782),
 .UNSPECIFIED.,.F.,.F.,(4,1,4),(0.,0.0647496519494042,0.160570119552872),
 .UNSPECIFIED.);
#2144=B_SPLINE_CURVE_WITH_KNOTS('',3,(#8785,#8786,#8787,#8788,#8789),
 .UNSPECIFIED.,.F.,.F.,(4,1,4),(0.,0.0647496519494042,0.160570119552872),
 .UNSPECIFIED.);
#2145=B_SPLINE_CURVE_WITH_KNOTS('',3,(#8801,#8802,#8803,#8804,#8805),
 .UNSPECIFIED.,.F.,.F.,(4,1,4),(0.,0.0717175890946818,0.128016358786652),
 .UNSPECIFIED.);
#2146=B_SPLINE_CURVE_WITH_KNOTS('',3,(#8808,#8809,#8810,#8811,#8812),
 .UNSPECIFIED.,.F.,.F.,(4,1,4),(0.,0.0717175890946818,0.128016358786652),
 .UNSPECIFIED.);
#2147=B_SPLINE_CURVE_WITH_KNOTS('',3,(#8830,#8831,#8832,#8833,#8834),
 .UNSPECIFIED.,.F.,.F.,(4,1,4),(0.,0.174494208891357,0.288407308452974),
 .UNSPECIFIED.);
#2148=B_SPLINE_CURVE_WITH_KNOTS('',3,(#8837,#8838,#8839,#8840,#8841),
 .UNSPECIFIED.,.F.,.F.,(4,1,4),(0.,0.174494208891357,0.288407308452974),
 .UNSPECIFIED.);
#2149=B_SPLINE_CURVE_WITH_KNOTS('',3,(#8853,#8854,#8855,#8856,#8857),
 .UNSPECIFIED.,.F.,.F.,(4,1,4),(0.,0.103274183761209,0.238751843090807),
 .UNSPECIFIED.);
#2150=B_SPLINE_CURVE_WITH_KNOTS('',3,(#8860,#8861,#8862,#8863,#8864),
 .UNSPECIFIED.,.F.,.F.,(4,1,4),(0.,0.103274183761209,0.238751843090807),
 .UNSPECIFIED.);
#2151=B_SPLINE_CURVE_WITH_KNOTS('',3,(#8876,#8877,#8878,#8879,#8880),
 .UNSPECIFIED.,.F.,.F.,(4,1,4),(0.,0.0827469379218019,0.167350030787697),
 .UNSPECIFIED.);
#2152=B_SPLINE_CURVE_WITH_KNOTS('',3,(#8883,#8884,#8885,#8886,#8887),
 .UNSPECIFIED.,.F.,.F.,(4,1,4),(0.,0.0827469379218019,0.167350030787697),
 .UNSPECIFIED.);
#2153=B_SPLINE_CURVE_WITH_KNOTS('',3,(#8899,#8900,#8901,#8902,#8903),
 .UNSPECIFIED.,.F.,.F.,(4,1,4),(0.,0.0877910156251958,0.171676987127477),
 .UNSPECIFIED.);
#2154=B_SPLINE_CURVE_WITH_KNOTS('',3,(#8906,#8907,#8908,#8909,#8910),
 .UNSPECIFIED.,.F.,.F.,(4,1,4),(0.,0.0877910156251958,0.171676987127477),
 .UNSPECIFIED.);
#2155=B_SPLINE_CURVE_WITH_KNOTS('',3,(#8922,#8923,#8924,#8925,#8926),
 .UNSPECIFIED.,.F.,.F.,(4,1,4),(0.,0.12603870870977,0.255448108326092),
 .UNSPECIFIED.);
#2156=B_SPLINE_CURVE_WITH_KNOTS('',3,(#8929,#8930,#8931,#8932,#8933),
 .UNSPECIFIED.,.F.,.F.,(4,1,4),(0.,0.12603870870977,0.255448108326092),
 .UNSPECIFIED.);
#2157=B_SPLINE_CURVE_WITH_KNOTS('',3,(#8945,#8946,#8947,#8948,#8949),
 .UNSPECIFIED.,.F.,.F.,(4,1,4),(0.,0.15174287940675,0.285039998199388),
 .UNSPECIFIED.);
#2158=B_SPLINE_CURVE_WITH_KNOTS('',3,(#8952,#8953,#8954,#8955,#8956),
 .UNSPECIFIED.,.F.,.F.,(4,1,4),(0.,0.15174287940675,0.285039998199388),
 .UNSPECIFIED.);
#2159=B_SPLINE_CURVE_WITH_KNOTS('',3,(#8968,#8969,#8970,#8971,#8972),
 .UNSPECIFIED.,.F.,.F.,(4,1,4),(0.,0.0907791210667023,0.1835554343044),
 .UNSPECIFIED.);
#2160=B_SPLINE_CURVE_WITH_KNOTS('',3,(#8975,#8976,#8977,#8978,#8979),
 .UNSPECIFIED.,.F.,.F.,(4,1,4),(0.,0.0907791210667023,0.1835554343044),
 .UNSPECIFIED.);
#2161=B_SPLINE_CURVE_WITH_KNOTS('',3,(#8991,#8992,#8993,#8994,#8995),
 .UNSPECIFIED.,.F.,.F.,(4,1,4),(0.,0.0986821763415001,0.191530533841909),
 .UNSPECIFIED.);
#2162=B_SPLINE_CURVE_WITH_KNOTS('',3,(#8998,#8999,#9000,#9001,#9002),
 .UNSPECIFIED.,.F.,.F.,(4,1,4),(0.,0.0986821763415001,0.191530533841909),
 .UNSPECIFIED.);
#2163=B_SPLINE_CURVE_WITH_KNOTS('',3,(#9014,#9015,#9016,#9017,#9018),
 .UNSPECIFIED.,.F.,.F.,(4,1,4),(0.,0.0221008518864431,0.0352864025448696),
 .UNSPECIFIED.);
#2164=B_SPLINE_CURVE_WITH_KNOTS('',3,(#9021,#9022,#9023,#9024,#9025),
 .UNSPECIFIED.,.F.,.F.,(4,1,4),(0.,0.0221008518864431,0.0352864025448696),
 .UNSPECIFIED.);
#2165=B_SPLINE_CURVE_WITH_KNOTS('',3,(#9037,#9038,#9039,#9040,#9041),
 .UNSPECIFIED.,.F.,.F.,(4,1,4),(0.,0.0377005425244487,0.0893247739531581),
 .UNSPECIFIED.);
#2166=B_SPLINE_CURVE_WITH_KNOTS('',3,(#9044,#9045,#9046,#9047,#9048),
 .UNSPECIFIED.,.F.,.F.,(4,1,4),(0.,0.0377005425244487,0.0893247739531581),
 .UNSPECIFIED.);
#2167=B_SPLINE_CURVE_WITH_KNOTS('',3,(#9066,#9067,#9068,#9069,#9070),
 .UNSPECIFIED.,.F.,.F.,(4,1,4),(0.,0.0732076660217022,0.154995210220674),
 .UNSPECIFIED.);
#2168=B_SPLINE_CURVE_WITH_KNOTS('',3,(#9073,#9074,#9075,#9076,#9077),
 .UNSPECIFIED.,.F.,.F.,(4,1,4),(0.,0.0732076660217022,0.154995210220674),
 .UNSPECIFIED.);
#2169=B_SPLINE_CURVE_WITH_KNOTS('',3,(#9089,#9090,#9091,#9092,#9093),
 .UNSPECIFIED.,.F.,.F.,(4,1,4),(0.,0.124493699090757,0.211952927145225),
 .UNSPECIFIED.);
#2170=B_SPLINE_CURVE_WITH_KNOTS('',3,(#9096,#9097,#9098,#9099,#9100),
 .UNSPECIFIED.,.F.,.F.,(4,1,4),(0.,0.124493699090757,0.211952927145225),
 .UNSPECIFIED.);
#2171=B_SPLINE_CURVE_WITH_KNOTS('',3,(#9118,#9119,#9120,#9121,#9122),
 .UNSPECIFIED.,.F.,.F.,(4,1,4),(0.,0.103460256632586,0.261706463542011),
 .UNSPECIFIED.);
#2172=B_SPLINE_CURVE_WITH_KNOTS('',3,(#9125,#9126,#9127,#9128,#9129),
 .UNSPECIFIED.,.F.,.F.,(4,1,4),(0.,0.103460256632586,0.261706463542011),
 .UNSPECIFIED.);
#2173=B_SPLINE_CURVE_WITH_KNOTS('',3,(#9141,#9142,#9143,#9144,#9145),
 .UNSPECIFIED.,.F.,.F.,(4,1,4),(0.,0.0953978778412346,0.178017392711309),
 .UNSPECIFIED.);
#2174=B_SPLINE_CURVE_WITH_KNOTS('',3,(#9148,#9149,#9150,#9151,#9152),
 .UNSPECIFIED.,.F.,.F.,(4,1,4),(0.,0.0953978778412346,0.178017392711309),
 .UNSPECIFIED.);
#2175=B_SPLINE_CURVE_WITH_KNOTS('',3,(#9164,#9165,#9166,#9167,#9168),
 .UNSPECIFIED.,.F.,.F.,(4,1,4),(0.,0.168189409019274,0.291694835023785),
 .UNSPECIFIED.);
#2176=B_SPLINE_CURVE_WITH_KNOTS('',3,(#9171,#9172,#9173,#9174,#9175),
 .UNSPECIFIED.,.F.,.F.,(4,1,4),(0.,0.168189409019274,0.291694835023785),
 .UNSPECIFIED.);
#2177=B_SPLINE_CURVE_WITH_KNOTS('',3,(#9187,#9188,#9189,#9190,#9191),
 .UNSPECIFIED.,.F.,.F.,(4,1,4),(0.,0.145100627626882,0.331771841313582),
 .UNSPECIFIED.);
#2178=B_SPLINE_CURVE_WITH_KNOTS('',3,(#9194,#9195,#9196,#9197,#9198),
 .UNSPECIFIED.,.F.,.F.,(4,1,4),(0.,0.145100627626882,0.331771841313582),
 .UNSPECIFIED.);
#2179=B_SPLINE_CURVE_WITH_KNOTS('',3,(#9210,#9211,#9212,#9213,#9214),
 .UNSPECIFIED.,.F.,.F.,(4,1,4),(0.,0.149603931559931,0.282407179633356),
 .UNSPECIFIED.);
#2180=B_SPLINE_CURVE_WITH_KNOTS('',3,(#9217,#9218,#9219,#9220,#9221),
 .UNSPECIFIED.,.F.,.F.,(4,1,4),(0.,0.149603931559931,0.282407179633356),
 .UNSPECIFIED.);
#2181=B_SPLINE_CURVE_WITH_KNOTS('',3,(#9238,#9239,#9240,#9241,#9242),
 .UNSPECIFIED.,.F.,.F.,(4,1,4),(0.,0.0569173376674212,0.128198524254005),
 .UNSPECIFIED.);
#2182=B_SPLINE_CURVE_WITH_KNOTS('',3,(#9243,#9244,#9245,#9246,#9247),
 .UNSPECIFIED.,.F.,.F.,(4,1,4),(0.,0.0569173376674212,0.128198524254005),
 .UNSPECIFIED.);
#2183=B_SPLINE_CURVE_WITH_KNOTS('',3,(#9340,#9341,#9342,#9343,#9344),
 .UNSPECIFIED.,.F.,.F.,(4,1,4),(0.,0.105803063967044,0.213033670266214),
 .UNSPECIFIED.);
#2184=B_SPLINE_CURVE_WITH_KNOTS('',3,(#9348,#9349,#9350,#9351,#9352),
 .UNSPECIFIED.,.F.,.F.,(4,1,4),(0.,0.105803063967044,0.213033670266214),
 .UNSPECIFIED.);
#2185=B_SPLINE_CURVE_WITH_KNOTS('',3,(#9365,#9366,#9367,#9368,#9369),
 .UNSPECIFIED.,.F.,.F.,(4,1,4),(0.,0.106924292424802,0.21260223028142),
 .UNSPECIFIED.);
#2186=B_SPLINE_CURVE_WITH_KNOTS('',3,(#9372,#9373,#9374,#9375,#9376),
 .UNSPECIFIED.,.F.,.F.,(4,1,4),(0.,0.106924292424802,0.21260223028142),
 .UNSPECIFIED.);
#2187=B_SPLINE_CURVE_WITH_KNOTS('',3,(#9388,#9389,#9390,#9391,#9392),
 .UNSPECIFIED.,.F.,.F.,(4,1,4),(0.,0.142480716944824,0.261479441218951),
 .UNSPECIFIED.);
#2188=B_SPLINE_CURVE_WITH_KNOTS('',3,(#9395,#9396,#9397,#9398,#9399),
 .UNSPECIFIED.,.F.,.F.,(4,1,4),(0.,0.142480716944824,0.261479441218951),
 .UNSPECIFIED.);
#2189=B_SPLINE_CURVE_WITH_KNOTS('',3,(#9411,#9412,#9413,#9414,#9415),
 .UNSPECIFIED.,.F.,.F.,(4,1,4),(0.,0.119896816491278,0.265420202635973),
 .UNSPECIFIED.);
#2190=B_SPLINE_CURVE_WITH_KNOTS('',3,(#9418,#9419,#9420,#9421,#9422),
 .UNSPECIFIED.,.F.,.F.,(4,1,4),(0.,0.119896816491278,0.265420202635973),
 .UNSPECIFIED.);
#2191=B_SPLINE_CURVE_WITH_KNOTS('',3,(#9434,#9435,#9436,#9437,#9438),
 .UNSPECIFIED.,.F.,.F.,(4,1,4),(0.,0.105677809018317,0.212602268420606),
 .UNSPECIFIED.);
#2192=B_SPLINE_CURVE_WITH_KNOTS('',3,(#9441,#9442,#9443,#9444,#9445),
 .UNSPECIFIED.,.F.,.F.,(4,1,4),(0.,0.105677809018317,0.212602268420606),
 .UNSPECIFIED.);
#2193=B_SPLINE_CURVE_WITH_KNOTS('',3,(#9457,#9458,#9459,#9460,#9461),
 .UNSPECIFIED.,.F.,.F.,(4,1,4),(0.,0.107230677961246,0.213033729823473),
 .UNSPECIFIED.);
#2194=B_SPLINE_CURVE_WITH_KNOTS('',3,(#9464,#9465,#9466,#9467,#9468),
 .UNSPECIFIED.,.F.,.F.,(4,1,4),(0.,0.107230677961246,0.213033729823473),
 .UNSPECIFIED.);
#2195=B_SPLINE_CURVE_WITH_KNOTS('',3,(#9480,#9481,#9482,#9483,#9484),
 .UNSPECIFIED.,.F.,.F.,(4,1,4),(0.,0.144018773663437,0.263650626081199),
 .UNSPECIFIED.);
#2196=B_SPLINE_CURVE_WITH_KNOTS('',3,(#9487,#9488,#9489,#9490,#9491),
 .UNSPECIFIED.,.F.,.F.,(4,1,4),(0.,0.144018773663437,0.263650626081199),
 .UNSPECIFIED.);
#2197=B_SPLINE_CURVE_WITH_KNOTS('',3,(#9502,#9503,#9504,#9505,#9506),
 .UNSPECIFIED.,.F.,.F.,(4,1,4),(0.,0.119631904671159,0.263650678334595),
 .UNSPECIFIED.);
#2198=B_SPLINE_CURVE_WITH_KNOTS('',3,(#9507,#9508,#9509,#9510,#9511),
 .UNSPECIFIED.,.F.,.F.,(4,1,4),(0.,0.119631904671159,0.263650678334595),
 .UNSPECIFIED.);
#2199=B_SPLINE_CURVE_WITH_KNOTS('',3,(#9524,#9525,#9526,#9527,#9528),
 .UNSPECIFIED.,.F.,.F.,(4,1,4),(0.,0.145506597583457,0.289394489537526),
 .UNSPECIFIED.);
#2200=B_SPLINE_CURVE_WITH_KNOTS('',3,(#9532,#9533,#9534,#9535,#9536),
 .UNSPECIFIED.,.F.,.F.,(4,1,4),(0.,0.145506597583457,0.289394489537526),
 .UNSPECIFIED.);
#2201=B_SPLINE_CURVE_WITH_KNOTS('',3,(#9549,#9550,#9551,#9552,#9553),
 .UNSPECIFIED.,.F.,.F.,(4,1,4),(0.,0.146905988990119,0.294870748973925),
 .UNSPECIFIED.);
#2202=B_SPLINE_CURVE_WITH_KNOTS('',3,(#9556,#9557,#9558,#9559,#9560),
 .UNSPECIFIED.,.F.,.F.,(4,1,4),(0.,0.146905988990119,0.294870748973925),
 .UNSPECIFIED.);
#2203=B_SPLINE_CURVE_WITH_KNOTS('',3,(#9572,#9573,#9574,#9575,#9576),
 .UNSPECIFIED.,.F.,.F.,(4,1,4),(0.,0.216992608149463,0.441564521439462),
 .UNSPECIFIED.);
#2204=B_SPLINE_CURVE_WITH_KNOTS('',3,(#9579,#9580,#9581,#9582,#9583),
 .UNSPECIFIED.,.F.,.F.,(4,1,4),(0.,0.216992608149463,0.441564521439462),
 .UNSPECIFIED.);
#2205=B_SPLINE_CURVE_WITH_KNOTS('',3,(#9595,#9596,#9597,#9598,#9599),
 .UNSPECIFIED.,.F.,.F.,(4,1,4),(0.,0.228967528925527,0.447670452336704),
 .UNSPECIFIED.);
#2206=B_SPLINE_CURVE_WITH_KNOTS('',3,(#9602,#9603,#9604,#9605,#9606),
 .UNSPECIFIED.,.F.,.F.,(4,1,4),(0.,0.228967528925527,0.447670452336704),
 .UNSPECIFIED.);
#2207=B_SPLINE_CURVE_WITH_KNOTS('',3,(#9618,#9619,#9620,#9621,#9622),
 .UNSPECIFIED.,.F.,.F.,(4,1,4),(0.,0.216359787301547,0.443245326067866),
 .UNSPECIFIED.);
#2208=B_SPLINE_CURVE_WITH_KNOTS('',3,(#9625,#9626,#9627,#9628,#9629),
 .UNSPECIFIED.,.F.,.F.,(4,1,4),(0.,0.216359787301547,0.443245326067866),
 .UNSPECIFIED.);
#2209=B_SPLINE_CURVE_WITH_KNOTS('',3,(#9641,#9642,#9643,#9644,#9645),
 .UNSPECIFIED.,.F.,.F.,(4,1,4),(0.,0.227878836496078,0.444121385966345),
 .UNSPECIFIED.);
#2210=B_SPLINE_CURVE_WITH_KNOTS('',3,(#9648,#9649,#9650,#9651,#9652),
 .UNSPECIFIED.,.F.,.F.,(4,1,4),(0.,0.227878836496078,0.444121385966345),
 .UNSPECIFIED.);
#2211=B_SPLINE_CURVE_WITH_KNOTS('',3,(#9664,#9665,#9666,#9667,#9668),
 .UNSPECIFIED.,.F.,.F.,(4,1,4),(0.,0.146857847370238,0.299950523456441),
 .UNSPECIFIED.);
#2212=B_SPLINE_CURVE_WITH_KNOTS('',3,(#9671,#9672,#9673,#9674,#9675),
 .UNSPECIFIED.,.F.,.F.,(4,1,4),(0.,0.146857847370238,0.299950523456441),
 .UNSPECIFIED.);
#2213=B_SPLINE_CURVE_WITH_KNOTS('',3,(#9687,#9688,#9689,#9690,#9691),
 .UNSPECIFIED.,.F.,.F.,(4,1,4),(0.,0.145752462920355,0.289409113612066),
 .UNSPECIFIED.);
#2214=B_SPLINE_CURVE_WITH_KNOTS('',3,(#9694,#9695,#9696,#9697,#9698),
 .UNSPECIFIED.,.F.,.F.,(4,1,4),(0.,0.145752462920355,0.289409113612066),
 .UNSPECIFIED.);
#2215=B_SPLINE_CURVE_WITH_KNOTS('',3,(#9710,#9711,#9712,#9713,#9714),
 .UNSPECIFIED.,.F.,.F.,(4,1,4),(0.,0.142045559241692,0.288306971164719),
 .UNSPECIFIED.);
#2216=B_SPLINE_CURVE_WITH_KNOTS('',3,(#9717,#9718,#9719,#9720,#9721),
 .UNSPECIFIED.,.F.,.F.,(4,1,4),(0.,0.142045559241692,0.288306971164719),
 .UNSPECIFIED.);
#2217=B_SPLINE_CURVE_WITH_KNOTS('',3,(#9732,#9733,#9734,#9735,#9736),
 .UNSPECIFIED.,.F.,.F.,(4,1,4),(0.,0.154040380289543,0.327985713621128),
 .UNSPECIFIED.);
#2218=B_SPLINE_CURVE_WITH_KNOTS('',3,(#9737,#9738,#9739,#9740,#9741),
 .UNSPECIFIED.,.F.,.F.,(4,1,4),(0.,0.154040380289543,0.327985713621128),
 .UNSPECIFIED.);
#2219=B_SPLINE_CURVE_WITH_KNOTS('',3,(#9992,#9993,#9994,#9995,#9996),
 .UNSPECIFIED.,.F.,.F.,(4,1,4),(0.,0.0970045643665772,0.192929793986428),
 .UNSPECIFIED.);
#2220=B_SPLINE_CURVE_WITH_KNOTS('',3,(#9998,#9999,#10000,#10001,#10002),
 .UNSPECIFIED.,.F.,.F.,(4,1,4),(0.,0.102693637833833,0.218657066730169),
 .UNSPECIFIED.);
#2221=B_SPLINE_CURVE_WITH_KNOTS('',3,(#10004,#10005,#10006,#10007,#10008),
 .UNSPECIFIED.,.F.,.F.,(4,1,4),(0.,0.0946970296194504,0.192204726035795),
 .UNSPECIFIED.);
#2222=B_SPLINE_CURVE_WITH_KNOTS('',3,(#10010,#10011,#10012,#10013,#10014),
 .UNSPECIFIED.,.F.,.F.,(4,1,4),(0.,0.0971683479807447,0.192939487994259),
 .UNSPECIFIED.);
#2223=B_SPLINE_CURVE_WITH_KNOTS('',3,(#10016,#10017,#10018,#10019,#10020),
 .UNSPECIFIED.,.F.,.F.,(4,1,4),(0.,0.0979051730257766,0.199966919902395),
 .UNSPECIFIED.);
#2224=B_SPLINE_CURVE_WITH_KNOTS('',3,(#10022,#10023,#10024,#10025,#10026),
 .UNSPECIFIED.,.F.,.F.,(4,1,4),(0.,0.151919227821049,0.296080751151584),
 .UNSPECIFIED.);
#2225=B_SPLINE_CURVE_WITH_KNOTS('',3,(#10028,#10029,#10030,#10031,#10032),
 .UNSPECIFIED.,.F.,.F.,(4,1,4),(0.,0.144239879905604,0.295496937983504),
 .UNSPECIFIED.);
#2226=B_SPLINE_CURVE_WITH_KNOTS('',3,(#10034,#10035,#10036,#10037,#10038),
 .UNSPECIFIED.,.F.,.F.,(4,1,4),(0.,0.152645104451217,0.298446965110224),
 .UNSPECIFIED.);
#2227=B_SPLINE_CURVE_WITH_KNOTS('',3,(#10040,#10041,#10042,#10043,#10044),
 .UNSPECIFIED.,.F.,.F.,(4,1,4),(0.,0.144661584864833,0.294376200898821),
 .UNSPECIFIED.);
#2228=B_SPLINE_CURVE_WITH_KNOTS('',3,(#10045,#10046,#10047,#10048,#10049),
 .UNSPECIFIED.,.F.,.F.,(4,1,4),(0.,0.0979374884526222,0.196580410555704),
 .UNSPECIFIED.);
#2229=B_SPLINE_CURVE_WITH_KNOTS('',3,(#10078,#10079,#10080,#10081,#10082),
 .UNSPECIFIED.,.F.,.F.,(4,1,4),(0.,0.0458092950606258,0.0832617004065597),
 .UNSPECIFIED.);
#2230=B_SPLINE_CURVE_WITH_KNOTS('',3,(#10084,#10085,#10086,#10087,#10088),
 .UNSPECIFIED.,.F.,.F.,(4,1,4),(0.,0.03794474342044,0.0854654138764732),
 .UNSPECIFIED.);
#2231=B_SPLINE_CURVE_WITH_KNOTS('',3,(#10092,#10093,#10094,#10095,#10096),
 .UNSPECIFIED.,.F.,.F.,(4,1,4),(0.,0.099736099770463,0.188271598486079),
 .UNSPECIFIED.);
#2232=B_SPLINE_CURVE_WITH_KNOTS('',3,(#10098,#10099,#10100,#10101,#10102),
 .UNSPECIFIED.,.F.,.F.,(4,1,4),(0.,0.0967337284241452,0.221181678594545),
 .UNSPECIFIED.);
#2233=B_SPLINE_CURVE_WITH_KNOTS('',3,(#10104,#10105,#10106,#10107,#10108),
 .UNSPECIFIED.,.F.,.F.,(4,1,4),(0.,0.112125954172296,0.194462741105789),
 .UNSPECIFIED.);
#2234=B_SPLINE_CURVE_WITH_KNOTS('',3,(#10110,#10111,#10112,#10113,#10114),
 .UNSPECIFIED.,.F.,.F.,(4,1,4),(0.,0.0635984516159272,0.118678128195976),
 .UNSPECIFIED.);
#2235=B_SPLINE_CURVE_WITH_KNOTS('',3,(#10116,#10117,#10118,#10119,#10120),
 .UNSPECIFIED.,.F.,.F.,(4,1,4),(0.,0.0689736310111623,0.174471151582049),
 .UNSPECIFIED.);
#2236=B_SPLINE_CURVE_WITH_KNOTS('',3,(#10124,#10125,#10126,#10127,#10128),
 .UNSPECIFIED.,.F.,.F.,(4,1,4),(0.,0.082995772900768,0.14130192493708),
 .UNSPECIFIED.);
#2237=B_SPLINE_CURVE_WITH_KNOTS('',3,(#10130,#10131,#10132,#10133,#10134),
 .UNSPECIFIED.,.F.,.F.,(4,1,4),(0.,0.0488050341775474,0.103330074952839),
 .UNSPECIFIED.);
#2238=B_SPLINE_CURVE_WITH_KNOTS('',3,(#10138,#10139,#10140,#10141,#10142),
 .UNSPECIFIED.,.F.,.F.,(4,1,4),(0.,0.0251336575402673,0.0595500272290116),
 .UNSPECIFIED.);
#2239=B_SPLINE_CURVE_WITH_KNOTS('',3,(#10144,#10145,#10146,#10147,#10148),
 .UNSPECIFIED.,.F.,.F.,(4,1,4),(0.,0.014733907235012,0.0235241756632746),
 .UNSPECIFIED.);
#2240=B_SPLINE_CURVE_WITH_KNOTS('',3,(#10150,#10151,#10152,#10153,#10154),
 .UNSPECIFIED.,.F.,.F.,(4,1,4),(0.,0.0657885725198266,0.127686850884288),
 .UNSPECIFIED.);
#2241=B_SPLINE_CURVE_WITH_KNOTS('',3,(#10156,#10157,#10158,#10159,#10160),
 .UNSPECIFIED.,.F.,.F.,(4,1,4),(0.,0.0605198342625449,0.122370563054183),
 .UNSPECIFIED.);
#2242=B_SPLINE_CURVE_WITH_KNOTS('',3,(#10162,#10163,#10164,#10165,#10166),
 .UNSPECIFIED.,.F.,.F.,(4,1,4),(0.,0.101162082712842,0.190026302949193),
 .UNSPECIFIED.);
#2243=B_SPLINE_CURVE_WITH_KNOTS('',3,(#10168,#10169,#10170,#10171,#10172),
 .UNSPECIFIED.,.F.,.F.,(4,1,4),(0.,0.0840260801631591,0.170299013240707),
 .UNSPECIFIED.);
#2244=B_SPLINE_CURVE_WITH_KNOTS('',3,(#10174,#10175,#10176,#10177,#10178),
 .UNSPECIFIED.,.F.,.F.,(4,1,4),(0.,0.0585273047307465,0.114451348256671),
 .UNSPECIFIED.);
#2245=B_SPLINE_CURVE_WITH_KNOTS('',3,(#10180,#10181,#10182,#10183,#10184),
 .UNSPECIFIED.,.F.,.F.,(4,1,4),(0.,0.0551647573321756,0.111566444033819),
 .UNSPECIFIED.);
#2246=B_SPLINE_CURVE_WITH_KNOTS('',3,(#10186,#10187,#10188,#10189,#10190),
 .UNSPECIFIED.,.F.,.F.,(4,1,4),(0.,0.0688498007110892,0.159168026435794),
 .UNSPECIFIED.);
#2247=B_SPLINE_CURVE_WITH_KNOTS('',3,(#10192,#10193,#10194,#10195,#10196),
 .UNSPECIFIED.,.F.,.F.,(4,1,4),(0.,0.116329697385476,0.192271839605608),
 .UNSPECIFIED.);
#2248=B_SPLINE_CURVE_WITH_KNOTS('',3,(#10200,#10201,#10202,#10203,#10204),
 .UNSPECIFIED.,.F.,.F.,(4,1,4),(0.,0.0478117434242626,0.085344559868693),
 .UNSPECIFIED.);
#2249=B_SPLINE_CURVE_WITH_KNOTS('',3,(#10205,#10206,#10207,#10208,#10209),
 .UNSPECIFIED.,.F.,.F.,(4,1,4),(0.,0.0431662977050801,0.107045978189985),
 .UNSPECIFIED.);
#2250=B_SPLINE_CURVE_WITH_KNOTS('',3,(#10220,#10221,#10222,#10223,#10224),
 .UNSPECIFIED.,.F.,.F.,(4,1,4),(0.,0.152160887875793,0.240872114048683),
 .UNSPECIFIED.);
#2251=B_SPLINE_CURVE_WITH_KNOTS('',3,(#10226,#10227,#10228,#10229,#10230),
 .UNSPECIFIED.,.F.,.F.,(4,1,4),(0.,0.0866632980833027,0.176581046605268),
 .UNSPECIFIED.);
#2252=B_SPLINE_CURVE_WITH_KNOTS('',3,(#10232,#10233,#10234,#10235,#10236),
 .UNSPECIFIED.,.F.,.F.,(4,1,4),(0.,0.0967032983141937,0.206041543408752),
 .UNSPECIFIED.);
#2253=B_SPLINE_CURVE_WITH_KNOTS('',3,(#10238,#10239,#10240,#10241,#10242),
 .UNSPECIFIED.,.F.,.F.,(4,1,4),(0.,0.0851653919805029,0.159602011045687),
 .UNSPECIFIED.);
#2254=B_SPLINE_CURVE_WITH_KNOTS('',3,(#10244,#10245,#10246,#10247,#10248),
 .UNSPECIFIED.,.F.,.F.,(4,1,4),(0.,0.0676604734738071,0.131044818733929),
 .UNSPECIFIED.);
#2255=B_SPLINE_CURVE_WITH_KNOTS('',3,(#10250,#10251,#10252,#10253,#10254),
 .UNSPECIFIED.,.F.,.F.,(4,1,4),(0.,0.059849387372155,0.115502069617636),
 .UNSPECIFIED.);
#2256=B_SPLINE_CURVE_WITH_KNOTS('',3,(#10256,#10257,#10258,#10259,#10260),
 .UNSPECIFIED.,.F.,.F.,(4,1,4),(0.,0.0891558974983288,0.210116228013355),
 .UNSPECIFIED.);
#2257=B_SPLINE_CURVE_WITH_KNOTS('',3,(#10272,#10273,#10274,#10275,#10276),
 .UNSPECIFIED.,.F.,.F.,(4,1,4),(0.,0.0725872051824045,0.140721168478642),
 .UNSPECIFIED.);
#2258=B_SPLINE_CURVE_WITH_KNOTS('',3,(#10278,#10279,#10280,#10281,#10282),
 .UNSPECIFIED.,.F.,.F.,(4,1,4),(0.,0.0647578159721615,0.126362777426555),
 .UNSPECIFIED.);
#2259=B_SPLINE_CURVE_WITH_KNOTS('',3,(#10284,#10285,#10286,#10287,#10288),
 .UNSPECIFIED.,.F.,.F.,(4,1,4),(0.,0.118575305954798,0.242238126394987),
 .UNSPECIFIED.);
#2260=B_SPLINE_CURVE_WITH_KNOTS('',3,(#10290,#10291,#10292,#10293,#10294),
 .UNSPECIFIED.,.F.,.F.,(4,1,4),(0.,0.137742505376934,0.299495637633763),
 .UNSPECIFIED.);
#2261=B_SPLINE_CURVE_WITH_KNOTS('',3,(#10296,#10297,#10298,#10299,#10300),
 .UNSPECIFIED.,.F.,.F.,(4,1,4),(0.,0.16353123951833,0.298168848128779),
 .UNSPECIFIED.);
#2262=B_SPLINE_CURVE_WITH_KNOTS('',3,(#10302,#10303,#10304,#10305,#10306),
 .UNSPECIFIED.,.F.,.F.,(4,1,4),(0.,0.121579892684594,0.244837879862597),
 .UNSPECIFIED.);
#2263=B_SPLINE_CURVE_WITH_KNOTS('',3,(#10308,#10309,#10310,#10311,#10312),
 .UNSPECIFIED.,.F.,.F.,(4,1,4),(0.,0.116012219849381,0.238955940607906),
 .UNSPECIFIED.);
#2264=B_SPLINE_CURVE_WITH_KNOTS('',3,(#10316,#10317,#10318,#10319,#10320),
 .UNSPECIFIED.,.F.,.F.,(4,1,4),(0.,0.0418915794699163,0.080803136025004),
 .UNSPECIFIED.);
#2265=B_SPLINE_CURVE_WITH_KNOTS('',3,(#10322,#10323,#10324,#10325,#10326),
 .UNSPECIFIED.,.F.,.F.,(4,1,4),(0.,0.0418787333151684,0.0928025328917369),
 .UNSPECIFIED.);
#2266=B_SPLINE_CURVE_WITH_KNOTS('',3,(#10330,#10331,#10332,#10333,#10334),
 .UNSPECIFIED.,.F.,.F.,(4,1,4),(0.,0.10399212504212,0.200343911644322),
 .UNSPECIFIED.);
#2267=B_SPLINE_CURVE_WITH_KNOTS('',3,(#10336,#10337,#10338,#10339,#10340),
 .UNSPECIFIED.,.F.,.F.,(4,1,4),(0.,0.098469917609514,0.20872421878153),
 .UNSPECIFIED.);
#2268=B_SPLINE_CURVE_WITH_KNOTS('',3,(#10342,#10343,#10344,#10345,#10346),
 .UNSPECIFIED.,.F.,.F.,(4,1,4),(0.,0.167265582515183,0.315130258612838),
 .UNSPECIFIED.);
#2269=B_SPLINE_CURVE_WITH_KNOTS('',3,(#10348,#10349,#10350,#10351,#10352),
 .UNSPECIFIED.,.F.,.F.,(4,1,4),(0.,0.124097731266935,0.263046262128282),
 .UNSPECIFIED.);
#2270=B_SPLINE_CURVE_WITH_KNOTS('',3,(#10354,#10355,#10356,#10357,#10358),
 .UNSPECIFIED.,.F.,.F.,(4,1,4),(0.,0.162271495925863,0.302797744905627),
 .UNSPECIFIED.);
#2271=B_SPLINE_CURVE_WITH_KNOTS('',3,(#10360,#10361,#10362,#10363,#10364),
 .UNSPECIFIED.,.F.,.F.,(4,1,4),(0.,0.131185250356549,0.265114443118566),
 .UNSPECIFIED.);
#2272=B_SPLINE_CURVE_WITH_KNOTS('',3,(#10366,#10367,#10368,#10369,#10370),
 .UNSPECIFIED.,.F.,.F.,(4,1,4),(0.,0.147053247156148,0.283514524167112),
 .UNSPECIFIED.);
#2273=B_SPLINE_CURVE_WITH_KNOTS('',3,(#10372,#10373,#10374,#10375,#10376),
 .UNSPECIFIED.,.F.,.F.,(4,1,4),(0.,0.151771686867797,0.344775393648211),
 .UNSPECIFIED.);
#2274=B_SPLINE_CURVE_WITH_KNOTS('',3,(#10380,#10381,#10382,#10383,#10384),
 .UNSPECIFIED.,.F.,.F.,(4,1,4),(0.,0.0768447399154571,0.142985335340002),
 .UNSPECIFIED.);
#2275=B_SPLINE_CURVE_WITH_KNOTS('',3,(#10385,#10386,#10387,#10388,#10389),
 .UNSPECIFIED.,.F.,.F.,(4,1,4),(0.,0.0611865633974346,0.123042041713023),
 .UNSPECIFIED.);
#2276=B_SPLINE_CURVE_WITH_KNOTS('',3,(#10424,#10425,#10426,#10427,#10428),
 .UNSPECIFIED.,.F.,.F.,(4,1,4),(0.,0.0619332351197784,0.132861666519965),
 .UNSPECIFIED.);
#2277=B_SPLINE_CURVE_WITH_KNOTS('',3,(#10432,#10433,#10434,#10435,#10436),
 .UNSPECIFIED.,.F.,.F.,(4,1,4),(0.,0.0619332351197784,0.132861666519965),
 .UNSPECIFIED.);
#2278=B_SPLINE_CURVE_WITH_KNOTS('',3,(#10449,#10450,#10451,#10452,#10453),
 .UNSPECIFIED.,.F.,.F.,(4,1,4),(0.,0.0584268444830578,0.116102227558657),
 .UNSPECIFIED.);
#2279=B_SPLINE_CURVE_WITH_KNOTS('',3,(#10456,#10457,#10458,#10459,#10460),
 .UNSPECIFIED.,.F.,.F.,(4,1,4),(0.,0.0584268444830578,0.116102227558657),
 .UNSPECIFIED.);
#2280=B_SPLINE_CURVE_WITH_KNOTS('',3,(#10472,#10473,#10474,#10475,#10476),
 .UNSPECIFIED.,.F.,.F.,(4,1,4),(0.,0.0557945294771135,0.111094309285847),
 .UNSPECIFIED.);
#2281=B_SPLINE_CURVE_WITH_KNOTS('',3,(#10479,#10480,#10481,#10482,#10483),
 .UNSPECIFIED.,.F.,.F.,(4,1,4),(0.,0.0557945294771135,0.111094309285847),
 .UNSPECIFIED.);
#2282=B_SPLINE_CURVE_WITH_KNOTS('',3,(#10495,#10496,#10497,#10498,#10499),
 .UNSPECIFIED.,.F.,.F.,(4,1,4),(0.,0.0741827077057878,0.135939173874549),
 .UNSPECIFIED.);
#2283=B_SPLINE_CURVE_WITH_KNOTS('',3,(#10502,#10503,#10504,#10505,#10506),
 .UNSPECIFIED.,.F.,.F.,(4,1,4),(0.,0.0741827077057878,0.135939173874549),
 .UNSPECIFIED.);
#2284=B_SPLINE_CURVE_WITH_KNOTS('',3,(#10523,#10524,#10525,#10526,#10527),
 .UNSPECIFIED.,.F.,.F.,(4,1,4),(0.,0.0418915794699163,0.080803136025004),
 .UNSPECIFIED.);
#2285=B_SPLINE_CURVE_WITH_KNOTS('',3,(#10541,#10542,#10543,#10544,#10545),
 .UNSPECIFIED.,.F.,.F.,(4,1,4),(0.,0.0611865633974346,0.123042041713023),
 .UNSPECIFIED.);
#2286=B_SPLINE_CURVE_WITH_KNOTS('',3,(#10558,#10559,#10560,#10561,#10562),
 .UNSPECIFIED.,.F.,.F.,(4,1,4),(0.,0.0768447399154571,0.142985335340002),
 .UNSPECIFIED.);
#2287=B_SPLINE_CURVE_WITH_KNOTS('',3,(#10579,#10580,#10581,#10582,#10583),
 .UNSPECIFIED.,.F.,.F.,(4,1,4),(0.,0.151771686867797,0.344775393648211),
 .UNSPECIFIED.);
#2288=B_SPLINE_CURVE_WITH_KNOTS('',3,(#10596,#10597,#10598,#10599,#10600),
 .UNSPECIFIED.,.F.,.F.,(4,1,4),(0.,0.147053247156148,0.283514524167112),
 .UNSPECIFIED.);
#2289=B_SPLINE_CURVE_WITH_KNOTS('',3,(#10613,#10614,#10615,#10616,#10617),
 .UNSPECIFIED.,.F.,.F.,(4,1,4),(0.,0.131185250356549,0.265114443118566),
 .UNSPECIFIED.);
#2290=B_SPLINE_CURVE_WITH_KNOTS('',3,(#10630,#10631,#10632,#10633,#10634),
 .UNSPECIFIED.,.F.,.F.,(4,1,4),(0.,0.162271495925863,0.302797744905627),
 .UNSPECIFIED.);
#2291=B_SPLINE_CURVE_WITH_KNOTS('',3,(#10647,#10648,#10649,#10650,#10651),
 .UNSPECIFIED.,.F.,.F.,(4,1,4),(0.,0.124097731266935,0.263046262128282),
 .UNSPECIFIED.);
#2292=B_SPLINE_CURVE_WITH_KNOTS('',3,(#10664,#10665,#10666,#10667,#10668),
 .UNSPECIFIED.,.F.,.F.,(4,1,4),(0.,0.167265582515183,0.315130258612838),
 .UNSPECIFIED.);
#2293=B_SPLINE_CURVE_WITH_KNOTS('',3,(#10681,#10682,#10683,#10684,#10685),
 .UNSPECIFIED.,.F.,.F.,(4,1,4),(0.,0.098469917609514,0.20872421878153),
 .UNSPECIFIED.);
#2294=B_SPLINE_CURVE_WITH_KNOTS('',3,(#10698,#10699,#10700,#10701,#10702),
 .UNSPECIFIED.,.F.,.F.,(4,1,4),(0.,0.10399212504212,0.200343911644322),
 .UNSPECIFIED.);
#2295=B_SPLINE_CURVE_WITH_KNOTS('',3,(#10717,#10718,#10719,#10720,#10721),
 .UNSPECIFIED.,.F.,.F.,(4,1,4),(0.,0.0418787333151684,0.0928025328917369),
 .UNSPECIFIED.);
#2296=B_SPLINE_CURVE_WITH_KNOTS('',3,(#10735,#10736,#10737,#10738,#10739),
 .UNSPECIFIED.,.F.,.F.,(4,1,4),(0.,0.0641203430317399,0.129811164476503),
 .UNSPECIFIED.);
#2297=B_SPLINE_CURVE_WITH_KNOTS('',3,(#10743,#10744,#10745,#10746,#10747),
 .UNSPECIFIED.,.F.,.F.,(4,1,4),(0.,0.0641203430317399,0.129811164476503),
 .UNSPECIFIED.);
#2298=B_SPLINE_CURVE_WITH_KNOTS('',3,(#10760,#10761,#10762,#10763,#10764),
 .UNSPECIFIED.,.F.,.F.,(4,1,4),(0.,0.0658092427760919,0.13121568826134),
 .UNSPECIFIED.);
#2299=B_SPLINE_CURVE_WITH_KNOTS('',3,(#10767,#10768,#10769,#10770,#10771),
 .UNSPECIFIED.,.F.,.F.,(4,1,4),(0.,0.0658092427760919,0.13121568826134),
 .UNSPECIFIED.);
#2300=B_SPLINE_CURVE_WITH_KNOTS('',3,(#10783,#10784,#10785,#10786,#10787),
 .UNSPECIFIED.,.F.,.F.,(4,1,4),(0.,0.107938297739779,0.187816532322182),
 .UNSPECIFIED.);
#2301=B_SPLINE_CURVE_WITH_KNOTS('',3,(#10790,#10791,#10792,#10793,#10794),
 .UNSPECIFIED.,.F.,.F.,(4,1,4),(0.,0.107938297739779,0.187816532322182),
 .UNSPECIFIED.);
#2302=B_SPLINE_CURVE_WITH_KNOTS('',3,(#10806,#10807,#10808,#10809,#10810),
 .UNSPECIFIED.,.F.,.F.,(4,1,4),(0.,0.0783239081399615,0.176978531459743),
 .UNSPECIFIED.);
#2303=B_SPLINE_CURVE_WITH_KNOTS('',3,(#10813,#10814,#10815,#10816,#10817),
 .UNSPECIFIED.,.F.,.F.,(4,1,4),(0.,0.0783239081399615,0.176978531459743),
 .UNSPECIFIED.);
#2304=B_SPLINE_CURVE_WITH_KNOTS('',3,(#10829,#10830,#10831,#10832,#10833),
 .UNSPECIFIED.,.F.,.F.,(4,1,4),(0.,0.0628168622514992,0.129271275507462),
 .UNSPECIFIED.);
#2305=B_SPLINE_CURVE_WITH_KNOTS('',3,(#10836,#10837,#10838,#10839,#10840),
 .UNSPECIFIED.,.F.,.F.,(4,1,4),(0.,0.0628168622514992,0.129271275507462),
 .UNSPECIFIED.);
#2306=B_SPLINE_CURVE_WITH_KNOTS('',3,(#10852,#10853,#10854,#10855,#10856),
 .UNSPECIFIED.,.F.,.F.,(4,1,4),(0.,0.0791048673933193,0.155455953956324),
 .UNSPECIFIED.);
#2307=B_SPLINE_CURVE_WITH_KNOTS('',3,(#10859,#10860,#10861,#10862,#10863),
 .UNSPECIFIED.,.F.,.F.,(4,1,4),(0.,0.0791048673933193,0.155455953956324),
 .UNSPECIFIED.);
#2308=B_SPLINE_CURVE_WITH_KNOTS('',3,(#10875,#10876,#10877,#10878,#10879),
 .UNSPECIFIED.,.F.,.F.,(4,1,4),(0.,0.100252634722196,0.17225780139625),
 .UNSPECIFIED.);
#2309=B_SPLINE_CURVE_WITH_KNOTS('',3,(#10882,#10883,#10884,#10885,#10886),
 .UNSPECIFIED.,.F.,.F.,(4,1,4),(0.,0.100252634722196,0.17225780139625),
 .UNSPECIFIED.);
#2310=B_SPLINE_CURVE_WITH_KNOTS('',3,(#10897,#10898,#10899,#10900,#10901),
 .UNSPECIFIED.,.F.,.F.,(4,1,4),(0.,0.0759239835648545,0.171012768505593),
 .UNSPECIFIED.);
#2311=B_SPLINE_CURVE_WITH_KNOTS('',3,(#10902,#10903,#10904,#10905,#10906),
 .UNSPECIFIED.,.F.,.F.,(4,1,4),(0.,0.0759239835648545,0.171012768505593),
 .UNSPECIFIED.);
#2312=B_SPLINE_CURVE_WITH_KNOTS('',3,(#10929,#10930,#10931,#10932,#10933),
 .UNSPECIFIED.,.F.,.F.,(4,1,4),(0.,0.116012219849381,0.238955940607906),
 .UNSPECIFIED.);
#2313=B_SPLINE_CURVE_WITH_KNOTS('',3,(#10946,#10947,#10948,#10949,#10950),
 .UNSPECIFIED.,.F.,.F.,(4,1,4),(0.,0.121579892684594,0.244837879862597),
 .UNSPECIFIED.);
#2314=B_SPLINE_CURVE_WITH_KNOTS('',3,(#10963,#10964,#10965,#10966,#10967),
 .UNSPECIFIED.,.F.,.F.,(4,1,4),(0.,0.16353123951833,0.298168848128779),
 .UNSPECIFIED.);
#2315=B_SPLINE_CURVE_WITH_KNOTS('',3,(#10980,#10981,#10982,#10983,#10984),
 .UNSPECIFIED.,.F.,.F.,(4,1,4),(0.,0.137742505376934,0.299495637633763),
 .UNSPECIFIED.);
#2316=B_SPLINE_CURVE_WITH_KNOTS('',3,(#10997,#10998,#10999,#11000,#11001),
 .UNSPECIFIED.,.F.,.F.,(4,1,4),(0.,0.118575305954798,0.242238126394987),
 .UNSPECIFIED.);
#2317=B_SPLINE_CURVE_WITH_KNOTS('',3,(#11014,#11015,#11016,#11017,#11018),
 .UNSPECIFIED.,.F.,.F.,(4,1,4),(0.,0.0647578159721615,0.126362777426555),
 .UNSPECIFIED.);
#2318=B_SPLINE_CURVE_WITH_KNOTS('',3,(#11031,#11032,#11033,#11034,#11035),
 .UNSPECIFIED.,.F.,.F.,(4,1,4),(0.,0.0725872051824045,0.140721168478642),
 .UNSPECIFIED.);
#2319=B_SPLINE_CURVE_WITH_KNOTS('',3,(#11059,#11060,#11061,#11062,#11063),
 .UNSPECIFIED.,.F.,.F.,(4,1,4),(0.,0.0546397583482254,0.145549261860922),
 .UNSPECIFIED.);
#2320=B_SPLINE_CURVE_WITH_KNOTS('',3,(#11067,#11068,#11069,#11070,#11071),
 .UNSPECIFIED.,.F.,.F.,(4,1,4),(0.,0.0546397583482254,0.145549261860922),
 .UNSPECIFIED.);
#2321=B_SPLINE_CURVE_WITH_KNOTS('',3,(#11084,#11085,#11086,#11087,#11088),
 .UNSPECIFIED.,.F.,.F.,(4,1,4),(0.,0.0463679609540562,0.0938267077196354),
 .UNSPECIFIED.);
#2322=B_SPLINE_CURVE_WITH_KNOTS('',3,(#11091,#11092,#11093,#11094,#11095),
 .UNSPECIFIED.,.F.,.F.,(4,1,4),(0.,0.0463679609540562,0.0938267077196354),
 .UNSPECIFIED.);
#2323=B_SPLINE_CURVE_WITH_KNOTS('',3,(#11107,#11108,#11109,#11110,#11111),
 .UNSPECIFIED.,.F.,.F.,(4,1,4),(0.,0.0504362723586453,0.097317711044986),
 .UNSPECIFIED.);
#2324=B_SPLINE_CURVE_WITH_KNOTS('',3,(#11114,#11115,#11116,#11117,#11118),
 .UNSPECIFIED.,.F.,.F.,(4,1,4),(0.,0.0504362723586453,0.097317711044986),
 .UNSPECIFIED.);
#2325=B_SPLINE_CURVE_WITH_KNOTS('',3,(#11130,#11131,#11132,#11133,#11134),
 .UNSPECIFIED.,.F.,.F.,(4,1,4),(0.,0.040009386918176,0.0820095730797658),
 .UNSPECIFIED.);
#2326=B_SPLINE_CURVE_WITH_KNOTS('',3,(#11137,#11138,#11139,#11140,#11141),
 .UNSPECIFIED.,.F.,.F.,(4,1,4),(0.,0.040009386918176,0.0820095730797658),
 .UNSPECIFIED.);
#2327=B_SPLINE_CURVE_WITH_KNOTS('',3,(#11153,#11154,#11155,#11156,#11157),
 .UNSPECIFIED.,.F.,.F.,(4,1,4),(0.,0.0411522102668031,0.0809051739948828),
 .UNSPECIFIED.);
#2328=B_SPLINE_CURVE_WITH_KNOTS('',3,(#11160,#11161,#11162,#11163,#11164),
 .UNSPECIFIED.,.F.,.F.,(4,1,4),(0.,0.0411522102668031,0.0809051739948828),
 .UNSPECIFIED.);
#2329=B_SPLINE_CURVE_WITH_KNOTS('',3,(#11176,#11177,#11178,#11179,#11180),
 .UNSPECIFIED.,.F.,.F.,(4,1,4),(0.,0.0996679860414108,0.160837504663477),
 .UNSPECIFIED.);
#2330=B_SPLINE_CURVE_WITH_KNOTS('',3,(#11183,#11184,#11185,#11186,#11187),
 .UNSPECIFIED.,.F.,.F.,(4,1,4),(0.,0.0996679860414108,0.160837504663477),
 .UNSPECIFIED.);
#2331=B_SPLINE_CURVE_WITH_KNOTS('',3,(#11225,#11226,#11227,#11228,#11229),
 .UNSPECIFIED.,.F.,.F.,(4,1,4),(0.,0.0891558974983288,0.210116228013355),
 .UNSPECIFIED.);
#2332=B_SPLINE_CURVE_WITH_KNOTS('',3,(#11242,#11243,#11244,#11245,#11246),
 .UNSPECIFIED.,.F.,.F.,(4,1,4),(0.,0.059849387372155,0.115502069617636),
 .UNSPECIFIED.);
#2333=B_SPLINE_CURVE_WITH_KNOTS('',3,(#11259,#11260,#11261,#11262,#11263),
 .UNSPECIFIED.,.F.,.F.,(4,1,4),(0.,0.0676604734738071,0.131044818733929),
 .UNSPECIFIED.);
#2334=B_SPLINE_CURVE_WITH_KNOTS('',3,(#11276,#11277,#11278,#11279,#11280),
 .UNSPECIFIED.,.F.,.F.,(4,1,4),(0.,0.0851653919805029,0.159602011045687),
 .UNSPECIFIED.);
#2335=B_SPLINE_CURVE_WITH_KNOTS('',3,(#11293,#11294,#11295,#11296,#11297),
 .UNSPECIFIED.,.F.,.F.,(4,1,4),(0.,0.0967032983141937,0.206041543408752),
 .UNSPECIFIED.);
#2336=B_SPLINE_CURVE_WITH_KNOTS('',3,(#11310,#11311,#11312,#11313,#11314),
 .UNSPECIFIED.,.F.,.F.,(4,1,4),(0.,0.0866632980833027,0.176581046605268),
 .UNSPECIFIED.);
#2337=B_SPLINE_CURVE_WITH_KNOTS('',3,(#11327,#11328,#11329,#11330,#11331),
 .UNSPECIFIED.,.F.,.F.,(4,1,4),(0.,0.152160887875793,0.240872114048683),
 .UNSPECIFIED.);
#2338=B_SPLINE_CURVE_WITH_KNOTS('',3,(#11355,#11356,#11357,#11358,#11359),
 .UNSPECIFIED.,.F.,.F.,(4,1,4),(0.,0.0360827508620312,0.0939236035728035),
 .UNSPECIFIED.);
#2339=B_SPLINE_CURVE_WITH_KNOTS('',3,(#11363,#11364,#11365,#11366,#11367),
 .UNSPECIFIED.,.F.,.F.,(4,1,4),(0.,0.0360827508620312,0.0939236035728035),
 .UNSPECIFIED.);
#2340=B_SPLINE_CURVE_WITH_KNOTS('',3,(#11380,#11381,#11382,#11383,#11384),
 .UNSPECIFIED.,.F.,.F.,(4,1,4),(0.,0.0407576040903651,0.0792730491008415),
 .UNSPECIFIED.);
#2341=B_SPLINE_CURVE_WITH_KNOTS('',3,(#11387,#11388,#11389,#11390,#11391),
 .UNSPECIFIED.,.F.,.F.,(4,1,4),(0.,0.0407576040903651,0.0792730491008415),
 .UNSPECIFIED.);
#2342=B_SPLINE_CURVE_WITH_KNOTS('',3,(#11403,#11404,#11405,#11406,#11407),
 .UNSPECIFIED.,.F.,.F.,(4,1,4),(0.,0.0513606810637629,0.105981169492393),
 .UNSPECIFIED.);
#2343=B_SPLINE_CURVE_WITH_KNOTS('',3,(#11410,#11411,#11412,#11413,#11414),
 .UNSPECIFIED.,.F.,.F.,(4,1,4),(0.,0.0513606810637629,0.105981169492393),
 .UNSPECIFIED.);
#2344=B_SPLINE_CURVE_WITH_KNOTS('',3,(#11426,#11427,#11428,#11429,#11430),
 .UNSPECIFIED.,.F.,.F.,(4,1,4),(0.,0.0405854276022689,0.0835085359889364),
 .UNSPECIFIED.);
#2345=B_SPLINE_CURVE_WITH_KNOTS('',3,(#11433,#11434,#11435,#11436,#11437),
 .UNSPECIFIED.,.F.,.F.,(4,1,4),(0.,0.0405854276022689,0.0835085359889364),
 .UNSPECIFIED.);
#2346=B_SPLINE_CURVE_WITH_KNOTS('',3,(#11449,#11450,#11451,#11452,#11453),
 .UNSPECIFIED.,.F.,.F.,(4,1,4),(0.,0.0382600738932896,0.0774333781687879),
 .UNSPECIFIED.);
#2347=B_SPLINE_CURVE_WITH_KNOTS('',3,(#11456,#11457,#11458,#11459,#11460),
 .UNSPECIFIED.,.F.,.F.,(4,1,4),(0.,0.0382600738932896,0.0774333781687879),
 .UNSPECIFIED.);
#2348=B_SPLINE_CURVE_WITH_KNOTS('',3,(#11472,#11473,#11474,#11475,#11476),
 .UNSPECIFIED.,.F.,.F.,(4,1,4),(0.,0.0412653070542756,0.0797716321040753),
 .UNSPECIFIED.);
#2349=B_SPLINE_CURVE_WITH_KNOTS('',3,(#11479,#11480,#11481,#11482,#11483),
 .UNSPECIFIED.,.F.,.F.,(4,1,4),(0.,0.0412653070542756,0.0797716321040753),
 .UNSPECIFIED.);
#2350=B_SPLINE_CURVE_WITH_KNOTS('',3,(#11495,#11496,#11497,#11498,#11499),
 .UNSPECIFIED.,.F.,.F.,(4,1,4),(0.,0.0681213520254483,0.109904781870842),
 .UNSPECIFIED.);
#2351=B_SPLINE_CURVE_WITH_KNOTS('',3,(#11502,#11503,#11504,#11505,#11506),
 .UNSPECIFIED.,.F.,.F.,(4,1,4),(0.,0.0681213520254483,0.109904781870842),
 .UNSPECIFIED.);
#2352=B_SPLINE_CURVE_WITH_KNOTS('',3,(#11518,#11519,#11520,#11521,#11522),
 .UNSPECIFIED.,.F.,.F.,(4,1,4),(0.,0.0494491088299169,0.120311958020153),
 .UNSPECIFIED.);
#2353=B_SPLINE_CURVE_WITH_KNOTS('',3,(#11525,#11526,#11527,#11528,#11529),
 .UNSPECIFIED.,.F.,.F.,(4,1,4),(0.,0.0494491088299169,0.120311958020153),
 .UNSPECIFIED.);
#2354=B_SPLINE_CURVE_WITH_KNOTS('',3,(#11546,#11547,#11548,#11549,#11550),
 .UNSPECIFIED.,.F.,.F.,(4,1,4),(0.,0.0458092950606258,0.0832617004065597),
 .UNSPECIFIED.);
#2355=B_SPLINE_CURVE_WITH_KNOTS('',3,(#11564,#11565,#11566,#11567,#11568),
 .UNSPECIFIED.,.F.,.F.,(4,1,4),(0.,0.0431662977050801,0.107045978189985),
 .UNSPECIFIED.);
#2356=B_SPLINE_CURVE_WITH_KNOTS('',3,(#11581,#11582,#11583,#11584,#11585),
 .UNSPECIFIED.,.F.,.F.,(4,1,4),(0.,0.0478117434242626,0.085344559868693),
 .UNSPECIFIED.);
#2357=B_SPLINE_CURVE_WITH_KNOTS('',3,(#11602,#11603,#11604,#11605,#11606),
 .UNSPECIFIED.,.F.,.F.,(4,1,4),(0.,0.116329697385476,0.192271839605608),
 .UNSPECIFIED.);
#2358=B_SPLINE_CURVE_WITH_KNOTS('',3,(#11619,#11620,#11621,#11622,#11623),
 .UNSPECIFIED.,.F.,.F.,(4,1,4),(0.,0.0688498007110892,0.159168026435794),
 .UNSPECIFIED.);
#2359=B_SPLINE_CURVE_WITH_KNOTS('',3,(#11636,#11637,#11638,#11639,#11640),
 .UNSPECIFIED.,.F.,.F.,(4,1,4),(0.,0.0551647573321756,0.111566444033819),
 .UNSPECIFIED.);
#2360=B_SPLINE_CURVE_WITH_KNOTS('',3,(#11653,#11654,#11655,#11656,#11657),
 .UNSPECIFIED.,.F.,.F.,(4,1,4),(0.,0.0585273047307465,0.114451348256671),
 .UNSPECIFIED.);
#2361=B_SPLINE_CURVE_WITH_KNOTS('',3,(#11670,#11671,#11672,#11673,#11674),
 .UNSPECIFIED.,.F.,.F.,(4,1,4),(0.,0.0840260801631591,0.170299013240707),
 .UNSPECIFIED.);
#2362=B_SPLINE_CURVE_WITH_KNOTS('',3,(#11687,#11688,#11689,#11690,#11691),
 .UNSPECIFIED.,.F.,.F.,(4,1,4),(0.,0.101162082712842,0.190026302949193),
 .UNSPECIFIED.);
#2363=B_SPLINE_CURVE_WITH_KNOTS('',3,(#11704,#11705,#11706,#11707,#11708),
 .UNSPECIFIED.,.F.,.F.,(4,1,4),(0.,0.0605198342625449,0.122370563054183),
 .UNSPECIFIED.);
#2364=B_SPLINE_CURVE_WITH_KNOTS('',3,(#11721,#11722,#11723,#11724,#11725),
 .UNSPECIFIED.,.F.,.F.,(4,1,4),(0.,0.0657885725198266,0.127686850884288),
 .UNSPECIFIED.);
#2365=B_SPLINE_CURVE_WITH_KNOTS('',3,(#11738,#11739,#11740,#11741,#11742),
 .UNSPECIFIED.,.F.,.F.,(4,1,4),(0.,0.014733907235012,0.0235241756632746),
 .UNSPECIFIED.);
#2366=B_SPLINE_CURVE_WITH_KNOTS('',3,(#11755,#11756,#11757,#11758,#11759),
 .UNSPECIFIED.,.F.,.F.,(4,1,4),(0.,0.0251336575402673,0.0595500272290116),
 .UNSPECIFIED.);
#2367=B_SPLINE_CURVE_WITH_KNOTS('',3,(#11776,#11777,#11778,#11779,#11780),
 .UNSPECIFIED.,.F.,.F.,(4,1,4),(0.,0.0488050341775474,0.103330074952839),
 .UNSPECIFIED.);
#2368=B_SPLINE_CURVE_WITH_KNOTS('',3,(#11793,#11794,#11795,#11796,#11797),
 .UNSPECIFIED.,.F.,.F.,(4,1,4),(0.,0.082995772900768,0.14130192493708),
 .UNSPECIFIED.);
#2369=B_SPLINE_CURVE_WITH_KNOTS('',3,(#11814,#11815,#11816,#11817,#11818),
 .UNSPECIFIED.,.F.,.F.,(4,1,4),(0.,0.0689736310111623,0.174471151582049),
 .UNSPECIFIED.);
#2370=B_SPLINE_CURVE_WITH_KNOTS('',3,(#11831,#11832,#11833,#11834,#11835),
 .UNSPECIFIED.,.F.,.F.,(4,1,4),(0.,0.0635984516159272,0.118678128195976),
 .UNSPECIFIED.);
#2371=B_SPLINE_CURVE_WITH_KNOTS('',3,(#11848,#11849,#11850,#11851,#11852),
 .UNSPECIFIED.,.F.,.F.,(4,1,4),(0.,0.112125954172296,0.194462741105789),
 .UNSPECIFIED.);
#2372=B_SPLINE_CURVE_WITH_KNOTS('',3,(#11865,#11866,#11867,#11868,#11869),
 .UNSPECIFIED.,.F.,.F.,(4,1,4),(0.,0.0967337284241452,0.221181678594545),
 .UNSPECIFIED.);
#2373=B_SPLINE_CURVE_WITH_KNOTS('',3,(#11882,#11883,#11884,#11885,#11886),
 .UNSPECIFIED.,.F.,.F.,(4,1,4),(0.,0.099736099770463,0.188271598486079),
 .UNSPECIFIED.);
#2374=B_SPLINE_CURVE_WITH_KNOTS('',3,(#11901,#11902,#11903,#11904,#11905),
 .UNSPECIFIED.,.F.,.F.,(4,1,4),(0.,0.03794474342044,0.0854654138764732),
 .UNSPECIFIED.);
#2375=B_SPLINE_CURVE_WITH_KNOTS('',3,(#11972,#11973,#11974,#11975,#11976),
 .UNSPECIFIED.,.F.,.F.,(4,1,4),(0.,0.0705353289997839,0.142022519018187),
 .UNSPECIFIED.);
#2376=B_SPLINE_CURVE_WITH_KNOTS('',3,(#11980,#11981,#11982,#11983,#11984),
 .UNSPECIFIED.,.F.,.F.,(4,1,4),(0.,0.0705353289997839,0.142022519018187),
 .UNSPECIFIED.);
#2377=B_SPLINE_CURVE_WITH_KNOTS('',3,(#11997,#11998,#11999,#12000,#12001),
 .UNSPECIFIED.,.F.,.F.,(4,1,4),(0.,0.0712829764522741,0.141734861250323),
 .UNSPECIFIED.);
#2378=B_SPLINE_CURVE_WITH_KNOTS('',3,(#12004,#12005,#12006,#12007,#12008),
 .UNSPECIFIED.,.F.,.F.,(4,1,4),(0.,0.0712829764522741,0.141734861250323),
 .UNSPECIFIED.);
#2379=B_SPLINE_CURVE_WITH_KNOTS('',3,(#12020,#12021,#12022,#12023,#12024),
 .UNSPECIFIED.,.F.,.F.,(4,1,4),(0.,0.094987194638809,0.174319587031724),
 .UNSPECIFIED.);
#2380=B_SPLINE_CURVE_WITH_KNOTS('',3,(#12027,#12028,#12029,#12030,#12031),
 .UNSPECIFIED.,.F.,.F.,(4,1,4),(0.,0.094987194638809,0.174319587031724),
 .UNSPECIFIED.);
#2381=B_SPLINE_CURVE_WITH_KNOTS('',3,(#12043,#12044,#12045,#12046,#12047),
 .UNSPECIFIED.,.F.,.F.,(4,1,4),(0.,0.0799313536736916,0.176946894635239),
 .UNSPECIFIED.);
#2382=B_SPLINE_CURVE_WITH_KNOTS('',3,(#12050,#12051,#12052,#12053,#12054),
 .UNSPECIFIED.,.F.,.F.,(4,1,4),(0.,0.0799313536736916,0.176946894635239),
 .UNSPECIFIED.);
#2383=B_SPLINE_CURVE_WITH_KNOTS('',3,(#12066,#12067,#12068,#12069,#12070),
 .UNSPECIFIED.,.F.,.F.,(4,1,4),(0.,0.0704519893980316,0.141734906673728),
 .UNSPECIFIED.);
#2384=B_SPLINE_CURVE_WITH_KNOTS('',3,(#12073,#12074,#12075,#12076,#12077),
 .UNSPECIFIED.,.F.,.F.,(4,1,4),(0.,0.0704519893980316,0.141734906673728),
 .UNSPECIFIED.);
#2385=B_SPLINE_CURVE_WITH_KNOTS('',3,(#12089,#12090,#12091,#12092,#12093),
 .UNSPECIFIED.,.F.,.F.,(4,1,4),(0.,0.0714870947534649,0.142022540478354),
 .UNSPECIFIED.);
#2386=B_SPLINE_CURVE_WITH_KNOTS('',3,(#12096,#12097,#12098,#12099,#12100),
 .UNSPECIFIED.,.F.,.F.,(4,1,4),(0.,0.0714870947534649,0.142022540478354),
 .UNSPECIFIED.);
#2387=B_SPLINE_CURVE_WITH_KNOTS('',3,(#12112,#12113,#12114,#12115,#12116),
 .UNSPECIFIED.,.F.,.F.,(4,1,4),(0.,0.0960126051268544,0.175767096936914),
 .UNSPECIFIED.);
#2388=B_SPLINE_CURVE_WITH_KNOTS('',3,(#12119,#12120,#12121,#12122,#12123),
 .UNSPECIFIED.,.F.,.F.,(4,1,4),(0.,0.0960126051268544,0.175767096936914),
 .UNSPECIFIED.);
#2389=B_SPLINE_CURVE_WITH_KNOTS('',3,(#12134,#12135,#12136,#12137,#12138),
 .UNSPECIFIED.,.F.,.F.,(4,1,4),(0.,0.079754549161373,0.175767079334837),
 .UNSPECIFIED.);
#2390=B_SPLINE_CURVE_WITH_KNOTS('',3,(#12139,#12140,#12141,#12142,#12143),
 .UNSPECIFIED.,.F.,.F.,(4,1,4),(0.,0.079754549161373,0.175767079334837),
 .UNSPECIFIED.);
#2391=B_SPLINE_CURVE_WITH_KNOTS('',3,(#12157,#12158,#12159,#12160,#12161),
 .UNSPECIFIED.,.F.,.F.,(4,1,4),(0.,0.0970045643665772,0.192929793986428),
 .UNSPECIFIED.);
#2392=B_SPLINE_CURVE_WITH_KNOTS('',3,(#12175,#12176,#12177,#12178,#12179),
 .UNSPECIFIED.,.F.,.F.,(4,1,4),(0.,0.0979374884526222,0.196580410555704),
 .UNSPECIFIED.);
#2393=B_SPLINE_CURVE_WITH_KNOTS('',3,(#12192,#12193,#12194,#12195,#12196),
 .UNSPECIFIED.,.F.,.F.,(4,1,4),(0.,0.144661584864833,0.294376200898821),
 .UNSPECIFIED.);
#2394=B_SPLINE_CURVE_WITH_KNOTS('',3,(#12209,#12210,#12211,#12212,#12213),
 .UNSPECIFIED.,.F.,.F.,(4,1,4),(0.,0.152645104451217,0.298446965110224),
 .UNSPECIFIED.);
#2395=B_SPLINE_CURVE_WITH_KNOTS('',3,(#12226,#12227,#12228,#12229,#12230),
 .UNSPECIFIED.,.F.,.F.,(4,1,4),(0.,0.144239879905604,0.295496937983504),
 .UNSPECIFIED.);
#2396=B_SPLINE_CURVE_WITH_KNOTS('',3,(#12243,#12244,#12245,#12246,#12247),
 .UNSPECIFIED.,.F.,.F.,(4,1,4),(0.,0.151919227821049,0.296080751151584),
 .UNSPECIFIED.);
#2397=B_SPLINE_CURVE_WITH_KNOTS('',3,(#12260,#12261,#12262,#12263,#12264),
 .UNSPECIFIED.,.F.,.F.,(4,1,4),(0.,0.0979051730257766,0.199966919902395),
 .UNSPECIFIED.);
#2398=B_SPLINE_CURVE_WITH_KNOTS('',3,(#12277,#12278,#12279,#12280,#12281),
 .UNSPECIFIED.,.F.,.F.,(4,1,4),(0.,0.0971683479807447,0.192939487994259),
 .UNSPECIFIED.);
#2399=B_SPLINE_CURVE_WITH_KNOTS('',3,(#12294,#12295,#12296,#12297,#12298),
 .UNSPECIFIED.,.F.,.F.,(4,1,4),(0.,0.0946970296194504,0.192204726035795),
 .UNSPECIFIED.);
#2400=B_SPLINE_CURVE_WITH_KNOTS('',3,(#12309,#12310,#12311,#12312,#12313),
 .UNSPECIFIED.,.F.,.F.,(4,1,4),(0.,0.102693637833833,0.218657066730169),
 .UNSPECIFIED.);
#2401=VERTEX_POINT('',#7450);
#2402=VERTEX_POINT('',#7451);
#2403=VERTEX_POINT('',#7457);
#2404=VERTEX_POINT('',#7459);
#2405=VERTEX_POINT('',#7476);
#2406=VERTEX_POINT('',#7482);
#2407=VERTEX_POINT('',#7499);
#2408=VERTEX_POINT('',#7505);
#2409=VERTEX_POINT('',#7522);
#2410=VERTEX_POINT('',#7528);
#2411=VERTEX_POINT('',#7548);
#2412=VERTEX_POINT('',#7549);
#2413=VERTEX_POINT('',#7555);
#2414=VERTEX_POINT('',#7557);
#2415=VERTEX_POINT('',#7574);
#2416=VERTEX_POINT('',#7580);
#2417=VERTEX_POINT('',#7597);
#2418=VERTEX_POINT('',#7603);
#2419=VERTEX_POINT('',#7611);
#2420=VERTEX_POINT('',#7613);
#2421=VERTEX_POINT('',#7626);
#2422=VERTEX_POINT('',#7632);
#2423=VERTEX_POINT('',#7649);
#2424=VERTEX_POINT('',#7655);
#2425=VERTEX_POINT('',#7672);
#2426=VERTEX_POINT('',#7678);
#2427=VERTEX_POINT('',#7695);
#2428=VERTEX_POINT('',#7701);
#2429=VERTEX_POINT('',#7718);
#2430=VERTEX_POINT('',#7724);
#2431=VERTEX_POINT('',#7741);
#2432=VERTEX_POINT('',#7747);
#2433=VERTEX_POINT('',#7764);
#2434=VERTEX_POINT('',#7770);
#2435=VERTEX_POINT('',#7787);
#2436=VERTEX_POINT('',#7793);
#2437=VERTEX_POINT('',#7801);
#2438=VERTEX_POINT('',#7803);
#2439=VERTEX_POINT('',#7837);
#2440=VERTEX_POINT('',#7838);
#2441=VERTEX_POINT('',#7844);
#2442=VERTEX_POINT('',#7846);
#2443=VERTEX_POINT('',#7863);
#2444=VERTEX_POINT('',#7869);
#2445=VERTEX_POINT('',#7886);
#2446=VERTEX_POINT('',#7892);
#2447=VERTEX_POINT('',#7909);
#2448=VERTEX_POINT('',#7915);
#2449=VERTEX_POINT('',#7932);
#2450=VERTEX_POINT('',#7938);
#2451=VERTEX_POINT('',#7955);
#2452=VERTEX_POINT('',#7961);
#2453=VERTEX_POINT('',#7978);
#2454=VERTEX_POINT('',#7984);
#2455=VERTEX_POINT('',#8012);
#2456=VERTEX_POINT('',#8013);
#2457=VERTEX_POINT('',#8015);
#2458=VERTEX_POINT('',#8017);
#2459=VERTEX_POINT('',#8021);
#2460=VERTEX_POINT('',#8023);
#2461=VERTEX_POINT('',#8036);
#2462=VERTEX_POINT('',#8042);
#2463=VERTEX_POINT('',#8059);
#2464=VERTEX_POINT('',#8065);
#2465=VERTEX_POINT('',#8082);
#2466=VERTEX_POINT('',#8088);
#2467=VERTEX_POINT('',#8105);
#2468=VERTEX_POINT('',#8111);
#2469=VERTEX_POINT('',#8128);
#2470=VERTEX_POINT('',#8134);
#2471=VERTEX_POINT('',#8151);
#2472=VERTEX_POINT('',#8157);
#2473=VERTEX_POINT('',#8174);
#2474=VERTEX_POINT('',#8180);
#2475=VERTEX_POINT('',#8188);
#2476=VERTEX_POINT('',#8190);
#2477=VERTEX_POINT('',#8194);
#2478=VERTEX_POINT('',#8196);
#2479=VERTEX_POINT('',#8213);
#2480=VERTEX_POINT('',#8214);
#2481=VERTEX_POINT('',#8220);
#2482=VERTEX_POINT('',#8222);
#2483=VERTEX_POINT('',#8239);
#2484=VERTEX_POINT('',#8245);
#2485=VERTEX_POINT('',#8262);
#2486=VERTEX_POINT('',#8268);
#2487=VERTEX_POINT('',#8285);
#2488=VERTEX_POINT('',#8291);
#2489=VERTEX_POINT('',#8308);
#2490=VERTEX_POINT('',#8314);
#2491=VERTEX_POINT('',#8331);
#2492=VERTEX_POINT('',#8337);
#2493=VERTEX_POINT('',#8345);
#2494=VERTEX_POINT('',#8347);
#2495=VERTEX_POINT('',#8351);
#2496=VERTEX_POINT('',#8353);
#2497=VERTEX_POINT('',#8360);
#2498=VERTEX_POINT('',#8361);
#2499=VERTEX_POINT('',#8363);
#2500=VERTEX_POINT('',#8365);
#2501=VERTEX_POINT('',#8369);
#2502=VERTEX_POINT('',#8371);
#2503=VERTEX_POINT('',#8384);
#2504=VERTEX_POINT('',#8390);
#2505=VERTEX_POINT('',#8407);
#2506=VERTEX_POINT('',#8413);
#2507=VERTEX_POINT('',#8430);
#2508=VERTEX_POINT('',#8436);
#2509=VERTEX_POINT('',#8453);
#2510=VERTEX_POINT('',#8459);
#2511=VERTEX_POINT('',#8476);
#2512=VERTEX_POINT('',#8482);
#2513=VERTEX_POINT('',#8499);
#2514=VERTEX_POINT('',#8505);
#2515=VERTEX_POINT('',#8522);
#2516=VERTEX_POINT('',#8528);
#2517=VERTEX_POINT('',#8536);
#2518=VERTEX_POINT('',#8538);
#2519=VERTEX_POINT('',#8542);
#2520=VERTEX_POINT('',#8544);
#2521=VERTEX_POINT('',#8561);
#2522=VERTEX_POINT('',#8562);
#2523=VERTEX_POINT('',#8568);
#2524=VERTEX_POINT('',#8570);
#2525=VERTEX_POINT('',#8587);
#2526=VERTEX_POINT('',#8593);
#2527=VERTEX_POINT('',#8610);
#2528=VERTEX_POINT('',#8616);
#2529=VERTEX_POINT('',#8633);
#2530=VERTEX_POINT('',#8639);
#2531=VERTEX_POINT('',#8656);
#2532=VERTEX_POINT('',#8662);
#2533=VERTEX_POINT('',#8679);
#2534=VERTEX_POINT('',#8685);
#2535=VERTEX_POINT('',#8702);
#2536=VERTEX_POINT('',#8708);
#2537=VERTEX_POINT('',#8725);
#2538=VERTEX_POINT('',#8731);
#2539=VERTEX_POINT('',#8751);
#2540=VERTEX_POINT('',#8752);
#2541=VERTEX_POINT('',#8758);
#2542=VERTEX_POINT('',#8760);
#2543=VERTEX_POINT('',#8777);
#2544=VERTEX_POINT('',#8783);
#2545=VERTEX_POINT('',#8800);
#2546=VERTEX_POINT('',#8806);
#2547=VERTEX_POINT('',#8814);
#2548=VERTEX_POINT('',#8816);
#2549=VERTEX_POINT('',#8829);
#2550=VERTEX_POINT('',#8835);
#2551=VERTEX_POINT('',#8852);
#2552=VERTEX_POINT('',#8858);
#2553=VERTEX_POINT('',#8875);
#2554=VERTEX_POINT('',#8881);
#2555=VERTEX_POINT('',#8898);
#2556=VERTEX_POINT('',#8904);
#2557=VERTEX_POINT('',#8921);
#2558=VERTEX_POINT('',#8927);
#2559=VERTEX_POINT('',#8944);
#2560=VERTEX_POINT('',#8950);
#2561=VERTEX_POINT('',#8967);
#2562=VERTEX_POINT('',#8973);
#2563=VERTEX_POINT('',#8990);
#2564=VERTEX_POINT('',#8996);
#2565=VERTEX_POINT('',#9013);
#2566=VERTEX_POINT('',#9019);
#2567=VERTEX_POINT('',#9036);
#2568=VERTEX_POINT('',#9042);
#2569=VERTEX_POINT('',#9050);
#2570=VERTEX_POINT('',#9052);
#2571=VERTEX_POINT('',#9065);
#2572=VERTEX_POINT('',#9071);
#2573=VERTEX_POINT('',#9088);
#2574=VERTEX_POINT('',#9094);
#2575=VERTEX_POINT('',#9102);
#2576=VERTEX_POINT('',#9104);
#2577=VERTEX_POINT('',#9117);
#2578=VERTEX_POINT('',#9123);
#2579=VERTEX_POINT('',#9140);
#2580=VERTEX_POINT('',#9146);
#2581=VERTEX_POINT('',#9163);
#2582=VERTEX_POINT('',#9169);
#2583=VERTEX_POINT('',#9186);
#2584=VERTEX_POINT('',#9192);
#2585=VERTEX_POINT('',#9209);
#2586=VERTEX_POINT('',#9215);
#2587=VERTEX_POINT('',#9223);
#2588=VERTEX_POINT('',#9225);
#2589=VERTEX_POINT('',#9250);
#2590=VERTEX_POINT('',#9251);
#2591=VERTEX_POINT('',#9253);
#2592=VERTEX_POINT('',#9255);
#2593=VERTEX_POINT('',#9259);
#2594=VERTEX_POINT('',#9261);
#2595=VERTEX_POINT('',#9265);
#2596=VERTEX_POINT('',#9267);
#2597=VERTEX_POINT('',#9271);
#2598=VERTEX_POINT('',#9273);
#2599=VERTEX_POINT('',#9277);
#2600=VERTEX_POINT('',#9279);
#2601=VERTEX_POINT('',#9283);
#2602=VERTEX_POINT('',#9285);
#2603=VERTEX_POINT('',#9289);
#2604=VERTEX_POINT('',#9291);
#2605=VERTEX_POINT('',#9295);
#2606=VERTEX_POINT('',#9297);
#2607=VERTEX_POINT('',#9301);
#2608=VERTEX_POINT('',#9303);
#2609=VERTEX_POINT('',#9307);
#2610=VERTEX_POINT('',#9309);
#2611=VERTEX_POINT('',#9313);
#2612=VERTEX_POINT('',#9315);
#2613=VERTEX_POINT('',#9319);
#2614=VERTEX_POINT('',#9321);
#2615=VERTEX_POINT('',#9338);
#2616=VERTEX_POINT('',#9339);
#2617=VERTEX_POINT('',#9345);
#2618=VERTEX_POINT('',#9347);
#2619=VERTEX_POINT('',#9364);
#2620=VERTEX_POINT('',#9370);
#2621=VERTEX_POINT('',#9387);
#2622=VERTEX_POINT('',#9393);
#2623=VERTEX_POINT('',#9410);
#2624=VERTEX_POINT('',#9416);
#2625=VERTEX_POINT('',#9433);
#2626=VERTEX_POINT('',#9439);
#2627=VERTEX_POINT('',#9456);
#2628=VERTEX_POINT('',#9462);
#2629=VERTEX_POINT('',#9479);
#2630=VERTEX_POINT('',#9485);
#2631=VERTEX_POINT('',#9522);
#2632=VERTEX_POINT('',#9523);
#2633=VERTEX_POINT('',#9529);
#2634=VERTEX_POINT('',#9531);
#2635=VERTEX_POINT('',#9548);
#2636=VERTEX_POINT('',#9554);
#2637=VERTEX_POINT('',#9571);
#2638=VERTEX_POINT('',#9577);
#2639=VERTEX_POINT('',#9594);
#2640=VERTEX_POINT('',#9600);
#2641=VERTEX_POINT('',#9617);
#2642=VERTEX_POINT('',#9623);
#2643=VERTEX_POINT('',#9640);
#2644=VERTEX_POINT('',#9646);
#2645=VERTEX_POINT('',#9663);
#2646=VERTEX_POINT('',#9669);
#2647=VERTEX_POINT('',#9686);
#2648=VERTEX_POINT('',#9692);
#2649=VERTEX_POINT('',#9709);
#2650=VERTEX_POINT('',#9715);
#2651=VERTEX_POINT('',#9744);
#2652=VERTEX_POINT('',#9745);
#2653=VERTEX_POINT('',#9747);
#2654=VERTEX_POINT('',#9749);
#2655=VERTEX_POINT('',#9753);
#2656=VERTEX_POINT('',#9755);
#2657=VERTEX_POINT('',#9759);
#2658=VERTEX_POINT('',#9761);
#2659=VERTEX_POINT('',#9765);
#2660=VERTEX_POINT('',#9767);
#2661=VERTEX_POINT('',#9771);
#2662=VERTEX_POINT('',#9773);
#2663=VERTEX_POINT('',#9777);
#2664=VERTEX_POINT('',#9779);
#2665=VERTEX_POINT('',#9783);
#2666=VERTEX_POINT('',#9785);
#2667=VERTEX_POINT('',#9789);
#2668=VERTEX_POINT('',#9791);
#2669=VERTEX_POINT('',#9795);
#2670=VERTEX_POINT('',#9797);
#2671=VERTEX_POINT('',#9805);
#2672=VERTEX_POINT('',#9806);
#2673=VERTEX_POINT('',#9808);
#2674=VERTEX_POINT('',#9810);
#2675=VERTEX_POINT('',#9812);
#2676=VERTEX_POINT('',#9814);
#2677=VERTEX_POINT('',#9816);
#2678=VERTEX_POINT('',#9818);
#2679=VERTEX_POINT('',#9821);
#2680=VERTEX_POINT('',#9823);
#2681=VERTEX_POINT('',#9825);
#2682=VERTEX_POINT('',#9827);
#2683=VERTEX_POINT('',#9834);
#2684=VERTEX_POINT('',#9835);
#2685=VERTEX_POINT('',#9840);
#2686=VERTEX_POINT('',#9842);
#2687=VERTEX_POINT('',#9844);
#2688=VERTEX_POINT('',#9846);
#2689=VERTEX_POINT('',#9848);
#2690=VERTEX_POINT('',#9850);
#2691=VERTEX_POINT('',#9852);
#2692=VERTEX_POINT('',#9854);
#2693=VERTEX_POINT('',#9856);
#2694=VERTEX_POINT('',#9858);
#2695=VERTEX_POINT('',#9860);
#2696=VERTEX_POINT('',#9862);
#2697=VERTEX_POINT('',#9864);
#2698=VERTEX_POINT('',#9866);
#2699=VERTEX_POINT('',#9869);
#2700=VERTEX_POINT('',#9871);
#2701=VERTEX_POINT('',#9873);
#2702=VERTEX_POINT('',#9875);
#2703=VERTEX_POINT('',#9889);
#2704=VERTEX_POINT('',#9891);
#2705=VERTEX_POINT('',#9895);
#2706=VERTEX_POINT('',#9897);
#2707=VERTEX_POINT('',#9904);
#2708=VERTEX_POINT('',#9906);
#2709=VERTEX_POINT('',#9910);
#2710=VERTEX_POINT('',#9920);
#2711=VERTEX_POINT('',#9932);
#2712=VERTEX_POINT('',#9933);
#2713=VERTEX_POINT('',#9935);
#2714=VERTEX_POINT('',#9937);
#2715=VERTEX_POINT('',#9941);
#2716=VERTEX_POINT('',#9943);
#2717=VERTEX_POINT('',#9945);
#2718=VERTEX_POINT('',#9947);
#2719=VERTEX_POINT('',#9949);
#2720=VERTEX_POINT('',#9951);
#2721=VERTEX_POINT('',#9954);
#2722=VERTEX_POINT('',#9955);
#2723=VERTEX_POINT('',#9957);
#2724=VERTEX_POINT('',#9959);
#2725=VERTEX_POINT('',#9962);
#2726=VERTEX_POINT('',#9963);
#2727=VERTEX_POINT('',#9965);
#2728=VERTEX_POINT('',#9967);
#2729=VERTEX_POINT('',#9970);
#2730=VERTEX_POINT('',#9971);
#2731=VERTEX_POINT('',#9973);
#2732=VERTEX_POINT('',#9975);
#2733=VERTEX_POINT('',#9977);
#2734=VERTEX_POINT('',#9979);
#2735=VERTEX_POINT('',#9981);
#2736=VERTEX_POINT('',#9983);
#2737=VERTEX_POINT('',#9985);
#2738=VERTEX_POINT('',#9987);
#2739=VERTEX_POINT('',#9990);
#2740=VERTEX_POINT('',#9991);
#2741=VERTEX_POINT('',#9997);
#2742=VERTEX_POINT('',#10003);
#2743=VERTEX_POINT('',#10009);
#2744=VERTEX_POINT('',#10015);
#2745=VERTEX_POINT('',#10021);
#2746=VERTEX_POINT('',#10027);
#2747=VERTEX_POINT('',#10033);
#2748=VERTEX_POINT('',#10039);
#2749=VERTEX_POINT('',#10050);
#2750=VERTEX_POINT('',#10051);
#2751=VERTEX_POINT('',#10053);
#2752=VERTEX_POINT('',#10055);
#2753=VERTEX_POINT('',#10057);
#2754=VERTEX_POINT('',#10059);
#2755=VERTEX_POINT('',#10061);
#2756=VERTEX_POINT('',#10063);
#2757=VERTEX_POINT('',#10065);
#2758=VERTEX_POINT('',#10067);
#2759=VERTEX_POINT('',#10069);
#2760=VERTEX_POINT('',#10071);
#2761=VERTEX_POINT('',#10073);
#2762=VERTEX_POINT('',#10076);
#2763=VERTEX_POINT('',#10077);
#2764=VERTEX_POINT('',#10083);
#2765=VERTEX_POINT('',#10089);
#2766=VERTEX_POINT('',#10091);
#2767=VERTEX_POINT('',#10097);
#2768=VERTEX_POINT('',#10103);
#2769=VERTEX_POINT('',#10109);
#2770=VERTEX_POINT('',#10115);
#2771=VERTEX_POINT('',#10121);
#2772=VERTEX_POINT('',#10123);
#2773=VERTEX_POINT('',#10129);
#2774=VERTEX_POINT('',#10135);
#2775=VERTEX_POINT('',#10137);
#2776=VERTEX_POINT('',#10143);
#2777=VERTEX_POINT('',#10149);
#2778=VERTEX_POINT('',#10155);
#2779=VERTEX_POINT('',#10161);
#2780=VERTEX_POINT('',#10167);
#2781=VERTEX_POINT('',#10173);
#2782=VERTEX_POINT('',#10179);
#2783=VERTEX_POINT('',#10185);
#2784=VERTEX_POINT('',#10191);
#2785=VERTEX_POINT('',#10197);
#2786=VERTEX_POINT('',#10199);
#2787=VERTEX_POINT('',#10210);
#2788=VERTEX_POINT('',#10211);
#2789=VERTEX_POINT('',#10213);
#2790=VERTEX_POINT('',#10215);
#2791=VERTEX_POINT('',#10217);
#2792=VERTEX_POINT('',#10219);
#2793=VERTEX_POINT('',#10225);
#2794=VERTEX_POINT('',#10231);
#2795=VERTEX_POINT('',#10237);
#2796=VERTEX_POINT('',#10243);
#2797=VERTEX_POINT('',#10249);
#2798=VERTEX_POINT('',#10255);
#2799=VERTEX_POINT('',#10262);
#2800=VERTEX_POINT('',#10263);
#2801=VERTEX_POINT('',#10265);
#2802=VERTEX_POINT('',#10267);
#2803=VERTEX_POINT('',#10269);
#2804=VERTEX_POINT('',#10271);
#2805=VERTEX_POINT('',#10277);
#2806=VERTEX_POINT('',#10283);
#2807=VERTEX_POINT('',#10289);
#2808=VERTEX_POINT('',#10295);
#2809=VERTEX_POINT('',#10301);
#2810=VERTEX_POINT('',#10307);
#2811=VERTEX_POINT('',#10314);
#2812=VERTEX_POINT('',#10315);
#2813=VERTEX_POINT('',#10321);
#2814=VERTEX_POINT('',#10327);
#2815=VERTEX_POINT('',#10329);
#2816=VERTEX_POINT('',#10335);
#2817=VERTEX_POINT('',#10341);
#2818=VERTEX_POINT('',#10347);
#2819=VERTEX_POINT('',#10353);
#2820=VERTEX_POINT('',#10359);
#2821=VERTEX_POINT('',#10365);
#2822=VERTEX_POINT('',#10371);
#2823=VERTEX_POINT('',#10377);
#2824=VERTEX_POINT('',#10379);
#2825=VERTEX_POINT('',#10391);
#2826=VERTEX_POINT('',#10395);
#2827=VERTEX_POINT('',#10399);
#2828=VERTEX_POINT('',#10401);
#2829=VERTEX_POINT('',#10405);
#2830=VERTEX_POINT('',#10409);
#2831=VERTEX_POINT('',#10422);
#2832=VERTEX_POINT('',#10423);
#2833=VERTEX_POINT('',#10429);
#2834=VERTEX_POINT('',#10431);
#2835=VERTEX_POINT('',#10448);
#2836=VERTEX_POINT('',#10454);
#2837=VERTEX_POINT('',#10471);
#2838=VERTEX_POINT('',#10477);
#2839=VERTEX_POINT('',#10494);
#2840=VERTEX_POINT('',#10500);
#2841=VERTEX_POINT('',#10520);
#2842=VERTEX_POINT('',#10522);
#2843=VERTEX_POINT('',#10539);
#2844=VERTEX_POINT('',#10556);
#2845=VERTEX_POINT('',#10564);
#2846=VERTEX_POINT('',#10577);
#2847=VERTEX_POINT('',#10594);
#2848=VERTEX_POINT('',#10611);
#2849=VERTEX_POINT('',#10628);
#2850=VERTEX_POINT('',#10645);
#2851=VERTEX_POINT('',#10662);
#2852=VERTEX_POINT('',#10679);
#2853=VERTEX_POINT('',#10696);
#2854=VERTEX_POINT('',#10704);
#2855=VERTEX_POINT('',#10733);
#2856=VERTEX_POINT('',#10734);
#2857=VERTEX_POINT('',#10740);
#2858=VERTEX_POINT('',#10742);
#2859=VERTEX_POINT('',#10759);
#2860=VERTEX_POINT('',#10765);
#2861=VERTEX_POINT('',#10782);
#2862=VERTEX_POINT('',#10788);
#2863=VERTEX_POINT('',#10805);
#2864=VERTEX_POINT('',#10811);
#2865=VERTEX_POINT('',#10828);
#2866=VERTEX_POINT('',#10834);
#2867=VERTEX_POINT('',#10851);
#2868=VERTEX_POINT('',#10857);
#2869=VERTEX_POINT('',#10874);
#2870=VERTEX_POINT('',#10880);
#2871=VERTEX_POINT('',#10908);
#2872=VERTEX_POINT('',#10910);
#2873=VERTEX_POINT('',#10914);
#2874=VERTEX_POINT('',#10927);
#2875=VERTEX_POINT('',#10944);
#2876=VERTEX_POINT('',#10961);
#2877=VERTEX_POINT('',#10978);
#2878=VERTEX_POINT('',#10995);
#2879=VERTEX_POINT('',#11012);
#2880=VERTEX_POINT('',#11029);
#2881=VERTEX_POINT('',#11037);
#2882=VERTEX_POINT('',#11041);
#2883=VERTEX_POINT('',#11057);
#2884=VERTEX_POINT('',#11058);
#2885=VERTEX_POINT('',#11064);
#2886=VERTEX_POINT('',#11066);
#2887=VERTEX_POINT('',#11083);
#2888=VERTEX_POINT('',#11089);
#2889=VERTEX_POINT('',#11106);
#2890=VERTEX_POINT('',#11112);
#2891=VERTEX_POINT('',#11129);
#2892=VERTEX_POINT('',#11135);
#2893=VERTEX_POINT('',#11152);
#2894=VERTEX_POINT('',#11158);
#2895=VERTEX_POINT('',#11175);
#2896=VERTEX_POINT('',#11181);
#2897=VERTEX_POINT('',#11189);
#2898=VERTEX_POINT('',#11191);
#2899=VERTEX_POINT('',#11195);
#2900=VERTEX_POINT('',#11197);
#2901=VERTEX_POINT('',#11204);
#2902=VERTEX_POINT('',#11206);
#2903=VERTEX_POINT('',#11210);
#2904=VERTEX_POINT('',#11223);
#2905=VERTEX_POINT('',#11240);
#2906=VERTEX_POINT('',#11257);
#2907=VERTEX_POINT('',#11274);
#2908=VERTEX_POINT('',#11291);
#2909=VERTEX_POINT('',#11308);
#2910=VERTEX_POINT('',#11325);
#2911=VERTEX_POINT('',#11333);
#2912=VERTEX_POINT('',#11337);
#2913=VERTEX_POINT('',#11353);
#2914=VERTEX_POINT('',#11354);
#2915=VERTEX_POINT('',#11360);
#2916=VERTEX_POINT('',#11362);
#2917=VERTEX_POINT('',#11379);
#2918=VERTEX_POINT('',#11385);
#2919=VERTEX_POINT('',#11402);
#2920=VERTEX_POINT('',#11408);
#2921=VERTEX_POINT('',#11425);
#2922=VERTEX_POINT('',#11431);
#2923=VERTEX_POINT('',#11448);
#2924=VERTEX_POINT('',#11454);
#2925=VERTEX_POINT('',#11471);
#2926=VERTEX_POINT('',#11477);
#2927=VERTEX_POINT('',#11494);
#2928=VERTEX_POINT('',#11500);
#2929=VERTEX_POINT('',#11517);
#2930=VERTEX_POINT('',#11523);
#2931=VERTEX_POINT('',#11543);
#2932=VERTEX_POINT('',#11545);
#2933=VERTEX_POINT('',#11562);
#2934=VERTEX_POINT('',#11579);
#2935=VERTEX_POINT('',#11587);
#2936=VERTEX_POINT('',#11600);
#2937=VERTEX_POINT('',#11617);
#2938=VERTEX_POINT('',#11634);
#2939=VERTEX_POINT('',#11651);
#2940=VERTEX_POINT('',#11668);
#2941=VERTEX_POINT('',#11685);
#2942=VERTEX_POINT('',#11702);
#2943=VERTEX_POINT('',#11719);
#2944=VERTEX_POINT('',#11736);
#2945=VERTEX_POINT('',#11753);
#2946=VERTEX_POINT('',#11761);
#2947=VERTEX_POINT('',#11774);
#2948=VERTEX_POINT('',#11791);
#2949=VERTEX_POINT('',#11799);
#2950=VERTEX_POINT('',#11812);
#2951=VERTEX_POINT('',#11829);
#2952=VERTEX_POINT('',#11846);
#2953=VERTEX_POINT('',#11863);
#2954=VERTEX_POINT('',#11880);
#2955=VERTEX_POINT('',#11888);
#2956=VERTEX_POINT('',#11908);
#2957=VERTEX_POINT('',#11910);
#2958=VERTEX_POINT('',#11914);
#2959=VERTEX_POINT('',#11918);
#2960=VERTEX_POINT('',#11922);
#2961=VERTEX_POINT('',#11926);
#2962=VERTEX_POINT('',#11930);
#2963=VERTEX_POINT('',#11934);
#2964=VERTEX_POINT('',#11938);
#2965=VERTEX_POINT('',#11942);
#2966=VERTEX_POINT('',#11946);
#2967=VERTEX_POINT('',#11950);
#2968=VERTEX_POINT('',#11954);
#2969=VERTEX_POINT('',#11970);
#2970=VERTEX_POINT('',#11971);
#2971=VERTEX_POINT('',#11977);
#2972=VERTEX_POINT('',#11979);
#2973=VERTEX_POINT('',#11996);
#2974=VERTEX_POINT('',#12002);
#2975=VERTEX_POINT('',#12019);
#2976=VERTEX_POINT('',#12025);
#2977=VERTEX_POINT('',#12042);
#2978=VERTEX_POINT('',#12048);
#2979=VERTEX_POINT('',#12065);
#2980=VERTEX_POINT('',#12071);
#2981=VERTEX_POINT('',#12088);
#2982=VERTEX_POINT('',#12094);
#2983=VERTEX_POINT('',#12111);
#2984=VERTEX_POINT('',#12117);
#2985=VERTEX_POINT('',#12154);
#2986=VERTEX_POINT('',#12156);
#2987=VERTEX_POINT('',#12173);
#2988=VERTEX_POINT('',#12190);
#2989=VERTEX_POINT('',#12207);
#2990=VERTEX_POINT('',#12224);
#2991=VERTEX_POINT('',#12241);
#2992=VERTEX_POINT('',#12258);
#2993=VERTEX_POINT('',#12275);
#2994=VERTEX_POINT('',#12292);
#2995=VERTEX_POINT('',#12316);
#2996=VERTEX_POINT('',#12318);
#2997=VERTEX_POINT('',#12322);
#2998=VERTEX_POINT('',#12326);
#2999=VERTEX_POINT('',#12330);
#3000=VERTEX_POINT('',#12334);
#3001=VERTEX_POINT('',#12338);
#3002=VERTEX_POINT('',#12342);
#3003=VERTEX_POINT('',#12346);
#3004=VERTEX_POINT('',#12350);
#3005=VERTEX_POINT('',#12361);
#3006=VERTEX_POINT('',#12362);
#3007=VERTEX_POINT('',#12367);
#3008=VERTEX_POINT('',#12371);
#3009=VERTEX_POINT('',#12377);
#3010=VERTEX_POINT('',#12378);
#3011=VERTEX_POINT('',#12383);
#3012=VERTEX_POINT('',#12387);
#3013=VERTEX_POINT('',#12399);
#3014=VERTEX_POINT('',#12400);
#3015=VERTEX_POINT('',#12402);
#3016=VERTEX_POINT('',#12404);
#3017=VERTEX_POINT('',#12408);
#3018=VERTEX_POINT('',#12410);
#3019=VERTEX_POINT('',#12414);
#3020=VERTEX_POINT('',#12416);
#3021=EDGE_CURVE('',#2401,#2402,#2037,.T.);
#3022=EDGE_CURVE('',#2401,#2403,#953,.T.);
#3023=EDGE_CURVE('',#2403,#2404,#2038,.T.);
#3024=EDGE_CURVE('',#2402,#2404,#954,.T.);
#3025=EDGE_CURVE('',#2405,#2401,#2039,.T.);
#3026=EDGE_CURVE('',#2405,#2406,#955,.T.);
#3027=EDGE_CURVE('',#2406,#2403,#2040,.T.);
#3028=EDGE_CURVE('',#2407,#2405,#2041,.T.);
#3029=EDGE_CURVE('',#2407,#2408,#956,.T.);
#3030=EDGE_CURVE('',#2408,#2406,#2042,.T.);
#3031=EDGE_CURVE('',#2409,#2407,#2043,.T.);
#3032=EDGE_CURVE('',#2409,#2410,#957,.T.);
#3033=EDGE_CURVE('',#2410,#2408,#2044,.T.);
#3034=EDGE_CURVE('',#2402,#2409,#958,.T.);
#3035=EDGE_CURVE('',#2404,#2410,#959,.T.);
#3036=EDGE_CURVE('',#2411,#2412,#2045,.T.);
#3037=EDGE_CURVE('',#2411,#2413,#960,.T.);
#3038=EDGE_CURVE('',#2413,#2414,#2046,.T.);
#3039=EDGE_CURVE('',#2412,#2414,#961,.T.);
#3040=EDGE_CURVE('',#2415,#2411,#2047,.T.);
#3041=EDGE_CURVE('',#2415,#2416,#962,.T.);
#3042=EDGE_CURVE('',#2416,#2413,#2048,.T.);
#3043=EDGE_CURVE('',#2417,#2415,#2049,.T.);
#3044=EDGE_CURVE('',#2417,#2418,#963,.T.);
#3045=EDGE_CURVE('',#2418,#2416,#2050,.T.);
#3046=EDGE_CURVE('',#2419,#2417,#964,.T.);
#3047=EDGE_CURVE('',#2419,#2420,#965,.T.);
#3048=EDGE_CURVE('',#2420,#2418,#966,.T.);
#3049=EDGE_CURVE('',#2421,#2419,#2051,.T.);
#3050=EDGE_CURVE('',#2421,#2422,#967,.T.);
#3051=EDGE_CURVE('',#2422,#2420,#2052,.T.);
#3052=EDGE_CURVE('',#2423,#2421,#2053,.T.);
#3053=EDGE_CURVE('',#2423,#2424,#968,.T.);
#3054=EDGE_CURVE('',#2424,#2422,#2054,.T.);
#3055=EDGE_CURVE('',#2425,#2423,#2055,.T.);
#3056=EDGE_CURVE('',#2425,#2426,#969,.T.);
#3057=EDGE_CURVE('',#2426,#2424,#2056,.T.);
#3058=EDGE_CURVE('',#2427,#2425,#2057,.T.);
#3059=EDGE_CURVE('',#2427,#2428,#970,.T.);
#3060=EDGE_CURVE('',#2428,#2426,#2058,.T.);
#3061=EDGE_CURVE('',#2429,#2427,#2059,.T.);
#3062=EDGE_CURVE('',#2429,#2430,#971,.T.);
#3063=EDGE_CURVE('',#2430,#2428,#2060,.T.);
#3064=EDGE_CURVE('',#2431,#2429,#2061,.T.);
#3065=EDGE_CURVE('',#2431,#2432,#972,.T.);
#3066=EDGE_CURVE('',#2432,#2430,#2062,.T.);
#3067=EDGE_CURVE('',#2433,#2431,#2063,.T.);
#3068=EDGE_CURVE('',#2433,#2434,#973,.T.);
#3069=EDGE_CURVE('',#2434,#2432,#2064,.T.);
#3070=EDGE_CURVE('',#2435,#2433,#2065,.T.);
#3071=EDGE_CURVE('',#2435,#2436,#974,.T.);
#3072=EDGE_CURVE('',#2436,#2434,#2066,.T.);
#3073=EDGE_CURVE('',#2437,#2435,#975,.T.);
#3074=EDGE_CURVE('',#2437,#2438,#976,.T.);
#3075=EDGE_CURVE('',#2438,#2436,#977,.T.);
#3076=EDGE_CURVE('',#2412,#2437,#2067,.T.);
#3077=EDGE_CURVE('',#2414,#2438,#2068,.T.);
#3078=EDGE_CURVE('',#2439,#2440,#2069,.T.);
#3079=EDGE_CURVE('',#2439,#2441,#978,.T.);
#3080=EDGE_CURVE('',#2441,#2442,#2070,.T.);
#3081=EDGE_CURVE('',#2440,#2442,#979,.T.);
#3082=EDGE_CURVE('',#2443,#2439,#2071,.T.);
#3083=EDGE_CURVE('',#2443,#2444,#980,.T.);
#3084=EDGE_CURVE('',#2444,#2441,#2072,.T.);
#3085=EDGE_CURVE('',#2445,#2443,#2073,.T.);
#3086=EDGE_CURVE('',#2445,#2446,#981,.T.);
#3087=EDGE_CURVE('',#2446,#2444,#2074,.T.);
#3088=EDGE_CURVE('',#2447,#2445,#2075,.T.);
#3089=EDGE_CURVE('',#2447,#2448,#982,.T.);
#3090=EDGE_CURVE('',#2448,#2446,#2076,.T.);
#3091=EDGE_CURVE('',#2449,#2447,#2077,.T.);
#3092=EDGE_CURVE('',#2449,#2450,#983,.T.);
#3093=EDGE_CURVE('',#2450,#2448,#2078,.T.);
#3094=EDGE_CURVE('',#2451,#2449,#2079,.T.);
#3095=EDGE_CURVE('',#2451,#2452,#984,.T.);
#3096=EDGE_CURVE('',#2452,#2450,#2080,.T.);
#3097=EDGE_CURVE('',#2453,#2451,#2081,.T.);
#3098=EDGE_CURVE('',#2453,#2454,#985,.T.);
#3099=EDGE_CURVE('',#2454,#2452,#2082,.T.);
#3100=EDGE_CURVE('',#2440,#2453,#2083,.T.);
#3101=EDGE_CURVE('',#2442,#2454,#2084,.T.);
#3102=EDGE_CURVE('',#2455,#2456,#986,.T.);
#3103=EDGE_CURVE('',#2455,#2457,#987,.T.);
#3104=EDGE_CURVE('',#2457,#2458,#988,.T.);
#3105=EDGE_CURVE('',#2456,#2458,#989,.T.);
#3106=EDGE_CURVE('',#2459,#2455,#990,.T.);
#3107=EDGE_CURVE('',#2459,#2460,#991,.T.);
#3108=EDGE_CURVE('',#2460,#2457,#992,.T.);
#3109=EDGE_CURVE('',#2461,#2459,#2085,.T.);
#3110=EDGE_CURVE('',#2461,#2462,#993,.T.);
#3111=EDGE_CURVE('',#2462,#2460,#2086,.T.);
#3112=EDGE_CURVE('',#2463,#2461,#2087,.T.);
#3113=EDGE_CURVE('',#2463,#2464,#994,.T.);
#3114=EDGE_CURVE('',#2464,#2462,#2088,.T.);
#3115=EDGE_CURVE('',#2465,#2463,#2089,.T.);
#3116=EDGE_CURVE('',#2465,#2466,#995,.T.);
#3117=EDGE_CURVE('',#2466,#2464,#2090,.T.);
#3118=EDGE_CURVE('',#2467,#2465,#2091,.T.);
#3119=EDGE_CURVE('',#2467,#2468,#996,.T.);
#3120=EDGE_CURVE('',#2468,#2466,#2092,.T.);
#3121=EDGE_CURVE('',#2469,#2467,#2093,.T.);
#3122=EDGE_CURVE('',#2469,#2470,#997,.T.);
#3123=EDGE_CURVE('',#2470,#2468,#2094,.T.);
#3124=EDGE_CURVE('',#2471,#2469,#2095,.T.);
#3125=EDGE_CURVE('',#2471,#2472,#998,.T.);
#3126=EDGE_CURVE('',#2472,#2470,#2096,.T.);
#3127=EDGE_CURVE('',#2473,#2471,#2097,.T.);
#3128=EDGE_CURVE('',#2473,#2474,#999,.T.);
#3129=EDGE_CURVE('',#2474,#2472,#2098,.T.);
#3130=EDGE_CURVE('',#2475,#2473,#1000,.T.);
#3131=EDGE_CURVE('',#2475,#2476,#1001,.T.);
#3132=EDGE_CURVE('',#2476,#2474,#1002,.T.);
#3133=EDGE_CURVE('',#2477,#2475,#1003,.T.);
#3134=EDGE_CURVE('',#2477,#2478,#1004,.T.);
#3135=EDGE_CURVE('',#2478,#2476,#1005,.T.);
#3136=EDGE_CURVE('',#2456,#2477,#1006,.T.);
#3137=EDGE_CURVE('',#2458,#2478,#1007,.T.);
#3138=EDGE_CURVE('',#2479,#2480,#2099,.T.);
#3139=EDGE_CURVE('',#2479,#2481,#1008,.T.);
#3140=EDGE_CURVE('',#2481,#2482,#2100,.T.);
#3141=EDGE_CURVE('',#2480,#2482,#1009,.T.);
#3142=EDGE_CURVE('',#2483,#2479,#2101,.T.);
#3143=EDGE_CURVE('',#2483,#2484,#1010,.T.);
#3144=EDGE_CURVE('',#2484,#2481,#2102,.T.);
#3145=EDGE_CURVE('',#2485,#2483,#2103,.T.);
#3146=EDGE_CURVE('',#2485,#2486,#1011,.T.);
#3147=EDGE_CURVE('',#2486,#2484,#2104,.T.);
#3148=EDGE_CURVE('',#2487,#2485,#2105,.T.);
#3149=EDGE_CURVE('',#2487,#2488,#1012,.T.);
#3150=EDGE_CURVE('',#2488,#2486,#2106,.T.);
#3151=EDGE_CURVE('',#2489,#2487,#2107,.T.);
#3152=EDGE_CURVE('',#2489,#2490,#1013,.T.);
#3153=EDGE_CURVE('',#2490,#2488,#2108,.T.);
#3154=EDGE_CURVE('',#2491,#2489,#2109,.T.);
#3155=EDGE_CURVE('',#2491,#2492,#1014,.T.);
#3156=EDGE_CURVE('',#2492,#2490,#2110,.T.);
#3157=EDGE_CURVE('',#2493,#2491,#1015,.T.);
#3158=EDGE_CURVE('',#2493,#2494,#1016,.T.);
#3159=EDGE_CURVE('',#2494,#2492,#1017,.T.);
#3160=EDGE_CURVE('',#2495,#2493,#1018,.T.);
#3161=EDGE_CURVE('',#2495,#2496,#1019,.T.);
#3162=EDGE_CURVE('',#2496,#2494,#1020,.T.);
#3163=EDGE_CURVE('',#2480,#2495,#1021,.T.);
#3164=EDGE_CURVE('',#2482,#2496,#1022,.T.);
#3165=EDGE_CURVE('',#2497,#2498,#1023,.T.);
#3166=EDGE_CURVE('',#2497,#2499,#1024,.T.);
#3167=EDGE_CURVE('',#2499,#2500,#1025,.T.);
#3168=EDGE_CURVE('',#2498,#2500,#1026,.T.);
#3169=EDGE_CURVE('',#2501,#2497,#1027,.T.);
#3170=EDGE_CURVE('',#2501,#2502,#1028,.T.);
#3171=EDGE_CURVE('',#2502,#2499,#1029,.T.);
#3172=EDGE_CURVE('',#2503,#2501,#2111,.T.);
#3173=EDGE_CURVE('',#2503,#2504,#1030,.T.);
#3174=EDGE_CURVE('',#2504,#2502,#2112,.T.);
#3175=EDGE_CURVE('',#2505,#2503,#2113,.T.);
#3176=EDGE_CURVE('',#2505,#2506,#1031,.T.);
#3177=EDGE_CURVE('',#2506,#2504,#2114,.T.);
#3178=EDGE_CURVE('',#2507,#2505,#2115,.T.);
#3179=EDGE_CURVE('',#2507,#2508,#1032,.T.);
#3180=EDGE_CURVE('',#2508,#2506,#2116,.T.);
#3181=EDGE_CURVE('',#2509,#2507,#2117,.T.);
#3182=EDGE_CURVE('',#2509,#2510,#1033,.T.);
#3183=EDGE_CURVE('',#2510,#2508,#2118,.T.);
#3184=EDGE_CURVE('',#2511,#2509,#2119,.T.);
#3185=EDGE_CURVE('',#2511,#2512,#1034,.T.);
#3186=EDGE_CURVE('',#2512,#2510,#2120,.T.);
#3187=EDGE_CURVE('',#2513,#2511,#2121,.T.);
#3188=EDGE_CURVE('',#2513,#2514,#1035,.T.);
#3189=EDGE_CURVE('',#2514,#2512,#2122,.T.);
#3190=EDGE_CURVE('',#2515,#2513,#2123,.T.);
#3191=EDGE_CURVE('',#2515,#2516,#1036,.T.);
#3192=EDGE_CURVE('',#2516,#2514,#2124,.T.);
#3193=EDGE_CURVE('',#2517,#2515,#1037,.T.);
#3194=EDGE_CURVE('',#2517,#2518,#1038,.T.);
#3195=EDGE_CURVE('',#2518,#2516,#1039,.T.);
#3196=EDGE_CURVE('',#2519,#2517,#1040,.T.);
#3197=EDGE_CURVE('',#2519,#2520,#1041,.T.);
#3198=EDGE_CURVE('',#2520,#2518,#1042,.T.);
#3199=EDGE_CURVE('',#2498,#2519,#1043,.T.);
#3200=EDGE_CURVE('',#2500,#2520,#1044,.T.);
#3201=EDGE_CURVE('',#2521,#2522,#2125,.T.);
#3202=EDGE_CURVE('',#2521,#2523,#1045,.T.);
#3203=EDGE_CURVE('',#2523,#2524,#2126,.T.);
#3204=EDGE_CURVE('',#2522,#2524,#1046,.T.);
#3205=EDGE_CURVE('',#2525,#2521,#2127,.T.);
#3206=EDGE_CURVE('',#2525,#2526,#1047,.T.);
#3207=EDGE_CURVE('',#2526,#2523,#2128,.T.);
#3208=EDGE_CURVE('',#2527,#2525,#2129,.T.);
#3209=EDGE_CURVE('',#2527,#2528,#1048,.T.);
#3210=EDGE_CURVE('',#2528,#2526,#2130,.T.);
#3211=EDGE_CURVE('',#2529,#2527,#2131,.T.);
#3212=EDGE_CURVE('',#2529,#2530,#1049,.T.);
#3213=EDGE_CURVE('',#2530,#2528,#2132,.T.);
#3214=EDGE_CURVE('',#2531,#2529,#2133,.T.);
#3215=EDGE_CURVE('',#2531,#2532,#1050,.T.);
#3216=EDGE_CURVE('',#2532,#2530,#2134,.T.);
#3217=EDGE_CURVE('',#2533,#2531,#2135,.T.);
#3218=EDGE_CURVE('',#2533,#2534,#1051,.T.);
#3219=EDGE_CURVE('',#2534,#2532,#2136,.T.);
#3220=EDGE_CURVE('',#2535,#2533,#2137,.T.);
#3221=EDGE_CURVE('',#2535,#2536,#1052,.T.);
#3222=EDGE_CURVE('',#2536,#2534,#2138,.T.);
#3223=EDGE_CURVE('',#2537,#2535,#2139,.T.);
#3224=EDGE_CURVE('',#2537,#2538,#1053,.T.);
#3225=EDGE_CURVE('',#2538,#2536,#2140,.T.);
#3226=EDGE_CURVE('',#2522,#2537,#1054,.T.);
#3227=EDGE_CURVE('',#2524,#2538,#1055,.T.);
#3228=EDGE_CURVE('',#2539,#2540,#2141,.T.);
#3229=EDGE_CURVE('',#2539,#2541,#1056,.T.);
#3230=EDGE_CURVE('',#2541,#2542,#2142,.T.);
#3231=EDGE_CURVE('',#2540,#2542,#1057,.T.);
#3232=EDGE_CURVE('',#2543,#2539,#2143,.T.);
#3233=EDGE_CURVE('',#2543,#2544,#1058,.T.);
#3234=EDGE_CURVE('',#2544,#2541,#2144,.T.);
#3235=EDGE_CURVE('',#2545,#2543,#2145,.T.);
#3236=EDGE_CURVE('',#2545,#2546,#1059,.T.);
#3237=EDGE_CURVE('',#2546,#2544,#2146,.T.);
#3238=EDGE_CURVE('',#2547,#2545,#1060,.T.);
#3239=EDGE_CURVE('',#2547,#2548,#1061,.T.);
#3240=EDGE_CURVE('',#2548,#2546,#1062,.T.);
#3241=EDGE_CURVE('',#2549,#2547,#2147,.T.);
#3242=EDGE_CURVE('',#2549,#2550,#1063,.T.);
#3243=EDGE_CURVE('',#2550,#2548,#2148,.T.);
#3244=EDGE_CURVE('',#2551,#2549,#2149,.T.);
#3245=EDGE_CURVE('',#2551,#2552,#1064,.T.);
#3246=EDGE_CURVE('',#2552,#2550,#2150,.T.);
#3247=EDGE_CURVE('',#2553,#2551,#2151,.T.);
#3248=EDGE_CURVE('',#2553,#2554,#1065,.T.);
#3249=EDGE_CURVE('',#2554,#2552,#2152,.T.);
#3250=EDGE_CURVE('',#2555,#2553,#2153,.T.);
#3251=EDGE_CURVE('',#2555,#2556,#1066,.T.);
#3252=EDGE_CURVE('',#2556,#2554,#2154,.T.);
#3253=EDGE_CURVE('',#2557,#2555,#2155,.T.);
#3254=EDGE_CURVE('',#2557,#2558,#1067,.T.);
#3255=EDGE_CURVE('',#2558,#2556,#2156,.T.);
#3256=EDGE_CURVE('',#2559,#2557,#2157,.T.);
#3257=EDGE_CURVE('',#2559,#2560,#1068,.T.);
#3258=EDGE_CURVE('',#2560,#2558,#2158,.T.);
#3259=EDGE_CURVE('',#2561,#2559,#2159,.T.);
#3260=EDGE_CURVE('',#2561,#2562,#1069,.T.);
#3261=EDGE_CURVE('',#2562,#2560,#2160,.T.);
#3262=EDGE_CURVE('',#2563,#2561,#2161,.T.);
#3263=EDGE_CURVE('',#2563,#2564,#1070,.T.);
#3264=EDGE_CURVE('',#2564,#2562,#2162,.T.);
#3265=EDGE_CURVE('',#2565,#2563,#2163,.T.);
#3266=EDGE_CURVE('',#2565,#2566,#1071,.T.);
#3267=EDGE_CURVE('',#2566,#2564,#2164,.T.);
#3268=EDGE_CURVE('',#2567,#2565,#2165,.T.);
#3269=EDGE_CURVE('',#2567,#2568,#1072,.T.);
#3270=EDGE_CURVE('',#2568,#2566,#2166,.T.);
#3271=EDGE_CURVE('',#2569,#2567,#1073,.T.);
#3272=EDGE_CURVE('',#2569,#2570,#1074,.T.);
#3273=EDGE_CURVE('',#2570,#2568,#1075,.T.);
#3274=EDGE_CURVE('',#2571,#2569,#2167,.T.);
#3275=EDGE_CURVE('',#2571,#2572,#1076,.T.);
#3276=EDGE_CURVE('',#2572,#2570,#2168,.T.);
#3277=EDGE_CURVE('',#2573,#2571,#2169,.T.);
#3278=EDGE_CURVE('',#2573,#2574,#1077,.T.);
#3279=EDGE_CURVE('',#2574,#2572,#2170,.T.);
#3280=EDGE_CURVE('',#2575,#2573,#1078,.T.);
#3281=EDGE_CURVE('',#2575,#2576,#1079,.T.);
#3282=EDGE_CURVE('',#2576,#2574,#1080,.T.);
#3283=EDGE_CURVE('',#2577,#2575,#2171,.T.);
#3284=EDGE_CURVE('',#2577,#2578,#1081,.T.);
#3285=EDGE_CURVE('',#2578,#2576,#2172,.T.);
#3286=EDGE_CURVE('',#2579,#2577,#2173,.T.);
#3287=EDGE_CURVE('',#2579,#2580,#1082,.T.);
#3288=EDGE_CURVE('',#2580,#2578,#2174,.T.);
#3289=EDGE_CURVE('',#2581,#2579,#2175,.T.);
#3290=EDGE_CURVE('',#2581,#2582,#1083,.T.);
#3291=EDGE_CURVE('',#2582,#2580,#2176,.T.);
#3292=EDGE_CURVE('',#2583,#2581,#2177,.T.);
#3293=EDGE_CURVE('',#2583,#2584,#1084,.T.);
#3294=EDGE_CURVE('',#2584,#2582,#2178,.T.);
#3295=EDGE_CURVE('',#2585,#2583,#2179,.T.);
#3296=EDGE_CURVE('',#2585,#2586,#1085,.T.);
#3297=EDGE_CURVE('',#2586,#2584,#2180,.T.);
#3298=EDGE_CURVE('',#2587,#2585,#1086,.T.);
#3299=EDGE_CURVE('',#2587,#2588,#1087,.T.);
#3300=EDGE_CURVE('',#2588,#2586,#1088,.T.);
#3301=EDGE_CURVE('',#2540,#2587,#2181,.T.);
#3302=EDGE_CURVE('',#2542,#2588,#2182,.T.);
#3303=EDGE_CURVE('',#2589,#2590,#1089,.T.);
#3304=EDGE_CURVE('',#2589,#2591,#1090,.T.);
#3305=EDGE_CURVE('',#2591,#2592,#1091,.T.);
#3306=EDGE_CURVE('',#2590,#2592,#1092,.T.);
#3307=EDGE_CURVE('',#2593,#2589,#1093,.T.);
#3308=EDGE_CURVE('',#2593,#2594,#1094,.T.);
#3309=EDGE_CURVE('',#2594,#2591,#1095,.T.);
#3310=EDGE_CURVE('',#2595,#2593,#1096,.T.);
#3311=EDGE_CURVE('',#2595,#2596,#1097,.T.);
#3312=EDGE_CURVE('',#2596,#2594,#1098,.T.);
#3313=EDGE_CURVE('',#2597,#2595,#1099,.T.);
#3314=EDGE_CURVE('',#2597,#2598,#1100,.T.);
#3315=EDGE_CURVE('',#2598,#2596,#1101,.T.);
#3316=EDGE_CURVE('',#2599,#2597,#1102,.T.);
#3317=EDGE_CURVE('',#2599,#2600,#1103,.T.);
#3318=EDGE_CURVE('',#2600,#2598,#1104,.T.);
#3319=EDGE_CURVE('',#2601,#2599,#1105,.T.);
#3320=EDGE_CURVE('',#2601,#2602,#1106,.T.);
#3321=EDGE_CURVE('',#2602,#2600,#1107,.T.);
#3322=EDGE_CURVE('',#2603,#2601,#1108,.T.);
#3323=EDGE_CURVE('',#2603,#2604,#1109,.T.);
#3324=EDGE_CURVE('',#2604,#2602,#1110,.T.);
#3325=EDGE_CURVE('',#2605,#2603,#1111,.T.);
#3326=EDGE_CURVE('',#2605,#2606,#1112,.T.);
#3327=EDGE_CURVE('',#2606,#2604,#1113,.T.);
#3328=EDGE_CURVE('',#2607,#2605,#1114,.T.);
#3329=EDGE_CURVE('',#2607,#2608,#1115,.T.);
#3330=EDGE_CURVE('',#2608,#2606,#1116,.T.);
#3331=EDGE_CURVE('',#2609,#2607,#1117,.T.);
#3332=EDGE_CURVE('',#2609,#2610,#1118,.T.);
#3333=EDGE_CURVE('',#2610,#2608,#1119,.T.);
#3334=EDGE_CURVE('',#2611,#2609,#1120,.T.);
#3335=EDGE_CURVE('',#2611,#2612,#1121,.T.);
#3336=EDGE_CURVE('',#2612,#2610,#1122,.T.);
#3337=EDGE_CURVE('',#2613,#2611,#1123,.T.);
#3338=EDGE_CURVE('',#2613,#2614,#1124,.T.);
#3339=EDGE_CURVE('',#2614,#2612,#1125,.T.);
#3340=EDGE_CURVE('',#2590,#2613,#1126,.T.);
#3341=EDGE_CURVE('',#2592,#2614,#1127,.T.);
#3342=EDGE_CURVE('',#2615,#2616,#2183,.T.);
#3343=EDGE_CURVE('',#2615,#2617,#1128,.T.);
#3344=EDGE_CURVE('',#2617,#2618,#2184,.T.);
#3345=EDGE_CURVE('',#2616,#2618,#1129,.T.);
#3346=EDGE_CURVE('',#2619,#2615,#2185,.T.);
#3347=EDGE_CURVE('',#2619,#2620,#1130,.T.);
#3348=EDGE_CURVE('',#2620,#2617,#2186,.T.);
#3349=EDGE_CURVE('',#2621,#2619,#2187,.T.);
#3350=EDGE_CURVE('',#2621,#2622,#1131,.T.);
#3351=EDGE_CURVE('',#2622,#2620,#2188,.T.);
#3352=EDGE_CURVE('',#2623,#2621,#2189,.T.);
#3353=EDGE_CURVE('',#2623,#2624,#1132,.T.);
#3354=EDGE_CURVE('',#2624,#2622,#2190,.T.);
#3355=EDGE_CURVE('',#2625,#2623,#2191,.T.);
#3356=EDGE_CURVE('',#2625,#2626,#1133,.T.);
#3357=EDGE_CURVE('',#2626,#2624,#2192,.T.);
#3358=EDGE_CURVE('',#2627,#2625,#2193,.T.);
#3359=EDGE_CURVE('',#2627,#2628,#1134,.T.);
#3360=EDGE_CURVE('',#2628,#2626,#2194,.T.);
#3361=EDGE_CURVE('',#2629,#2627,#2195,.T.);
#3362=EDGE_CURVE('',#2629,#2630,#1135,.T.);
#3363=EDGE_CURVE('',#2630,#2628,#2196,.T.);
#3364=EDGE_CURVE('',#2616,#2629,#2197,.T.);
#3365=EDGE_CURVE('',#2618,#2630,#2198,.T.);
#3366=EDGE_CURVE('',#2631,#2632,#2199,.T.);
#3367=EDGE_CURVE('',#2631,#2633,#1136,.T.);
#3368=EDGE_CURVE('',#2633,#2634,#2200,.T.);
#3369=EDGE_CURVE('',#2632,#2634,#1137,.T.);
#3370=EDGE_CURVE('',#2635,#2631,#2201,.T.);
#3371=EDGE_CURVE('',#2635,#2636,#1138,.T.);
#3372=EDGE_CURVE('',#2636,#2633,#2202,.T.);
#3373=EDGE_CURVE('',#2637,#2635,#2203,.T.);
#3374=EDGE_CURVE('',#2637,#2638,#1139,.T.);
#3375=EDGE_CURVE('',#2638,#2636,#2204,.T.);
#3376=EDGE_CURVE('',#2639,#2637,#2205,.T.);
#3377=EDGE_CURVE('',#2639,#2640,#1140,.T.);
#3378=EDGE_CURVE('',#2640,#2638,#2206,.T.);
#3379=EDGE_CURVE('',#2641,#2639,#2207,.T.);
#3380=EDGE_CURVE('',#2641,#2642,#1141,.T.);
#3381=EDGE_CURVE('',#2642,#2640,#2208,.T.);
#3382=EDGE_CURVE('',#2643,#2641,#2209,.T.);
#3383=EDGE_CURVE('',#2643,#2644,#1142,.T.);
#3384=EDGE_CURVE('',#2644,#2642,#2210,.T.);
#3385=EDGE_CURVE('',#2645,#2643,#2211,.T.);
#3386=EDGE_CURVE('',#2645,#2646,#1143,.T.);
#3387=EDGE_CURVE('',#2646,#2644,#2212,.T.);
#3388=EDGE_CURVE('',#2647,#2645,#2213,.T.);
#3389=EDGE_CURVE('',#2647,#2648,#1144,.T.);
#3390=EDGE_CURVE('',#2648,#2646,#2214,.T.);
#3391=EDGE_CURVE('',#2649,#2647,#2215,.T.);
#3392=EDGE_CURVE('',#2649,#2650,#1145,.T.);
#3393=EDGE_CURVE('',#2650,#2648,#2216,.T.);
#3394=EDGE_CURVE('',#2632,#2649,#2217,.T.);
#3395=EDGE_CURVE('',#2634,#2650,#2218,.T.);
#3396=EDGE_CURVE('',#2651,#2652,#1146,.T.);
#3397=EDGE_CURVE('',#2651,#2653,#1147,.T.);
#3398=EDGE_CURVE('',#2653,#2654,#1148,.T.);
#3399=EDGE_CURVE('',#2652,#2654,#1149,.T.);
#3400=EDGE_CURVE('',#2655,#2651,#1150,.T.);
#3401=EDGE_CURVE('',#2655,#2656,#1151,.T.);
#3402=EDGE_CURVE('',#2656,#2653,#1152,.T.);
#3403=EDGE_CURVE('',#2657,#2655,#1153,.T.);
#3404=EDGE_CURVE('',#2657,#2658,#1154,.T.);
#3405=EDGE_CURVE('',#2658,#2656,#1155,.T.);
#3406=EDGE_CURVE('',#2659,#2657,#1156,.T.);
#3407=EDGE_CURVE('',#2659,#2660,#1157,.T.);
#3408=EDGE_CURVE('',#2660,#2658,#1158,.T.);
#3409=EDGE_CURVE('',#2661,#2659,#1159,.T.);
#3410=EDGE_CURVE('',#2661,#2662,#1160,.T.);
#3411=EDGE_CURVE('',#2662,#2660,#1161,.T.);
#3412=EDGE_CURVE('',#2663,#2661,#1162,.T.);
#3413=EDGE_CURVE('',#2663,#2664,#1163,.T.);
#3414=EDGE_CURVE('',#2664,#2662,#1164,.T.);
#3415=EDGE_CURVE('',#2665,#2663,#1165,.T.);
#3416=EDGE_CURVE('',#2665,#2666,#1166,.T.);
#3417=EDGE_CURVE('',#2666,#2664,#1167,.T.);
#3418=EDGE_CURVE('',#2667,#2665,#1168,.T.);
#3419=EDGE_CURVE('',#2667,#2668,#1169,.T.);
#3420=EDGE_CURVE('',#2668,#2666,#1170,.T.);
#3421=EDGE_CURVE('',#2669,#2667,#1171,.T.);
#3422=EDGE_CURVE('',#2669,#2670,#1172,.T.);
#3423=EDGE_CURVE('',#2670,#2668,#1173,.T.);
#3424=EDGE_CURVE('',#2652,#2669,#1174,.T.);
#3425=EDGE_CURVE('',#2654,#2670,#1175,.T.);
#3426=EDGE_CURVE('',#2671,#2672,#31,.T.);
#3427=EDGE_CURVE('',#2671,#2673,#1176,.T.);
#3428=EDGE_CURVE('',#2674,#2673,#32,.T.);
#3429=EDGE_CURVE('',#2674,#2675,#1177,.T.);
#3430=EDGE_CURVE('',#2676,#2675,#33,.T.);
#3431=EDGE_CURVE('',#2676,#2677,#1178,.T.);
#3432=EDGE_CURVE('',#2678,#2677,#34,.T.);
#3433=EDGE_CURVE('',#2678,#2672,#1179,.T.);
#3434=EDGE_CURVE('',#2679,#2679,#35,.T.);
#3435=EDGE_CURVE('',#2680,#2680,#36,.T.);
#3436=EDGE_CURVE('',#2681,#2681,#37,.T.);
#3437=EDGE_CURVE('',#2682,#2682,#38,.T.);
#3438=EDGE_CURVE('',#2683,#2684,#39,.T.);
#3439=EDGE_CURVE('',#2684,#2671,#1180,.T.);
#3440=EDGE_CURVE('',#2672,#2683,#1181,.T.);
#3441=EDGE_CURVE('',#2683,#2685,#1182,.T.);
#3442=EDGE_CURVE('',#2686,#2685,#40,.T.);
#3443=EDGE_CURVE('',#2686,#2687,#1183,.T.);
#3444=EDGE_CURVE('',#2688,#2687,#41,.T.);
#3445=EDGE_CURVE('',#2688,#2689,#1184,.T.);
#3446=EDGE_CURVE('',#2690,#2689,#42,.T.);
#3447=EDGE_CURVE('',#2690,#2691,#1185,.T.);
#3448=EDGE_CURVE('',#2691,#2692,#1186,.T.);
#3449=EDGE_CURVE('',#2692,#2693,#1187,.T.);
#3450=EDGE_CURVE('',#2693,#2694,#1188,.T.);
#3451=EDGE_CURVE('',#2694,#2695,#1189,.T.);
#3452=EDGE_CURVE('',#2695,#2696,#1190,.T.);
#3453=EDGE_CURVE('',#2696,#2697,#1191,.T.);
#3454=EDGE_CURVE('',#2697,#2698,#1192,.T.);
#3455=EDGE_CURVE('',#2698,#2684,#1193,.T.);
#3456=EDGE_CURVE('',#2699,#2699,#43,.T.);
#3457=EDGE_CURVE('',#2700,#2700,#44,.T.);
#3458=EDGE_CURVE('',#2701,#2701,#45,.T.);
#3459=EDGE_CURVE('',#2702,#2702,#46,.T.);
#3460=EDGE_CURVE('',#2685,#2678,#1194,.T.);
#3461=EDGE_CURVE('',#2677,#2686,#1195,.T.);
#3462=EDGE_CURVE('',#2687,#2676,#1196,.T.);
#3463=EDGE_CURVE('',#2675,#2688,#1197,.T.);
#3464=EDGE_CURVE('',#2689,#2674,#1198,.T.);
#3465=EDGE_CURVE('',#2673,#2690,#1199,.T.);
#3466=EDGE_CURVE('',#2703,#2691,#1200,.T.);
#3467=EDGE_CURVE('',#2703,#2704,#1201,.T.);
#3468=EDGE_CURVE('',#2692,#2704,#1202,.T.);
#3469=EDGE_CURVE('',#2705,#2697,#1203,.T.);
#3470=EDGE_CURVE('',#2705,#2706,#1204,.T.);
#3471=EDGE_CURVE('',#2698,#2706,#1205,.T.);
#3472=EDGE_CURVE('',#2704,#2705,#1206,.T.);
#3473=EDGE_CURVE('',#2706,#2703,#1207,.T.);
#3474=EDGE_CURVE('',#2707,#2696,#1208,.T.);
#3475=EDGE_CURVE('',#2708,#2707,#1209,.T.);
#3476=EDGE_CURVE('',#2708,#2693,#1210,.T.);
#3477=EDGE_CURVE('',#2707,#2709,#1211,.T.);
#3478=EDGE_CURVE('',#2709,#2695,#1212,.T.);
#3479=EDGE_CURVE('',#2699,#2682,#1213,.T.);
#3480=EDGE_CURVE('',#2700,#2681,#1214,.T.);
#3481=EDGE_CURVE('',#2701,#2680,#1215,.T.);
#3482=EDGE_CURVE('',#2709,#2710,#1216,.T.);
#3483=EDGE_CURVE('',#2710,#2694,#1217,.T.);
#3484=EDGE_CURVE('',#2710,#2708,#1218,.T.);
#3485=EDGE_CURVE('',#2702,#2679,#1219,.T.);
#3486=EDGE_CURVE('',#2711,#2712,#47,.T.);
#3487=EDGE_CURVE('',#2712,#2713,#1220,.T.);
#3488=EDGE_CURVE('',#2713,#2714,#48,.T.);
#3489=EDGE_CURVE('',#2714,#2711,#1221,.T.);
#3490=EDGE_CURVE('',#2711,#2715,#1222,.T.);
#3491=EDGE_CURVE('',#2716,#2715,#49,.T.);
#3492=EDGE_CURVE('',#2716,#2717,#1223,.T.);
#3493=EDGE_CURVE('',#2718,#2717,#50,.T.);
#3494=EDGE_CURVE('',#2718,#2719,#1224,.T.);
#3495=EDGE_CURVE('',#2720,#2719,#51,.T.);
#3496=EDGE_CURVE('',#2720,#2712,#1225,.T.);
#3497=EDGE_CURVE('',#2721,#2722,#1226,.T.);
#3498=EDGE_CURVE('',#2722,#2723,#1227,.T.);
#3499=EDGE_CURVE('',#2723,#2724,#1228,.T.);
#3500=EDGE_CURVE('',#2724,#2721,#1229,.T.);
#3501=EDGE_CURVE('',#2725,#2726,#1230,.T.);
#3502=EDGE_CURVE('',#2726,#2727,#1231,.T.);
#3503=EDGE_CURVE('',#2727,#2728,#1232,.T.);
#3504=EDGE_CURVE('',#2728,#2725,#1233,.T.);
#3505=EDGE_CURVE('',#2729,#2730,#1234,.T.);
#3506=EDGE_CURVE('',#2730,#2731,#1235,.T.);
#3507=EDGE_CURVE('',#2731,#2732,#1236,.T.);
#3508=EDGE_CURVE('',#2732,#2733,#1237,.T.);
#3509=EDGE_CURVE('',#2733,#2734,#1238,.T.);
#3510=EDGE_CURVE('',#2734,#2735,#1239,.T.);
#3511=EDGE_CURVE('',#2735,#2736,#1240,.T.);
#3512=EDGE_CURVE('',#2736,#2737,#1241,.T.);
#3513=EDGE_CURVE('',#2737,#2738,#1242,.T.);
#3514=EDGE_CURVE('',#2738,#2729,#1243,.T.);
#3515=EDGE_CURVE('',#2739,#2740,#2219,.T.);
#3516=EDGE_CURVE('',#2740,#2741,#2220,.T.);
#3517=EDGE_CURVE('',#2741,#2742,#2221,.T.);
#3518=EDGE_CURVE('',#2742,#2743,#2222,.T.);
#3519=EDGE_CURVE('',#2743,#2744,#2223,.T.);
#3520=EDGE_CURVE('',#2744,#2745,#2224,.T.);
#3521=EDGE_CURVE('',#2745,#2746,#2225,.T.);
#3522=EDGE_CURVE('',#2746,#2747,#2226,.T.);
#3523=EDGE_CURVE('',#2747,#2748,#2227,.T.);
#3524=EDGE_CURVE('',#2748,#2739,#2228,.T.);
#3525=EDGE_CURVE('',#2749,#2750,#1244,.T.);
#3526=EDGE_CURVE('',#2750,#2751,#1245,.T.);
#3527=EDGE_CURVE('',#2751,#2752,#1246,.T.);
#3528=EDGE_CURVE('',#2752,#2753,#1247,.T.);
#3529=EDGE_CURVE('',#2753,#2754,#1248,.T.);
#3530=EDGE_CURVE('',#2754,#2755,#1249,.T.);
#3531=EDGE_CURVE('',#2755,#2756,#1250,.T.);
#3532=EDGE_CURVE('',#2756,#2757,#1251,.T.);
#3533=EDGE_CURVE('',#2757,#2758,#1252,.T.);
#3534=EDGE_CURVE('',#2758,#2759,#1253,.T.);
#3535=EDGE_CURVE('',#2759,#2760,#1254,.T.);
#3536=EDGE_CURVE('',#2760,#2761,#1255,.T.);
#3537=EDGE_CURVE('',#2761,#2749,#1256,.T.);
#3538=EDGE_CURVE('',#2762,#2763,#2229,.T.);
#3539=EDGE_CURVE('',#2763,#2764,#2230,.T.);
#3540=EDGE_CURVE('',#2764,#2765,#1257,.T.);
#3541=EDGE_CURVE('',#2765,#2766,#2231,.T.);
#3542=EDGE_CURVE('',#2766,#2767,#2232,.T.);
#3543=EDGE_CURVE('',#2767,#2768,#2233,.T.);
#3544=EDGE_CURVE('',#2768,#2769,#2234,.T.);
#3545=EDGE_CURVE('',#2769,#2770,#2235,.T.);
#3546=EDGE_CURVE('',#2770,#2771,#1258,.T.);
#3547=EDGE_CURVE('',#2771,#2772,#2236,.T.);
#3548=EDGE_CURVE('',#2772,#2773,#2237,.T.);
#3549=EDGE_CURVE('',#2773,#2774,#1259,.T.);
#3550=EDGE_CURVE('',#2774,#2775,#2238,.T.);
#3551=EDGE_CURVE('',#2775,#2776,#2239,.T.);
#3552=EDGE_CURVE('',#2776,#2777,#2240,.T.);
#3553=EDGE_CURVE('',#2777,#2778,#2241,.T.);
#3554=EDGE_CURVE('',#2778,#2779,#2242,.T.);
#3555=EDGE_CURVE('',#2779,#2780,#2243,.T.);
#3556=EDGE_CURVE('',#2780,#2781,#2244,.T.);
#3557=EDGE_CURVE('',#2781,#2782,#2245,.T.);
#3558=EDGE_CURVE('',#2782,#2783,#2246,.T.);
#3559=EDGE_CURVE('',#2783,#2784,#2247,.T.);
#3560=EDGE_CURVE('',#2784,#2785,#1260,.T.);
#3561=EDGE_CURVE('',#2785,#2786,#2248,.T.);
#3562=EDGE_CURVE('',#2786,#2762,#2249,.T.);
#3563=EDGE_CURVE('',#2787,#2788,#1261,.T.);
#3564=EDGE_CURVE('',#2788,#2789,#1262,.T.);
#3565=EDGE_CURVE('',#2789,#2790,#1263,.T.);
#3566=EDGE_CURVE('',#2790,#2791,#1264,.T.);
#3567=EDGE_CURVE('',#2791,#2792,#2250,.T.);
#3568=EDGE_CURVE('',#2792,#2793,#2251,.T.);
#3569=EDGE_CURVE('',#2793,#2794,#2252,.T.);
#3570=EDGE_CURVE('',#2794,#2795,#2253,.T.);
#3571=EDGE_CURVE('',#2795,#2796,#2254,.T.);
#3572=EDGE_CURVE('',#2796,#2797,#2255,.T.);
#3573=EDGE_CURVE('',#2797,#2798,#2256,.T.);
#3574=EDGE_CURVE('',#2798,#2787,#1265,.T.);
#3575=EDGE_CURVE('',#2799,#2800,#1266,.T.);
#3576=EDGE_CURVE('',#2800,#2801,#1267,.T.);
#3577=EDGE_CURVE('',#2801,#2802,#1268,.T.);
#3578=EDGE_CURVE('',#2802,#2803,#1269,.T.);
#3579=EDGE_CURVE('',#2803,#2804,#2257,.T.);
#3580=EDGE_CURVE('',#2804,#2805,#2258,.T.);
#3581=EDGE_CURVE('',#2805,#2806,#2259,.T.);
#3582=EDGE_CURVE('',#2806,#2807,#2260,.T.);
#3583=EDGE_CURVE('',#2807,#2808,#2261,.T.);
#3584=EDGE_CURVE('',#2808,#2809,#2262,.T.);
#3585=EDGE_CURVE('',#2809,#2810,#2263,.T.);
#3586=EDGE_CURVE('',#2810,#2799,#1270,.T.);
#3587=EDGE_CURVE('',#2811,#2812,#2264,.T.);
#3588=EDGE_CURVE('',#2812,#2813,#2265,.T.);
#3589=EDGE_CURVE('',#2813,#2814,#1271,.T.);
#3590=EDGE_CURVE('',#2814,#2815,#2266,.T.);
#3591=EDGE_CURVE('',#2815,#2816,#2267,.T.);
#3592=EDGE_CURVE('',#2816,#2817,#2268,.T.);
#3593=EDGE_CURVE('',#2817,#2818,#2269,.T.);
#3594=EDGE_CURVE('',#2818,#2819,#2270,.T.);
#3595=EDGE_CURVE('',#2819,#2820,#2271,.T.);
#3596=EDGE_CURVE('',#2820,#2821,#2272,.T.);
#3597=EDGE_CURVE('',#2821,#2822,#2273,.T.);
#3598=EDGE_CURVE('',#2822,#2823,#1272,.T.);
#3599=EDGE_CURVE('',#2823,#2824,#2274,.T.);
#3600=EDGE_CURVE('',#2824,#2811,#2275,.T.);
#3601=EDGE_CURVE('',#2825,#2714,#1273,.T.);
#3602=EDGE_CURVE('',#2715,#2825,#1274,.T.);
#3603=EDGE_CURVE('',#2825,#2826,#52,.T.);
#3604=EDGE_CURVE('',#2826,#2716,#1275,.T.);
#3605=EDGE_CURVE('',#2717,#2827,#1276,.T.);
#3606=EDGE_CURVE('',#2827,#2828,#53,.T.);
#3607=EDGE_CURVE('',#2828,#2718,#1277,.T.);
#3608=EDGE_CURVE('',#2829,#2828,#1278,.T.);
#3609=EDGE_CURVE('',#2719,#2829,#1279,.T.);
#3610=EDGE_CURVE('',#2829,#2830,#54,.T.);
#3611=EDGE_CURVE('',#2830,#2720,#1280,.T.);
#3612=EDGE_CURVE('',#2831,#2832,#2276,.T.);
#3613=EDGE_CURVE('',#2831,#2833,#1281,.T.);
#3614=EDGE_CURVE('',#2833,#2834,#2277,.T.);
#3615=EDGE_CURVE('',#2832,#2834,#1282,.T.);
#3616=EDGE_CURVE('',#2835,#2831,#2278,.T.);
#3617=EDGE_CURVE('',#2835,#2836,#1283,.T.);
#3618=EDGE_CURVE('',#2836,#2833,#2279,.T.);
#3619=EDGE_CURVE('',#2837,#2835,#2280,.T.);
#3620=EDGE_CURVE('',#2837,#2838,#1284,.T.);
#3621=EDGE_CURVE('',#2838,#2836,#2281,.T.);
#3622=EDGE_CURVE('',#2839,#2837,#2282,.T.);
#3623=EDGE_CURVE('',#2839,#2840,#1285,.T.);
#3624=EDGE_CURVE('',#2840,#2838,#2283,.T.);
#3625=EDGE_CURVE('',#2832,#2839,#1286,.T.);
#3626=EDGE_CURVE('',#2834,#2840,#1287,.T.);
#3627=EDGE_CURVE('',#2811,#2841,#1288,.T.);
#3628=EDGE_CURVE('',#2841,#2842,#2284,.T.);
#3629=EDGE_CURVE('',#2812,#2842,#1289,.T.);
#3630=EDGE_CURVE('',#2824,#2843,#1290,.T.);
#3631=EDGE_CURVE('',#2843,#2841,#2285,.T.);
#3632=EDGE_CURVE('',#2823,#2844,#1291,.T.);
#3633=EDGE_CURVE('',#2844,#2843,#2286,.T.);
#3634=EDGE_CURVE('',#2822,#2845,#1292,.T.);
#3635=EDGE_CURVE('',#2845,#2844,#1293,.T.);
#3636=EDGE_CURVE('',#2821,#2846,#1294,.T.);
#3637=EDGE_CURVE('',#2846,#2845,#2287,.T.);
#3638=EDGE_CURVE('',#2820,#2847,#1295,.T.);
#3639=EDGE_CURVE('',#2847,#2846,#2288,.T.);
#3640=EDGE_CURVE('',#2819,#2848,#1296,.T.);
#3641=EDGE_CURVE('',#2848,#2847,#2289,.T.);
#3642=EDGE_CURVE('',#2818,#2849,#1297,.T.);
#3643=EDGE_CURVE('',#2849,#2848,#2290,.T.);
#3644=EDGE_CURVE('',#2817,#2850,#1298,.T.);
#3645=EDGE_CURVE('',#2850,#2849,#2291,.T.);
#3646=EDGE_CURVE('',#2816,#2851,#1299,.T.);
#3647=EDGE_CURVE('',#2851,#2850,#2292,.T.);
#3648=EDGE_CURVE('',#2815,#2852,#1300,.T.);
#3649=EDGE_CURVE('',#2852,#2851,#2293,.T.);
#3650=EDGE_CURVE('',#2814,#2853,#1301,.T.);
#3651=EDGE_CURVE('',#2853,#2852,#2294,.T.);
#3652=EDGE_CURVE('',#2813,#2854,#1302,.T.);
#3653=EDGE_CURVE('',#2854,#2853,#1303,.T.);
#3654=EDGE_CURVE('',#2842,#2854,#2295,.T.);
#3655=EDGE_CURVE('',#2855,#2856,#2296,.T.);
#3656=EDGE_CURVE('',#2855,#2857,#1304,.T.);
#3657=EDGE_CURVE('',#2857,#2858,#2297,.T.);
#3658=EDGE_CURVE('',#2856,#2858,#1305,.T.);
#3659=EDGE_CURVE('',#2859,#2855,#2298,.T.);
#3660=EDGE_CURVE('',#2859,#2860,#1306,.T.);
#3661=EDGE_CURVE('',#2860,#2857,#2299,.T.);
#3662=EDGE_CURVE('',#2861,#2859,#2300,.T.);
#3663=EDGE_CURVE('',#2861,#2862,#1307,.T.);
#3664=EDGE_CURVE('',#2862,#2860,#2301,.T.);
#3665=EDGE_CURVE('',#2863,#2861,#2302,.T.);
#3666=EDGE_CURVE('',#2863,#2864,#1308,.T.);
#3667=EDGE_CURVE('',#2864,#2862,#2303,.T.);
#3668=EDGE_CURVE('',#2865,#2863,#2304,.T.);
#3669=EDGE_CURVE('',#2865,#2866,#1309,.T.);
#3670=EDGE_CURVE('',#2866,#2864,#2305,.T.);
#3671=EDGE_CURVE('',#2867,#2865,#2306,.T.);
#3672=EDGE_CURVE('',#2867,#2868,#1310,.T.);
#3673=EDGE_CURVE('',#2868,#2866,#2307,.T.);
#3674=EDGE_CURVE('',#2869,#2867,#2308,.T.);
#3675=EDGE_CURVE('',#2869,#2870,#1311,.T.);
#3676=EDGE_CURVE('',#2870,#2868,#2309,.T.);
#3677=EDGE_CURVE('',#2856,#2869,#2310,.T.);
#3678=EDGE_CURVE('',#2858,#2870,#2311,.T.);
#3679=EDGE_CURVE('',#2799,#2871,#1312,.T.);
#3680=EDGE_CURVE('',#2871,#2872,#1313,.T.);
#3681=EDGE_CURVE('',#2800,#2872,#1314,.T.);
#3682=EDGE_CURVE('',#2810,#2873,#1315,.T.);
#3683=EDGE_CURVE('',#2873,#2871,#1316,.T.);
#3684=EDGE_CURVE('',#2809,#2874,#1317,.T.);
#3685=EDGE_CURVE('',#2874,#2873,#2312,.T.);
#3686=EDGE_CURVE('',#2808,#2875,#1318,.T.);
#3687=EDGE_CURVE('',#2875,#2874,#2313,.T.);
#3688=EDGE_CURVE('',#2807,#2876,#1319,.T.);
#3689=EDGE_CURVE('',#2876,#2875,#2314,.T.);
#3690=EDGE_CURVE('',#2806,#2877,#1320,.T.);
#3691=EDGE_CURVE('',#2877,#2876,#2315,.T.);
#3692=EDGE_CURVE('',#2805,#2878,#1321,.T.);
#3693=EDGE_CURVE('',#2878,#2877,#2316,.T.);
#3694=EDGE_CURVE('',#2804,#2879,#1322,.T.);
#3695=EDGE_CURVE('',#2879,#2878,#2317,.T.);
#3696=EDGE_CURVE('',#2803,#2880,#1323,.T.);
#3697=EDGE_CURVE('',#2880,#2879,#2318,.T.);
#3698=EDGE_CURVE('',#2802,#2881,#1324,.T.);
#3699=EDGE_CURVE('',#2881,#2880,#1325,.T.);
#3700=EDGE_CURVE('',#2801,#2882,#1326,.T.);
#3701=EDGE_CURVE('',#2882,#2881,#1327,.T.);
#3702=EDGE_CURVE('',#2872,#2882,#1328,.T.);
#3703=EDGE_CURVE('',#2883,#2884,#2319,.T.);
#3704=EDGE_CURVE('',#2883,#2885,#1329,.T.);
#3705=EDGE_CURVE('',#2885,#2886,#2320,.T.);
#3706=EDGE_CURVE('',#2884,#2886,#1330,.T.);
#3707=EDGE_CURVE('',#2887,#2883,#2321,.T.);
#3708=EDGE_CURVE('',#2887,#2888,#1331,.T.);
#3709=EDGE_CURVE('',#2888,#2885,#2322,.T.);
#3710=EDGE_CURVE('',#2889,#2887,#2323,.T.);
#3711=EDGE_CURVE('',#2889,#2890,#1332,.T.);
#3712=EDGE_CURVE('',#2890,#2888,#2324,.T.);
#3713=EDGE_CURVE('',#2891,#2889,#2325,.T.);
#3714=EDGE_CURVE('',#2891,#2892,#1333,.T.);
#3715=EDGE_CURVE('',#2892,#2890,#2326,.T.);
#3716=EDGE_CURVE('',#2893,#2891,#2327,.T.);
#3717=EDGE_CURVE('',#2893,#2894,#1334,.T.);
#3718=EDGE_CURVE('',#2894,#2892,#2328,.T.);
#3719=EDGE_CURVE('',#2895,#2893,#2329,.T.);
#3720=EDGE_CURVE('',#2895,#2896,#1335,.T.);
#3721=EDGE_CURVE('',#2896,#2894,#2330,.T.);
#3722=EDGE_CURVE('',#2897,#2895,#1336,.T.);
#3723=EDGE_CURVE('',#2897,#2898,#1337,.T.);
#3724=EDGE_CURVE('',#2898,#2896,#1338,.T.);
#3725=EDGE_CURVE('',#2899,#2897,#1339,.T.);
#3726=EDGE_CURVE('',#2899,#2900,#1340,.T.);
#3727=EDGE_CURVE('',#2900,#2898,#1341,.T.);
#3728=EDGE_CURVE('',#2884,#2899,#1342,.T.);
#3729=EDGE_CURVE('',#2886,#2900,#1343,.T.);
#3730=EDGE_CURVE('',#2787,#2901,#1344,.T.);
#3731=EDGE_CURVE('',#2901,#2902,#1345,.T.);
#3732=EDGE_CURVE('',#2788,#2902,#1346,.T.);
#3733=EDGE_CURVE('',#2798,#2903,#1347,.T.);
#3734=EDGE_CURVE('',#2903,#2901,#1348,.T.);
#3735=EDGE_CURVE('',#2797,#2904,#1349,.T.);
#3736=EDGE_CURVE('',#2904,#2903,#2331,.T.);
#3737=EDGE_CURVE('',#2796,#2905,#1350,.T.);
#3738=EDGE_CURVE('',#2905,#2904,#2332,.T.);
#3739=EDGE_CURVE('',#2795,#2906,#1351,.T.);
#3740=EDGE_CURVE('',#2906,#2905,#2333,.T.);
#3741=EDGE_CURVE('',#2794,#2907,#1352,.T.);
#3742=EDGE_CURVE('',#2907,#2906,#2334,.T.);
#3743=EDGE_CURVE('',#2793,#2908,#1353,.T.);
#3744=EDGE_CURVE('',#2908,#2907,#2335,.T.);
#3745=EDGE_CURVE('',#2792,#2909,#1354,.T.);
#3746=EDGE_CURVE('',#2909,#2908,#2336,.T.);
#3747=EDGE_CURVE('',#2791,#2910,#1355,.T.);
#3748=EDGE_CURVE('',#2910,#2909,#2337,.T.);
#3749=EDGE_CURVE('',#2790,#2911,#1356,.T.);
#3750=EDGE_CURVE('',#2911,#2910,#1357,.T.);
#3751=EDGE_CURVE('',#2789,#2912,#1358,.T.);
#3752=EDGE_CURVE('',#2912,#2911,#1359,.T.);
#3753=EDGE_CURVE('',#2902,#2912,#1360,.T.);
#3754=EDGE_CURVE('',#2913,#2914,#2338,.T.);
#3755=EDGE_CURVE('',#2913,#2915,#1361,.T.);
#3756=EDGE_CURVE('',#2915,#2916,#2339,.T.);
#3757=EDGE_CURVE('',#2914,#2916,#1362,.T.);
#3758=EDGE_CURVE('',#2917,#2913,#2340,.T.);
#3759=EDGE_CURVE('',#2917,#2918,#1363,.T.);
#3760=EDGE_CURVE('',#2918,#2915,#2341,.T.);
#3761=EDGE_CURVE('',#2919,#2917,#2342,.T.);
#3762=EDGE_CURVE('',#2919,#2920,#1364,.T.);
#3763=EDGE_CURVE('',#2920,#2918,#2343,.T.);
#3764=EDGE_CURVE('',#2921,#2919,#2344,.T.);
#3765=EDGE_CURVE('',#2921,#2922,#1365,.T.);
#3766=EDGE_CURVE('',#2922,#2920,#2345,.T.);
#3767=EDGE_CURVE('',#2923,#2921,#2346,.T.);
#3768=EDGE_CURVE('',#2923,#2924,#1366,.T.);
#3769=EDGE_CURVE('',#2924,#2922,#2347,.T.);
#3770=EDGE_CURVE('',#2925,#2923,#2348,.T.);
#3771=EDGE_CURVE('',#2925,#2926,#1367,.T.);
#3772=EDGE_CURVE('',#2926,#2924,#2349,.T.);
#3773=EDGE_CURVE('',#2927,#2925,#2350,.T.);
#3774=EDGE_CURVE('',#2927,#2928,#1368,.T.);
#3775=EDGE_CURVE('',#2928,#2926,#2351,.T.);
#3776=EDGE_CURVE('',#2929,#2927,#2352,.T.);
#3777=EDGE_CURVE('',#2929,#2930,#1369,.T.);
#3778=EDGE_CURVE('',#2930,#2928,#2353,.T.);
#3779=EDGE_CURVE('',#2914,#2929,#1370,.T.);
#3780=EDGE_CURVE('',#2916,#2930,#1371,.T.);
#3781=EDGE_CURVE('',#2762,#2931,#1372,.T.);
#3782=EDGE_CURVE('',#2931,#2932,#2354,.T.);
#3783=EDGE_CURVE('',#2763,#2932,#1373,.T.);
#3784=EDGE_CURVE('',#2786,#2933,#1374,.T.);
#3785=EDGE_CURVE('',#2933,#2931,#2355,.T.);
#3786=EDGE_CURVE('',#2785,#2934,#1375,.T.);
#3787=EDGE_CURVE('',#2934,#2933,#2356,.T.);
#3788=EDGE_CURVE('',#2784,#2935,#1376,.T.);
#3789=EDGE_CURVE('',#2935,#2934,#1377,.T.);
#3790=EDGE_CURVE('',#2783,#2936,#1378,.T.);
#3791=EDGE_CURVE('',#2936,#2935,#2357,.T.);
#3792=EDGE_CURVE('',#2782,#2937,#1379,.T.);
#3793=EDGE_CURVE('',#2937,#2936,#2358,.T.);
#3794=EDGE_CURVE('',#2781,#2938,#1380,.T.);
#3795=EDGE_CURVE('',#2938,#2937,#2359,.T.);
#3796=EDGE_CURVE('',#2780,#2939,#1381,.T.);
#3797=EDGE_CURVE('',#2939,#2938,#2360,.T.);
#3798=EDGE_CURVE('',#2779,#2940,#1382,.T.);
#3799=EDGE_CURVE('',#2940,#2939,#2361,.T.);
#3800=EDGE_CURVE('',#2778,#2941,#1383,.T.);
#3801=EDGE_CURVE('',#2941,#2940,#2362,.T.);
#3802=EDGE_CURVE('',#2777,#2942,#1384,.T.);
#3803=EDGE_CURVE('',#2942,#2941,#2363,.T.);
#3804=EDGE_CURVE('',#2776,#2943,#1385,.T.);
#3805=EDGE_CURVE('',#2943,#2942,#2364,.T.);
#3806=EDGE_CURVE('',#2775,#2944,#1386,.T.);
#3807=EDGE_CURVE('',#2944,#2943,#2365,.T.);
#3808=EDGE_CURVE('',#2774,#2945,#1387,.T.);
#3809=EDGE_CURVE('',#2945,#2944,#2366,.T.);
#3810=EDGE_CURVE('',#2773,#2946,#1388,.T.);
#3811=EDGE_CURVE('',#2946,#2945,#1389,.T.);
#3812=EDGE_CURVE('',#2772,#2947,#1390,.T.);
#3813=EDGE_CURVE('',#2947,#2946,#2367,.T.);
#3814=EDGE_CURVE('',#2771,#2948,#1391,.T.);
#3815=EDGE_CURVE('',#2948,#2947,#2368,.T.);
#3816=EDGE_CURVE('',#2770,#2949,#1392,.T.);
#3817=EDGE_CURVE('',#2949,#2948,#1393,.T.);
#3818=EDGE_CURVE('',#2769,#2950,#1394,.T.);
#3819=EDGE_CURVE('',#2950,#2949,#2369,.T.);
#3820=EDGE_CURVE('',#2768,#2951,#1395,.T.);
#3821=EDGE_CURVE('',#2951,#2950,#2370,.T.);
#3822=EDGE_CURVE('',#2767,#2952,#1396,.T.);
#3823=EDGE_CURVE('',#2952,#2951,#2371,.T.);
#3824=EDGE_CURVE('',#2766,#2953,#1397,.T.);
#3825=EDGE_CURVE('',#2953,#2952,#2372,.T.);
#3826=EDGE_CURVE('',#2765,#2954,#1398,.T.);
#3827=EDGE_CURVE('',#2954,#2953,#2373,.T.);
#3828=EDGE_CURVE('',#2764,#2955,#1399,.T.);
#3829=EDGE_CURVE('',#2955,#2954,#1400,.T.);
#3830=EDGE_CURVE('',#2932,#2955,#2374,.T.);
#3831=EDGE_CURVE('',#2749,#2956,#1401,.T.);
#3832=EDGE_CURVE('',#2956,#2957,#1402,.T.);
#3833=EDGE_CURVE('',#2750,#2957,#1403,.T.);
#3834=EDGE_CURVE('',#2761,#2958,#1404,.T.);
#3835=EDGE_CURVE('',#2958,#2956,#1405,.T.);
#3836=EDGE_CURVE('',#2760,#2959,#1406,.T.);
#3837=EDGE_CURVE('',#2959,#2958,#1407,.T.);
#3838=EDGE_CURVE('',#2759,#2960,#1408,.T.);
#3839=EDGE_CURVE('',#2960,#2959,#1409,.T.);
#3840=EDGE_CURVE('',#2758,#2961,#1410,.T.);
#3841=EDGE_CURVE('',#2961,#2960,#1411,.T.);
#3842=EDGE_CURVE('',#2757,#2962,#1412,.T.);
#3843=EDGE_CURVE('',#2962,#2961,#1413,.T.);
#3844=EDGE_CURVE('',#2756,#2963,#1414,.T.);
#3845=EDGE_CURVE('',#2963,#2962,#1415,.T.);
#3846=EDGE_CURVE('',#2755,#2964,#1416,.T.);
#3847=EDGE_CURVE('',#2964,#2963,#1417,.T.);
#3848=EDGE_CURVE('',#2754,#2965,#1418,.T.);
#3849=EDGE_CURVE('',#2965,#2964,#1419,.T.);
#3850=EDGE_CURVE('',#2753,#2966,#1420,.T.);
#3851=EDGE_CURVE('',#2966,#2965,#1421,.T.);
#3852=EDGE_CURVE('',#2752,#2967,#1422,.T.);
#3853=EDGE_CURVE('',#2967,#2966,#1423,.T.);
#3854=EDGE_CURVE('',#2751,#2968,#1424,.T.);
#3855=EDGE_CURVE('',#2968,#2967,#1425,.T.);
#3856=EDGE_CURVE('',#2957,#2968,#1426,.T.);
#3857=EDGE_CURVE('',#2969,#2970,#2375,.T.);
#3858=EDGE_CURVE('',#2969,#2971,#1427,.T.);
#3859=EDGE_CURVE('',#2971,#2972,#2376,.T.);
#3860=EDGE_CURVE('',#2970,#2972,#1428,.T.);
#3861=EDGE_CURVE('',#2973,#2969,#2377,.T.);
#3862=EDGE_CURVE('',#2973,#2974,#1429,.T.);
#3863=EDGE_CURVE('',#2974,#2971,#2378,.T.);
#3864=EDGE_CURVE('',#2975,#2973,#2379,.T.);
#3865=EDGE_CURVE('',#2975,#2976,#1430,.T.);
#3866=EDGE_CURVE('',#2976,#2974,#2380,.T.);
#3867=EDGE_CURVE('',#2977,#2975,#2381,.T.);
#3868=EDGE_CURVE('',#2977,#2978,#1431,.T.);
#3869=EDGE_CURVE('',#2978,#2976,#2382,.T.);
#3870=EDGE_CURVE('',#2979,#2977,#2383,.T.);
#3871=EDGE_CURVE('',#2979,#2980,#1432,.T.);
#3872=EDGE_CURVE('',#2980,#2978,#2384,.T.);
#3873=EDGE_CURVE('',#2981,#2979,#2385,.T.);
#3874=EDGE_CURVE('',#2981,#2982,#1433,.T.);
#3875=EDGE_CURVE('',#2982,#2980,#2386,.T.);
#3876=EDGE_CURVE('',#2983,#2981,#2387,.T.);
#3877=EDGE_CURVE('',#2983,#2984,#1434,.T.);
#3878=EDGE_CURVE('',#2984,#2982,#2388,.T.);
#3879=EDGE_CURVE('',#2970,#2983,#2389,.T.);
#3880=EDGE_CURVE('',#2972,#2984,#2390,.T.);
#3881=EDGE_CURVE('',#2739,#2985,#1435,.T.);
#3882=EDGE_CURVE('',#2985,#2986,#2391,.T.);
#3883=EDGE_CURVE('',#2740,#2986,#1436,.T.);
#3884=EDGE_CURVE('',#2748,#2987,#1437,.T.);
#3885=EDGE_CURVE('',#2987,#2985,#2392,.T.);
#3886=EDGE_CURVE('',#2747,#2988,#1438,.T.);
#3887=EDGE_CURVE('',#2988,#2987,#2393,.T.);
#3888=EDGE_CURVE('',#2746,#2989,#1439,.T.);
#3889=EDGE_CURVE('',#2989,#2988,#2394,.T.);
#3890=EDGE_CURVE('',#2745,#2990,#1440,.T.);
#3891=EDGE_CURVE('',#2990,#2989,#2395,.T.);
#3892=EDGE_CURVE('',#2744,#2991,#1441,.T.);
#3893=EDGE_CURVE('',#2991,#2990,#2396,.T.);
#3894=EDGE_CURVE('',#2743,#2992,#1442,.T.);
#3895=EDGE_CURVE('',#2992,#2991,#2397,.T.);
#3896=EDGE_CURVE('',#2742,#2993,#1443,.T.);
#3897=EDGE_CURVE('',#2993,#2992,#2398,.T.);
#3898=EDGE_CURVE('',#2741,#2994,#1444,.T.);
#3899=EDGE_CURVE('',#2994,#2993,#2399,.T.);
#3900=EDGE_CURVE('',#2986,#2994,#2400,.T.);
#3901=EDGE_CURVE('',#2729,#2995,#1445,.T.);
#3902=EDGE_CURVE('',#2995,#2996,#1446,.T.);
#3903=EDGE_CURVE('',#2730,#2996,#1447,.T.);
#3904=EDGE_CURVE('',#2738,#2997,#1448,.T.);
#3905=EDGE_CURVE('',#2997,#2995,#1449,.T.);
#3906=EDGE_CURVE('',#2737,#2998,#1450,.T.);
#3907=EDGE_CURVE('',#2998,#2997,#1451,.T.);
#3908=EDGE_CURVE('',#2736,#2999,#1452,.T.);
#3909=EDGE_CURVE('',#2999,#2998,#1453,.T.);
#3910=EDGE_CURVE('',#2735,#3000,#1454,.T.);
#3911=EDGE_CURVE('',#3000,#2999,#1455,.T.);
#3912=EDGE_CURVE('',#2734,#3001,#1456,.T.);
#3913=EDGE_CURVE('',#3001,#3000,#1457,.T.);
#3914=EDGE_CURVE('',#2733,#3002,#1458,.T.);
#3915=EDGE_CURVE('',#3002,#3001,#1459,.T.);
#3916=EDGE_CURVE('',#2732,#3003,#1460,.T.);
#3917=EDGE_CURVE('',#3003,#3002,#1461,.T.);
#3918=EDGE_CURVE('',#2731,#3004,#1462,.T.);
#3919=EDGE_CURVE('',#3004,#3003,#1463,.T.);
#3920=EDGE_CURVE('',#2996,#3004,#1464,.T.);
#3921=EDGE_CURVE('',#3005,#3006,#1465,.T.);
#3922=EDGE_CURVE('',#3006,#2721,#1466,.T.);
#3923=EDGE_CURVE('',#3005,#2724,#1467,.T.);
#3924=EDGE_CURVE('',#3007,#3005,#1468,.T.);
#3925=EDGE_CURVE('',#3007,#2723,#1469,.T.);
#3926=EDGE_CURVE('',#3008,#3007,#1470,.T.);
#3927=EDGE_CURVE('',#3008,#2722,#1471,.T.);
#3928=EDGE_CURVE('',#3006,#3008,#1472,.T.);
#3929=EDGE_CURVE('',#3009,#3010,#1473,.T.);
#3930=EDGE_CURVE('',#3010,#2725,#1474,.T.);
#3931=EDGE_CURVE('',#3009,#2728,#1475,.T.);
#3932=EDGE_CURVE('',#3011,#3009,#1476,.T.);
#3933=EDGE_CURVE('',#3011,#2727,#1477,.T.);
#3934=EDGE_CURVE('',#3012,#3011,#1478,.T.);
#3935=EDGE_CURVE('',#3012,#2726,#1479,.T.);
#3936=EDGE_CURVE('',#3010,#3012,#1480,.T.);
#3937=EDGE_CURVE('',#2713,#2830,#1481,.T.);
#3938=EDGE_CURVE('',#2827,#2826,#1482,.T.);
#3939=EDGE_CURVE('',#3013,#3014,#1483,.T.);
#3940=EDGE_CURVE('',#3013,#3015,#1484,.T.);
#3941=EDGE_CURVE('',#3016,#3015,#1485,.T.);
#3942=EDGE_CURVE('',#3014,#3016,#1486,.T.);
#3943=EDGE_CURVE('',#3014,#3017,#1487,.T.);
#3944=EDGE_CURVE('',#3018,#3016,#1488,.T.);
#3945=EDGE_CURVE('',#3017,#3018,#1489,.T.);
#3946=EDGE_CURVE('',#3017,#3019,#1490,.T.);
#3947=EDGE_CURVE('',#3020,#3018,#1491,.T.);
#3948=EDGE_CURVE('',#3019,#3020,#1492,.T.);
#3949=EDGE_CURVE('',#3019,#3013,#1493,.T.);
#3950=EDGE_CURVE('',#3015,#3020,#1494,.T.);
#3951=ORIENTED_EDGE('',*,*,#3021,.F.);
#3952=ORIENTED_EDGE('',*,*,#3022,.T.);
#3953=ORIENTED_EDGE('',*,*,#3023,.T.);
#3954=ORIENTED_EDGE('',*,*,#3024,.F.);
#3955=ORIENTED_EDGE('',*,*,#3025,.F.);
#3956=ORIENTED_EDGE('',*,*,#3026,.T.);
#3957=ORIENTED_EDGE('',*,*,#3027,.T.);
#3958=ORIENTED_EDGE('',*,*,#3022,.F.);
#3959=ORIENTED_EDGE('',*,*,#3028,.F.);
#3960=ORIENTED_EDGE('',*,*,#3029,.T.);
#3961=ORIENTED_EDGE('',*,*,#3030,.T.);
#3962=ORIENTED_EDGE('',*,*,#3026,.F.);
#3963=ORIENTED_EDGE('',*,*,#3031,.F.);
#3964=ORIENTED_EDGE('',*,*,#3032,.T.);
#3965=ORIENTED_EDGE('',*,*,#3033,.T.);
#3966=ORIENTED_EDGE('',*,*,#3029,.F.);
#3967=ORIENTED_EDGE('',*,*,#3034,.F.);
#3968=ORIENTED_EDGE('',*,*,#3024,.T.);
#3969=ORIENTED_EDGE('',*,*,#3035,.T.);
#3970=ORIENTED_EDGE('',*,*,#3032,.F.);
#3971=ORIENTED_EDGE('',*,*,#3036,.F.);
#3972=ORIENTED_EDGE('',*,*,#3037,.T.);
#3973=ORIENTED_EDGE('',*,*,#3038,.T.);
#3974=ORIENTED_EDGE('',*,*,#3039,.F.);
#3975=ORIENTED_EDGE('',*,*,#3040,.F.);
#3976=ORIENTED_EDGE('',*,*,#3041,.T.);
#3977=ORIENTED_EDGE('',*,*,#3042,.T.);
#3978=ORIENTED_EDGE('',*,*,#3037,.F.);
#3979=ORIENTED_EDGE('',*,*,#3043,.F.);
#3980=ORIENTED_EDGE('',*,*,#3044,.T.);
#3981=ORIENTED_EDGE('',*,*,#3045,.T.);
#3982=ORIENTED_EDGE('',*,*,#3041,.F.);
#3983=ORIENTED_EDGE('',*,*,#3046,.F.);
#3984=ORIENTED_EDGE('',*,*,#3047,.T.);
#3985=ORIENTED_EDGE('',*,*,#3048,.T.);
#3986=ORIENTED_EDGE('',*,*,#3044,.F.);
#3987=ORIENTED_EDGE('',*,*,#3049,.F.);
#3988=ORIENTED_EDGE('',*,*,#3050,.T.);
#3989=ORIENTED_EDGE('',*,*,#3051,.T.);
#3990=ORIENTED_EDGE('',*,*,#3047,.F.);
#3991=ORIENTED_EDGE('',*,*,#3052,.F.);
#3992=ORIENTED_EDGE('',*,*,#3053,.T.);
#3993=ORIENTED_EDGE('',*,*,#3054,.T.);
#3994=ORIENTED_EDGE('',*,*,#3050,.F.);
#3995=ORIENTED_EDGE('',*,*,#3055,.F.);
#3996=ORIENTED_EDGE('',*,*,#3056,.T.);
#3997=ORIENTED_EDGE('',*,*,#3057,.T.);
#3998=ORIENTED_EDGE('',*,*,#3053,.F.);
#3999=ORIENTED_EDGE('',*,*,#3058,.F.);
#4000=ORIENTED_EDGE('',*,*,#3059,.T.);
#4001=ORIENTED_EDGE('',*,*,#3060,.T.);
#4002=ORIENTED_EDGE('',*,*,#3056,.F.);
#4003=ORIENTED_EDGE('',*,*,#3061,.F.);
#4004=ORIENTED_EDGE('',*,*,#3062,.T.);
#4005=ORIENTED_EDGE('',*,*,#3063,.T.);
#4006=ORIENTED_EDGE('',*,*,#3059,.F.);
#4007=ORIENTED_EDGE('',*,*,#3064,.F.);
#4008=ORIENTED_EDGE('',*,*,#3065,.T.);
#4009=ORIENTED_EDGE('',*,*,#3066,.T.);
#4010=ORIENTED_EDGE('',*,*,#3062,.F.);
#4011=ORIENTED_EDGE('',*,*,#3067,.F.);
#4012=ORIENTED_EDGE('',*,*,#3068,.T.);
#4013=ORIENTED_EDGE('',*,*,#3069,.T.);
#4014=ORIENTED_EDGE('',*,*,#3065,.F.);
#4015=ORIENTED_EDGE('',*,*,#3070,.F.);
#4016=ORIENTED_EDGE('',*,*,#3071,.T.);
#4017=ORIENTED_EDGE('',*,*,#3072,.T.);
#4018=ORIENTED_EDGE('',*,*,#3068,.F.);
#4019=ORIENTED_EDGE('',*,*,#3073,.F.);
#4020=ORIENTED_EDGE('',*,*,#3074,.T.);
#4021=ORIENTED_EDGE('',*,*,#3075,.T.);
#4022=ORIENTED_EDGE('',*,*,#3071,.F.);
#4023=ORIENTED_EDGE('',*,*,#3076,.F.);
#4024=ORIENTED_EDGE('',*,*,#3039,.T.);
#4025=ORIENTED_EDGE('',*,*,#3077,.T.);
#4026=ORIENTED_EDGE('',*,*,#3074,.F.);
#4027=ORIENTED_EDGE('',*,*,#3077,.F.);
#4028=ORIENTED_EDGE('',*,*,#3038,.F.);
#4029=ORIENTED_EDGE('',*,*,#3042,.F.);
#4030=ORIENTED_EDGE('',*,*,#3045,.F.);
#4031=ORIENTED_EDGE('',*,*,#3048,.F.);
#4032=ORIENTED_EDGE('',*,*,#3051,.F.);
#4033=ORIENTED_EDGE('',*,*,#3054,.F.);
#4034=ORIENTED_EDGE('',*,*,#3057,.F.);
#4035=ORIENTED_EDGE('',*,*,#3060,.F.);
#4036=ORIENTED_EDGE('',*,*,#3063,.F.);
#4037=ORIENTED_EDGE('',*,*,#3066,.F.);
#4038=ORIENTED_EDGE('',*,*,#3069,.F.);
#4039=ORIENTED_EDGE('',*,*,#3072,.F.);
#4040=ORIENTED_EDGE('',*,*,#3075,.F.);
#4041=ORIENTED_EDGE('',*,*,#3035,.F.);
#4042=ORIENTED_EDGE('',*,*,#3023,.F.);
#4043=ORIENTED_EDGE('',*,*,#3027,.F.);
#4044=ORIENTED_EDGE('',*,*,#3030,.F.);
#4045=ORIENTED_EDGE('',*,*,#3033,.F.);
#4046=ORIENTED_EDGE('',*,*,#3078,.F.);
#4047=ORIENTED_EDGE('',*,*,#3079,.T.);
#4048=ORIENTED_EDGE('',*,*,#3080,.T.);
#4049=ORIENTED_EDGE('',*,*,#3081,.F.);
#4050=ORIENTED_EDGE('',*,*,#3082,.F.);
#4051=ORIENTED_EDGE('',*,*,#3083,.T.);
#4052=ORIENTED_EDGE('',*,*,#3084,.T.);
#4053=ORIENTED_EDGE('',*,*,#3079,.F.);
#4054=ORIENTED_EDGE('',*,*,#3085,.F.);
#4055=ORIENTED_EDGE('',*,*,#3086,.T.);
#4056=ORIENTED_EDGE('',*,*,#3087,.T.);
#4057=ORIENTED_EDGE('',*,*,#3083,.F.);
#4058=ORIENTED_EDGE('',*,*,#3088,.F.);
#4059=ORIENTED_EDGE('',*,*,#3089,.T.);
#4060=ORIENTED_EDGE('',*,*,#3090,.T.);
#4061=ORIENTED_EDGE('',*,*,#3086,.F.);
#4062=ORIENTED_EDGE('',*,*,#3091,.F.);
#4063=ORIENTED_EDGE('',*,*,#3092,.T.);
#4064=ORIENTED_EDGE('',*,*,#3093,.T.);
#4065=ORIENTED_EDGE('',*,*,#3089,.F.);
#4066=ORIENTED_EDGE('',*,*,#3094,.F.);
#4067=ORIENTED_EDGE('',*,*,#3095,.T.);
#4068=ORIENTED_EDGE('',*,*,#3096,.T.);
#4069=ORIENTED_EDGE('',*,*,#3092,.F.);
#4070=ORIENTED_EDGE('',*,*,#3097,.F.);
#4071=ORIENTED_EDGE('',*,*,#3098,.T.);
#4072=ORIENTED_EDGE('',*,*,#3099,.T.);
#4073=ORIENTED_EDGE('',*,*,#3095,.F.);
#4074=ORIENTED_EDGE('',*,*,#3100,.F.);
#4075=ORIENTED_EDGE('',*,*,#3081,.T.);
#4076=ORIENTED_EDGE('',*,*,#3101,.T.);
#4077=ORIENTED_EDGE('',*,*,#3098,.F.);
#4078=ORIENTED_EDGE('',*,*,#3102,.F.);
#4079=ORIENTED_EDGE('',*,*,#3103,.T.);
#4080=ORIENTED_EDGE('',*,*,#3104,.T.);
#4081=ORIENTED_EDGE('',*,*,#3105,.F.);
#4082=ORIENTED_EDGE('',*,*,#3106,.F.);
#4083=ORIENTED_EDGE('',*,*,#3107,.T.);
#4084=ORIENTED_EDGE('',*,*,#3108,.T.);
#4085=ORIENTED_EDGE('',*,*,#3103,.F.);
#4086=ORIENTED_EDGE('',*,*,#3109,.F.);
#4087=ORIENTED_EDGE('',*,*,#3110,.T.);
#4088=ORIENTED_EDGE('',*,*,#3111,.T.);
#4089=ORIENTED_EDGE('',*,*,#3107,.F.);
#4090=ORIENTED_EDGE('',*,*,#3112,.F.);
#4091=ORIENTED_EDGE('',*,*,#3113,.T.);
#4092=ORIENTED_EDGE('',*,*,#3114,.T.);
#4093=ORIENTED_EDGE('',*,*,#3110,.F.);
#4094=ORIENTED_EDGE('',*,*,#3115,.F.);
#4095=ORIENTED_EDGE('',*,*,#3116,.T.);
#4096=ORIENTED_EDGE('',*,*,#3117,.T.);
#4097=ORIENTED_EDGE('',*,*,#3113,.F.);
#4098=ORIENTED_EDGE('',*,*,#3118,.F.);
#4099=ORIENTED_EDGE('',*,*,#3119,.T.);
#4100=ORIENTED_EDGE('',*,*,#3120,.T.);
#4101=ORIENTED_EDGE('',*,*,#3116,.F.);
#4102=ORIENTED_EDGE('',*,*,#3121,.F.);
#4103=ORIENTED_EDGE('',*,*,#3122,.T.);
#4104=ORIENTED_EDGE('',*,*,#3123,.T.);
#4105=ORIENTED_EDGE('',*,*,#3119,.F.);
#4106=ORIENTED_EDGE('',*,*,#3124,.F.);
#4107=ORIENTED_EDGE('',*,*,#3125,.T.);
#4108=ORIENTED_EDGE('',*,*,#3126,.T.);
#4109=ORIENTED_EDGE('',*,*,#3122,.F.);
#4110=ORIENTED_EDGE('',*,*,#3127,.F.);
#4111=ORIENTED_EDGE('',*,*,#3128,.T.);
#4112=ORIENTED_EDGE('',*,*,#3129,.T.);
#4113=ORIENTED_EDGE('',*,*,#3125,.F.);
#4114=ORIENTED_EDGE('',*,*,#3130,.F.);
#4115=ORIENTED_EDGE('',*,*,#3131,.T.);
#4116=ORIENTED_EDGE('',*,*,#3132,.T.);
#4117=ORIENTED_EDGE('',*,*,#3128,.F.);
#4118=ORIENTED_EDGE('',*,*,#3133,.F.);
#4119=ORIENTED_EDGE('',*,*,#3134,.T.);
#4120=ORIENTED_EDGE('',*,*,#3135,.T.);
#4121=ORIENTED_EDGE('',*,*,#3131,.F.);
#4122=ORIENTED_EDGE('',*,*,#3136,.F.);
#4123=ORIENTED_EDGE('',*,*,#3105,.T.);
#4124=ORIENTED_EDGE('',*,*,#3137,.T.);
#4125=ORIENTED_EDGE('',*,*,#3134,.F.);
#4126=ORIENTED_EDGE('',*,*,#3137,.F.);
#4127=ORIENTED_EDGE('',*,*,#3104,.F.);
#4128=ORIENTED_EDGE('',*,*,#3108,.F.);
#4129=ORIENTED_EDGE('',*,*,#3111,.F.);
#4130=ORIENTED_EDGE('',*,*,#3114,.F.);
#4131=ORIENTED_EDGE('',*,*,#3117,.F.);
#4132=ORIENTED_EDGE('',*,*,#3120,.F.);
#4133=ORIENTED_EDGE('',*,*,#3123,.F.);
#4134=ORIENTED_EDGE('',*,*,#3126,.F.);
#4135=ORIENTED_EDGE('',*,*,#3129,.F.);
#4136=ORIENTED_EDGE('',*,*,#3132,.F.);
#4137=ORIENTED_EDGE('',*,*,#3135,.F.);
#4138=ORIENTED_EDGE('',*,*,#3101,.F.);
#4139=ORIENTED_EDGE('',*,*,#3080,.F.);
#4140=ORIENTED_EDGE('',*,*,#3084,.F.);
#4141=ORIENTED_EDGE('',*,*,#3087,.F.);
#4142=ORIENTED_EDGE('',*,*,#3090,.F.);
#4143=ORIENTED_EDGE('',*,*,#3093,.F.);
#4144=ORIENTED_EDGE('',*,*,#3096,.F.);
#4145=ORIENTED_EDGE('',*,*,#3099,.F.);
#4146=ORIENTED_EDGE('',*,*,#3138,.F.);
#4147=ORIENTED_EDGE('',*,*,#3139,.T.);
#4148=ORIENTED_EDGE('',*,*,#3140,.T.);
#4149=ORIENTED_EDGE('',*,*,#3141,.F.);
#4150=ORIENTED_EDGE('',*,*,#3142,.F.);
#4151=ORIENTED_EDGE('',*,*,#3143,.T.);
#4152=ORIENTED_EDGE('',*,*,#3144,.T.);
#4153=ORIENTED_EDGE('',*,*,#3139,.F.);
#4154=ORIENTED_EDGE('',*,*,#3145,.F.);
#4155=ORIENTED_EDGE('',*,*,#3146,.T.);
#4156=ORIENTED_EDGE('',*,*,#3147,.T.);
#4157=ORIENTED_EDGE('',*,*,#3143,.F.);
#4158=ORIENTED_EDGE('',*,*,#3148,.F.);
#4159=ORIENTED_EDGE('',*,*,#3149,.T.);
#4160=ORIENTED_EDGE('',*,*,#3150,.T.);
#4161=ORIENTED_EDGE('',*,*,#3146,.F.);
#4162=ORIENTED_EDGE('',*,*,#3151,.F.);
#4163=ORIENTED_EDGE('',*,*,#3152,.T.);
#4164=ORIENTED_EDGE('',*,*,#3153,.T.);
#4165=ORIENTED_EDGE('',*,*,#3149,.F.);
#4166=ORIENTED_EDGE('',*,*,#3154,.F.);
#4167=ORIENTED_EDGE('',*,*,#3155,.T.);
#4168=ORIENTED_EDGE('',*,*,#3156,.T.);
#4169=ORIENTED_EDGE('',*,*,#3152,.F.);
#4170=ORIENTED_EDGE('',*,*,#3157,.F.);
#4171=ORIENTED_EDGE('',*,*,#3158,.T.);
#4172=ORIENTED_EDGE('',*,*,#3159,.T.);
#4173=ORIENTED_EDGE('',*,*,#3155,.F.);
#4174=ORIENTED_EDGE('',*,*,#3160,.F.);
#4175=ORIENTED_EDGE('',*,*,#3161,.T.);
#4176=ORIENTED_EDGE('',*,*,#3162,.T.);
#4177=ORIENTED_EDGE('',*,*,#3158,.F.);
#4178=ORIENTED_EDGE('',*,*,#3163,.F.);
#4179=ORIENTED_EDGE('',*,*,#3141,.T.);
#4180=ORIENTED_EDGE('',*,*,#3164,.T.);
#4181=ORIENTED_EDGE('',*,*,#3161,.F.);
#4182=ORIENTED_EDGE('',*,*,#3165,.F.);
#4183=ORIENTED_EDGE('',*,*,#3166,.T.);
#4184=ORIENTED_EDGE('',*,*,#3167,.T.);
#4185=ORIENTED_EDGE('',*,*,#3168,.F.);
#4186=ORIENTED_EDGE('',*,*,#3169,.F.);
#4187=ORIENTED_EDGE('',*,*,#3170,.T.);
#4188=ORIENTED_EDGE('',*,*,#3171,.T.);
#4189=ORIENTED_EDGE('',*,*,#3166,.F.);
#4190=ORIENTED_EDGE('',*,*,#3172,.F.);
#4191=ORIENTED_EDGE('',*,*,#3173,.T.);
#4192=ORIENTED_EDGE('',*,*,#3174,.T.);
#4193=ORIENTED_EDGE('',*,*,#3170,.F.);
#4194=ORIENTED_EDGE('',*,*,#3175,.F.);
#4195=ORIENTED_EDGE('',*,*,#3176,.T.);
#4196=ORIENTED_EDGE('',*,*,#3177,.T.);
#4197=ORIENTED_EDGE('',*,*,#3173,.F.);
#4198=ORIENTED_EDGE('',*,*,#3178,.F.);
#4199=ORIENTED_EDGE('',*,*,#3179,.T.);
#4200=ORIENTED_EDGE('',*,*,#3180,.T.);
#4201=ORIENTED_EDGE('',*,*,#3176,.F.);
#4202=ORIENTED_EDGE('',*,*,#3181,.F.);
#4203=ORIENTED_EDGE('',*,*,#3182,.T.);
#4204=ORIENTED_EDGE('',*,*,#3183,.T.);
#4205=ORIENTED_EDGE('',*,*,#3179,.F.);
#4206=ORIENTED_EDGE('',*,*,#3184,.F.);
#4207=ORIENTED_EDGE('',*,*,#3185,.T.);
#4208=ORIENTED_EDGE('',*,*,#3186,.T.);
#4209=ORIENTED_EDGE('',*,*,#3182,.F.);
#4210=ORIENTED_EDGE('',*,*,#3187,.F.);
#4211=ORIENTED_EDGE('',*,*,#3188,.T.);
#4212=ORIENTED_EDGE('',*,*,#3189,.T.);
#4213=ORIENTED_EDGE('',*,*,#3185,.F.);
#4214=ORIENTED_EDGE('',*,*,#3190,.F.);
#4215=ORIENTED_EDGE('',*,*,#3191,.T.);
#4216=ORIENTED_EDGE('',*,*,#3192,.T.);
#4217=ORIENTED_EDGE('',*,*,#3188,.F.);
#4218=ORIENTED_EDGE('',*,*,#3193,.F.);
#4219=ORIENTED_EDGE('',*,*,#3194,.T.);
#4220=ORIENTED_EDGE('',*,*,#3195,.T.);
#4221=ORIENTED_EDGE('',*,*,#3191,.F.);
#4222=ORIENTED_EDGE('',*,*,#3196,.F.);
#4223=ORIENTED_EDGE('',*,*,#3197,.T.);
#4224=ORIENTED_EDGE('',*,*,#3198,.T.);
#4225=ORIENTED_EDGE('',*,*,#3194,.F.);
#4226=ORIENTED_EDGE('',*,*,#3199,.F.);
#4227=ORIENTED_EDGE('',*,*,#3168,.T.);
#4228=ORIENTED_EDGE('',*,*,#3200,.T.);
#4229=ORIENTED_EDGE('',*,*,#3197,.F.);
#4230=ORIENTED_EDGE('',*,*,#3200,.F.);
#4231=ORIENTED_EDGE('',*,*,#3167,.F.);
#4232=ORIENTED_EDGE('',*,*,#3171,.F.);
#4233=ORIENTED_EDGE('',*,*,#3174,.F.);
#4234=ORIENTED_EDGE('',*,*,#3177,.F.);
#4235=ORIENTED_EDGE('',*,*,#3180,.F.);
#4236=ORIENTED_EDGE('',*,*,#3183,.F.);
#4237=ORIENTED_EDGE('',*,*,#3186,.F.);
#4238=ORIENTED_EDGE('',*,*,#3189,.F.);
#4239=ORIENTED_EDGE('',*,*,#3192,.F.);
#4240=ORIENTED_EDGE('',*,*,#3195,.F.);
#4241=ORIENTED_EDGE('',*,*,#3198,.F.);
#4242=ORIENTED_EDGE('',*,*,#3164,.F.);
#4243=ORIENTED_EDGE('',*,*,#3140,.F.);
#4244=ORIENTED_EDGE('',*,*,#3144,.F.);
#4245=ORIENTED_EDGE('',*,*,#3147,.F.);
#4246=ORIENTED_EDGE('',*,*,#3150,.F.);
#4247=ORIENTED_EDGE('',*,*,#3153,.F.);
#4248=ORIENTED_EDGE('',*,*,#3156,.F.);
#4249=ORIENTED_EDGE('',*,*,#3159,.F.);
#4250=ORIENTED_EDGE('',*,*,#3162,.F.);
#4251=ORIENTED_EDGE('',*,*,#3201,.F.);
#4252=ORIENTED_EDGE('',*,*,#3202,.T.);
#4253=ORIENTED_EDGE('',*,*,#3203,.T.);
#4254=ORIENTED_EDGE('',*,*,#3204,.F.);
#4255=ORIENTED_EDGE('',*,*,#3205,.F.);
#4256=ORIENTED_EDGE('',*,*,#3206,.T.);
#4257=ORIENTED_EDGE('',*,*,#3207,.T.);
#4258=ORIENTED_EDGE('',*,*,#3202,.F.);
#4259=ORIENTED_EDGE('',*,*,#3208,.F.);
#4260=ORIENTED_EDGE('',*,*,#3209,.T.);
#4261=ORIENTED_EDGE('',*,*,#3210,.T.);
#4262=ORIENTED_EDGE('',*,*,#3206,.F.);
#4263=ORIENTED_EDGE('',*,*,#3211,.F.);
#4264=ORIENTED_EDGE('',*,*,#3212,.T.);
#4265=ORIENTED_EDGE('',*,*,#3213,.T.);
#4266=ORIENTED_EDGE('',*,*,#3209,.F.);
#4267=ORIENTED_EDGE('',*,*,#3214,.F.);
#4268=ORIENTED_EDGE('',*,*,#3215,.T.);
#4269=ORIENTED_EDGE('',*,*,#3216,.T.);
#4270=ORIENTED_EDGE('',*,*,#3212,.F.);
#4271=ORIENTED_EDGE('',*,*,#3217,.F.);
#4272=ORIENTED_EDGE('',*,*,#3218,.T.);
#4273=ORIENTED_EDGE('',*,*,#3219,.T.);
#4274=ORIENTED_EDGE('',*,*,#3215,.F.);
#4275=ORIENTED_EDGE('',*,*,#3220,.F.);
#4276=ORIENTED_EDGE('',*,*,#3221,.T.);
#4277=ORIENTED_EDGE('',*,*,#3222,.T.);
#4278=ORIENTED_EDGE('',*,*,#3218,.F.);
#4279=ORIENTED_EDGE('',*,*,#3223,.F.);
#4280=ORIENTED_EDGE('',*,*,#3224,.T.);
#4281=ORIENTED_EDGE('',*,*,#3225,.T.);
#4282=ORIENTED_EDGE('',*,*,#3221,.F.);
#4283=ORIENTED_EDGE('',*,*,#3226,.F.);
#4284=ORIENTED_EDGE('',*,*,#3204,.T.);
#4285=ORIENTED_EDGE('',*,*,#3227,.T.);
#4286=ORIENTED_EDGE('',*,*,#3224,.F.);
#4287=ORIENTED_EDGE('',*,*,#3228,.F.);
#4288=ORIENTED_EDGE('',*,*,#3229,.T.);
#4289=ORIENTED_EDGE('',*,*,#3230,.T.);
#4290=ORIENTED_EDGE('',*,*,#3231,.F.);
#4291=ORIENTED_EDGE('',*,*,#3232,.F.);
#4292=ORIENTED_EDGE('',*,*,#3233,.T.);
#4293=ORIENTED_EDGE('',*,*,#3234,.T.);
#4294=ORIENTED_EDGE('',*,*,#3229,.F.);
#4295=ORIENTED_EDGE('',*,*,#3235,.F.);
#4296=ORIENTED_EDGE('',*,*,#3236,.T.);
#4297=ORIENTED_EDGE('',*,*,#3237,.T.);
#4298=ORIENTED_EDGE('',*,*,#3233,.F.);
#4299=ORIENTED_EDGE('',*,*,#3238,.F.);
#4300=ORIENTED_EDGE('',*,*,#3239,.T.);
#4301=ORIENTED_EDGE('',*,*,#3240,.T.);
#4302=ORIENTED_EDGE('',*,*,#3236,.F.);
#4303=ORIENTED_EDGE('',*,*,#3241,.F.);
#4304=ORIENTED_EDGE('',*,*,#3242,.T.);
#4305=ORIENTED_EDGE('',*,*,#3243,.T.);
#4306=ORIENTED_EDGE('',*,*,#3239,.F.);
#4307=ORIENTED_EDGE('',*,*,#3244,.F.);
#4308=ORIENTED_EDGE('',*,*,#3245,.T.);
#4309=ORIENTED_EDGE('',*,*,#3246,.T.);
#4310=ORIENTED_EDGE('',*,*,#3242,.F.);
#4311=ORIENTED_EDGE('',*,*,#3247,.F.);
#4312=ORIENTED_EDGE('',*,*,#3248,.T.);
#4313=ORIENTED_EDGE('',*,*,#3249,.T.);
#4314=ORIENTED_EDGE('',*,*,#3245,.F.);
#4315=ORIENTED_EDGE('',*,*,#3250,.F.);
#4316=ORIENTED_EDGE('',*,*,#3251,.T.);
#4317=ORIENTED_EDGE('',*,*,#3252,.T.);
#4318=ORIENTED_EDGE('',*,*,#3248,.F.);
#4319=ORIENTED_EDGE('',*,*,#3253,.F.);
#4320=ORIENTED_EDGE('',*,*,#3254,.T.);
#4321=ORIENTED_EDGE('',*,*,#3255,.T.);
#4322=ORIENTED_EDGE('',*,*,#3251,.F.);
#4323=ORIENTED_EDGE('',*,*,#3256,.F.);
#4324=ORIENTED_EDGE('',*,*,#3257,.T.);
#4325=ORIENTED_EDGE('',*,*,#3258,.T.);
#4326=ORIENTED_EDGE('',*,*,#3254,.F.);
#4327=ORIENTED_EDGE('',*,*,#3259,.F.);
#4328=ORIENTED_EDGE('',*,*,#3260,.T.);
#4329=ORIENTED_EDGE('',*,*,#3261,.T.);
#4330=ORIENTED_EDGE('',*,*,#3257,.F.);
#4331=ORIENTED_EDGE('',*,*,#3262,.F.);
#4332=ORIENTED_EDGE('',*,*,#3263,.T.);
#4333=ORIENTED_EDGE('',*,*,#3264,.T.);
#4334=ORIENTED_EDGE('',*,*,#3260,.F.);
#4335=ORIENTED_EDGE('',*,*,#3265,.F.);
#4336=ORIENTED_EDGE('',*,*,#3266,.T.);
#4337=ORIENTED_EDGE('',*,*,#3267,.T.);
#4338=ORIENTED_EDGE('',*,*,#3263,.F.);
#4339=ORIENTED_EDGE('',*,*,#3268,.F.);
#4340=ORIENTED_EDGE('',*,*,#3269,.T.);
#4341=ORIENTED_EDGE('',*,*,#3270,.T.);
#4342=ORIENTED_EDGE('',*,*,#3266,.F.);
#4343=ORIENTED_EDGE('',*,*,#3271,.F.);
#4344=ORIENTED_EDGE('',*,*,#3272,.T.);
#4345=ORIENTED_EDGE('',*,*,#3273,.T.);
#4346=ORIENTED_EDGE('',*,*,#3269,.F.);
#4347=ORIENTED_EDGE('',*,*,#3274,.F.);
#4348=ORIENTED_EDGE('',*,*,#3275,.T.);
#4349=ORIENTED_EDGE('',*,*,#3276,.T.);
#4350=ORIENTED_EDGE('',*,*,#3272,.F.);
#4351=ORIENTED_EDGE('',*,*,#3277,.F.);
#4352=ORIENTED_EDGE('',*,*,#3278,.T.);
#4353=ORIENTED_EDGE('',*,*,#3279,.T.);
#4354=ORIENTED_EDGE('',*,*,#3275,.F.);
#4355=ORIENTED_EDGE('',*,*,#3280,.F.);
#4356=ORIENTED_EDGE('',*,*,#3281,.T.);
#4357=ORIENTED_EDGE('',*,*,#3282,.T.);
#4358=ORIENTED_EDGE('',*,*,#3278,.F.);
#4359=ORIENTED_EDGE('',*,*,#3283,.F.);
#4360=ORIENTED_EDGE('',*,*,#3284,.T.);
#4361=ORIENTED_EDGE('',*,*,#3285,.T.);
#4362=ORIENTED_EDGE('',*,*,#3281,.F.);
#4363=ORIENTED_EDGE('',*,*,#3286,.F.);
#4364=ORIENTED_EDGE('',*,*,#3287,.T.);
#4365=ORIENTED_EDGE('',*,*,#3288,.T.);
#4366=ORIENTED_EDGE('',*,*,#3284,.F.);
#4367=ORIENTED_EDGE('',*,*,#3289,.F.);
#4368=ORIENTED_EDGE('',*,*,#3290,.T.);
#4369=ORIENTED_EDGE('',*,*,#3291,.T.);
#4370=ORIENTED_EDGE('',*,*,#3287,.F.);
#4371=ORIENTED_EDGE('',*,*,#3292,.F.);
#4372=ORIENTED_EDGE('',*,*,#3293,.T.);
#4373=ORIENTED_EDGE('',*,*,#3294,.T.);
#4374=ORIENTED_EDGE('',*,*,#3290,.F.);
#4375=ORIENTED_EDGE('',*,*,#3295,.F.);
#4376=ORIENTED_EDGE('',*,*,#3296,.T.);
#4377=ORIENTED_EDGE('',*,*,#3297,.T.);
#4378=ORIENTED_EDGE('',*,*,#3293,.F.);
#4379=ORIENTED_EDGE('',*,*,#3298,.F.);
#4380=ORIENTED_EDGE('',*,*,#3299,.T.);
#4381=ORIENTED_EDGE('',*,*,#3300,.T.);
#4382=ORIENTED_EDGE('',*,*,#3296,.F.);
#4383=ORIENTED_EDGE('',*,*,#3301,.F.);
#4384=ORIENTED_EDGE('',*,*,#3231,.T.);
#4385=ORIENTED_EDGE('',*,*,#3302,.T.);
#4386=ORIENTED_EDGE('',*,*,#3299,.F.);
#4387=ORIENTED_EDGE('',*,*,#3302,.F.);
#4388=ORIENTED_EDGE('',*,*,#3230,.F.);
#4389=ORIENTED_EDGE('',*,*,#3234,.F.);
#4390=ORIENTED_EDGE('',*,*,#3237,.F.);
#4391=ORIENTED_EDGE('',*,*,#3240,.F.);
#4392=ORIENTED_EDGE('',*,*,#3243,.F.);
#4393=ORIENTED_EDGE('',*,*,#3246,.F.);
#4394=ORIENTED_EDGE('',*,*,#3249,.F.);
#4395=ORIENTED_EDGE('',*,*,#3252,.F.);
#4396=ORIENTED_EDGE('',*,*,#3255,.F.);
#4397=ORIENTED_EDGE('',*,*,#3258,.F.);
#4398=ORIENTED_EDGE('',*,*,#3261,.F.);
#4399=ORIENTED_EDGE('',*,*,#3264,.F.);
#4400=ORIENTED_EDGE('',*,*,#3267,.F.);
#4401=ORIENTED_EDGE('',*,*,#3270,.F.);
#4402=ORIENTED_EDGE('',*,*,#3273,.F.);
#4403=ORIENTED_EDGE('',*,*,#3276,.F.);
#4404=ORIENTED_EDGE('',*,*,#3279,.F.);
#4405=ORIENTED_EDGE('',*,*,#3282,.F.);
#4406=ORIENTED_EDGE('',*,*,#3285,.F.);
#4407=ORIENTED_EDGE('',*,*,#3288,.F.);
#4408=ORIENTED_EDGE('',*,*,#3291,.F.);
#4409=ORIENTED_EDGE('',*,*,#3294,.F.);
#4410=ORIENTED_EDGE('',*,*,#3297,.F.);
#4411=ORIENTED_EDGE('',*,*,#3300,.F.);
#4412=ORIENTED_EDGE('',*,*,#3227,.F.);
#4413=ORIENTED_EDGE('',*,*,#3203,.F.);
#4414=ORIENTED_EDGE('',*,*,#3207,.F.);
#4415=ORIENTED_EDGE('',*,*,#3210,.F.);
#4416=ORIENTED_EDGE('',*,*,#3213,.F.);
#4417=ORIENTED_EDGE('',*,*,#3216,.F.);
#4418=ORIENTED_EDGE('',*,*,#3219,.F.);
#4419=ORIENTED_EDGE('',*,*,#3222,.F.);
#4420=ORIENTED_EDGE('',*,*,#3225,.F.);
#4421=ORIENTED_EDGE('',*,*,#3303,.F.);
#4422=ORIENTED_EDGE('',*,*,#3304,.T.);
#4423=ORIENTED_EDGE('',*,*,#3305,.T.);
#4424=ORIENTED_EDGE('',*,*,#3306,.F.);
#4425=ORIENTED_EDGE('',*,*,#3307,.F.);
#4426=ORIENTED_EDGE('',*,*,#3308,.T.);
#4427=ORIENTED_EDGE('',*,*,#3309,.T.);
#4428=ORIENTED_EDGE('',*,*,#3304,.F.);
#4429=ORIENTED_EDGE('',*,*,#3310,.F.);
#4430=ORIENTED_EDGE('',*,*,#3311,.T.);
#4431=ORIENTED_EDGE('',*,*,#3312,.T.);
#4432=ORIENTED_EDGE('',*,*,#3308,.F.);
#4433=ORIENTED_EDGE('',*,*,#3313,.F.);
#4434=ORIENTED_EDGE('',*,*,#3314,.T.);
#4435=ORIENTED_EDGE('',*,*,#3315,.T.);
#4436=ORIENTED_EDGE('',*,*,#3311,.F.);
#4437=ORIENTED_EDGE('',*,*,#3316,.F.);
#4438=ORIENTED_EDGE('',*,*,#3317,.T.);
#4439=ORIENTED_EDGE('',*,*,#3318,.T.);
#4440=ORIENTED_EDGE('',*,*,#3314,.F.);
#4441=ORIENTED_EDGE('',*,*,#3319,.F.);
#4442=ORIENTED_EDGE('',*,*,#3320,.T.);
#4443=ORIENTED_EDGE('',*,*,#3321,.T.);
#4444=ORIENTED_EDGE('',*,*,#3317,.F.);
#4445=ORIENTED_EDGE('',*,*,#3322,.F.);
#4446=ORIENTED_EDGE('',*,*,#3323,.T.);
#4447=ORIENTED_EDGE('',*,*,#3324,.T.);
#4448=ORIENTED_EDGE('',*,*,#3320,.F.);
#4449=ORIENTED_EDGE('',*,*,#3325,.F.);
#4450=ORIENTED_EDGE('',*,*,#3326,.T.);
#4451=ORIENTED_EDGE('',*,*,#3327,.T.);
#4452=ORIENTED_EDGE('',*,*,#3323,.F.);
#4453=ORIENTED_EDGE('',*,*,#3328,.F.);
#4454=ORIENTED_EDGE('',*,*,#3329,.T.);
#4455=ORIENTED_EDGE('',*,*,#3330,.T.);
#4456=ORIENTED_EDGE('',*,*,#3326,.F.);
#4457=ORIENTED_EDGE('',*,*,#3331,.F.);
#4458=ORIENTED_EDGE('',*,*,#3332,.T.);
#4459=ORIENTED_EDGE('',*,*,#3333,.T.);
#4460=ORIENTED_EDGE('',*,*,#3329,.F.);
#4461=ORIENTED_EDGE('',*,*,#3334,.F.);
#4462=ORIENTED_EDGE('',*,*,#3335,.T.);
#4463=ORIENTED_EDGE('',*,*,#3336,.T.);
#4464=ORIENTED_EDGE('',*,*,#3332,.F.);
#4465=ORIENTED_EDGE('',*,*,#3337,.F.);
#4466=ORIENTED_EDGE('',*,*,#3338,.T.);
#4467=ORIENTED_EDGE('',*,*,#3339,.T.);
#4468=ORIENTED_EDGE('',*,*,#3335,.F.);
#4469=ORIENTED_EDGE('',*,*,#3340,.F.);
#4470=ORIENTED_EDGE('',*,*,#3306,.T.);
#4471=ORIENTED_EDGE('',*,*,#3341,.T.);
#4472=ORIENTED_EDGE('',*,*,#3338,.F.);
#4473=ORIENTED_EDGE('',*,*,#3341,.F.);
#4474=ORIENTED_EDGE('',*,*,#3305,.F.);
#4475=ORIENTED_EDGE('',*,*,#3309,.F.);
#4476=ORIENTED_EDGE('',*,*,#3312,.F.);
#4477=ORIENTED_EDGE('',*,*,#3315,.F.);
#4478=ORIENTED_EDGE('',*,*,#3318,.F.);
#4479=ORIENTED_EDGE('',*,*,#3321,.F.);
#4480=ORIENTED_EDGE('',*,*,#3324,.F.);
#4481=ORIENTED_EDGE('',*,*,#3327,.F.);
#4482=ORIENTED_EDGE('',*,*,#3330,.F.);
#4483=ORIENTED_EDGE('',*,*,#3333,.F.);
#4484=ORIENTED_EDGE('',*,*,#3336,.F.);
#4485=ORIENTED_EDGE('',*,*,#3339,.F.);
#4486=ORIENTED_EDGE('',*,*,#3342,.F.);
#4487=ORIENTED_EDGE('',*,*,#3343,.T.);
#4488=ORIENTED_EDGE('',*,*,#3344,.T.);
#4489=ORIENTED_EDGE('',*,*,#3345,.F.);
#4490=ORIENTED_EDGE('',*,*,#3346,.F.);
#4491=ORIENTED_EDGE('',*,*,#3347,.T.);
#4492=ORIENTED_EDGE('',*,*,#3348,.T.);
#4493=ORIENTED_EDGE('',*,*,#3343,.F.);
#4494=ORIENTED_EDGE('',*,*,#3349,.F.);
#4495=ORIENTED_EDGE('',*,*,#3350,.T.);
#4496=ORIENTED_EDGE('',*,*,#3351,.T.);
#4497=ORIENTED_EDGE('',*,*,#3347,.F.);
#4498=ORIENTED_EDGE('',*,*,#3352,.F.);
#4499=ORIENTED_EDGE('',*,*,#3353,.T.);
#4500=ORIENTED_EDGE('',*,*,#3354,.T.);
#4501=ORIENTED_EDGE('',*,*,#3350,.F.);
#4502=ORIENTED_EDGE('',*,*,#3355,.F.);
#4503=ORIENTED_EDGE('',*,*,#3356,.T.);
#4504=ORIENTED_EDGE('',*,*,#3357,.T.);
#4505=ORIENTED_EDGE('',*,*,#3353,.F.);
#4506=ORIENTED_EDGE('',*,*,#3358,.F.);
#4507=ORIENTED_EDGE('',*,*,#3359,.T.);
#4508=ORIENTED_EDGE('',*,*,#3360,.T.);
#4509=ORIENTED_EDGE('',*,*,#3356,.F.);
#4510=ORIENTED_EDGE('',*,*,#3361,.F.);
#4511=ORIENTED_EDGE('',*,*,#3362,.T.);
#4512=ORIENTED_EDGE('',*,*,#3363,.T.);
#4513=ORIENTED_EDGE('',*,*,#3359,.F.);
#4514=ORIENTED_EDGE('',*,*,#3364,.F.);
#4515=ORIENTED_EDGE('',*,*,#3345,.T.);
#4516=ORIENTED_EDGE('',*,*,#3365,.T.);
#4517=ORIENTED_EDGE('',*,*,#3362,.F.);
#4518=ORIENTED_EDGE('',*,*,#3366,.F.);
#4519=ORIENTED_EDGE('',*,*,#3367,.T.);
#4520=ORIENTED_EDGE('',*,*,#3368,.T.);
#4521=ORIENTED_EDGE('',*,*,#3369,.F.);
#4522=ORIENTED_EDGE('',*,*,#3370,.F.);
#4523=ORIENTED_EDGE('',*,*,#3371,.T.);
#4524=ORIENTED_EDGE('',*,*,#3372,.T.);
#4525=ORIENTED_EDGE('',*,*,#3367,.F.);
#4526=ORIENTED_EDGE('',*,*,#3373,.F.);
#4527=ORIENTED_EDGE('',*,*,#3374,.T.);
#4528=ORIENTED_EDGE('',*,*,#3375,.T.);
#4529=ORIENTED_EDGE('',*,*,#3371,.F.);
#4530=ORIENTED_EDGE('',*,*,#3376,.F.);
#4531=ORIENTED_EDGE('',*,*,#3377,.T.);
#4532=ORIENTED_EDGE('',*,*,#3378,.T.);
#4533=ORIENTED_EDGE('',*,*,#3374,.F.);
#4534=ORIENTED_EDGE('',*,*,#3379,.F.);
#4535=ORIENTED_EDGE('',*,*,#3380,.T.);
#4536=ORIENTED_EDGE('',*,*,#3381,.T.);
#4537=ORIENTED_EDGE('',*,*,#3377,.F.);
#4538=ORIENTED_EDGE('',*,*,#3382,.F.);
#4539=ORIENTED_EDGE('',*,*,#3383,.T.);
#4540=ORIENTED_EDGE('',*,*,#3384,.T.);
#4541=ORIENTED_EDGE('',*,*,#3380,.F.);
#4542=ORIENTED_EDGE('',*,*,#3385,.F.);
#4543=ORIENTED_EDGE('',*,*,#3386,.T.);
#4544=ORIENTED_EDGE('',*,*,#3387,.T.);
#4545=ORIENTED_EDGE('',*,*,#3383,.F.);
#4546=ORIENTED_EDGE('',*,*,#3388,.F.);
#4547=ORIENTED_EDGE('',*,*,#3389,.T.);
#4548=ORIENTED_EDGE('',*,*,#3390,.T.);
#4549=ORIENTED_EDGE('',*,*,#3386,.F.);
#4550=ORIENTED_EDGE('',*,*,#3391,.F.);
#4551=ORIENTED_EDGE('',*,*,#3392,.T.);
#4552=ORIENTED_EDGE('',*,*,#3393,.T.);
#4553=ORIENTED_EDGE('',*,*,#3389,.F.);
#4554=ORIENTED_EDGE('',*,*,#3394,.F.);
#4555=ORIENTED_EDGE('',*,*,#3369,.T.);
#4556=ORIENTED_EDGE('',*,*,#3395,.T.);
#4557=ORIENTED_EDGE('',*,*,#3392,.F.);
#4558=ORIENTED_EDGE('',*,*,#3395,.F.);
#4559=ORIENTED_EDGE('',*,*,#3368,.F.);
#4560=ORIENTED_EDGE('',*,*,#3372,.F.);
#4561=ORIENTED_EDGE('',*,*,#3375,.F.);
#4562=ORIENTED_EDGE('',*,*,#3378,.F.);
#4563=ORIENTED_EDGE('',*,*,#3381,.F.);
#4564=ORIENTED_EDGE('',*,*,#3384,.F.);
#4565=ORIENTED_EDGE('',*,*,#3387,.F.);
#4566=ORIENTED_EDGE('',*,*,#3390,.F.);
#4567=ORIENTED_EDGE('',*,*,#3393,.F.);
#4568=ORIENTED_EDGE('',*,*,#3365,.F.);
#4569=ORIENTED_EDGE('',*,*,#3344,.F.);
#4570=ORIENTED_EDGE('',*,*,#3348,.F.);
#4571=ORIENTED_EDGE('',*,*,#3351,.F.);
#4572=ORIENTED_EDGE('',*,*,#3354,.F.);
#4573=ORIENTED_EDGE('',*,*,#3357,.F.);
#4574=ORIENTED_EDGE('',*,*,#3360,.F.);
#4575=ORIENTED_EDGE('',*,*,#3363,.F.);
#4576=ORIENTED_EDGE('',*,*,#3396,.F.);
#4577=ORIENTED_EDGE('',*,*,#3397,.T.);
#4578=ORIENTED_EDGE('',*,*,#3398,.T.);
#4579=ORIENTED_EDGE('',*,*,#3399,.F.);
#4580=ORIENTED_EDGE('',*,*,#3400,.F.);
#4581=ORIENTED_EDGE('',*,*,#3401,.T.);
#4582=ORIENTED_EDGE('',*,*,#3402,.T.);
#4583=ORIENTED_EDGE('',*,*,#3397,.F.);
#4584=ORIENTED_EDGE('',*,*,#3403,.F.);
#4585=ORIENTED_EDGE('',*,*,#3404,.T.);
#4586=ORIENTED_EDGE('',*,*,#3405,.T.);
#4587=ORIENTED_EDGE('',*,*,#3401,.F.);
#4588=ORIENTED_EDGE('',*,*,#3406,.F.);
#4589=ORIENTED_EDGE('',*,*,#3407,.T.);
#4590=ORIENTED_EDGE('',*,*,#3408,.T.);
#4591=ORIENTED_EDGE('',*,*,#3404,.F.);
#4592=ORIENTED_EDGE('',*,*,#3409,.F.);
#4593=ORIENTED_EDGE('',*,*,#3410,.T.);
#4594=ORIENTED_EDGE('',*,*,#3411,.T.);
#4595=ORIENTED_EDGE('',*,*,#3407,.F.);
#4596=ORIENTED_EDGE('',*,*,#3412,.F.);
#4597=ORIENTED_EDGE('',*,*,#3413,.T.);
#4598=ORIENTED_EDGE('',*,*,#3414,.T.);
#4599=ORIENTED_EDGE('',*,*,#3410,.F.);
#4600=ORIENTED_EDGE('',*,*,#3415,.F.);
#4601=ORIENTED_EDGE('',*,*,#3416,.T.);
#4602=ORIENTED_EDGE('',*,*,#3417,.T.);
#4603=ORIENTED_EDGE('',*,*,#3413,.F.);
#4604=ORIENTED_EDGE('',*,*,#3418,.F.);
#4605=ORIENTED_EDGE('',*,*,#3419,.T.);
#4606=ORIENTED_EDGE('',*,*,#3420,.T.);
#4607=ORIENTED_EDGE('',*,*,#3416,.F.);
#4608=ORIENTED_EDGE('',*,*,#3421,.F.);
#4609=ORIENTED_EDGE('',*,*,#3422,.T.);
#4610=ORIENTED_EDGE('',*,*,#3423,.T.);
#4611=ORIENTED_EDGE('',*,*,#3419,.F.);
#4612=ORIENTED_EDGE('',*,*,#3424,.F.);
#4613=ORIENTED_EDGE('',*,*,#3399,.T.);
#4614=ORIENTED_EDGE('',*,*,#3425,.T.);
#4615=ORIENTED_EDGE('',*,*,#3422,.F.);
#4616=ORIENTED_EDGE('',*,*,#3425,.F.);
#4617=ORIENTED_EDGE('',*,*,#3398,.F.);
#4618=ORIENTED_EDGE('',*,*,#3402,.F.);
#4619=ORIENTED_EDGE('',*,*,#3405,.F.);
#4620=ORIENTED_EDGE('',*,*,#3408,.F.);
#4621=ORIENTED_EDGE('',*,*,#3411,.F.);
#4622=ORIENTED_EDGE('',*,*,#3414,.F.);
#4623=ORIENTED_EDGE('',*,*,#3417,.F.);
#4624=ORIENTED_EDGE('',*,*,#3420,.F.);
#4625=ORIENTED_EDGE('',*,*,#3423,.F.);
#4626=ORIENTED_EDGE('',*,*,#3426,.F.);
#4627=ORIENTED_EDGE('',*,*,#3427,.T.);
#4628=ORIENTED_EDGE('',*,*,#3428,.F.);
#4629=ORIENTED_EDGE('',*,*,#3429,.T.);
#4630=ORIENTED_EDGE('',*,*,#3430,.F.);
#4631=ORIENTED_EDGE('',*,*,#3431,.T.);
#4632=ORIENTED_EDGE('',*,*,#3432,.F.);
#4633=ORIENTED_EDGE('',*,*,#3433,.T.);
#4634=ORIENTED_EDGE('',*,*,#3434,.F.);
#4635=ORIENTED_EDGE('',*,*,#3435,.F.);
#4636=ORIENTED_EDGE('',*,*,#3436,.F.);
#4637=ORIENTED_EDGE('',*,*,#3437,.F.);
#4638=ORIENTED_EDGE('',*,*,#3396,.T.);
#4639=ORIENTED_EDGE('',*,*,#3424,.T.);
#4640=ORIENTED_EDGE('',*,*,#3421,.T.);
#4641=ORIENTED_EDGE('',*,*,#3418,.T.);
#4642=ORIENTED_EDGE('',*,*,#3415,.T.);
#4643=ORIENTED_EDGE('',*,*,#3412,.T.);
#4644=ORIENTED_EDGE('',*,*,#3409,.T.);
#4645=ORIENTED_EDGE('',*,*,#3406,.T.);
#4646=ORIENTED_EDGE('',*,*,#3403,.T.);
#4647=ORIENTED_EDGE('',*,*,#3400,.T.);
#4648=ORIENTED_EDGE('',*,*,#3366,.T.);
#4649=ORIENTED_EDGE('',*,*,#3394,.T.);
#4650=ORIENTED_EDGE('',*,*,#3391,.T.);
#4651=ORIENTED_EDGE('',*,*,#3388,.T.);
#4652=ORIENTED_EDGE('',*,*,#3385,.T.);
#4653=ORIENTED_EDGE('',*,*,#3382,.T.);
#4654=ORIENTED_EDGE('',*,*,#3379,.T.);
#4655=ORIENTED_EDGE('',*,*,#3376,.T.);
#4656=ORIENTED_EDGE('',*,*,#3373,.T.);
#4657=ORIENTED_EDGE('',*,*,#3370,.T.);
#4658=ORIENTED_EDGE('',*,*,#3303,.T.);
#4659=ORIENTED_EDGE('',*,*,#3340,.T.);
#4660=ORIENTED_EDGE('',*,*,#3337,.T.);
#4661=ORIENTED_EDGE('',*,*,#3334,.T.);
#4662=ORIENTED_EDGE('',*,*,#3331,.T.);
#4663=ORIENTED_EDGE('',*,*,#3328,.T.);
#4664=ORIENTED_EDGE('',*,*,#3325,.T.);
#4665=ORIENTED_EDGE('',*,*,#3322,.T.);
#4666=ORIENTED_EDGE('',*,*,#3319,.T.);
#4667=ORIENTED_EDGE('',*,*,#3316,.T.);
#4668=ORIENTED_EDGE('',*,*,#3313,.T.);
#4669=ORIENTED_EDGE('',*,*,#3310,.T.);
#4670=ORIENTED_EDGE('',*,*,#3307,.T.);
#4671=ORIENTED_EDGE('',*,*,#3228,.T.);
#4672=ORIENTED_EDGE('',*,*,#3301,.T.);
#4673=ORIENTED_EDGE('',*,*,#3298,.T.);
#4674=ORIENTED_EDGE('',*,*,#3295,.T.);
#4675=ORIENTED_EDGE('',*,*,#3292,.T.);
#4676=ORIENTED_EDGE('',*,*,#3289,.T.);
#4677=ORIENTED_EDGE('',*,*,#3286,.T.);
#4678=ORIENTED_EDGE('',*,*,#3283,.T.);
#4679=ORIENTED_EDGE('',*,*,#3280,.T.);
#4680=ORIENTED_EDGE('',*,*,#3277,.T.);
#4681=ORIENTED_EDGE('',*,*,#3274,.T.);
#4682=ORIENTED_EDGE('',*,*,#3271,.T.);
#4683=ORIENTED_EDGE('',*,*,#3268,.T.);
#4684=ORIENTED_EDGE('',*,*,#3265,.T.);
#4685=ORIENTED_EDGE('',*,*,#3262,.T.);
#4686=ORIENTED_EDGE('',*,*,#3259,.T.);
#4687=ORIENTED_EDGE('',*,*,#3256,.T.);
#4688=ORIENTED_EDGE('',*,*,#3253,.T.);
#4689=ORIENTED_EDGE('',*,*,#3250,.T.);
#4690=ORIENTED_EDGE('',*,*,#3247,.T.);
#4691=ORIENTED_EDGE('',*,*,#3244,.T.);
#4692=ORIENTED_EDGE('',*,*,#3241,.T.);
#4693=ORIENTED_EDGE('',*,*,#3238,.T.);
#4694=ORIENTED_EDGE('',*,*,#3235,.T.);
#4695=ORIENTED_EDGE('',*,*,#3232,.T.);
#4696=ORIENTED_EDGE('',*,*,#3165,.T.);
#4697=ORIENTED_EDGE('',*,*,#3199,.T.);
#4698=ORIENTED_EDGE('',*,*,#3196,.T.);
#4699=ORIENTED_EDGE('',*,*,#3193,.T.);
#4700=ORIENTED_EDGE('',*,*,#3190,.T.);
#4701=ORIENTED_EDGE('',*,*,#3187,.T.);
#4702=ORIENTED_EDGE('',*,*,#3184,.T.);
#4703=ORIENTED_EDGE('',*,*,#3181,.T.);
#4704=ORIENTED_EDGE('',*,*,#3178,.T.);
#4705=ORIENTED_EDGE('',*,*,#3175,.T.);
#4706=ORIENTED_EDGE('',*,*,#3172,.T.);
#4707=ORIENTED_EDGE('',*,*,#3169,.T.);
#4708=ORIENTED_EDGE('',*,*,#3102,.T.);
#4709=ORIENTED_EDGE('',*,*,#3136,.T.);
#4710=ORIENTED_EDGE('',*,*,#3133,.T.);
#4711=ORIENTED_EDGE('',*,*,#3130,.T.);
#4712=ORIENTED_EDGE('',*,*,#3127,.T.);
#4713=ORIENTED_EDGE('',*,*,#3124,.T.);
#4714=ORIENTED_EDGE('',*,*,#3121,.T.);
#4715=ORIENTED_EDGE('',*,*,#3118,.T.);
#4716=ORIENTED_EDGE('',*,*,#3115,.T.);
#4717=ORIENTED_EDGE('',*,*,#3112,.T.);
#4718=ORIENTED_EDGE('',*,*,#3109,.T.);
#4719=ORIENTED_EDGE('',*,*,#3106,.T.);
#4720=ORIENTED_EDGE('',*,*,#3036,.T.);
#4721=ORIENTED_EDGE('',*,*,#3076,.T.);
#4722=ORIENTED_EDGE('',*,*,#3073,.T.);
#4723=ORIENTED_EDGE('',*,*,#3070,.T.);
#4724=ORIENTED_EDGE('',*,*,#3067,.T.);
#4725=ORIENTED_EDGE('',*,*,#3064,.T.);
#4726=ORIENTED_EDGE('',*,*,#3061,.T.);
#4727=ORIENTED_EDGE('',*,*,#3058,.T.);
#4728=ORIENTED_EDGE('',*,*,#3055,.T.);
#4729=ORIENTED_EDGE('',*,*,#3052,.T.);
#4730=ORIENTED_EDGE('',*,*,#3049,.T.);
#4731=ORIENTED_EDGE('',*,*,#3046,.T.);
#4732=ORIENTED_EDGE('',*,*,#3043,.T.);
#4733=ORIENTED_EDGE('',*,*,#3040,.T.);
#4734=ORIENTED_EDGE('',*,*,#3342,.T.);
#4735=ORIENTED_EDGE('',*,*,#3364,.T.);
#4736=ORIENTED_EDGE('',*,*,#3361,.T.);
#4737=ORIENTED_EDGE('',*,*,#3358,.T.);
#4738=ORIENTED_EDGE('',*,*,#3355,.T.);
#4739=ORIENTED_EDGE('',*,*,#3352,.T.);
#4740=ORIENTED_EDGE('',*,*,#3349,.T.);
#4741=ORIENTED_EDGE('',*,*,#3346,.T.);
#4742=ORIENTED_EDGE('',*,*,#3201,.T.);
#4743=ORIENTED_EDGE('',*,*,#3226,.T.);
#4744=ORIENTED_EDGE('',*,*,#3223,.T.);
#4745=ORIENTED_EDGE('',*,*,#3220,.T.);
#4746=ORIENTED_EDGE('',*,*,#3217,.T.);
#4747=ORIENTED_EDGE('',*,*,#3214,.T.);
#4748=ORIENTED_EDGE('',*,*,#3211,.T.);
#4749=ORIENTED_EDGE('',*,*,#3208,.T.);
#4750=ORIENTED_EDGE('',*,*,#3205,.T.);
#4751=ORIENTED_EDGE('',*,*,#3138,.T.);
#4752=ORIENTED_EDGE('',*,*,#3163,.T.);
#4753=ORIENTED_EDGE('',*,*,#3160,.T.);
#4754=ORIENTED_EDGE('',*,*,#3157,.T.);
#4755=ORIENTED_EDGE('',*,*,#3154,.T.);
#4756=ORIENTED_EDGE('',*,*,#3151,.T.);
#4757=ORIENTED_EDGE('',*,*,#3148,.T.);
#4758=ORIENTED_EDGE('',*,*,#3145,.T.);
#4759=ORIENTED_EDGE('',*,*,#3142,.T.);
#4760=ORIENTED_EDGE('',*,*,#3078,.T.);
#4761=ORIENTED_EDGE('',*,*,#3100,.T.);
#4762=ORIENTED_EDGE('',*,*,#3097,.T.);
#4763=ORIENTED_EDGE('',*,*,#3094,.T.);
#4764=ORIENTED_EDGE('',*,*,#3091,.T.);
#4765=ORIENTED_EDGE('',*,*,#3088,.T.);
#4766=ORIENTED_EDGE('',*,*,#3085,.T.);
#4767=ORIENTED_EDGE('',*,*,#3082,.T.);
#4768=ORIENTED_EDGE('',*,*,#3438,.T.);
#4769=ORIENTED_EDGE('',*,*,#3439,.T.);
#4770=ORIENTED_EDGE('',*,*,#3426,.T.);
#4771=ORIENTED_EDGE('',*,*,#3440,.T.);
#4772=ORIENTED_EDGE('',*,*,#3438,.F.);
#4773=ORIENTED_EDGE('',*,*,#3441,.T.);
#4774=ORIENTED_EDGE('',*,*,#3442,.F.);
#4775=ORIENTED_EDGE('',*,*,#3443,.T.);
#4776=ORIENTED_EDGE('',*,*,#3444,.F.);
#4777=ORIENTED_EDGE('',*,*,#3445,.T.);
#4778=ORIENTED_EDGE('',*,*,#3446,.F.);
#4779=ORIENTED_EDGE('',*,*,#3447,.T.);
#4780=ORIENTED_EDGE('',*,*,#3448,.T.);
#4781=ORIENTED_EDGE('',*,*,#3449,.T.);
#4782=ORIENTED_EDGE('',*,*,#3450,.T.);
#4783=ORIENTED_EDGE('',*,*,#3451,.T.);
#4784=ORIENTED_EDGE('',*,*,#3452,.T.);
#4785=ORIENTED_EDGE('',*,*,#3453,.T.);
#4786=ORIENTED_EDGE('',*,*,#3454,.T.);
#4787=ORIENTED_EDGE('',*,*,#3455,.T.);
#4788=ORIENTED_EDGE('',*,*,#3456,.T.);
#4789=ORIENTED_EDGE('',*,*,#3457,.T.);
#4790=ORIENTED_EDGE('',*,*,#3458,.T.);
#4791=ORIENTED_EDGE('',*,*,#3459,.T.);
#4792=ORIENTED_EDGE('',*,*,#3440,.F.);
#4793=ORIENTED_EDGE('',*,*,#3433,.F.);
#4794=ORIENTED_EDGE('',*,*,#3460,.F.);
#4795=ORIENTED_EDGE('',*,*,#3441,.F.);
#4796=ORIENTED_EDGE('',*,*,#3442,.T.);
#4797=ORIENTED_EDGE('',*,*,#3460,.T.);
#4798=ORIENTED_EDGE('',*,*,#3432,.T.);
#4799=ORIENTED_EDGE('',*,*,#3461,.T.);
#4800=ORIENTED_EDGE('',*,*,#3444,.T.);
#4801=ORIENTED_EDGE('',*,*,#3462,.T.);
#4802=ORIENTED_EDGE('',*,*,#3430,.T.);
#4803=ORIENTED_EDGE('',*,*,#3463,.T.);
#4804=ORIENTED_EDGE('',*,*,#3463,.F.);
#4805=ORIENTED_EDGE('',*,*,#3429,.F.);
#4806=ORIENTED_EDGE('',*,*,#3464,.F.);
#4807=ORIENTED_EDGE('',*,*,#3445,.F.);
#4808=ORIENTED_EDGE('',*,*,#3446,.T.);
#4809=ORIENTED_EDGE('',*,*,#3464,.T.);
#4810=ORIENTED_EDGE('',*,*,#3428,.T.);
#4811=ORIENTED_EDGE('',*,*,#3465,.T.);
#4812=ORIENTED_EDGE('',*,*,#3448,.F.);
#4813=ORIENTED_EDGE('',*,*,#3466,.F.);
#4814=ORIENTED_EDGE('',*,*,#3467,.T.);
#4815=ORIENTED_EDGE('',*,*,#3468,.F.);
#4816=ORIENTED_EDGE('',*,*,#3454,.F.);
#4817=ORIENTED_EDGE('',*,*,#3469,.F.);
#4818=ORIENTED_EDGE('',*,*,#3470,.T.);
#4819=ORIENTED_EDGE('',*,*,#3471,.F.);
#4820=ORIENTED_EDGE('',*,*,#3472,.F.);
#4821=ORIENTED_EDGE('',*,*,#3467,.F.);
#4822=ORIENTED_EDGE('',*,*,#3473,.F.);
#4823=ORIENTED_EDGE('',*,*,#3470,.F.);
#4824=ORIENTED_EDGE('',*,*,#3468,.T.);
#4825=ORIENTED_EDGE('',*,*,#3472,.T.);
#4826=ORIENTED_EDGE('',*,*,#3469,.T.);
#4827=ORIENTED_EDGE('',*,*,#3453,.F.);
#4828=ORIENTED_EDGE('',*,*,#3474,.F.);
#4829=ORIENTED_EDGE('',*,*,#3475,.F.);
#4830=ORIENTED_EDGE('',*,*,#3476,.T.);
#4831=ORIENTED_EDGE('',*,*,#3449,.F.);
#4832=ORIENTED_EDGE('',*,*,#3477,.F.);
#4833=ORIENTED_EDGE('',*,*,#3474,.T.);
#4834=ORIENTED_EDGE('',*,*,#3452,.F.);
#4835=ORIENTED_EDGE('',*,*,#3478,.F.);
#4836=ORIENTED_EDGE('',*,*,#3456,.F.);
#4837=ORIENTED_EDGE('',*,*,#3479,.T.);
#4838=ORIENTED_EDGE('',*,*,#3437,.T.);
#4839=ORIENTED_EDGE('',*,*,#3479,.F.);
#4840=ORIENTED_EDGE('',*,*,#3457,.F.);
#4841=ORIENTED_EDGE('',*,*,#3480,.T.);
#4842=ORIENTED_EDGE('',*,*,#3436,.T.);
#4843=ORIENTED_EDGE('',*,*,#3480,.F.);
#4844=ORIENTED_EDGE('',*,*,#3458,.F.);
#4845=ORIENTED_EDGE('',*,*,#3481,.T.);
#4846=ORIENTED_EDGE('',*,*,#3435,.T.);
#4847=ORIENTED_EDGE('',*,*,#3481,.F.);
#4848=ORIENTED_EDGE('',*,*,#3482,.F.);
#4849=ORIENTED_EDGE('',*,*,#3478,.T.);
#4850=ORIENTED_EDGE('',*,*,#3451,.F.);
#4851=ORIENTED_EDGE('',*,*,#3483,.F.);
#4852=ORIENTED_EDGE('',*,*,#3484,.F.);
#4853=ORIENTED_EDGE('',*,*,#3483,.T.);
#4854=ORIENTED_EDGE('',*,*,#3450,.F.);
#4855=ORIENTED_EDGE('',*,*,#3476,.F.);
#4856=ORIENTED_EDGE('',*,*,#3459,.F.);
#4857=ORIENTED_EDGE('',*,*,#3485,.T.);
#4858=ORIENTED_EDGE('',*,*,#3434,.T.);
#4859=ORIENTED_EDGE('',*,*,#3485,.F.);
#4860=ORIENTED_EDGE('',*,*,#3461,.F.);
#4861=ORIENTED_EDGE('',*,*,#3431,.F.);
#4862=ORIENTED_EDGE('',*,*,#3462,.F.);
#4863=ORIENTED_EDGE('',*,*,#3443,.F.);
#4864=ORIENTED_EDGE('',*,*,#3439,.F.);
#4865=ORIENTED_EDGE('',*,*,#3455,.F.);
#4866=ORIENTED_EDGE('',*,*,#3471,.T.);
#4867=ORIENTED_EDGE('',*,*,#3473,.T.);
#4868=ORIENTED_EDGE('',*,*,#3466,.T.);
#4869=ORIENTED_EDGE('',*,*,#3447,.F.);
#4870=ORIENTED_EDGE('',*,*,#3465,.F.);
#4871=ORIENTED_EDGE('',*,*,#3427,.F.);
#4872=ORIENTED_EDGE('',*,*,#3475,.T.);
#4873=ORIENTED_EDGE('',*,*,#3477,.T.);
#4874=ORIENTED_EDGE('',*,*,#3482,.T.);
#4875=ORIENTED_EDGE('',*,*,#3484,.T.);
#4876=ORIENTED_EDGE('',*,*,#3021,.T.);
#4877=ORIENTED_EDGE('',*,*,#3034,.T.);
#4878=ORIENTED_EDGE('',*,*,#3031,.T.);
#4879=ORIENTED_EDGE('',*,*,#3028,.T.);
#4880=ORIENTED_EDGE('',*,*,#3025,.T.);
#4881=ORIENTED_EDGE('',*,*,#3486,.T.);
#4882=ORIENTED_EDGE('',*,*,#3487,.T.);
#4883=ORIENTED_EDGE('',*,*,#3488,.T.);
#4884=ORIENTED_EDGE('',*,*,#3489,.T.);
#4885=ORIENTED_EDGE('',*,*,#3486,.F.);
#4886=ORIENTED_EDGE('',*,*,#3490,.T.);
#4887=ORIENTED_EDGE('',*,*,#3491,.F.);
#4888=ORIENTED_EDGE('',*,*,#3492,.T.);
#4889=ORIENTED_EDGE('',*,*,#3493,.F.);
#4890=ORIENTED_EDGE('',*,*,#3494,.T.);
#4891=ORIENTED_EDGE('',*,*,#3495,.F.);
#4892=ORIENTED_EDGE('',*,*,#3496,.T.);
#4893=ORIENTED_EDGE('',*,*,#3497,.T.);
#4894=ORIENTED_EDGE('',*,*,#3498,.T.);
#4895=ORIENTED_EDGE('',*,*,#3499,.T.);
#4896=ORIENTED_EDGE('',*,*,#3500,.T.);
#4897=ORIENTED_EDGE('',*,*,#3501,.T.);
#4898=ORIENTED_EDGE('',*,*,#3502,.T.);
#4899=ORIENTED_EDGE('',*,*,#3503,.T.);
#4900=ORIENTED_EDGE('',*,*,#3504,.T.);
#4901=ORIENTED_EDGE('',*,*,#3505,.T.);
#4902=ORIENTED_EDGE('',*,*,#3506,.T.);
#4903=ORIENTED_EDGE('',*,*,#3507,.T.);
#4904=ORIENTED_EDGE('',*,*,#3508,.T.);
#4905=ORIENTED_EDGE('',*,*,#3509,.T.);
#4906=ORIENTED_EDGE('',*,*,#3510,.T.);
#4907=ORIENTED_EDGE('',*,*,#3511,.T.);
#4908=ORIENTED_EDGE('',*,*,#3512,.T.);
#4909=ORIENTED_EDGE('',*,*,#3513,.T.);
#4910=ORIENTED_EDGE('',*,*,#3514,.T.);
#4911=ORIENTED_EDGE('',*,*,#3515,.T.);
#4912=ORIENTED_EDGE('',*,*,#3516,.T.);
#4913=ORIENTED_EDGE('',*,*,#3517,.T.);
#4914=ORIENTED_EDGE('',*,*,#3518,.T.);
#4915=ORIENTED_EDGE('',*,*,#3519,.T.);
#4916=ORIENTED_EDGE('',*,*,#3520,.T.);
#4917=ORIENTED_EDGE('',*,*,#3521,.T.);
#4918=ORIENTED_EDGE('',*,*,#3522,.T.);
#4919=ORIENTED_EDGE('',*,*,#3523,.T.);
#4920=ORIENTED_EDGE('',*,*,#3524,.T.);
#4921=ORIENTED_EDGE('',*,*,#3525,.T.);
#4922=ORIENTED_EDGE('',*,*,#3526,.T.);
#4923=ORIENTED_EDGE('',*,*,#3527,.T.);
#4924=ORIENTED_EDGE('',*,*,#3528,.T.);
#4925=ORIENTED_EDGE('',*,*,#3529,.T.);
#4926=ORIENTED_EDGE('',*,*,#3530,.T.);
#4927=ORIENTED_EDGE('',*,*,#3531,.T.);
#4928=ORIENTED_EDGE('',*,*,#3532,.T.);
#4929=ORIENTED_EDGE('',*,*,#3533,.T.);
#4930=ORIENTED_EDGE('',*,*,#3534,.T.);
#4931=ORIENTED_EDGE('',*,*,#3535,.T.);
#4932=ORIENTED_EDGE('',*,*,#3536,.T.);
#4933=ORIENTED_EDGE('',*,*,#3537,.T.);
#4934=ORIENTED_EDGE('',*,*,#3538,.T.);
#4935=ORIENTED_EDGE('',*,*,#3539,.T.);
#4936=ORIENTED_EDGE('',*,*,#3540,.T.);
#4937=ORIENTED_EDGE('',*,*,#3541,.T.);
#4938=ORIENTED_EDGE('',*,*,#3542,.T.);
#4939=ORIENTED_EDGE('',*,*,#3543,.T.);
#4940=ORIENTED_EDGE('',*,*,#3544,.T.);
#4941=ORIENTED_EDGE('',*,*,#3545,.T.);
#4942=ORIENTED_EDGE('',*,*,#3546,.T.);
#4943=ORIENTED_EDGE('',*,*,#3547,.T.);
#4944=ORIENTED_EDGE('',*,*,#3548,.T.);
#4945=ORIENTED_EDGE('',*,*,#3549,.T.);
#4946=ORIENTED_EDGE('',*,*,#3550,.T.);
#4947=ORIENTED_EDGE('',*,*,#3551,.T.);
#4948=ORIENTED_EDGE('',*,*,#3552,.T.);
#4949=ORIENTED_EDGE('',*,*,#3553,.T.);
#4950=ORIENTED_EDGE('',*,*,#3554,.T.);
#4951=ORIENTED_EDGE('',*,*,#3555,.T.);
#4952=ORIENTED_EDGE('',*,*,#3556,.T.);
#4953=ORIENTED_EDGE('',*,*,#3557,.T.);
#4954=ORIENTED_EDGE('',*,*,#3558,.T.);
#4955=ORIENTED_EDGE('',*,*,#3559,.T.);
#4956=ORIENTED_EDGE('',*,*,#3560,.T.);
#4957=ORIENTED_EDGE('',*,*,#3561,.T.);
#4958=ORIENTED_EDGE('',*,*,#3562,.T.);
#4959=ORIENTED_EDGE('',*,*,#3563,.T.);
#4960=ORIENTED_EDGE('',*,*,#3564,.T.);
#4961=ORIENTED_EDGE('',*,*,#3565,.T.);
#4962=ORIENTED_EDGE('',*,*,#3566,.T.);
#4963=ORIENTED_EDGE('',*,*,#3567,.T.);
#4964=ORIENTED_EDGE('',*,*,#3568,.T.);
#4965=ORIENTED_EDGE('',*,*,#3569,.T.);
#4966=ORIENTED_EDGE('',*,*,#3570,.T.);
#4967=ORIENTED_EDGE('',*,*,#3571,.T.);
#4968=ORIENTED_EDGE('',*,*,#3572,.T.);
#4969=ORIENTED_EDGE('',*,*,#3573,.T.);
#4970=ORIENTED_EDGE('',*,*,#3574,.T.);
#4971=ORIENTED_EDGE('',*,*,#3575,.T.);
#4972=ORIENTED_EDGE('',*,*,#3576,.T.);
#4973=ORIENTED_EDGE('',*,*,#3577,.T.);
#4974=ORIENTED_EDGE('',*,*,#3578,.T.);
#4975=ORIENTED_EDGE('',*,*,#3579,.T.);
#4976=ORIENTED_EDGE('',*,*,#3580,.T.);
#4977=ORIENTED_EDGE('',*,*,#3581,.T.);
#4978=ORIENTED_EDGE('',*,*,#3582,.T.);
#4979=ORIENTED_EDGE('',*,*,#3583,.T.);
#4980=ORIENTED_EDGE('',*,*,#3584,.T.);
#4981=ORIENTED_EDGE('',*,*,#3585,.T.);
#4982=ORIENTED_EDGE('',*,*,#3586,.T.);
#4983=ORIENTED_EDGE('',*,*,#3587,.T.);
#4984=ORIENTED_EDGE('',*,*,#3588,.T.);
#4985=ORIENTED_EDGE('',*,*,#3589,.T.);
#4986=ORIENTED_EDGE('',*,*,#3590,.T.);
#4987=ORIENTED_EDGE('',*,*,#3591,.T.);
#4988=ORIENTED_EDGE('',*,*,#3592,.T.);
#4989=ORIENTED_EDGE('',*,*,#3593,.T.);
#4990=ORIENTED_EDGE('',*,*,#3594,.T.);
#4991=ORIENTED_EDGE('',*,*,#3595,.T.);
#4992=ORIENTED_EDGE('',*,*,#3596,.T.);
#4993=ORIENTED_EDGE('',*,*,#3597,.T.);
#4994=ORIENTED_EDGE('',*,*,#3598,.T.);
#4995=ORIENTED_EDGE('',*,*,#3599,.T.);
#4996=ORIENTED_EDGE('',*,*,#3600,.T.);
#4997=ORIENTED_EDGE('',*,*,#3489,.F.);
#4998=ORIENTED_EDGE('',*,*,#3601,.F.);
#4999=ORIENTED_EDGE('',*,*,#3602,.F.);
#5000=ORIENTED_EDGE('',*,*,#3490,.F.);
#5001=ORIENTED_EDGE('',*,*,#3491,.T.);
#5002=ORIENTED_EDGE('',*,*,#3602,.T.);
#5003=ORIENTED_EDGE('',*,*,#3603,.T.);
#5004=ORIENTED_EDGE('',*,*,#3604,.T.);
#5005=ORIENTED_EDGE('',*,*,#3493,.T.);
#5006=ORIENTED_EDGE('',*,*,#3605,.T.);
#5007=ORIENTED_EDGE('',*,*,#3606,.T.);
#5008=ORIENTED_EDGE('',*,*,#3607,.T.);
#5009=ORIENTED_EDGE('',*,*,#3607,.F.);
#5010=ORIENTED_EDGE('',*,*,#3608,.F.);
#5011=ORIENTED_EDGE('',*,*,#3609,.F.);
#5012=ORIENTED_EDGE('',*,*,#3494,.F.);
#5013=ORIENTED_EDGE('',*,*,#3495,.T.);
#5014=ORIENTED_EDGE('',*,*,#3609,.T.);
#5015=ORIENTED_EDGE('',*,*,#3610,.T.);
#5016=ORIENTED_EDGE('',*,*,#3611,.T.);
#5017=ORIENTED_EDGE('',*,*,#3612,.F.);
#5018=ORIENTED_EDGE('',*,*,#3613,.T.);
#5019=ORIENTED_EDGE('',*,*,#3614,.T.);
#5020=ORIENTED_EDGE('',*,*,#3615,.F.);
#5021=ORIENTED_EDGE('',*,*,#3616,.F.);
#5022=ORIENTED_EDGE('',*,*,#3617,.T.);
#5023=ORIENTED_EDGE('',*,*,#3618,.T.);
#5024=ORIENTED_EDGE('',*,*,#3613,.F.);
#5025=ORIENTED_EDGE('',*,*,#3619,.F.);
#5026=ORIENTED_EDGE('',*,*,#3620,.T.);
#5027=ORIENTED_EDGE('',*,*,#3621,.T.);
#5028=ORIENTED_EDGE('',*,*,#3617,.F.);
#5029=ORIENTED_EDGE('',*,*,#3622,.F.);
#5030=ORIENTED_EDGE('',*,*,#3623,.T.);
#5031=ORIENTED_EDGE('',*,*,#3624,.T.);
#5032=ORIENTED_EDGE('',*,*,#3620,.F.);
#5033=ORIENTED_EDGE('',*,*,#3625,.F.);
#5034=ORIENTED_EDGE('',*,*,#3615,.T.);
#5035=ORIENTED_EDGE('',*,*,#3626,.T.);
#5036=ORIENTED_EDGE('',*,*,#3623,.F.);
#5037=ORIENTED_EDGE('',*,*,#3587,.F.);
#5038=ORIENTED_EDGE('',*,*,#3627,.T.);
#5039=ORIENTED_EDGE('',*,*,#3628,.T.);
#5040=ORIENTED_EDGE('',*,*,#3629,.F.);
#5041=ORIENTED_EDGE('',*,*,#3600,.F.);
#5042=ORIENTED_EDGE('',*,*,#3630,.T.);
#5043=ORIENTED_EDGE('',*,*,#3631,.T.);
#5044=ORIENTED_EDGE('',*,*,#3627,.F.);
#5045=ORIENTED_EDGE('',*,*,#3599,.F.);
#5046=ORIENTED_EDGE('',*,*,#3632,.T.);
#5047=ORIENTED_EDGE('',*,*,#3633,.T.);
#5048=ORIENTED_EDGE('',*,*,#3630,.F.);
#5049=ORIENTED_EDGE('',*,*,#3598,.F.);
#5050=ORIENTED_EDGE('',*,*,#3634,.T.);
#5051=ORIENTED_EDGE('',*,*,#3635,.T.);
#5052=ORIENTED_EDGE('',*,*,#3632,.F.);
#5053=ORIENTED_EDGE('',*,*,#3597,.F.);
#5054=ORIENTED_EDGE('',*,*,#3636,.T.);
#5055=ORIENTED_EDGE('',*,*,#3637,.T.);
#5056=ORIENTED_EDGE('',*,*,#3634,.F.);
#5057=ORIENTED_EDGE('',*,*,#3596,.F.);
#5058=ORIENTED_EDGE('',*,*,#3638,.T.);
#5059=ORIENTED_EDGE('',*,*,#3639,.T.);
#5060=ORIENTED_EDGE('',*,*,#3636,.F.);
#5061=ORIENTED_EDGE('',*,*,#3595,.F.);
#5062=ORIENTED_EDGE('',*,*,#3640,.T.);
#5063=ORIENTED_EDGE('',*,*,#3641,.T.);
#5064=ORIENTED_EDGE('',*,*,#3638,.F.);
#5065=ORIENTED_EDGE('',*,*,#3594,.F.);
#5066=ORIENTED_EDGE('',*,*,#3642,.T.);
#5067=ORIENTED_EDGE('',*,*,#3643,.T.);
#5068=ORIENTED_EDGE('',*,*,#3640,.F.);
#5069=ORIENTED_EDGE('',*,*,#3593,.F.);
#5070=ORIENTED_EDGE('',*,*,#3644,.T.);
#5071=ORIENTED_EDGE('',*,*,#3645,.T.);
#5072=ORIENTED_EDGE('',*,*,#3642,.F.);
#5073=ORIENTED_EDGE('',*,*,#3592,.F.);
#5074=ORIENTED_EDGE('',*,*,#3646,.T.);
#5075=ORIENTED_EDGE('',*,*,#3647,.T.);
#5076=ORIENTED_EDGE('',*,*,#3644,.F.);
#5077=ORIENTED_EDGE('',*,*,#3591,.F.);
#5078=ORIENTED_EDGE('',*,*,#3648,.T.);
#5079=ORIENTED_EDGE('',*,*,#3649,.T.);
#5080=ORIENTED_EDGE('',*,*,#3646,.F.);
#5081=ORIENTED_EDGE('',*,*,#3590,.F.);
#5082=ORIENTED_EDGE('',*,*,#3650,.T.);
#5083=ORIENTED_EDGE('',*,*,#3651,.T.);
#5084=ORIENTED_EDGE('',*,*,#3648,.F.);
#5085=ORIENTED_EDGE('',*,*,#3589,.F.);
#5086=ORIENTED_EDGE('',*,*,#3652,.T.);
#5087=ORIENTED_EDGE('',*,*,#3653,.T.);
#5088=ORIENTED_EDGE('',*,*,#3650,.F.);
#5089=ORIENTED_EDGE('',*,*,#3588,.F.);
#5090=ORIENTED_EDGE('',*,*,#3629,.T.);
#5091=ORIENTED_EDGE('',*,*,#3654,.T.);
#5092=ORIENTED_EDGE('',*,*,#3652,.F.);
#5093=ORIENTED_EDGE('',*,*,#3654,.F.);
#5094=ORIENTED_EDGE('',*,*,#3628,.F.);
#5095=ORIENTED_EDGE('',*,*,#3631,.F.);
#5096=ORIENTED_EDGE('',*,*,#3633,.F.);
#5097=ORIENTED_EDGE('',*,*,#3635,.F.);
#5098=ORIENTED_EDGE('',*,*,#3637,.F.);
#5099=ORIENTED_EDGE('',*,*,#3639,.F.);
#5100=ORIENTED_EDGE('',*,*,#3641,.F.);
#5101=ORIENTED_EDGE('',*,*,#3643,.F.);
#5102=ORIENTED_EDGE('',*,*,#3645,.F.);
#5103=ORIENTED_EDGE('',*,*,#3647,.F.);
#5104=ORIENTED_EDGE('',*,*,#3649,.F.);
#5105=ORIENTED_EDGE('',*,*,#3651,.F.);
#5106=ORIENTED_EDGE('',*,*,#3653,.F.);
#5107=ORIENTED_EDGE('',*,*,#3626,.F.);
#5108=ORIENTED_EDGE('',*,*,#3614,.F.);
#5109=ORIENTED_EDGE('',*,*,#3618,.F.);
#5110=ORIENTED_EDGE('',*,*,#3621,.F.);
#5111=ORIENTED_EDGE('',*,*,#3624,.F.);
#5112=ORIENTED_EDGE('',*,*,#3655,.F.);
#5113=ORIENTED_EDGE('',*,*,#3656,.T.);
#5114=ORIENTED_EDGE('',*,*,#3657,.T.);
#5115=ORIENTED_EDGE('',*,*,#3658,.F.);
#5116=ORIENTED_EDGE('',*,*,#3659,.F.);
#5117=ORIENTED_EDGE('',*,*,#3660,.T.);
#5118=ORIENTED_EDGE('',*,*,#3661,.T.);
#5119=ORIENTED_EDGE('',*,*,#3656,.F.);
#5120=ORIENTED_EDGE('',*,*,#3662,.F.);
#5121=ORIENTED_EDGE('',*,*,#3663,.T.);
#5122=ORIENTED_EDGE('',*,*,#3664,.T.);
#5123=ORIENTED_EDGE('',*,*,#3660,.F.);
#5124=ORIENTED_EDGE('',*,*,#3665,.F.);
#5125=ORIENTED_EDGE('',*,*,#3666,.T.);
#5126=ORIENTED_EDGE('',*,*,#3667,.T.);
#5127=ORIENTED_EDGE('',*,*,#3663,.F.);
#5128=ORIENTED_EDGE('',*,*,#3668,.F.);
#5129=ORIENTED_EDGE('',*,*,#3669,.T.);
#5130=ORIENTED_EDGE('',*,*,#3670,.T.);
#5131=ORIENTED_EDGE('',*,*,#3666,.F.);
#5132=ORIENTED_EDGE('',*,*,#3671,.F.);
#5133=ORIENTED_EDGE('',*,*,#3672,.T.);
#5134=ORIENTED_EDGE('',*,*,#3673,.T.);
#5135=ORIENTED_EDGE('',*,*,#3669,.F.);
#5136=ORIENTED_EDGE('',*,*,#3674,.F.);
#5137=ORIENTED_EDGE('',*,*,#3675,.T.);
#5138=ORIENTED_EDGE('',*,*,#3676,.T.);
#5139=ORIENTED_EDGE('',*,*,#3672,.F.);
#5140=ORIENTED_EDGE('',*,*,#3677,.F.);
#5141=ORIENTED_EDGE('',*,*,#3658,.T.);
#5142=ORIENTED_EDGE('',*,*,#3678,.T.);
#5143=ORIENTED_EDGE('',*,*,#3675,.F.);
#5144=ORIENTED_EDGE('',*,*,#3575,.F.);
#5145=ORIENTED_EDGE('',*,*,#3679,.T.);
#5146=ORIENTED_EDGE('',*,*,#3680,.T.);
#5147=ORIENTED_EDGE('',*,*,#3681,.F.);
#5148=ORIENTED_EDGE('',*,*,#3586,.F.);
#5149=ORIENTED_EDGE('',*,*,#3682,.T.);
#5150=ORIENTED_EDGE('',*,*,#3683,.T.);
#5151=ORIENTED_EDGE('',*,*,#3679,.F.);
#5152=ORIENTED_EDGE('',*,*,#3585,.F.);
#5153=ORIENTED_EDGE('',*,*,#3684,.T.);
#5154=ORIENTED_EDGE('',*,*,#3685,.T.);
#5155=ORIENTED_EDGE('',*,*,#3682,.F.);
#5156=ORIENTED_EDGE('',*,*,#3584,.F.);
#5157=ORIENTED_EDGE('',*,*,#3686,.T.);
#5158=ORIENTED_EDGE('',*,*,#3687,.T.);
#5159=ORIENTED_EDGE('',*,*,#3684,.F.);
#5160=ORIENTED_EDGE('',*,*,#3583,.F.);
#5161=ORIENTED_EDGE('',*,*,#3688,.T.);
#5162=ORIENTED_EDGE('',*,*,#3689,.T.);
#5163=ORIENTED_EDGE('',*,*,#3686,.F.);
#5164=ORIENTED_EDGE('',*,*,#3582,.F.);
#5165=ORIENTED_EDGE('',*,*,#3690,.T.);
#5166=ORIENTED_EDGE('',*,*,#3691,.T.);
#5167=ORIENTED_EDGE('',*,*,#3688,.F.);
#5168=ORIENTED_EDGE('',*,*,#3581,.F.);
#5169=ORIENTED_EDGE('',*,*,#3692,.T.);
#5170=ORIENTED_EDGE('',*,*,#3693,.T.);
#5171=ORIENTED_EDGE('',*,*,#3690,.F.);
#5172=ORIENTED_EDGE('',*,*,#3580,.F.);
#5173=ORIENTED_EDGE('',*,*,#3694,.T.);
#5174=ORIENTED_EDGE('',*,*,#3695,.T.);
#5175=ORIENTED_EDGE('',*,*,#3692,.F.);
#5176=ORIENTED_EDGE('',*,*,#3579,.F.);
#5177=ORIENTED_EDGE('',*,*,#3696,.T.);
#5178=ORIENTED_EDGE('',*,*,#3697,.T.);
#5179=ORIENTED_EDGE('',*,*,#3694,.F.);
#5180=ORIENTED_EDGE('',*,*,#3578,.F.);
#5181=ORIENTED_EDGE('',*,*,#3698,.T.);
#5182=ORIENTED_EDGE('',*,*,#3699,.T.);
#5183=ORIENTED_EDGE('',*,*,#3696,.F.);
#5184=ORIENTED_EDGE('',*,*,#3577,.F.);
#5185=ORIENTED_EDGE('',*,*,#3700,.T.);
#5186=ORIENTED_EDGE('',*,*,#3701,.T.);
#5187=ORIENTED_EDGE('',*,*,#3698,.F.);
#5188=ORIENTED_EDGE('',*,*,#3576,.F.);
#5189=ORIENTED_EDGE('',*,*,#3681,.T.);
#5190=ORIENTED_EDGE('',*,*,#3702,.T.);
#5191=ORIENTED_EDGE('',*,*,#3700,.F.);
#5192=ORIENTED_EDGE('',*,*,#3702,.F.);
#5193=ORIENTED_EDGE('',*,*,#3680,.F.);
#5194=ORIENTED_EDGE('',*,*,#3683,.F.);
#5195=ORIENTED_EDGE('',*,*,#3685,.F.);
#5196=ORIENTED_EDGE('',*,*,#3687,.F.);
#5197=ORIENTED_EDGE('',*,*,#3689,.F.);
#5198=ORIENTED_EDGE('',*,*,#3691,.F.);
#5199=ORIENTED_EDGE('',*,*,#3693,.F.);
#5200=ORIENTED_EDGE('',*,*,#3695,.F.);
#5201=ORIENTED_EDGE('',*,*,#3697,.F.);
#5202=ORIENTED_EDGE('',*,*,#3699,.F.);
#5203=ORIENTED_EDGE('',*,*,#3701,.F.);
#5204=ORIENTED_EDGE('',*,*,#3678,.F.);
#5205=ORIENTED_EDGE('',*,*,#3657,.F.);
#5206=ORIENTED_EDGE('',*,*,#3661,.F.);
#5207=ORIENTED_EDGE('',*,*,#3664,.F.);
#5208=ORIENTED_EDGE('',*,*,#3667,.F.);
#5209=ORIENTED_EDGE('',*,*,#3670,.F.);
#5210=ORIENTED_EDGE('',*,*,#3673,.F.);
#5211=ORIENTED_EDGE('',*,*,#3676,.F.);
#5212=ORIENTED_EDGE('',*,*,#3703,.F.);
#5213=ORIENTED_EDGE('',*,*,#3704,.T.);
#5214=ORIENTED_EDGE('',*,*,#3705,.T.);
#5215=ORIENTED_EDGE('',*,*,#3706,.F.);
#5216=ORIENTED_EDGE('',*,*,#3707,.F.);
#5217=ORIENTED_EDGE('',*,*,#3708,.T.);
#5218=ORIENTED_EDGE('',*,*,#3709,.T.);
#5219=ORIENTED_EDGE('',*,*,#3704,.F.);
#5220=ORIENTED_EDGE('',*,*,#3710,.F.);
#5221=ORIENTED_EDGE('',*,*,#3711,.T.);
#5222=ORIENTED_EDGE('',*,*,#3712,.T.);
#5223=ORIENTED_EDGE('',*,*,#3708,.F.);
#5224=ORIENTED_EDGE('',*,*,#3713,.F.);
#5225=ORIENTED_EDGE('',*,*,#3714,.T.);
#5226=ORIENTED_EDGE('',*,*,#3715,.T.);
#5227=ORIENTED_EDGE('',*,*,#3711,.F.);
#5228=ORIENTED_EDGE('',*,*,#3716,.F.);
#5229=ORIENTED_EDGE('',*,*,#3717,.T.);
#5230=ORIENTED_EDGE('',*,*,#3718,.T.);
#5231=ORIENTED_EDGE('',*,*,#3714,.F.);
#5232=ORIENTED_EDGE('',*,*,#3719,.F.);
#5233=ORIENTED_EDGE('',*,*,#3720,.T.);
#5234=ORIENTED_EDGE('',*,*,#3721,.T.);
#5235=ORIENTED_EDGE('',*,*,#3717,.F.);
#5236=ORIENTED_EDGE('',*,*,#3722,.F.);
#5237=ORIENTED_EDGE('',*,*,#3723,.T.);
#5238=ORIENTED_EDGE('',*,*,#3724,.T.);
#5239=ORIENTED_EDGE('',*,*,#3720,.F.);
#5240=ORIENTED_EDGE('',*,*,#3725,.F.);
#5241=ORIENTED_EDGE('',*,*,#3726,.T.);
#5242=ORIENTED_EDGE('',*,*,#3727,.T.);
#5243=ORIENTED_EDGE('',*,*,#3723,.F.);
#5244=ORIENTED_EDGE('',*,*,#3728,.F.);
#5245=ORIENTED_EDGE('',*,*,#3706,.T.);
#5246=ORIENTED_EDGE('',*,*,#3729,.T.);
#5247=ORIENTED_EDGE('',*,*,#3726,.F.);
#5248=ORIENTED_EDGE('',*,*,#3563,.F.);
#5249=ORIENTED_EDGE('',*,*,#3730,.T.);
#5250=ORIENTED_EDGE('',*,*,#3731,.T.);
#5251=ORIENTED_EDGE('',*,*,#3732,.F.);
#5252=ORIENTED_EDGE('',*,*,#3574,.F.);
#5253=ORIENTED_EDGE('',*,*,#3733,.T.);
#5254=ORIENTED_EDGE('',*,*,#3734,.T.);
#5255=ORIENTED_EDGE('',*,*,#3730,.F.);
#5256=ORIENTED_EDGE('',*,*,#3573,.F.);
#5257=ORIENTED_EDGE('',*,*,#3735,.T.);
#5258=ORIENTED_EDGE('',*,*,#3736,.T.);
#5259=ORIENTED_EDGE('',*,*,#3733,.F.);
#5260=ORIENTED_EDGE('',*,*,#3572,.F.);
#5261=ORIENTED_EDGE('',*,*,#3737,.T.);
#5262=ORIENTED_EDGE('',*,*,#3738,.T.);
#5263=ORIENTED_EDGE('',*,*,#3735,.F.);
#5264=ORIENTED_EDGE('',*,*,#3571,.F.);
#5265=ORIENTED_EDGE('',*,*,#3739,.T.);
#5266=ORIENTED_EDGE('',*,*,#3740,.T.);
#5267=ORIENTED_EDGE('',*,*,#3737,.F.);
#5268=ORIENTED_EDGE('',*,*,#3570,.F.);
#5269=ORIENTED_EDGE('',*,*,#3741,.T.);
#5270=ORIENTED_EDGE('',*,*,#3742,.T.);
#5271=ORIENTED_EDGE('',*,*,#3739,.F.);
#5272=ORIENTED_EDGE('',*,*,#3569,.F.);
#5273=ORIENTED_EDGE('',*,*,#3743,.T.);
#5274=ORIENTED_EDGE('',*,*,#3744,.T.);
#5275=ORIENTED_EDGE('',*,*,#3741,.F.);
#5276=ORIENTED_EDGE('',*,*,#3568,.F.);
#5277=ORIENTED_EDGE('',*,*,#3745,.T.);
#5278=ORIENTED_EDGE('',*,*,#3746,.T.);
#5279=ORIENTED_EDGE('',*,*,#3743,.F.);
#5280=ORIENTED_EDGE('',*,*,#3567,.F.);
#5281=ORIENTED_EDGE('',*,*,#3747,.T.);
#5282=ORIENTED_EDGE('',*,*,#3748,.T.);
#5283=ORIENTED_EDGE('',*,*,#3745,.F.);
#5284=ORIENTED_EDGE('',*,*,#3566,.F.);
#5285=ORIENTED_EDGE('',*,*,#3749,.T.);
#5286=ORIENTED_EDGE('',*,*,#3750,.T.);
#5287=ORIENTED_EDGE('',*,*,#3747,.F.);
#5288=ORIENTED_EDGE('',*,*,#3565,.F.);
#5289=ORIENTED_EDGE('',*,*,#3751,.T.);
#5290=ORIENTED_EDGE('',*,*,#3752,.T.);
#5291=ORIENTED_EDGE('',*,*,#3749,.F.);
#5292=ORIENTED_EDGE('',*,*,#3564,.F.);
#5293=ORIENTED_EDGE('',*,*,#3732,.T.);
#5294=ORIENTED_EDGE('',*,*,#3753,.T.);
#5295=ORIENTED_EDGE('',*,*,#3751,.F.);
#5296=ORIENTED_EDGE('',*,*,#3753,.F.);
#5297=ORIENTED_EDGE('',*,*,#3731,.F.);
#5298=ORIENTED_EDGE('',*,*,#3734,.F.);
#5299=ORIENTED_EDGE('',*,*,#3736,.F.);
#5300=ORIENTED_EDGE('',*,*,#3738,.F.);
#5301=ORIENTED_EDGE('',*,*,#3740,.F.);
#5302=ORIENTED_EDGE('',*,*,#3742,.F.);
#5303=ORIENTED_EDGE('',*,*,#3744,.F.);
#5304=ORIENTED_EDGE('',*,*,#3746,.F.);
#5305=ORIENTED_EDGE('',*,*,#3748,.F.);
#5306=ORIENTED_EDGE('',*,*,#3750,.F.);
#5307=ORIENTED_EDGE('',*,*,#3752,.F.);
#5308=ORIENTED_EDGE('',*,*,#3729,.F.);
#5309=ORIENTED_EDGE('',*,*,#3705,.F.);
#5310=ORIENTED_EDGE('',*,*,#3709,.F.);
#5311=ORIENTED_EDGE('',*,*,#3712,.F.);
#5312=ORIENTED_EDGE('',*,*,#3715,.F.);
#5313=ORIENTED_EDGE('',*,*,#3718,.F.);
#5314=ORIENTED_EDGE('',*,*,#3721,.F.);
#5315=ORIENTED_EDGE('',*,*,#3724,.F.);
#5316=ORIENTED_EDGE('',*,*,#3727,.F.);
#5317=ORIENTED_EDGE('',*,*,#3754,.F.);
#5318=ORIENTED_EDGE('',*,*,#3755,.T.);
#5319=ORIENTED_EDGE('',*,*,#3756,.T.);
#5320=ORIENTED_EDGE('',*,*,#3757,.F.);
#5321=ORIENTED_EDGE('',*,*,#3758,.F.);
#5322=ORIENTED_EDGE('',*,*,#3759,.T.);
#5323=ORIENTED_EDGE('',*,*,#3760,.T.);
#5324=ORIENTED_EDGE('',*,*,#3755,.F.);
#5325=ORIENTED_EDGE('',*,*,#3761,.F.);
#5326=ORIENTED_EDGE('',*,*,#3762,.T.);
#5327=ORIENTED_EDGE('',*,*,#3763,.T.);
#5328=ORIENTED_EDGE('',*,*,#3759,.F.);
#5329=ORIENTED_EDGE('',*,*,#3764,.F.);
#5330=ORIENTED_EDGE('',*,*,#3765,.T.);
#5331=ORIENTED_EDGE('',*,*,#3766,.T.);
#5332=ORIENTED_EDGE('',*,*,#3762,.F.);
#5333=ORIENTED_EDGE('',*,*,#3767,.F.);
#5334=ORIENTED_EDGE('',*,*,#3768,.T.);
#5335=ORIENTED_EDGE('',*,*,#3769,.T.);
#5336=ORIENTED_EDGE('',*,*,#3765,.F.);
#5337=ORIENTED_EDGE('',*,*,#3770,.F.);
#5338=ORIENTED_EDGE('',*,*,#3771,.T.);
#5339=ORIENTED_EDGE('',*,*,#3772,.T.);
#5340=ORIENTED_EDGE('',*,*,#3768,.F.);
#5341=ORIENTED_EDGE('',*,*,#3773,.F.);
#5342=ORIENTED_EDGE('',*,*,#3774,.T.);
#5343=ORIENTED_EDGE('',*,*,#3775,.T.);
#5344=ORIENTED_EDGE('',*,*,#3771,.F.);
#5345=ORIENTED_EDGE('',*,*,#3776,.F.);
#5346=ORIENTED_EDGE('',*,*,#3777,.T.);
#5347=ORIENTED_EDGE('',*,*,#3778,.T.);
#5348=ORIENTED_EDGE('',*,*,#3774,.F.);
#5349=ORIENTED_EDGE('',*,*,#3779,.F.);
#5350=ORIENTED_EDGE('',*,*,#3757,.T.);
#5351=ORIENTED_EDGE('',*,*,#3780,.T.);
#5352=ORIENTED_EDGE('',*,*,#3777,.F.);
#5353=ORIENTED_EDGE('',*,*,#3538,.F.);
#5354=ORIENTED_EDGE('',*,*,#3781,.T.);
#5355=ORIENTED_EDGE('',*,*,#3782,.T.);
#5356=ORIENTED_EDGE('',*,*,#3783,.F.);
#5357=ORIENTED_EDGE('',*,*,#3562,.F.);
#5358=ORIENTED_EDGE('',*,*,#3784,.T.);
#5359=ORIENTED_EDGE('',*,*,#3785,.T.);
#5360=ORIENTED_EDGE('',*,*,#3781,.F.);
#5361=ORIENTED_EDGE('',*,*,#3561,.F.);
#5362=ORIENTED_EDGE('',*,*,#3786,.T.);
#5363=ORIENTED_EDGE('',*,*,#3787,.T.);
#5364=ORIENTED_EDGE('',*,*,#3784,.F.);
#5365=ORIENTED_EDGE('',*,*,#3560,.F.);
#5366=ORIENTED_EDGE('',*,*,#3788,.T.);
#5367=ORIENTED_EDGE('',*,*,#3789,.T.);
#5368=ORIENTED_EDGE('',*,*,#3786,.F.);
#5369=ORIENTED_EDGE('',*,*,#3559,.F.);
#5370=ORIENTED_EDGE('',*,*,#3790,.T.);
#5371=ORIENTED_EDGE('',*,*,#3791,.T.);
#5372=ORIENTED_EDGE('',*,*,#3788,.F.);
#5373=ORIENTED_EDGE('',*,*,#3558,.F.);
#5374=ORIENTED_EDGE('',*,*,#3792,.T.);
#5375=ORIENTED_EDGE('',*,*,#3793,.T.);
#5376=ORIENTED_EDGE('',*,*,#3790,.F.);
#5377=ORIENTED_EDGE('',*,*,#3557,.F.);
#5378=ORIENTED_EDGE('',*,*,#3794,.T.);
#5379=ORIENTED_EDGE('',*,*,#3795,.T.);
#5380=ORIENTED_EDGE('',*,*,#3792,.F.);
#5381=ORIENTED_EDGE('',*,*,#3556,.F.);
#5382=ORIENTED_EDGE('',*,*,#3796,.T.);
#5383=ORIENTED_EDGE('',*,*,#3797,.T.);
#5384=ORIENTED_EDGE('',*,*,#3794,.F.);
#5385=ORIENTED_EDGE('',*,*,#3555,.F.);
#5386=ORIENTED_EDGE('',*,*,#3798,.T.);
#5387=ORIENTED_EDGE('',*,*,#3799,.T.);
#5388=ORIENTED_EDGE('',*,*,#3796,.F.);
#5389=ORIENTED_EDGE('',*,*,#3554,.F.);
#5390=ORIENTED_EDGE('',*,*,#3800,.T.);
#5391=ORIENTED_EDGE('',*,*,#3801,.T.);
#5392=ORIENTED_EDGE('',*,*,#3798,.F.);
#5393=ORIENTED_EDGE('',*,*,#3553,.F.);
#5394=ORIENTED_EDGE('',*,*,#3802,.T.);
#5395=ORIENTED_EDGE('',*,*,#3803,.T.);
#5396=ORIENTED_EDGE('',*,*,#3800,.F.);
#5397=ORIENTED_EDGE('',*,*,#3552,.F.);
#5398=ORIENTED_EDGE('',*,*,#3804,.T.);
#5399=ORIENTED_EDGE('',*,*,#3805,.T.);
#5400=ORIENTED_EDGE('',*,*,#3802,.F.);
#5401=ORIENTED_EDGE('',*,*,#3551,.F.);
#5402=ORIENTED_EDGE('',*,*,#3806,.T.);
#5403=ORIENTED_EDGE('',*,*,#3807,.T.);
#5404=ORIENTED_EDGE('',*,*,#3804,.F.);
#5405=ORIENTED_EDGE('',*,*,#3550,.F.);
#5406=ORIENTED_EDGE('',*,*,#3808,.T.);
#5407=ORIENTED_EDGE('',*,*,#3809,.T.);
#5408=ORIENTED_EDGE('',*,*,#3806,.F.);
#5409=ORIENTED_EDGE('',*,*,#3549,.F.);
#5410=ORIENTED_EDGE('',*,*,#3810,.T.);
#5411=ORIENTED_EDGE('',*,*,#3811,.T.);
#5412=ORIENTED_EDGE('',*,*,#3808,.F.);
#5413=ORIENTED_EDGE('',*,*,#3548,.F.);
#5414=ORIENTED_EDGE('',*,*,#3812,.T.);
#5415=ORIENTED_EDGE('',*,*,#3813,.T.);
#5416=ORIENTED_EDGE('',*,*,#3810,.F.);
#5417=ORIENTED_EDGE('',*,*,#3547,.F.);
#5418=ORIENTED_EDGE('',*,*,#3814,.T.);
#5419=ORIENTED_EDGE('',*,*,#3815,.T.);
#5420=ORIENTED_EDGE('',*,*,#3812,.F.);
#5421=ORIENTED_EDGE('',*,*,#3546,.F.);
#5422=ORIENTED_EDGE('',*,*,#3816,.T.);
#5423=ORIENTED_EDGE('',*,*,#3817,.T.);
#5424=ORIENTED_EDGE('',*,*,#3814,.F.);
#5425=ORIENTED_EDGE('',*,*,#3545,.F.);
#5426=ORIENTED_EDGE('',*,*,#3818,.T.);
#5427=ORIENTED_EDGE('',*,*,#3819,.T.);
#5428=ORIENTED_EDGE('',*,*,#3816,.F.);
#5429=ORIENTED_EDGE('',*,*,#3544,.F.);
#5430=ORIENTED_EDGE('',*,*,#3820,.T.);
#5431=ORIENTED_EDGE('',*,*,#3821,.T.);
#5432=ORIENTED_EDGE('',*,*,#3818,.F.);
#5433=ORIENTED_EDGE('',*,*,#3543,.F.);
#5434=ORIENTED_EDGE('',*,*,#3822,.T.);
#5435=ORIENTED_EDGE('',*,*,#3823,.T.);
#5436=ORIENTED_EDGE('',*,*,#3820,.F.);
#5437=ORIENTED_EDGE('',*,*,#3542,.F.);
#5438=ORIENTED_EDGE('',*,*,#3824,.T.);
#5439=ORIENTED_EDGE('',*,*,#3825,.T.);
#5440=ORIENTED_EDGE('',*,*,#3822,.F.);
#5441=ORIENTED_EDGE('',*,*,#3541,.F.);
#5442=ORIENTED_EDGE('',*,*,#3826,.T.);
#5443=ORIENTED_EDGE('',*,*,#3827,.T.);
#5444=ORIENTED_EDGE('',*,*,#3824,.F.);
#5445=ORIENTED_EDGE('',*,*,#3540,.F.);
#5446=ORIENTED_EDGE('',*,*,#3828,.T.);
#5447=ORIENTED_EDGE('',*,*,#3829,.T.);
#5448=ORIENTED_EDGE('',*,*,#3826,.F.);
#5449=ORIENTED_EDGE('',*,*,#3539,.F.);
#5450=ORIENTED_EDGE('',*,*,#3783,.T.);
#5451=ORIENTED_EDGE('',*,*,#3830,.T.);
#5452=ORIENTED_EDGE('',*,*,#3828,.F.);
#5453=ORIENTED_EDGE('',*,*,#3830,.F.);
#5454=ORIENTED_EDGE('',*,*,#3782,.F.);
#5455=ORIENTED_EDGE('',*,*,#3785,.F.);
#5456=ORIENTED_EDGE('',*,*,#3787,.F.);
#5457=ORIENTED_EDGE('',*,*,#3789,.F.);
#5458=ORIENTED_EDGE('',*,*,#3791,.F.);
#5459=ORIENTED_EDGE('',*,*,#3793,.F.);
#5460=ORIENTED_EDGE('',*,*,#3795,.F.);
#5461=ORIENTED_EDGE('',*,*,#3797,.F.);
#5462=ORIENTED_EDGE('',*,*,#3799,.F.);
#5463=ORIENTED_EDGE('',*,*,#3801,.F.);
#5464=ORIENTED_EDGE('',*,*,#3803,.F.);
#5465=ORIENTED_EDGE('',*,*,#3805,.F.);
#5466=ORIENTED_EDGE('',*,*,#3807,.F.);
#5467=ORIENTED_EDGE('',*,*,#3809,.F.);
#5468=ORIENTED_EDGE('',*,*,#3811,.F.);
#5469=ORIENTED_EDGE('',*,*,#3813,.F.);
#5470=ORIENTED_EDGE('',*,*,#3815,.F.);
#5471=ORIENTED_EDGE('',*,*,#3817,.F.);
#5472=ORIENTED_EDGE('',*,*,#3819,.F.);
#5473=ORIENTED_EDGE('',*,*,#3821,.F.);
#5474=ORIENTED_EDGE('',*,*,#3823,.F.);
#5475=ORIENTED_EDGE('',*,*,#3825,.F.);
#5476=ORIENTED_EDGE('',*,*,#3827,.F.);
#5477=ORIENTED_EDGE('',*,*,#3829,.F.);
#5478=ORIENTED_EDGE('',*,*,#3780,.F.);
#5479=ORIENTED_EDGE('',*,*,#3756,.F.);
#5480=ORIENTED_EDGE('',*,*,#3760,.F.);
#5481=ORIENTED_EDGE('',*,*,#3763,.F.);
#5482=ORIENTED_EDGE('',*,*,#3766,.F.);
#5483=ORIENTED_EDGE('',*,*,#3769,.F.);
#5484=ORIENTED_EDGE('',*,*,#3772,.F.);
#5485=ORIENTED_EDGE('',*,*,#3775,.F.);
#5486=ORIENTED_EDGE('',*,*,#3778,.F.);
#5487=ORIENTED_EDGE('',*,*,#3525,.F.);
#5488=ORIENTED_EDGE('',*,*,#3831,.T.);
#5489=ORIENTED_EDGE('',*,*,#3832,.T.);
#5490=ORIENTED_EDGE('',*,*,#3833,.F.);
#5491=ORIENTED_EDGE('',*,*,#3537,.F.);
#5492=ORIENTED_EDGE('',*,*,#3834,.T.);
#5493=ORIENTED_EDGE('',*,*,#3835,.T.);
#5494=ORIENTED_EDGE('',*,*,#3831,.F.);
#5495=ORIENTED_EDGE('',*,*,#3536,.F.);
#5496=ORIENTED_EDGE('',*,*,#3836,.T.);
#5497=ORIENTED_EDGE('',*,*,#3837,.T.);
#5498=ORIENTED_EDGE('',*,*,#3834,.F.);
#5499=ORIENTED_EDGE('',*,*,#3535,.F.);
#5500=ORIENTED_EDGE('',*,*,#3838,.T.);
#5501=ORIENTED_EDGE('',*,*,#3839,.T.);
#5502=ORIENTED_EDGE('',*,*,#3836,.F.);
#5503=ORIENTED_EDGE('',*,*,#3534,.F.);
#5504=ORIENTED_EDGE('',*,*,#3840,.T.);
#5505=ORIENTED_EDGE('',*,*,#3841,.T.);
#5506=ORIENTED_EDGE('',*,*,#3838,.F.);
#5507=ORIENTED_EDGE('',*,*,#3533,.F.);
#5508=ORIENTED_EDGE('',*,*,#3842,.T.);
#5509=ORIENTED_EDGE('',*,*,#3843,.T.);
#5510=ORIENTED_EDGE('',*,*,#3840,.F.);
#5511=ORIENTED_EDGE('',*,*,#3532,.F.);
#5512=ORIENTED_EDGE('',*,*,#3844,.T.);
#5513=ORIENTED_EDGE('',*,*,#3845,.T.);
#5514=ORIENTED_EDGE('',*,*,#3842,.F.);
#5515=ORIENTED_EDGE('',*,*,#3531,.F.);
#5516=ORIENTED_EDGE('',*,*,#3846,.T.);
#5517=ORIENTED_EDGE('',*,*,#3847,.T.);
#5518=ORIENTED_EDGE('',*,*,#3844,.F.);
#5519=ORIENTED_EDGE('',*,*,#3530,.F.);
#5520=ORIENTED_EDGE('',*,*,#3848,.T.);
#5521=ORIENTED_EDGE('',*,*,#3849,.T.);
#5522=ORIENTED_EDGE('',*,*,#3846,.F.);
#5523=ORIENTED_EDGE('',*,*,#3529,.F.);
#5524=ORIENTED_EDGE('',*,*,#3850,.T.);
#5525=ORIENTED_EDGE('',*,*,#3851,.T.);
#5526=ORIENTED_EDGE('',*,*,#3848,.F.);
#5527=ORIENTED_EDGE('',*,*,#3528,.F.);
#5528=ORIENTED_EDGE('',*,*,#3852,.T.);
#5529=ORIENTED_EDGE('',*,*,#3853,.T.);
#5530=ORIENTED_EDGE('',*,*,#3850,.F.);
#5531=ORIENTED_EDGE('',*,*,#3527,.F.);
#5532=ORIENTED_EDGE('',*,*,#3854,.T.);
#5533=ORIENTED_EDGE('',*,*,#3855,.T.);
#5534=ORIENTED_EDGE('',*,*,#3852,.F.);
#5535=ORIENTED_EDGE('',*,*,#3526,.F.);
#5536=ORIENTED_EDGE('',*,*,#3833,.T.);
#5537=ORIENTED_EDGE('',*,*,#3856,.T.);
#5538=ORIENTED_EDGE('',*,*,#3854,.F.);
#5539=ORIENTED_EDGE('',*,*,#3856,.F.);
#5540=ORIENTED_EDGE('',*,*,#3832,.F.);
#5541=ORIENTED_EDGE('',*,*,#3835,.F.);
#5542=ORIENTED_EDGE('',*,*,#3837,.F.);
#5543=ORIENTED_EDGE('',*,*,#3839,.F.);
#5544=ORIENTED_EDGE('',*,*,#3841,.F.);
#5545=ORIENTED_EDGE('',*,*,#3843,.F.);
#5546=ORIENTED_EDGE('',*,*,#3845,.F.);
#5547=ORIENTED_EDGE('',*,*,#3847,.F.);
#5548=ORIENTED_EDGE('',*,*,#3849,.F.);
#5549=ORIENTED_EDGE('',*,*,#3851,.F.);
#5550=ORIENTED_EDGE('',*,*,#3853,.F.);
#5551=ORIENTED_EDGE('',*,*,#3855,.F.);
#5552=ORIENTED_EDGE('',*,*,#3857,.F.);
#5553=ORIENTED_EDGE('',*,*,#3858,.T.);
#5554=ORIENTED_EDGE('',*,*,#3859,.T.);
#5555=ORIENTED_EDGE('',*,*,#3860,.F.);
#5556=ORIENTED_EDGE('',*,*,#3861,.F.);
#5557=ORIENTED_EDGE('',*,*,#3862,.T.);
#5558=ORIENTED_EDGE('',*,*,#3863,.T.);
#5559=ORIENTED_EDGE('',*,*,#3858,.F.);
#5560=ORIENTED_EDGE('',*,*,#3864,.F.);
#5561=ORIENTED_EDGE('',*,*,#3865,.T.);
#5562=ORIENTED_EDGE('',*,*,#3866,.T.);
#5563=ORIENTED_EDGE('',*,*,#3862,.F.);
#5564=ORIENTED_EDGE('',*,*,#3867,.F.);
#5565=ORIENTED_EDGE('',*,*,#3868,.T.);
#5566=ORIENTED_EDGE('',*,*,#3869,.T.);
#5567=ORIENTED_EDGE('',*,*,#3865,.F.);
#5568=ORIENTED_EDGE('',*,*,#3870,.F.);
#5569=ORIENTED_EDGE('',*,*,#3871,.T.);
#5570=ORIENTED_EDGE('',*,*,#3872,.T.);
#5571=ORIENTED_EDGE('',*,*,#3868,.F.);
#5572=ORIENTED_EDGE('',*,*,#3873,.F.);
#5573=ORIENTED_EDGE('',*,*,#3874,.T.);
#5574=ORIENTED_EDGE('',*,*,#3875,.T.);
#5575=ORIENTED_EDGE('',*,*,#3871,.F.);
#5576=ORIENTED_EDGE('',*,*,#3876,.F.);
#5577=ORIENTED_EDGE('',*,*,#3877,.T.);
#5578=ORIENTED_EDGE('',*,*,#3878,.T.);
#5579=ORIENTED_EDGE('',*,*,#3874,.F.);
#5580=ORIENTED_EDGE('',*,*,#3879,.F.);
#5581=ORIENTED_EDGE('',*,*,#3860,.T.);
#5582=ORIENTED_EDGE('',*,*,#3880,.T.);
#5583=ORIENTED_EDGE('',*,*,#3877,.F.);
#5584=ORIENTED_EDGE('',*,*,#3515,.F.);
#5585=ORIENTED_EDGE('',*,*,#3881,.T.);
#5586=ORIENTED_EDGE('',*,*,#3882,.T.);
#5587=ORIENTED_EDGE('',*,*,#3883,.F.);
#5588=ORIENTED_EDGE('',*,*,#3524,.F.);
#5589=ORIENTED_EDGE('',*,*,#3884,.T.);
#5590=ORIENTED_EDGE('',*,*,#3885,.T.);
#5591=ORIENTED_EDGE('',*,*,#3881,.F.);
#5592=ORIENTED_EDGE('',*,*,#3523,.F.);
#5593=ORIENTED_EDGE('',*,*,#3886,.T.);
#5594=ORIENTED_EDGE('',*,*,#3887,.T.);
#5595=ORIENTED_EDGE('',*,*,#3884,.F.);
#5596=ORIENTED_EDGE('',*,*,#3522,.F.);
#5597=ORIENTED_EDGE('',*,*,#3888,.T.);
#5598=ORIENTED_EDGE('',*,*,#3889,.T.);
#5599=ORIENTED_EDGE('',*,*,#3886,.F.);
#5600=ORIENTED_EDGE('',*,*,#3521,.F.);
#5601=ORIENTED_EDGE('',*,*,#3890,.T.);
#5602=ORIENTED_EDGE('',*,*,#3891,.T.);
#5603=ORIENTED_EDGE('',*,*,#3888,.F.);
#5604=ORIENTED_EDGE('',*,*,#3520,.F.);
#5605=ORIENTED_EDGE('',*,*,#3892,.T.);
#5606=ORIENTED_EDGE('',*,*,#3893,.T.);
#5607=ORIENTED_EDGE('',*,*,#3890,.F.);
#5608=ORIENTED_EDGE('',*,*,#3519,.F.);
#5609=ORIENTED_EDGE('',*,*,#3894,.T.);
#5610=ORIENTED_EDGE('',*,*,#3895,.T.);
#5611=ORIENTED_EDGE('',*,*,#3892,.F.);
#5612=ORIENTED_EDGE('',*,*,#3518,.F.);
#5613=ORIENTED_EDGE('',*,*,#3896,.T.);
#5614=ORIENTED_EDGE('',*,*,#3897,.T.);
#5615=ORIENTED_EDGE('',*,*,#3894,.F.);
#5616=ORIENTED_EDGE('',*,*,#3517,.F.);
#5617=ORIENTED_EDGE('',*,*,#3898,.T.);
#5618=ORIENTED_EDGE('',*,*,#3899,.T.);
#5619=ORIENTED_EDGE('',*,*,#3896,.F.);
#5620=ORIENTED_EDGE('',*,*,#3516,.F.);
#5621=ORIENTED_EDGE('',*,*,#3883,.T.);
#5622=ORIENTED_EDGE('',*,*,#3900,.T.);
#5623=ORIENTED_EDGE('',*,*,#3898,.F.);
#5624=ORIENTED_EDGE('',*,*,#3900,.F.);
#5625=ORIENTED_EDGE('',*,*,#3882,.F.);
#5626=ORIENTED_EDGE('',*,*,#3885,.F.);
#5627=ORIENTED_EDGE('',*,*,#3887,.F.);
#5628=ORIENTED_EDGE('',*,*,#3889,.F.);
#5629=ORIENTED_EDGE('',*,*,#3891,.F.);
#5630=ORIENTED_EDGE('',*,*,#3893,.F.);
#5631=ORIENTED_EDGE('',*,*,#3895,.F.);
#5632=ORIENTED_EDGE('',*,*,#3897,.F.);
#5633=ORIENTED_EDGE('',*,*,#3899,.F.);
#5634=ORIENTED_EDGE('',*,*,#3880,.F.);
#5635=ORIENTED_EDGE('',*,*,#3859,.F.);
#5636=ORIENTED_EDGE('',*,*,#3863,.F.);
#5637=ORIENTED_EDGE('',*,*,#3866,.F.);
#5638=ORIENTED_EDGE('',*,*,#3869,.F.);
#5639=ORIENTED_EDGE('',*,*,#3872,.F.);
#5640=ORIENTED_EDGE('',*,*,#3875,.F.);
#5641=ORIENTED_EDGE('',*,*,#3878,.F.);
#5642=ORIENTED_EDGE('',*,*,#3505,.F.);
#5643=ORIENTED_EDGE('',*,*,#3901,.T.);
#5644=ORIENTED_EDGE('',*,*,#3902,.T.);
#5645=ORIENTED_EDGE('',*,*,#3903,.F.);
#5646=ORIENTED_EDGE('',*,*,#3514,.F.);
#5647=ORIENTED_EDGE('',*,*,#3904,.T.);
#5648=ORIENTED_EDGE('',*,*,#3905,.T.);
#5649=ORIENTED_EDGE('',*,*,#3901,.F.);
#5650=ORIENTED_EDGE('',*,*,#3513,.F.);
#5651=ORIENTED_EDGE('',*,*,#3906,.T.);
#5652=ORIENTED_EDGE('',*,*,#3907,.T.);
#5653=ORIENTED_EDGE('',*,*,#3904,.F.);
#5654=ORIENTED_EDGE('',*,*,#3512,.F.);
#5655=ORIENTED_EDGE('',*,*,#3908,.T.);
#5656=ORIENTED_EDGE('',*,*,#3909,.T.);
#5657=ORIENTED_EDGE('',*,*,#3906,.F.);
#5658=ORIENTED_EDGE('',*,*,#3511,.F.);
#5659=ORIENTED_EDGE('',*,*,#3910,.T.);
#5660=ORIENTED_EDGE('',*,*,#3911,.T.);
#5661=ORIENTED_EDGE('',*,*,#3908,.F.);
#5662=ORIENTED_EDGE('',*,*,#3510,.F.);
#5663=ORIENTED_EDGE('',*,*,#3912,.T.);
#5664=ORIENTED_EDGE('',*,*,#3913,.T.);
#5665=ORIENTED_EDGE('',*,*,#3910,.F.);
#5666=ORIENTED_EDGE('',*,*,#3509,.F.);
#5667=ORIENTED_EDGE('',*,*,#3914,.T.);
#5668=ORIENTED_EDGE('',*,*,#3915,.T.);
#5669=ORIENTED_EDGE('',*,*,#3912,.F.);
#5670=ORIENTED_EDGE('',*,*,#3508,.F.);
#5671=ORIENTED_EDGE('',*,*,#3916,.T.);
#5672=ORIENTED_EDGE('',*,*,#3917,.T.);
#5673=ORIENTED_EDGE('',*,*,#3914,.F.);
#5674=ORIENTED_EDGE('',*,*,#3507,.F.);
#5675=ORIENTED_EDGE('',*,*,#3918,.T.);
#5676=ORIENTED_EDGE('',*,*,#3919,.T.);
#5677=ORIENTED_EDGE('',*,*,#3916,.F.);
#5678=ORIENTED_EDGE('',*,*,#3506,.F.);
#5679=ORIENTED_EDGE('',*,*,#3903,.T.);
#5680=ORIENTED_EDGE('',*,*,#3920,.T.);
#5681=ORIENTED_EDGE('',*,*,#3918,.F.);
#5682=ORIENTED_EDGE('',*,*,#3920,.F.);
#5683=ORIENTED_EDGE('',*,*,#3902,.F.);
#5684=ORIENTED_EDGE('',*,*,#3905,.F.);
#5685=ORIENTED_EDGE('',*,*,#3907,.F.);
#5686=ORIENTED_EDGE('',*,*,#3909,.F.);
#5687=ORIENTED_EDGE('',*,*,#3911,.F.);
#5688=ORIENTED_EDGE('',*,*,#3913,.F.);
#5689=ORIENTED_EDGE('',*,*,#3915,.F.);
#5690=ORIENTED_EDGE('',*,*,#3917,.F.);
#5691=ORIENTED_EDGE('',*,*,#3919,.F.);
#5692=ORIENTED_EDGE('',*,*,#3857,.T.);
#5693=ORIENTED_EDGE('',*,*,#3879,.T.);
#5694=ORIENTED_EDGE('',*,*,#3876,.T.);
#5695=ORIENTED_EDGE('',*,*,#3873,.T.);
#5696=ORIENTED_EDGE('',*,*,#3870,.T.);
#5697=ORIENTED_EDGE('',*,*,#3867,.T.);
#5698=ORIENTED_EDGE('',*,*,#3864,.T.);
#5699=ORIENTED_EDGE('',*,*,#3861,.T.);
#5700=ORIENTED_EDGE('',*,*,#3754,.T.);
#5701=ORIENTED_EDGE('',*,*,#3779,.T.);
#5702=ORIENTED_EDGE('',*,*,#3776,.T.);
#5703=ORIENTED_EDGE('',*,*,#3773,.T.);
#5704=ORIENTED_EDGE('',*,*,#3770,.T.);
#5705=ORIENTED_EDGE('',*,*,#3767,.T.);
#5706=ORIENTED_EDGE('',*,*,#3764,.T.);
#5707=ORIENTED_EDGE('',*,*,#3761,.T.);
#5708=ORIENTED_EDGE('',*,*,#3758,.T.);
#5709=ORIENTED_EDGE('',*,*,#3703,.T.);
#5710=ORIENTED_EDGE('',*,*,#3728,.T.);
#5711=ORIENTED_EDGE('',*,*,#3725,.T.);
#5712=ORIENTED_EDGE('',*,*,#3722,.T.);
#5713=ORIENTED_EDGE('',*,*,#3719,.T.);
#5714=ORIENTED_EDGE('',*,*,#3716,.T.);
#5715=ORIENTED_EDGE('',*,*,#3713,.T.);
#5716=ORIENTED_EDGE('',*,*,#3710,.T.);
#5717=ORIENTED_EDGE('',*,*,#3707,.T.);
#5718=ORIENTED_EDGE('',*,*,#3655,.T.);
#5719=ORIENTED_EDGE('',*,*,#3677,.T.);
#5720=ORIENTED_EDGE('',*,*,#3674,.T.);
#5721=ORIENTED_EDGE('',*,*,#3671,.T.);
#5722=ORIENTED_EDGE('',*,*,#3668,.T.);
#5723=ORIENTED_EDGE('',*,*,#3665,.T.);
#5724=ORIENTED_EDGE('',*,*,#3662,.T.);
#5725=ORIENTED_EDGE('',*,*,#3659,.T.);
#5726=ORIENTED_EDGE('',*,*,#3921,.T.);
#5727=ORIENTED_EDGE('',*,*,#3922,.T.);
#5728=ORIENTED_EDGE('',*,*,#3500,.F.);
#5729=ORIENTED_EDGE('',*,*,#3923,.F.);
#5730=ORIENTED_EDGE('',*,*,#3924,.T.);
#5731=ORIENTED_EDGE('',*,*,#3923,.T.);
#5732=ORIENTED_EDGE('',*,*,#3499,.F.);
#5733=ORIENTED_EDGE('',*,*,#3925,.F.);
#5734=ORIENTED_EDGE('',*,*,#3926,.T.);
#5735=ORIENTED_EDGE('',*,*,#3925,.T.);
#5736=ORIENTED_EDGE('',*,*,#3498,.F.);
#5737=ORIENTED_EDGE('',*,*,#3927,.F.);
#5738=ORIENTED_EDGE('',*,*,#3928,.T.);
#5739=ORIENTED_EDGE('',*,*,#3927,.T.);
#5740=ORIENTED_EDGE('',*,*,#3497,.F.);
#5741=ORIENTED_EDGE('',*,*,#3922,.F.);
#5742=ORIENTED_EDGE('',*,*,#3929,.T.);
#5743=ORIENTED_EDGE('',*,*,#3930,.T.);
#5744=ORIENTED_EDGE('',*,*,#3504,.F.);
#5745=ORIENTED_EDGE('',*,*,#3931,.F.);
#5746=ORIENTED_EDGE('',*,*,#3932,.T.);
#5747=ORIENTED_EDGE('',*,*,#3931,.T.);
#5748=ORIENTED_EDGE('',*,*,#3503,.F.);
#5749=ORIENTED_EDGE('',*,*,#3933,.F.);
#5750=ORIENTED_EDGE('',*,*,#3934,.T.);
#5751=ORIENTED_EDGE('',*,*,#3933,.T.);
#5752=ORIENTED_EDGE('',*,*,#3502,.F.);
#5753=ORIENTED_EDGE('',*,*,#3935,.F.);
#5754=ORIENTED_EDGE('',*,*,#3936,.T.);
#5755=ORIENTED_EDGE('',*,*,#3935,.T.);
#5756=ORIENTED_EDGE('',*,*,#3501,.F.);
#5757=ORIENTED_EDGE('',*,*,#3930,.F.);
#5758=ORIENTED_EDGE('',*,*,#3487,.F.);
#5759=ORIENTED_EDGE('',*,*,#3496,.F.);
#5760=ORIENTED_EDGE('',*,*,#3611,.F.);
#5761=ORIENTED_EDGE('',*,*,#3937,.F.);
#5762=ORIENTED_EDGE('',*,*,#3604,.F.);
#5763=ORIENTED_EDGE('',*,*,#3938,.F.);
#5764=ORIENTED_EDGE('',*,*,#3605,.F.);
#5765=ORIENTED_EDGE('',*,*,#3492,.F.);
#5766=ORIENTED_EDGE('',*,*,#3612,.T.);
#5767=ORIENTED_EDGE('',*,*,#3625,.T.);
#5768=ORIENTED_EDGE('',*,*,#3622,.T.);
#5769=ORIENTED_EDGE('',*,*,#3619,.T.);
#5770=ORIENTED_EDGE('',*,*,#3616,.T.);
#5771=ORIENTED_EDGE('',*,*,#3488,.F.);
#5772=ORIENTED_EDGE('',*,*,#3937,.T.);
#5773=ORIENTED_EDGE('',*,*,#3610,.F.);
#5774=ORIENTED_EDGE('',*,*,#3608,.T.);
#5775=ORIENTED_EDGE('',*,*,#3606,.F.);
#5776=ORIENTED_EDGE('',*,*,#3938,.T.);
#5777=ORIENTED_EDGE('',*,*,#3603,.F.);
#5778=ORIENTED_EDGE('',*,*,#3601,.T.);
#5779=ORIENTED_EDGE('',*,*,#3936,.F.);
#5780=ORIENTED_EDGE('',*,*,#3929,.F.);
#5781=ORIENTED_EDGE('',*,*,#3932,.F.);
#5782=ORIENTED_EDGE('',*,*,#3934,.F.);
#5783=ORIENTED_EDGE('',*,*,#3928,.F.);
#5784=ORIENTED_EDGE('',*,*,#3921,.F.);
#5785=ORIENTED_EDGE('',*,*,#3924,.F.);
#5786=ORIENTED_EDGE('',*,*,#3926,.F.);
#5787=ORIENTED_EDGE('',*,*,#3939,.F.);
#5788=ORIENTED_EDGE('',*,*,#3940,.T.);
#5789=ORIENTED_EDGE('',*,*,#3941,.F.);
#5790=ORIENTED_EDGE('',*,*,#3942,.F.);
#5791=ORIENTED_EDGE('',*,*,#3943,.F.);
#5792=ORIENTED_EDGE('',*,*,#3942,.T.);
#5793=ORIENTED_EDGE('',*,*,#3944,.F.);
#5794=ORIENTED_EDGE('',*,*,#3945,.F.);
#5795=ORIENTED_EDGE('',*,*,#3946,.F.);
#5796=ORIENTED_EDGE('',*,*,#3945,.T.);
#5797=ORIENTED_EDGE('',*,*,#3947,.F.);
#5798=ORIENTED_EDGE('',*,*,#3948,.F.);
#5799=ORIENTED_EDGE('',*,*,#3949,.F.);
#5800=ORIENTED_EDGE('',*,*,#3948,.T.);
#5801=ORIENTED_EDGE('',*,*,#3950,.F.);
#5802=ORIENTED_EDGE('',*,*,#3940,.F.);
#5803=ORIENTED_EDGE('',*,*,#3950,.T.);
#5804=ORIENTED_EDGE('',*,*,#3947,.T.);
#5805=ORIENTED_EDGE('',*,*,#3944,.T.);
#5806=ORIENTED_EDGE('',*,*,#3941,.T.);
#5807=ORIENTED_EDGE('',*,*,#3949,.T.);
#5808=ORIENTED_EDGE('',*,*,#3939,.T.);
#5809=ORIENTED_EDGE('',*,*,#3943,.T.);
#5810=ORIENTED_EDGE('',*,*,#3946,.T.);
#5811=B_SPLINE_SURFACE_WITH_KNOTS('',3,1,((#7440,#7441),(#7442,#7443),(#7444,
#7445),(#7446,#7447),(#7448,#7449)),.UNSPECIFIED.,.F.,.F.,.F.,(4,1,4),(2,
2),(0.,0.0928998047154575,0.199292390731346),(0.,0.1),.UNSPECIFIED.);
#5812=B_SPLINE_SURFACE_WITH_KNOTS('',3,1,((#7466,#7467),(#7468,#7469),(#7470,
#7471),(#7472,#7473),(#7474,#7475)),.UNSPECIFIED.,.F.,.F.,.F.,(4,1,4),(2,
2),(0.,0.0876403193504364,0.174153346027566),(0.,0.1),.UNSPECIFIED.);
#5813=B_SPLINE_SURFACE_WITH_KNOTS('',3,1,((#7489,#7490),(#7491,#7492),(#7493,
#7494),(#7495,#7496),(#7497,#7498)),.UNSPECIFIED.,.F.,.F.,.F.,(4,1,4),(2,
2),(0.,0.0836917162893257,0.166641406450988),(0.,0.1),.UNSPECIFIED.);
#5814=B_SPLINE_SURFACE_WITH_KNOTS('',3,1,((#7512,#7513),(#7514,#7515),(#7516,
#7517),(#7518,#7519),(#7520,#7521)),.UNSPECIFIED.,.F.,.F.,.F.,(4,1,4),(2,
2),(0.,0.111273985101588,0.203908651107522),(0.,0.1),.UNSPECIFIED.);
#5815=B_SPLINE_SURFACE_WITH_KNOTS('',3,1,((#7538,#7539),(#7540,#7541),(#7542,
#7543),(#7544,#7545),(#7546,#7547)),.UNSPECIFIED.,.F.,.F.,.F.,(4,1,4),(2,
2),(0.,0.0628373015087875,0.121204696683214),(0.,0.1),.UNSPECIFIED.);
#5816=B_SPLINE_SURFACE_WITH_KNOTS('',3,1,((#7564,#7565),(#7566,#7567),(#7568,
#7569),(#7570,#7571),(#7572,#7573)),.UNSPECIFIED.,.F.,.F.,.F.,(4,1,4),(2,
2),(0.,0.0917800200235803,0.184563229280611),(0.,0.1),.UNSPECIFIED.);
#5817=B_SPLINE_SURFACE_WITH_KNOTS('',3,1,((#7587,#7588),(#7589,#7590),(#7591,
#7592),(#7593,#7594),(#7595,#7596)),.UNSPECIFIED.,.F.,.F.,.F.,(4,1,4),(2,
2),(0.,0.115267171115685,0.214477933316895),(0.,0.1),.UNSPECIFIED.);
#5818=B_SPLINE_SURFACE_WITH_KNOTS('',3,1,((#7616,#7617),(#7618,#7619),(#7620,
#7621),(#7622,#7623),(#7624,#7625)),.UNSPECIFIED.,.F.,.F.,.F.,(4,1,4),(2,
2),(0.,0.22765758337725,0.51716308427362),(0.,0.1),.UNSPECIFIED.);
#5819=B_SPLINE_SURFACE_WITH_KNOTS('',3,1,((#7639,#7640),(#7641,#7642),(#7643,
#7644),(#7645,#7646),(#7647,#7648)),.UNSPECIFIED.,.F.,.F.,.F.,(4,1,4),(2,
2),(0.,0.220579953247701,0.425271866306106),(0.,0.1),.UNSPECIFIED.);
#5820=B_SPLINE_SURFACE_WITH_KNOTS('',3,1,((#7662,#7663),(#7664,#7665),(#7666,
#7667),(#7668,#7669),(#7670,#7671)),.UNSPECIFIED.,.F.,.F.,.F.,(4,1,4),(2,
2),(0.,0.196777970818347,0.397671733986434),(0.,0.1),.UNSPECIFIED.);
#5821=B_SPLINE_SURFACE_WITH_KNOTS('',3,1,((#7685,#7686),(#7687,#7688),(#7689,
#7690),(#7691,#7692),(#7693,#7694)),.UNSPECIFIED.,.F.,.F.,.F.,(4,1,4),(2,
2),(0.,0.243407300702257,0.454196780553688),(0.,0.1),.UNSPECIFIED.);
#5822=B_SPLINE_SURFACE_WITH_KNOTS('',3,1,((#7708,#7709),(#7710,#7711),(#7712,
#7713),(#7714,#7715),(#7716,#7717)),.UNSPECIFIED.,.F.,.F.,.F.,(4,1,4),(2,
2),(0.,0.186146669982108,0.394569349979085),(0.,0.1),.UNSPECIFIED.);
#5823=B_SPLINE_SURFACE_WITH_KNOTS('',3,1,((#7731,#7732),(#7733,#7734),(#7735,
#7736),(#7737,#7738),(#7739,#7740)),.UNSPECIFIED.,.F.,.F.,.F.,(4,1,4),(2,
2),(0.,0.250898263903003,0.472695254814715),(0.,0.1),.UNSPECIFIED.);
#5824=B_SPLINE_SURFACE_WITH_KNOTS('',3,1,((#7754,#7755),(#7756,#7757),(#7758,
#7759),(#7760,#7761),(#7762,#7763)),.UNSPECIFIED.,.F.,.F.,.F.,(4,1,4),(2,
2),(0.,0.147704905626737,0.313086423946976),(0.,0.1),.UNSPECIFIED.);
#5825=B_SPLINE_SURFACE_WITH_KNOTS('',3,1,((#7777,#7778),(#7779,#7780),(#7781,
#7782),(#7783,#7784),(#7785,#7786)),.UNSPECIFIED.,.F.,.F.,.F.,(4,1,4),(2,
2),(0.,0.155988259587503,0.300515866686911),(0.,0.1),.UNSPECIFIED.);
#5826=B_SPLINE_SURFACE_WITH_KNOTS('',3,1,((#7806,#7807),(#7808,#7809),(#7810,
#7811),(#7812,#7813),(#7814,#7815)),.UNSPECIFIED.,.F.,.F.,.F.,(4,1,4),(2,
2),(0.,0.0628180639299299,0.139203715689618),(0.,0.1),.UNSPECIFIED.);
#5827=B_SPLINE_SURFACE_WITH_KNOTS('',3,1,((#7827,#7828),(#7829,#7830),(#7831,
#7832),(#7833,#7834),(#7835,#7836)),.UNSPECIFIED.,.F.,.F.,.F.,(4,1,4),(2,
2),(0.,0.0961800484908584,0.19471686078661),(0.,0.1),.UNSPECIFIED.);
#5828=B_SPLINE_SURFACE_WITH_KNOTS('',3,1,((#7853,#7854),(#7855,#7856),(#7857,
#7858),(#7859,#7860),(#7861,#7862)),.UNSPECIFIED.,.F.,.F.,.F.,(4,1,4),(2,
2),(0.,0.0987137155025268,0.196823377475338),(0.,0.1),.UNSPECIFIED.);
#5829=B_SPLINE_SURFACE_WITH_KNOTS('',3,1,((#7876,#7877),(#7878,#7879),(#7880,
#7881),(#7882,#7883),(#7884,#7885)),.UNSPECIFIED.,.F.,.F.,.F.,(4,1,4),(2,
2),(0.,0.16190756516909,0.281725246398825),(0.,0.1),.UNSPECIFIED.);
#5830=B_SPLINE_SURFACE_WITH_KNOTS('',3,1,((#7899,#7900),(#7901,#7902),(#7903,
#7904),(#7905,#7906),(#7907,#7908)),.UNSPECIFIED.,.F.,.F.,.F.,(4,1,4),(2,
2),(0.,0.117485756313344,0.265467600934866),(0.,0.1),.UNSPECIFIED.);
#5831=B_SPLINE_SURFACE_WITH_KNOTS('',3,1,((#7922,#7923),(#7924,#7925),(#7926,
#7927),(#7928,#7929),(#7930,#7931)),.UNSPECIFIED.,.F.,.F.,.F.,(4,1,4),(2,
2),(0.,0.0942248553522985,0.193906876284101),(0.,0.1),.UNSPECIFIED.);
#5832=B_SPLINE_SURFACE_WITH_KNOTS('',3,1,((#7945,#7946),(#7947,#7948),(#7949,
#7950),(#7951,#7952),(#7953,#7954)),.UNSPECIFIED.,.F.,.F.,.F.,(4,1,4),(2,
2),(0.,0.118657301089979,0.233183930934486),(0.,0.1),.UNSPECIFIED.);
#5833=B_SPLINE_SURFACE_WITH_KNOTS('',3,1,((#7968,#7969),(#7970,#7971),(#7972,
#7973),(#7974,#7975),(#7976,#7977)),.UNSPECIFIED.,.F.,.F.,.F.,(4,1,4),(2,
2),(0.,0.150378971144946,0.258386449558307),(0.,0.1),.UNSPECIFIED.);
#5834=B_SPLINE_SURFACE_WITH_KNOTS('',3,1,((#7991,#7992),(#7993,#7994),(#7995,
#7996),(#7997,#7998),(#7999,#8000)),.UNSPECIFIED.,.F.,.F.,.F.,(4,1,4),(2,
2),(0.,0.113885650024413,0.256518857018675),(0.,0.1),.UNSPECIFIED.);
#5835=B_SPLINE_SURFACE_WITH_KNOTS('',3,1,((#8026,#8027),(#8028,#8029),(#8030,
#8031),(#8032,#8033),(#8034,#8035)),.UNSPECIFIED.,.F.,.F.,.F.,(4,1,4),(2,
2),(0.,0.174017398941702,0.358434162179285),(0.,0.1),.UNSPECIFIED.);
#5836=B_SPLINE_SURFACE_WITH_KNOTS('',3,1,((#8049,#8050),(#8051,#8052),(#8053,
#8054),(#8055,#8056),(#8057,#8058)),.UNSPECIFIED.,.F.,.F.,.F.,(4,1,4),(2,
2),(0.,0.182368877584419,0.367256793834409),(0.,0.1),.UNSPECIFIED.);
#5837=B_SPLINE_SURFACE_WITH_KNOTS('',3,1,((#8072,#8073),(#8074,#8075),(#8076,
#8077),(#8078,#8079),(#8080,#8081)),.UNSPECIFIED.,.F.,.F.,.F.,(4,1,4),(2,
2),(0.,0.245296890852875,0.447253355973524),(0.,0.1),.UNSPECIFIED.);
#5838=B_SPLINE_SURFACE_WITH_KNOTS('',3,1,((#8095,#8096),(#8097,#8098),(#8099,
#8100),(#8101,#8102),(#8103,#8104)),.UNSPECIFIED.,.F.,.F.,.F.,(4,1,4),(2,
2),(0.,0.206613821491233,0.449243487074269),(0.,0.1),.UNSPECIFIED.);
#5839=B_SPLINE_SURFACE_WITH_KNOTS('',3,1,((#8118,#8119),(#8120,#8121),(#8122,
#8123),(#8124,#8125),(#8126,#8127)),.UNSPECIFIED.,.F.,.F.,.F.,(4,1,4),(2,
2),(0.,0.177862713295736,0.363356755071625),(0.,0.1),.UNSPECIFIED.);
#5840=B_SPLINE_SURFACE_WITH_KNOTS('',3,1,((#8141,#8142),(#8143,#8144),(#8145,
#8146),(#8147,#8148),(#8149,#8150)),.UNSPECIFIED.,.F.,.F.,.F.,(4,1,4),(2,
2),(0.,0.0971371913118282,0.189544389548338),(0.,0.1),.UNSPECIFIED.);
#5841=B_SPLINE_SURFACE_WITH_KNOTS('',3,1,((#8164,#8165),(#8166,#8167),(#8168,
#8169),(#8170,#8171),(#8172,#8173)),.UNSPECIFIED.,.F.,.F.,.F.,(4,1,4),(2,
2),(0.,0.108881055490191,0.211082063688376),(0.,0.1),.UNSPECIFIED.);
#5842=B_SPLINE_SURFACE_WITH_KNOTS('',3,1,((#8203,#8204),(#8205,#8206),(#8207,
#8208),(#8209,#8210),(#8211,#8212)),.UNSPECIFIED.,.F.,.F.,.F.,(4,1,4),(2,
2),(0.,0.0819602393215757,0.218324374843256),(0.,0.1),.UNSPECIFIED.);
#5843=B_SPLINE_SURFACE_WITH_KNOTS('',3,1,((#8229,#8230),(#8231,#8232),(#8233,
#8234),(#8235,#8236),(#8237,#8238)),.UNSPECIFIED.,.F.,.F.,.F.,(4,1,4),(2,
2),(0.,0.0695515493652616,0.140739434456281),(0.,0.1),.UNSPECIFIED.);
#5844=B_SPLINE_SURFACE_WITH_KNOTS('',3,1,((#8252,#8253),(#8254,#8255),(#8256,
#8257),(#8258,#8259),(#8260,#8261)),.UNSPECIFIED.,.F.,.F.,.F.,(4,1,4),(2,
2),(0.,0.0756544589205198,0.145976540198212),(0.,0.1),.UNSPECIFIED.);
#5845=B_SPLINE_SURFACE_WITH_KNOTS('',3,1,((#8275,#8276),(#8277,#8278),(#8279,
#8280),(#8281,#8282),(#8283,#8284)),.UNSPECIFIED.,.F.,.F.,.F.,(4,1,4),(2,
2),(0.,0.0600141073068659,0.123014383644659),(0.,0.1),.UNSPECIFIED.);
#5846=B_SPLINE_SURFACE_WITH_KNOTS('',3,1,((#8298,#8299),(#8300,#8301),(#8302,
#8303),(#8304,#8305),(#8306,#8307)),.UNSPECIFIED.,.F.,.F.,.F.,(4,1,4),(2,
2),(0.,0.0617281074294967,0.12135708535751),(0.,0.1),.UNSPECIFIED.);
#5847=B_SPLINE_SURFACE_WITH_KNOTS('',3,1,((#8321,#8322),(#8323,#8324),(#8325,
#8326),(#8327,#8328),(#8329,#8330)),.UNSPECIFIED.,.F.,.F.,.F.,(4,1,4),(2,
2),(0.,0.149502216123184,0.241256961988123),(0.,0.1),.UNSPECIFIED.);
#5848=B_SPLINE_SURFACE_WITH_KNOTS('',3,1,((#8374,#8375),(#8376,#8377),(#8378,
#8379),(#8380,#8381),(#8382,#8383)),.UNSPECIFIED.,.F.,.F.,.F.,(4,1,4),(2,
2),(0.,0.133733602383763,0.315174338235039),(0.,0.1),.UNSPECIFIED.);
#5849=B_SPLINE_SURFACE_WITH_KNOTS('',3,1,((#8397,#8398),(#8399,#8400),(#8401,
#8402),(#8403,#8404),(#8405,#8406)),.UNSPECIFIED.,.F.,.F.,.F.,(4,1,4),(2,
2),(0.,0.0897738890174278,0.173252686275197),(0.,0.1),.UNSPECIFIED.);
#5850=B_SPLINE_SURFACE_WITH_KNOTS('',3,1,((#8420,#8421),(#8422,#8423),(#8424,
#8425),(#8426,#8427),(#8428,#8429)),.UNSPECIFIED.,.F.,.F.,.F.,(4,1,4),(2,
2),(0.,0.101489985172047,0.196566808152915),(0.,0.1),.UNSPECIFIED.);
#5851=B_SPLINE_SURFACE_WITH_KNOTS('',3,1,((#8443,#8444),(#8445,#8446),(#8447,
#8448),(#8449,#8450),(#8451,#8452)),.UNSPECIFIED.,.F.,.F.,.F.,(4,1,4),(2,
2),(0.,0.127748087970754,0.239403369690978),(0.,0.1),.UNSPECIFIED.);
#5852=B_SPLINE_SURFACE_WITH_KNOTS('',3,1,((#8466,#8467),(#8468,#8469),(#8470,
#8471),(#8472,#8473),(#8474,#8475)),.UNSPECIFIED.,.F.,.F.,.F.,(4,1,4),(2,
2),(0.,0.145055134908359,0.309062459275457),(0.,0.1),.UNSPECIFIED.);
#5853=B_SPLINE_SURFACE_WITH_KNOTS('',3,1,((#8489,#8490),(#8491,#8492),(#8493,
#8494),(#8495,#8496),(#8497,#8498)),.UNSPECIFIED.,.F.,.F.,.F.,(4,1,4),(2,
2),(0.,0.129994922553265,0.264871241987004),(0.,0.1),.UNSPECIFIED.);
#5854=B_SPLINE_SURFACE_WITH_KNOTS('',3,1,((#8512,#8513),(#8514,#8515),(#8516,
#8517),(#8518,#8519),(#8520,#8521)),.UNSPECIFIED.,.F.,.F.,.F.,(4,1,4),(2,
2),(0.,0.228241690067647,0.361308411081041),(0.,0.1),.UNSPECIFIED.);
#5855=B_SPLINE_SURFACE_WITH_KNOTS('',3,1,((#8551,#8552),(#8553,#8554),(#8555,
#8556),(#8557,#8558),(#8559,#8560)),.UNSPECIFIED.,.F.,.F.,.F.,(4,1,4),(2,
2),(0.,0.0541240519253751,0.140885255954901),(0.,0.1),.UNSPECIFIED.);
#5856=B_SPLINE_SURFACE_WITH_KNOTS('',3,1,((#8577,#8578),(#8579,#8580),(#8581,
#8582),(#8583,#8584),(#8585,#8586)),.UNSPECIFIED.,.F.,.F.,.F.,(4,1,4),(2,
2),(0.,0.0611360268140128,0.118909247902911),(0.,0.1),.UNSPECIFIED.);
#5857=B_SPLINE_SURFACE_WITH_KNOTS('',3,1,((#8600,#8601),(#8602,#8603),(#8604,
#8605),(#8606,#8607),(#8608,#8609)),.UNSPECIFIED.,.F.,.F.,.F.,(4,1,4),(2,
2),(0.,0.0770411589411318,0.158972179655882),(0.,0.1),.UNSPECIFIED.);
#5858=B_SPLINE_SURFACE_WITH_KNOTS('',3,1,((#8623,#8624),(#8625,#8626),(#8627,
#8628),(#8629,#8630),(#8631,#8632)),.UNSPECIFIED.,.F.,.F.,.F.,(4,1,4),(2,
2),(0.,0.0608781414034034,0.125262589435097),(0.,0.1),.UNSPECIFIED.);
#5859=B_SPLINE_SURFACE_WITH_KNOTS('',3,1,((#8646,#8647),(#8648,#8649),(#8650,
#8651),(#8652,#8653),(#8654,#8655)),.UNSPECIFIED.,.F.,.F.,.F.,(4,1,4),(2,
2),(0.,0.0573899939456706,0.116150410148352),(0.,0.1),.UNSPECIFIED.);
#5860=B_SPLINE_SURFACE_WITH_KNOTS('',3,1,((#8669,#8670),(#8671,#8672),(#8673,
#8674),(#8675,#8676),(#8677,#8678)),.UNSPECIFIED.,.F.,.F.,.F.,(4,1,4),(2,
2),(0.,0.0618975977507829,0.119657056816664),(0.,0.1),.UNSPECIFIED.);
#5861=B_SPLINE_SURFACE_WITH_KNOTS('',3,1,((#8692,#8693),(#8694,#8695),(#8696,
#8697),(#8698,#8699),(#8700,#8701)),.UNSPECIFIED.,.F.,.F.,.F.,(4,1,4),(2,
2),(0.,0.102181104115909,0.164856929299419),(0.,0.1),.UNSPECIFIED.);
#5862=B_SPLINE_SURFACE_WITH_KNOTS('',3,1,((#8715,#8716),(#8717,#8718),(#8719,
#8720),(#8721,#8722),(#8723,#8724)),.UNSPECIFIED.,.F.,.F.,.F.,(4,1,4),(2,
2),(0.,0.0741731384623558,0.180467979835096),(0.,0.1),.UNSPECIFIED.);
#5863=B_SPLINE_SURFACE_WITH_KNOTS('',3,1,((#8741,#8742),(#8743,#8744),(#8745,
#8746),(#8747,#8748),(#8749,#8750)),.UNSPECIFIED.,.F.,.F.,.F.,(4,1,4),(2,
2),(0.,0.0687134653650042,0.124891636976234),(0.,0.1),.UNSPECIFIED.);
#5864=B_SPLINE_SURFACE_WITH_KNOTS('',3,1,((#8767,#8768),(#8769,#8770),(#8771,
#8772),(#8773,#8774),(#8775,#8776)),.UNSPECIFIED.,.F.,.F.,.F.,(4,1,4),(2,
2),(0.,0.0647496519494042,0.160570119552872),(0.,0.1),.UNSPECIFIED.);
#5865=B_SPLINE_SURFACE_WITH_KNOTS('',3,1,((#8790,#8791),(#8792,#8793),(#8794,
#8795),(#8796,#8797),(#8798,#8799)),.UNSPECIFIED.,.F.,.F.,.F.,(4,1,4),(2,
2),(0.,0.0717175890946818,0.128016358786652),(0.,0.1),.UNSPECIFIED.);
#5866=B_SPLINE_SURFACE_WITH_KNOTS('',3,1,((#8819,#8820),(#8821,#8822),(#8823,
#8824),(#8825,#8826),(#8827,#8828)),.UNSPECIFIED.,.F.,.F.,.F.,(4,1,4),(2,
2),(0.,0.174494208891357,0.288407308452974),(0.,0.1),.UNSPECIFIED.);
#5867=B_SPLINE_SURFACE_WITH_KNOTS('',3,1,((#8842,#8843),(#8844,#8845),(#8846,
#8847),(#8848,#8849),(#8850,#8851)),.UNSPECIFIED.,.F.,.F.,.F.,(4,1,4),(2,
2),(0.,0.103274183761209,0.238751843090807),(0.,0.1),.UNSPECIFIED.);
#5868=B_SPLINE_SURFACE_WITH_KNOTS('',3,1,((#8865,#8866),(#8867,#8868),(#8869,
#8870),(#8871,#8872),(#8873,#8874)),.UNSPECIFIED.,.F.,.F.,.F.,(4,1,4),(2,
2),(0.,0.0827469379218019,0.167350030787697),(0.,0.1),.UNSPECIFIED.);
#5869=B_SPLINE_SURFACE_WITH_KNOTS('',3,1,((#8888,#8889),(#8890,#8891),(#8892,
#8893),(#8894,#8895),(#8896,#8897)),.UNSPECIFIED.,.F.,.F.,.F.,(4,1,4),(2,
2),(0.,0.0877910156251958,0.171676987127477),(0.,0.1),.UNSPECIFIED.);
#5870=B_SPLINE_SURFACE_WITH_KNOTS('',3,1,((#8911,#8912),(#8913,#8914),(#8915,
#8916),(#8917,#8918),(#8919,#8920)),.UNSPECIFIED.,.F.,.F.,.F.,(4,1,4),(2,
2),(0.,0.12603870870977,0.255448108326092),(0.,0.1),.UNSPECIFIED.);
#5871=B_SPLINE_SURFACE_WITH_KNOTS('',3,1,((#8934,#8935),(#8936,#8937),(#8938,
#8939),(#8940,#8941),(#8942,#8943)),.UNSPECIFIED.,.F.,.F.,.F.,(4,1,4),(2,
2),(0.,0.15174287940675,0.285039998199388),(0.,0.1),.UNSPECIFIED.);
#5872=B_SPLINE_SURFACE_WITH_KNOTS('',3,1,((#8957,#8958),(#8959,#8960),(#8961,
#8962),(#8963,#8964),(#8965,#8966)),.UNSPECIFIED.,.F.,.F.,.F.,(4,1,4),(2,
2),(0.,0.0907791210667023,0.1835554343044),(0.,0.1),.UNSPECIFIED.);
#5873=B_SPLINE_SURFACE_WITH_KNOTS('',3,1,((#8980,#8981),(#8982,#8983),(#8984,
#8985),(#8986,#8987),(#8988,#8989)),.UNSPECIFIED.,.F.,.F.,.F.,(4,1,4),(2,
2),(0.,0.0986821763415001,0.191530533841909),(0.,0.1),.UNSPECIFIED.);
#5874=B_SPLINE_SURFACE_WITH_KNOTS('',3,1,((#9003,#9004),(#9005,#9006),(#9007,
#9008),(#9009,#9010),(#9011,#9012)),.UNSPECIFIED.,.F.,.F.,.F.,(4,1,4),(2,
2),(0.,0.0221008518864431,0.0352864025448696),(0.,0.1),.UNSPECIFIED.);
#5875=B_SPLINE_SURFACE_WITH_KNOTS('',3,1,((#9026,#9027),(#9028,#9029),(#9030,
#9031),(#9032,#9033),(#9034,#9035)),.UNSPECIFIED.,.F.,.F.,.F.,(4,1,4),(2,
2),(0.,0.0377005425244487,0.0893247739531581),(0.,0.1),.UNSPECIFIED.);
#5876=B_SPLINE_SURFACE_WITH_KNOTS('',3,1,((#9055,#9056),(#9057,#9058),(#9059,
#9060),(#9061,#9062),(#9063,#9064)),.UNSPECIFIED.,.F.,.F.,.F.,(4,1,4),(2,
2),(0.,0.0732076660217022,0.154995210220674),(0.,0.1),.UNSPECIFIED.);
#5877=B_SPLINE_SURFACE_WITH_KNOTS('',3,1,((#9078,#9079),(#9080,#9081),(#9082,
#9083),(#9084,#9085),(#9086,#9087)),.UNSPECIFIED.,.F.,.F.,.F.,(4,1,4),(2,
2),(0.,0.124493699090757,0.211952927145225),(0.,0.1),.UNSPECIFIED.);
#5878=B_SPLINE_SURFACE_WITH_KNOTS('',3,1,((#9107,#9108),(#9109,#9110),(#9111,
#9112),(#9113,#9114),(#9115,#9116)),.UNSPECIFIED.,.F.,.F.,.F.,(4,1,4),(2,
2),(0.,0.103460256632586,0.261706463542011),(0.,0.1),.UNSPECIFIED.);
#5879=B_SPLINE_SURFACE_WITH_KNOTS('',3,1,((#9130,#9131),(#9132,#9133),(#9134,
#9135),(#9136,#9137),(#9138,#9139)),.UNSPECIFIED.,.F.,.F.,.F.,(4,1,4),(2,
2),(0.,0.0953978778412346,0.178017392711309),(0.,0.1),.UNSPECIFIED.);
#5880=B_SPLINE_SURFACE_WITH_KNOTS('',3,1,((#9153,#9154),(#9155,#9156),(#9157,
#9158),(#9159,#9160),(#9161,#9162)),.UNSPECIFIED.,.F.,.F.,.F.,(4,1,4),(2,
2),(0.,0.168189409019274,0.291694835023785),(0.,0.1),.UNSPECIFIED.);
#5881=B_SPLINE_SURFACE_WITH_KNOTS('',3,1,((#9176,#9177),(#9178,#9179),(#9180,
#9181),(#9182,#9183),(#9184,#9185)),.UNSPECIFIED.,.F.,.F.,.F.,(4,1,4),(2,
2),(0.,0.145100627626882,0.331771841313582),(0.,0.1),.UNSPECIFIED.);
#5882=B_SPLINE_SURFACE_WITH_KNOTS('',3,1,((#9199,#9200),(#9201,#9202),(#9203,
#9204),(#9205,#9206),(#9207,#9208)),.UNSPECIFIED.,.F.,.F.,.F.,(4,1,4),(2,
2),(0.,0.149603931559931,0.282407179633356),(0.,0.1),.UNSPECIFIED.);
#5883=B_SPLINE_SURFACE_WITH_KNOTS('',3,1,((#9228,#9229),(#9230,#9231),(#9232,
#9233),(#9234,#9235),(#9236,#9237)),.UNSPECIFIED.,.F.,.F.,.F.,(4,1,4),(2,
2),(0.,0.0569173376674212,0.128198524254005),(0.,0.1),.UNSPECIFIED.);
#5884=B_SPLINE_SURFACE_WITH_KNOTS('',3,1,((#9328,#9329),(#9330,#9331),(#9332,
#9333),(#9334,#9335),(#9336,#9337)),.UNSPECIFIED.,.F.,.F.,.F.,(4,1,4),(2,
2),(0.,0.105803063967044,0.213033670266214),(0.,0.1),.UNSPECIFIED.);
#5885=B_SPLINE_SURFACE_WITH_KNOTS('',3,1,((#9354,#9355),(#9356,#9357),(#9358,
#9359),(#9360,#9361),(#9362,#9363)),.UNSPECIFIED.,.F.,.F.,.F.,(4,1,4),(2,
2),(0.,0.106924292424802,0.21260223028142),(0.,0.1),.UNSPECIFIED.);
#5886=B_SPLINE_SURFACE_WITH_KNOTS('',3,1,((#9377,#9378),(#9379,#9380),(#9381,
#9382),(#9383,#9384),(#9385,#9386)),.UNSPECIFIED.,.F.,.F.,.F.,(4,1,4),(2,
2),(0.,0.142480716944824,0.261479441218951),(0.,0.1),.UNSPECIFIED.);
#5887=B_SPLINE_SURFACE_WITH_KNOTS('',3,1,((#9400,#9401),(#9402,#9403),(#9404,
#9405),(#9406,#9407),(#9408,#9409)),.UNSPECIFIED.,.F.,.F.,.F.,(4,1,4),(2,
2),(0.,0.119896816491278,0.265420202635973),(0.,0.1),.UNSPECIFIED.);
#5888=B_SPLINE_SURFACE_WITH_KNOTS('',3,1,((#9423,#9424),(#9425,#9426),(#9427,
#9428),(#9429,#9430),(#9431,#9432)),.UNSPECIFIED.,.F.,.F.,.F.,(4,1,4),(2,
2),(0.,0.105677809018317,0.212602268420606),(0.,0.1),.UNSPECIFIED.);
#5889=B_SPLINE_SURFACE_WITH_KNOTS('',3,1,((#9446,#9447),(#9448,#9449),(#9450,
#9451),(#9452,#9453),(#9454,#9455)),.UNSPECIFIED.,.F.,.F.,.F.,(4,1,4),(2,
2),(0.,0.107230677961246,0.213033729823473),(0.,0.1),.UNSPECIFIED.);
#5890=B_SPLINE_SURFACE_WITH_KNOTS('',3,1,((#9469,#9470),(#9471,#9472),(#9473,
#9474),(#9475,#9476),(#9477,#9478)),.UNSPECIFIED.,.F.,.F.,.F.,(4,1,4),(2,
2),(0.,0.144018773663437,0.263650626081199),(0.,0.1),.UNSPECIFIED.);
#5891=B_SPLINE_SURFACE_WITH_KNOTS('',3,1,((#9492,#9493),(#9494,#9495),(#9496,
#9497),(#9498,#9499),(#9500,#9501)),.UNSPECIFIED.,.F.,.F.,.F.,(4,1,4),(2,
2),(0.,0.119631904671159,0.263650678334595),(0.,0.1),.UNSPECIFIED.);
#5892=B_SPLINE_SURFACE_WITH_KNOTS('',3,1,((#9512,#9513),(#9514,#9515),(#9516,
#9517),(#9518,#9519),(#9520,#9521)),.UNSPECIFIED.,.F.,.F.,.F.,(4,1,4),(2,
2),(0.,0.145506597583457,0.289394489537526),(0.,0.1),.UNSPECIFIED.);
#5893=B_SPLINE_SURFACE_WITH_KNOTS('',3,1,((#9538,#9539),(#9540,#9541),(#9542,
#9543),(#9544,#9545),(#9546,#9547)),.UNSPECIFIED.,.F.,.F.,.F.,(4,1,4),(2,
2),(0.,0.146905988990119,0.294870748973925),(0.,0.1),.UNSPECIFIED.);
#5894=B_SPLINE_SURFACE_WITH_KNOTS('',3,1,((#9561,#9562),(#9563,#9564),(#9565,
#9566),(#9567,#9568),(#9569,#9570)),.UNSPECIFIED.,.F.,.F.,.F.,(4,1,4),(2,
2),(0.,0.216992608149463,0.441564521439462),(0.,0.1),.UNSPECIFIED.);
#5895=B_SPLINE_SURFACE_WITH_KNOTS('',3,1,((#9584,#9585),(#9586,#9587),(#9588,
#9589),(#9590,#9591),(#9592,#9593)),.UNSPECIFIED.,.F.,.F.,.F.,(4,1,4),(2,
2),(0.,0.228967528925527,0.447670452336704),(0.,0.1),.UNSPECIFIED.);
#5896=B_SPLINE_SURFACE_WITH_KNOTS('',3,1,((#9607,#9608),(#9609,#9610),(#9611,
#9612),(#9613,#9614),(#9615,#9616)),.UNSPECIFIED.,.F.,.F.,.F.,(4,1,4),(2,
2),(0.,0.216359787301547,0.443245326067866),(0.,0.1),.UNSPECIFIED.);
#5897=B_SPLINE_SURFACE_WITH_KNOTS('',3,1,((#9630,#9631),(#9632,#9633),(#9634,
#9635),(#9636,#9637),(#9638,#9639)),.UNSPECIFIED.,.F.,.F.,.F.,(4,1,4),(2,
2),(0.,0.227878836496078,0.444121385966345),(0.,0.1),.UNSPECIFIED.);
#5898=B_SPLINE_SURFACE_WITH_KNOTS('',3,1,((#9653,#9654),(#9655,#9656),(#9657,
#9658),(#9659,#9660),(#9661,#9662)),.UNSPECIFIED.,.F.,.F.,.F.,(4,1,4),(2,
2),(0.,0.146857847370238,0.299950523456441),(0.,0.1),.UNSPECIFIED.);
#5899=B_SPLINE_SURFACE_WITH_KNOTS('',3,1,((#9676,#9677),(#9678,#9679),(#9680,
#9681),(#9682,#9683),(#9684,#9685)),.UNSPECIFIED.,.F.,.F.,.F.,(4,1,4),(2,
2),(0.,0.145752462920355,0.289409113612066),(0.,0.1),.UNSPECIFIED.);
#5900=B_SPLINE_SURFACE_WITH_KNOTS('',3,1,((#9699,#9700),(#9701,#9702),(#9703,
#9704),(#9705,#9706),(#9707,#9708)),.UNSPECIFIED.,.F.,.F.,.F.,(4,1,4),(2,
2),(0.,0.142045559241692,0.288306971164719),(0.,0.1),.UNSPECIFIED.);
#5901=B_SPLINE_SURFACE_WITH_KNOTS('',3,1,((#9722,#9723),(#9724,#9725),(#9726,
#9727),(#9728,#9729),(#9730,#9731)),.UNSPECIFIED.,.F.,.F.,.F.,(4,1,4),(2,
2),(0.,0.154040380289543,0.327985713621128),(0.,0.1),.UNSPECIFIED.);
#5902=B_SPLINE_SURFACE_WITH_KNOTS('',3,1,((#10412,#10413),(#10414,#10415),
(#10416,#10417),(#10418,#10419),(#10420,#10421)),.UNSPECIFIED.,.F.,.F.,
 .F.,(4,1,4),(2,2),(0.,0.0619332351197784,0.132861666519965),(0.,0.1),
 .UNSPECIFIED.);
#5903=B_SPLINE_SURFACE_WITH_KNOTS('',3,1,((#10438,#10439),(#10440,#10441),
(#10442,#10443),(#10444,#10445),(#10446,#10447)),.UNSPECIFIED.,.F.,.F.,
 .F.,(4,1,4),(2,2),(0.,0.0584268444830578,0.116102227558657),(0.,0.1),
 .UNSPECIFIED.);
#5904=B_SPLINE_SURFACE_WITH_KNOTS('',3,1,((#10461,#10462),(#10463,#10464),
(#10465,#10466),(#10467,#10468),(#10469,#10470)),.UNSPECIFIED.,.F.,.F.,
 .F.,(4,1,4),(2,2),(0.,0.0557945294771135,0.111094309285847),(0.,0.1),
 .UNSPECIFIED.);
#5905=B_SPLINE_SURFACE_WITH_KNOTS('',3,1,((#10484,#10485),(#10486,#10487),
(#10488,#10489),(#10490,#10491),(#10492,#10493)),.UNSPECIFIED.,.F.,.F.,
 .F.,(4,1,4),(2,2),(0.,0.0741827077057878,0.135939173874549),(0.,0.1),
 .UNSPECIFIED.);
#5906=B_SPLINE_SURFACE_WITH_KNOTS('',3,1,((#10510,#10511),(#10512,#10513),
(#10514,#10515),(#10516,#10517),(#10518,#10519)),.UNSPECIFIED.,.F.,.F.,
 .F.,(4,1,4),(2,2),(0.,0.0418915794699163,0.080803136025004),(0.,0.1),
 .UNSPECIFIED.);
#5907=B_SPLINE_SURFACE_WITH_KNOTS('',3,1,((#10529,#10530),(#10531,#10532),
(#10533,#10534),(#10535,#10536),(#10537,#10538)),.UNSPECIFIED.,.F.,.F.,
 .F.,(4,1,4),(2,2),(0.,0.0611865633974346,0.123042041713023),(0.,0.1),
 .UNSPECIFIED.);
#5908=B_SPLINE_SURFACE_WITH_KNOTS('',3,1,((#10546,#10547),(#10548,#10549),
(#10550,#10551),(#10552,#10553),(#10554,#10555)),.UNSPECIFIED.,.F.,.F.,
 .F.,(4,1,4),(2,2),(0.,0.0768447399154571,0.142985335340002),(0.,0.1),
 .UNSPECIFIED.);
#5909=B_SPLINE_SURFACE_WITH_KNOTS('',3,1,((#10567,#10568),(#10569,#10570),
(#10571,#10572),(#10573,#10574),(#10575,#10576)),.UNSPECIFIED.,.F.,.F.,
 .F.,(4,1,4),(2,2),(0.,0.151771686867797,0.344775393648211),(0.,0.1),
 .UNSPECIFIED.);
#5910=B_SPLINE_SURFACE_WITH_KNOTS('',3,1,((#10584,#10585),(#10586,#10587),
(#10588,#10589),(#10590,#10591),(#10592,#10593)),.UNSPECIFIED.,.F.,.F.,
 .F.,(4,1,4),(2,2),(0.,0.147053247156148,0.283514524167112),(0.,0.1),
 .UNSPECIFIED.);
#5911=B_SPLINE_SURFACE_WITH_KNOTS('',3,1,((#10601,#10602),(#10603,#10604),
(#10605,#10606),(#10607,#10608),(#10609,#10610)),.UNSPECIFIED.,.F.,.F.,
 .F.,(4,1,4),(2,2),(0.,0.131185250356549,0.265114443118566),(0.,0.1),
 .UNSPECIFIED.);
#5912=B_SPLINE_SURFACE_WITH_KNOTS('',3,1,((#10618,#10619),(#10620,#10621),
(#10622,#10623),(#10624,#10625),(#10626,#10627)),.UNSPECIFIED.,.F.,.F.,
 .F.,(4,1,4),(2,2),(0.,0.162271495925863,0.302797744905627),(0.,0.1),
 .UNSPECIFIED.);
#5913=B_SPLINE_SURFACE_WITH_KNOTS('',3,1,((#10635,#10636),(#10637,#10638),
(#10639,#10640),(#10641,#10642),(#10643,#10644)),.UNSPECIFIED.,.F.,.F.,
 .F.,(4,1,4),(2,2),(0.,0.124097731266935,0.263046262128282),(0.,0.1),
 .UNSPECIFIED.);
#5914=B_SPLINE_SURFACE_WITH_KNOTS('',3,1,((#10652,#10653),(#10654,#10655),
(#10656,#10657),(#10658,#10659),(#10660,#10661)),.UNSPECIFIED.,.F.,.F.,
 .F.,(4,1,4),(2,2),(0.,0.167265582515183,0.315130258612838),(0.,0.1),
 .UNSPECIFIED.);
#5915=B_SPLINE_SURFACE_WITH_KNOTS('',3,1,((#10669,#10670),(#10671,#10672),
(#10673,#10674),(#10675,#10676),(#10677,#10678)),.UNSPECIFIED.,.F.,.F.,
 .F.,(4,1,4),(2,2),(0.,0.098469917609514,0.20872421878153),(0.,0.1),
 .UNSPECIFIED.);
#5916=B_SPLINE_SURFACE_WITH_KNOTS('',3,1,((#10686,#10687),(#10688,#10689),
(#10690,#10691),(#10692,#10693),(#10694,#10695)),.UNSPECIFIED.,.F.,.F.,
 .F.,(4,1,4),(2,2),(0.,0.10399212504212,0.200343911644322),(0.,0.1),
 .UNSPECIFIED.);
#5917=B_SPLINE_SURFACE_WITH_KNOTS('',3,1,((#10707,#10708),(#10709,#10710),
(#10711,#10712),(#10713,#10714),(#10715,#10716)),.UNSPECIFIED.,.F.,.F.,
 .F.,(4,1,4),(2,2),(0.,0.0418787333151684,0.0928025328917369),(0.,0.1),
 .UNSPECIFIED.);
#5918=B_SPLINE_SURFACE_WITH_KNOTS('',3,1,((#10723,#10724),(#10725,#10726),
(#10727,#10728),(#10729,#10730),(#10731,#10732)),.UNSPECIFIED.,.F.,.F.,
 .F.,(4,1,4),(2,2),(0.,0.0641203430317399,0.129811164476503),(0.,0.1),
 .UNSPECIFIED.);
#5919=B_SPLINE_SURFACE_WITH_KNOTS('',3,1,((#10749,#10750),(#10751,#10752),
(#10753,#10754),(#10755,#10756),(#10757,#10758)),.UNSPECIFIED.,.F.,.F.,
 .F.,(4,1,4),(2,2),(0.,0.0658092427760919,0.13121568826134),(0.,0.1),
 .UNSPECIFIED.);
#5920=B_SPLINE_SURFACE_WITH_KNOTS('',3,1,((#10772,#10773),(#10774,#10775),
(#10776,#10777),(#10778,#10779),(#10780,#10781)),.UNSPECIFIED.,.F.,.F.,
 .F.,(4,1,4),(2,2),(0.,0.107938297739779,0.187816532322182),(0.,0.1),
 .UNSPECIFIED.);
#5921=B_SPLINE_SURFACE_WITH_KNOTS('',3,1,((#10795,#10796),(#10797,#10798),
(#10799,#10800),(#10801,#10802),(#10803,#10804)),.UNSPECIFIED.,.F.,.F.,
 .F.,(4,1,4),(2,2),(0.,0.0783239081399615,0.176978531459743),(0.,0.1),
 .UNSPECIFIED.);
#5922=B_SPLINE_SURFACE_WITH_KNOTS('',3,1,((#10818,#10819),(#10820,#10821),
(#10822,#10823),(#10824,#10825),(#10826,#10827)),.UNSPECIFIED.,.F.,.F.,
 .F.,(4,1,4),(2,2),(0.,0.0628168622514992,0.129271275507462),(0.,0.1),
 .UNSPECIFIED.);
#5923=B_SPLINE_SURFACE_WITH_KNOTS('',3,1,((#10841,#10842),(#10843,#10844),
(#10845,#10846),(#10847,#10848),(#10849,#10850)),.UNSPECIFIED.,.F.,.F.,
 .F.,(4,1,4),(2,2),(0.,0.0791048673933193,0.155455953956324),(0.,0.1),
 .UNSPECIFIED.);
#5924=B_SPLINE_SURFACE_WITH_KNOTS('',3,1,((#10864,#10865),(#10866,#10867),
(#10868,#10869),(#10870,#10871),(#10872,#10873)),.UNSPECIFIED.,.F.,.F.,
 .F.,(4,1,4),(2,2),(0.,0.100252634722196,0.17225780139625),(0.,0.1),
 .UNSPECIFIED.);
#5925=B_SPLINE_SURFACE_WITH_KNOTS('',3,1,((#10887,#10888),(#10889,#10890),
(#10891,#10892),(#10893,#10894),(#10895,#10896)),.UNSPECIFIED.,.F.,.F.,
 .F.,(4,1,4),(2,2),(0.,0.0759239835648545,0.171012768505593),(0.,0.1),
 .UNSPECIFIED.);
#5926=B_SPLINE_SURFACE_WITH_KNOTS('',3,1,((#10917,#10918),(#10919,#10920),
(#10921,#10922),(#10923,#10924),(#10925,#10926)),.UNSPECIFIED.,.F.,.F.,
 .F.,(4,1,4),(2,2),(0.,0.116012219849381,0.238955940607906),(0.,0.1),
 .UNSPECIFIED.);
#5927=B_SPLINE_SURFACE_WITH_KNOTS('',3,1,((#10934,#10935),(#10936,#10937),
(#10938,#10939),(#10940,#10941),(#10942,#10943)),.UNSPECIFIED.,.F.,.F.,
 .F.,(4,1,4),(2,2),(0.,0.121579892684594,0.244837879862597),(0.,0.1),
 .UNSPECIFIED.);
#5928=B_SPLINE_SURFACE_WITH_KNOTS('',3,1,((#10951,#10952),(#10953,#10954),
(#10955,#10956),(#10957,#10958),(#10959,#10960)),.UNSPECIFIED.,.F.,.F.,
 .F.,(4,1,4),(2,2),(0.,0.16353123951833,0.298168848128779),(0.,0.1),
 .UNSPECIFIED.);
#5929=B_SPLINE_SURFACE_WITH_KNOTS('',3,1,((#10968,#10969),(#10970,#10971),
(#10972,#10973),(#10974,#10975),(#10976,#10977)),.UNSPECIFIED.,.F.,.F.,
 .F.,(4,1,4),(2,2),(0.,0.137742505376934,0.299495637633763),(0.,0.1),
 .UNSPECIFIED.);
#5930=B_SPLINE_SURFACE_WITH_KNOTS('',3,1,((#10985,#10986),(#10987,#10988),
(#10989,#10990),(#10991,#10992),(#10993,#10994)),.UNSPECIFIED.,.F.,.F.,
 .F.,(4,1,4),(2,2),(0.,0.118575305954798,0.242238126394987),(0.,0.1),
 .UNSPECIFIED.);
#5931=B_SPLINE_SURFACE_WITH_KNOTS('',3,1,((#11002,#11003),(#11004,#11005),
(#11006,#11007),(#11008,#11009),(#11010,#11011)),.UNSPECIFIED.,.F.,.F.,
 .F.,(4,1,4),(2,2),(0.,0.0647578159721615,0.126362777426555),(0.,0.1),
 .UNSPECIFIED.);
#5932=B_SPLINE_SURFACE_WITH_KNOTS('',3,1,((#11019,#11020),(#11021,#11022),
(#11023,#11024),(#11025,#11026),(#11027,#11028)),.UNSPECIFIED.,.F.,.F.,
 .F.,(4,1,4),(2,2),(0.,0.0725872051824045,0.140721168478642),(0.,0.1),
 .UNSPECIFIED.);
#5933=B_SPLINE_SURFACE_WITH_KNOTS('',3,1,((#11047,#11048),(#11049,#11050),
(#11051,#11052),(#11053,#11054),(#11055,#11056)),.UNSPECIFIED.,.F.,.F.,
 .F.,(4,1,4),(2,2),(0.,0.0546397583482254,0.145549261860922),(0.,0.1),
 .UNSPECIFIED.);
#5934=B_SPLINE_SURFACE_WITH_KNOTS('',3,1,((#11073,#11074),(#11075,#11076),
(#11077,#11078),(#11079,#11080),(#11081,#11082)),.UNSPECIFIED.,.F.,.F.,
 .F.,(4,1,4),(2,2),(0.,0.0463679609540562,0.0938267077196354),(0.,0.1),
 .UNSPECIFIED.);
#5935=B_SPLINE_SURFACE_WITH_KNOTS('',3,1,((#11096,#11097),(#11098,#11099),
(#11100,#11101),(#11102,#11103),(#11104,#11105)),.UNSPECIFIED.,.F.,.F.,
 .F.,(4,1,4),(2,2),(0.,0.0504362723586453,0.097317711044986),(0.,0.1),
 .UNSPECIFIED.);
#5936=B_SPLINE_SURFACE_WITH_KNOTS('',3,1,((#11119,#11120),(#11121,#11122),
(#11123,#11124),(#11125,#11126),(#11127,#11128)),.UNSPECIFIED.,.F.,.F.,
 .F.,(4,1,4),(2,2),(0.,0.040009386918176,0.0820095730797658),(0.,0.1),
 .UNSPECIFIED.);
#5937=B_SPLINE_SURFACE_WITH_KNOTS('',3,1,((#11142,#11143),(#11144,#11145),
(#11146,#11147),(#11148,#11149),(#11150,#11151)),.UNSPECIFIED.,.F.,.F.,
 .F.,(4,1,4),(2,2),(0.,0.0411522102668031,0.0809051739948828),(0.,0.1),
 .UNSPECIFIED.);
#5938=B_SPLINE_SURFACE_WITH_KNOTS('',3,1,((#11165,#11166),(#11167,#11168),
(#11169,#11170),(#11171,#11172),(#11173,#11174)),.UNSPECIFIED.,.F.,.F.,
 .F.,(4,1,4),(2,2),(0.,0.0996679860414108,0.160837504663477),(0.,0.1),
 .UNSPECIFIED.);
#5939=B_SPLINE_SURFACE_WITH_KNOTS('',3,1,((#11213,#11214),(#11215,#11216),
(#11217,#11218),(#11219,#11220),(#11221,#11222)),.UNSPECIFIED.,.F.,.F.,
 .F.,(4,1,4),(2,2),(0.,0.0891558974983288,0.210116228013355),(0.,0.1),
 .UNSPECIFIED.);
#5940=B_SPLINE_SURFACE_WITH_KNOTS('',3,1,((#11230,#11231),(#11232,#11233),
(#11234,#11235),(#11236,#11237),(#11238,#11239)),.UNSPECIFIED.,.F.,.F.,
 .F.,(4,1,4),(2,2),(0.,0.059849387372155,0.115502069617636),(0.,0.1),
 .UNSPECIFIED.);
#5941=B_SPLINE_SURFACE_WITH_KNOTS('',3,1,((#11247,#11248),(#11249,#11250),
(#11251,#11252),(#11253,#11254),(#11255,#11256)),.UNSPECIFIED.,.F.,.F.,
 .F.,(4,1,4),(2,2),(0.,0.0676604734738071,0.131044818733929),(0.,0.1),
 .UNSPECIFIED.);
#5942=B_SPLINE_SURFACE_WITH_KNOTS('',3,1,((#11264,#11265),(#11266,#11267),
(#11268,#11269),(#11270,#11271),(#11272,#11273)),.UNSPECIFIED.,.F.,.F.,
 .F.,(4,1,4),(2,2),(0.,0.0851653919805029,0.159602011045687),(0.,0.1),
 .UNSPECIFIED.);
#5943=B_SPLINE_SURFACE_WITH_KNOTS('',3,1,((#11281,#11282),(#11283,#11284),
(#11285,#11286),(#11287,#11288),(#11289,#11290)),.UNSPECIFIED.,.F.,.F.,
 .F.,(4,1,4),(2,2),(0.,0.0967032983141937,0.206041543408752),(0.,0.1),
 .UNSPECIFIED.);
#5944=B_SPLINE_SURFACE_WITH_KNOTS('',3,1,((#11298,#11299),(#11300,#11301),
(#11302,#11303),(#11304,#11305),(#11306,#11307)),.UNSPECIFIED.,.F.,.F.,
 .F.,(4,1,4),(2,2),(0.,0.0866632980833027,0.176581046605268),(0.,0.1),
 .UNSPECIFIED.);
#5945=B_SPLINE_SURFACE_WITH_KNOTS('',3,1,((#11315,#11316),(#11317,#11318),
(#11319,#11320),(#11321,#11322),(#11323,#11324)),.UNSPECIFIED.,.F.,.F.,
 .F.,(4,1,4),(2,2),(0.,0.152160887875793,0.240872114048683),(0.,0.1),
 .UNSPECIFIED.);
#5946=B_SPLINE_SURFACE_WITH_KNOTS('',3,1,((#11343,#11344),(#11345,#11346),
(#11347,#11348),(#11349,#11350),(#11351,#11352)),.UNSPECIFIED.,.F.,.F.,
 .F.,(4,1,4),(2,2),(0.,0.0360827508620312,0.0939236035728035),(0.,0.1),
 .UNSPECIFIED.);
#5947=B_SPLINE_SURFACE_WITH_KNOTS('',3,1,((#11369,#11370),(#11371,#11372),
(#11373,#11374),(#11375,#11376),(#11377,#11378)),.UNSPECIFIED.,.F.,.F.,
 .F.,(4,1,4),(2,2),(0.,0.0407576040903651,0.0792730491008415),(0.,0.1),
 .UNSPECIFIED.);
#5948=B_SPLINE_SURFACE_WITH_KNOTS('',3,1,((#11392,#11393),(#11394,#11395),
(#11396,#11397),(#11398,#11399),(#11400,#11401)),.UNSPECIFIED.,.F.,.F.,
 .F.,(4,1,4),(2,2),(0.,0.0513606810637629,0.105981169492393),(0.,0.1),
 .UNSPECIFIED.);
#5949=B_SPLINE_SURFACE_WITH_KNOTS('',3,1,((#11415,#11416),(#11417,#11418),
(#11419,#11420),(#11421,#11422),(#11423,#11424)),.UNSPECIFIED.,.F.,.F.,
 .F.,(4,1,4),(2,2),(0.,0.0405854276022689,0.0835085359889364),(0.,0.1),
 .UNSPECIFIED.);
#5950=B_SPLINE_SURFACE_WITH_KNOTS('',3,1,((#11438,#11439),(#11440,#11441),
(#11442,#11443),(#11444,#11445),(#11446,#11447)),.UNSPECIFIED.,.F.,.F.,
 .F.,(4,1,4),(2,2),(0.,0.0382600738932896,0.0774333781687879),(0.,0.1),
 .UNSPECIFIED.);
#5951=B_SPLINE_SURFACE_WITH_KNOTS('',3,1,((#11461,#11462),(#11463,#11464),
(#11465,#11466),(#11467,#11468),(#11469,#11470)),.UNSPECIFIED.,.F.,.F.,
 .F.,(4,1,4),(2,2),(0.,0.0412653070542756,0.0797716321040753),(0.,0.1),
 .UNSPECIFIED.);
#5952=B_SPLINE_SURFACE_WITH_KNOTS('',3,1,((#11484,#11485),(#11486,#11487),
(#11488,#11489),(#11490,#11491),(#11492,#11493)),.UNSPECIFIED.,.F.,.F.,
 .F.,(4,1,4),(2,2),(0.,0.0681213520254483,0.109904781870842),(0.,0.1),
 .UNSPECIFIED.);
#5953=B_SPLINE_SURFACE_WITH_KNOTS('',3,1,((#11507,#11508),(#11509,#11510),
(#11511,#11512),(#11513,#11514),(#11515,#11516)),.UNSPECIFIED.,.F.,.F.,
 .F.,(4,1,4),(2,2),(0.,0.0494491088299169,0.120311958020153),(0.,0.1),
 .UNSPECIFIED.);
#5954=B_SPLINE_SURFACE_WITH_KNOTS('',3,1,((#11533,#11534),(#11535,#11536),
(#11537,#11538),(#11539,#11540),(#11541,#11542)),.UNSPECIFIED.,.F.,.F.,
 .F.,(4,1,4),(2,2),(0.,0.0458092950606258,0.0832617004065597),(0.,0.1),
 .UNSPECIFIED.);
#5955=B_SPLINE_SURFACE_WITH_KNOTS('',3,1,((#11552,#11553),(#11554,#11555),
(#11556,#11557),(#11558,#11559),(#11560,#11561)),.UNSPECIFIED.,.F.,.F.,
 .F.,(4,1,4),(2,2),(0.,0.0431662977050801,0.107045978189985),(0.,0.1),
 .UNSPECIFIED.);
#5956=B_SPLINE_SURFACE_WITH_KNOTS('',3,1,((#11569,#11570),(#11571,#11572),
(#11573,#11574),(#11575,#11576),(#11577,#11578)),.UNSPECIFIED.,.F.,.F.,
 .F.,(4,1,4),(2,2),(0.,0.0478117434242626,0.085344559868693),(0.,0.1),
 .UNSPECIFIED.);
#5957=B_SPLINE_SURFACE_WITH_KNOTS('',3,1,((#11590,#11591),(#11592,#11593),
(#11594,#11595),(#11596,#11597),(#11598,#11599)),.UNSPECIFIED.,.F.,.F.,
 .F.,(4,1,4),(2,2),(0.,0.116329697385476,0.192271839605608),(0.,0.1),
 .UNSPECIFIED.);
#5958=B_SPLINE_SURFACE_WITH_KNOTS('',3,1,((#11607,#11608),(#11609,#11610),
(#11611,#11612),(#11613,#11614),(#11615,#11616)),.UNSPECIFIED.,.F.,.F.,
 .F.,(4,1,4),(2,2),(0.,0.0688498007110892,0.159168026435794),(0.,0.1),
 .UNSPECIFIED.);
#5959=B_SPLINE_SURFACE_WITH_KNOTS('',3,1,((#11624,#11625),(#11626,#11627),
(#11628,#11629),(#11630,#11631),(#11632,#11633)),.UNSPECIFIED.,.F.,.F.,
 .F.,(4,1,4),(2,2),(0.,0.0551647573321756,0.111566444033819),(0.,0.1),
 .UNSPECIFIED.);
#5960=B_SPLINE_SURFACE_WITH_KNOTS('',3,1,((#11641,#11642),(#11643,#11644),
(#11645,#11646),(#11647,#11648),(#11649,#11650)),.UNSPECIFIED.,.F.,.F.,
 .F.,(4,1,4),(2,2),(0.,0.0585273047307465,0.114451348256671),(0.,0.1),
 .UNSPECIFIED.);
#5961=B_SPLINE_SURFACE_WITH_KNOTS('',3,1,((#11658,#11659),(#11660,#11661),
(#11662,#11663),(#11664,#11665),(#11666,#11667)),.UNSPECIFIED.,.F.,.F.,
 .F.,(4,1,4),(2,2),(0.,0.0840260801631591,0.170299013240707),(0.,0.1),
 .UNSPECIFIED.);
#5962=B_SPLINE_SURFACE_WITH_KNOTS('',3,1,((#11675,#11676),(#11677,#11678),
(#11679,#11680),(#11681,#11682),(#11683,#11684)),.UNSPECIFIED.,.F.,.F.,
 .F.,(4,1,4),(2,2),(0.,0.101162082712842,0.190026302949193),(0.,0.1),
 .UNSPECIFIED.);
#5963=B_SPLINE_SURFACE_WITH_KNOTS('',3,1,((#11692,#11693),(#11694,#11695),
(#11696,#11697),(#11698,#11699),(#11700,#11701)),.UNSPECIFIED.,.F.,.F.,
 .F.,(4,1,4),(2,2),(0.,0.0605198342625449,0.122370563054183),(0.,0.1),
 .UNSPECIFIED.);
#5964=B_SPLINE_SURFACE_WITH_KNOTS('',3,1,((#11709,#11710),(#11711,#11712),
(#11713,#11714),(#11715,#11716),(#11717,#11718)),.UNSPECIFIED.,.F.,.F.,
 .F.,(4,1,4),(2,2),(0.,0.0657885725198266,0.127686850884288),(0.,0.1),
 .UNSPECIFIED.);
#5965=B_SPLINE_SURFACE_WITH_KNOTS('',3,1,((#11726,#11727),(#11728,#11729),
(#11730,#11731),(#11732,#11733),(#11734,#11735)),.UNSPECIFIED.,.F.,.F.,
 .F.,(4,1,4),(2,2),(0.,0.014733907235012,0.0235241756632746),(0.,0.1),
 .UNSPECIFIED.);
#5966=B_SPLINE_SURFACE_WITH_KNOTS('',3,1,((#11743,#11744),(#11745,#11746),
(#11747,#11748),(#11749,#11750),(#11751,#11752)),.UNSPECIFIED.,.F.,.F.,
 .F.,(4,1,4),(2,2),(0.,0.0251336575402673,0.0595500272290116),(0.,0.1),
 .UNSPECIFIED.);
#5967=B_SPLINE_SURFACE_WITH_KNOTS('',3,1,((#11764,#11765),(#11766,#11767),
(#11768,#11769),(#11770,#11771),(#11772,#11773)),.UNSPECIFIED.,.F.,.F.,
 .F.,(4,1,4),(2,2),(0.,0.0488050341775474,0.103330074952839),(0.,0.1),
 .UNSPECIFIED.);
#5968=B_SPLINE_SURFACE_WITH_KNOTS('',3,1,((#11781,#11782),(#11783,#11784),
(#11785,#11786),(#11787,#11788),(#11789,#11790)),.UNSPECIFIED.,.F.,.F.,
 .F.,(4,1,4),(2,2),(0.,0.082995772900768,0.14130192493708),(0.,0.1),
 .UNSPECIFIED.);
#5969=B_SPLINE_SURFACE_WITH_KNOTS('',3,1,((#11802,#11803),(#11804,#11805),
(#11806,#11807),(#11808,#11809),(#11810,#11811)),.UNSPECIFIED.,.F.,.F.,
 .F.,(4,1,4),(2,2),(0.,0.0689736310111623,0.174471151582049),(0.,0.1),
 .UNSPECIFIED.);
#5970=B_SPLINE_SURFACE_WITH_KNOTS('',3,1,((#11819,#11820),(#11821,#11822),
(#11823,#11824),(#11825,#11826),(#11827,#11828)),.UNSPECIFIED.,.F.,.F.,
 .F.,(4,1,4),(2,2),(0.,0.0635984516159272,0.118678128195976),(0.,0.1),
 .UNSPECIFIED.);
#5971=B_SPLINE_SURFACE_WITH_KNOTS('',3,1,((#11836,#11837),(#11838,#11839),
(#11840,#11841),(#11842,#11843),(#11844,#11845)),.UNSPECIFIED.,.F.,.F.,
 .F.,(4,1,4),(2,2),(0.,0.112125954172296,0.194462741105789),(0.,0.1),
 .UNSPECIFIED.);
#5972=B_SPLINE_SURFACE_WITH_KNOTS('',3,1,((#11853,#11854),(#11855,#11856),
(#11857,#11858),(#11859,#11860),(#11861,#11862)),.UNSPECIFIED.,.F.,.F.,
 .F.,(4,1,4),(2,2),(0.,0.0967337284241452,0.221181678594545),(0.,0.1),
 .UNSPECIFIED.);
#5973=B_SPLINE_SURFACE_WITH_KNOTS('',3,1,((#11870,#11871),(#11872,#11873),
(#11874,#11875),(#11876,#11877),(#11878,#11879)),.UNSPECIFIED.,.F.,.F.,
 .F.,(4,1,4),(2,2),(0.,0.099736099770463,0.188271598486079),(0.,0.1),
 .UNSPECIFIED.);
#5974=B_SPLINE_SURFACE_WITH_KNOTS('',3,1,((#11891,#11892),(#11893,#11894),
(#11895,#11896),(#11897,#11898),(#11899,#11900)),.UNSPECIFIED.,.F.,.F.,
 .F.,(4,1,4),(2,2),(0.,0.03794474342044,0.0854654138764732),(0.,0.1),
 .UNSPECIFIED.);
#5975=B_SPLINE_SURFACE_WITH_KNOTS('',3,1,((#11960,#11961),(#11962,#11963),
(#11964,#11965),(#11966,#11967),(#11968,#11969)),.UNSPECIFIED.,.F.,.F.,
 .F.,(4,1,4),(2,2),(0.,0.0705353289997839,0.142022519018187),(0.,0.1),
 .UNSPECIFIED.);
#5976=B_SPLINE_SURFACE_WITH_KNOTS('',3,1,((#11986,#11987),(#11988,#11989),
(#11990,#11991),(#11992,#11993),(#11994,#11995)),.UNSPECIFIED.,.F.,.F.,
 .F.,(4,1,4),(2,2),(0.,0.0712829764522741,0.141734861250323),(0.,0.1),
 .UNSPECIFIED.);
#5977=B_SPLINE_SURFACE_WITH_KNOTS('',3,1,((#12009,#12010),(#12011,#12012),
(#12013,#12014),(#12015,#12016),(#12017,#12018)),.UNSPECIFIED.,.F.,.F.,
 .F.,(4,1,4),(2,2),(0.,0.094987194638809,0.174319587031724),(0.,0.1),
 .UNSPECIFIED.);
#5978=B_SPLINE_SURFACE_WITH_KNOTS('',3,1,((#12032,#12033),(#12034,#12035),
(#12036,#12037),(#12038,#12039),(#12040,#12041)),.UNSPECIFIED.,.F.,.F.,
 .F.,(4,1,4),(2,2),(0.,0.0799313536736916,0.176946894635239),(0.,0.1),
 .UNSPECIFIED.);
#5979=B_SPLINE_SURFACE_WITH_KNOTS('',3,1,((#12055,#12056),(#12057,#12058),
(#12059,#12060),(#12061,#12062),(#12063,#12064)),.UNSPECIFIED.,.F.,.F.,
 .F.,(4,1,4),(2,2),(0.,0.0704519893980316,0.141734906673728),(0.,0.1),
 .UNSPECIFIED.);
#5980=B_SPLINE_SURFACE_WITH_KNOTS('',3,1,((#12078,#12079),(#12080,#12081),
(#12082,#12083),(#12084,#12085),(#12086,#12087)),.UNSPECIFIED.,.F.,.F.,
 .F.,(4,1,4),(2,2),(0.,0.0714870947534649,0.142022540478354),(0.,0.1),
 .UNSPECIFIED.);
#5981=B_SPLINE_SURFACE_WITH_KNOTS('',3,1,((#12101,#12102),(#12103,#12104),
(#12105,#12106),(#12107,#12108),(#12109,#12110)),.UNSPECIFIED.,.F.,.F.,
 .F.,(4,1,4),(2,2),(0.,0.0960126051268544,0.175767096936914),(0.,0.1),
 .UNSPECIFIED.);
#5982=B_SPLINE_SURFACE_WITH_KNOTS('',3,1,((#12124,#12125),(#12126,#12127),
(#12128,#12129),(#12130,#12131),(#12132,#12133)),.UNSPECIFIED.,.F.,.F.,
 .F.,(4,1,4),(2,2),(0.,0.079754549161373,0.175767079334837),(0.,0.1),
 .UNSPECIFIED.);
#5983=B_SPLINE_SURFACE_WITH_KNOTS('',3,1,((#12144,#12145),(#12146,#12147),
(#12148,#12149),(#12150,#12151),(#12152,#12153)),.UNSPECIFIED.,.F.,.F.,
 .F.,(4,1,4),(2,2),(0.,0.0970045643665772,0.192929793986428),(0.,0.1),
 .UNSPECIFIED.);
#5984=B_SPLINE_SURFACE_WITH_KNOTS('',3,1,((#12163,#12164),(#12165,#12166),
(#12167,#12168),(#12169,#12170),(#12171,#12172)),.UNSPECIFIED.,.F.,.F.,
 .F.,(4,1,4),(2,2),(0.,0.0979374884526222,0.196580410555704),(0.,0.1),
 .UNSPECIFIED.);
#5985=B_SPLINE_SURFACE_WITH_KNOTS('',3,1,((#12180,#12181),(#12182,#12183),
(#12184,#12185),(#12186,#12187),(#12188,#12189)),.UNSPECIFIED.,.F.,.F.,
 .F.,(4,1,4),(2,2),(0.,0.144661584864833,0.294376200898821),(0.,0.1),
 .UNSPECIFIED.);
#5986=B_SPLINE_SURFACE_WITH_KNOTS('',3,1,((#12197,#12198),(#12199,#12200),
(#12201,#12202),(#12203,#12204),(#12205,#12206)),.UNSPECIFIED.,.F.,.F.,
 .F.,(4,1,4),(2,2),(0.,0.152645104451217,0.298446965110224),(0.,0.1),
 .UNSPECIFIED.);
#5987=B_SPLINE_SURFACE_WITH_KNOTS('',3,1,((#12214,#12215),(#12216,#12217),
(#12218,#12219),(#12220,#12221),(#12222,#12223)),.UNSPECIFIED.,.F.,.F.,
 .F.,(4,1,4),(2,2),(0.,0.144239879905604,0.295496937983504),(0.,0.1),
 .UNSPECIFIED.);
#5988=B_SPLINE_SURFACE_WITH_KNOTS('',3,1,((#12231,#12232),(#12233,#12234),
(#12235,#12236),(#12237,#12238),(#12239,#12240)),.UNSPECIFIED.,.F.,.F.,
 .F.,(4,1,4),(2,2),(0.,0.151919227821049,0.296080751151584),(0.,0.1),
 .UNSPECIFIED.);
#5989=B_SPLINE_SURFACE_WITH_KNOTS('',3,1,((#12248,#12249),(#12250,#12251),
(#12252,#12253),(#12254,#12255),(#12256,#12257)),.UNSPECIFIED.,.F.,.F.,
 .F.,(4,1,4),(2,2),(0.,0.0979051730257766,0.199966919902395),(0.,0.1),
 .UNSPECIFIED.);
#5990=B_SPLINE_SURFACE_WITH_KNOTS('',3,1,((#12265,#12266),(#12267,#12268),
(#12269,#12270),(#12271,#12272),(#12273,#12274)),.UNSPECIFIED.,.F.,.F.,
 .F.,(4,1,4),(2,2),(0.,0.0971683479807447,0.192939487994259),(0.,0.1),
 .UNSPECIFIED.);
#5991=B_SPLINE_SURFACE_WITH_KNOTS('',3,1,((#12282,#12283),(#12284,#12285),
(#12286,#12287),(#12288,#12289),(#12290,#12291)),.UNSPECIFIED.,.F.,.F.,
 .F.,(4,1,4),(2,2),(0.,0.0946970296194504,0.192204726035795),(0.,0.1),
 .UNSPECIFIED.);
#5992=B_SPLINE_SURFACE_WITH_KNOTS('',3,1,((#12299,#12300),(#12301,#12302),
(#12303,#12304),(#12305,#12306),(#12307,#12308)),.UNSPECIFIED.,.F.,.F.,
 .F.,(4,1,4),(2,2),(0.,0.102693637833833,0.218657066730169),(0.,0.1),
 .UNSPECIFIED.);
#5993=ADVANCED_FACE('',(#237),#5811,.F.);
#5994=ADVANCED_FACE('',(#238),#5812,.F.);
#5995=ADVANCED_FACE('',(#239),#5813,.F.);
#5996=ADVANCED_FACE('',(#240),#5814,.F.);
#5997=ADVANCED_FACE('',(#241),#91,.F.);
#5998=ADVANCED_FACE('',(#242),#5815,.F.);
#5999=ADVANCED_FACE('',(#243),#5816,.F.);
#6000=ADVANCED_FACE('',(#244),#5817,.F.);
#6001=ADVANCED_FACE('',(#245),#92,.F.);
#6002=ADVANCED_FACE('',(#246),#5818,.F.);
#6003=ADVANCED_FACE('',(#247),#5819,.F.);
#6004=ADVANCED_FACE('',(#248),#5820,.F.);
#6005=ADVANCED_FACE('',(#249),#5821,.F.);
#6006=ADVANCED_FACE('',(#250),#5822,.F.);
#6007=ADVANCED_FACE('',(#251),#5823,.F.);
#6008=ADVANCED_FACE('',(#252),#5824,.F.);
#6009=ADVANCED_FACE('',(#253),#5825,.F.);
#6010=ADVANCED_FACE('',(#254),#93,.F.);
#6011=ADVANCED_FACE('',(#255),#5826,.F.);
#6012=ADVANCED_FACE('',(#256,#55),#94,.T.);
#6013=ADVANCED_FACE('',(#257),#5827,.F.);
#6014=ADVANCED_FACE('',(#258),#5828,.F.);
#6015=ADVANCED_FACE('',(#259),#5829,.F.);
#6016=ADVANCED_FACE('',(#260),#5830,.F.);
#6017=ADVANCED_FACE('',(#261),#5831,.F.);
#6018=ADVANCED_FACE('',(#262),#5832,.F.);
#6019=ADVANCED_FACE('',(#263),#5833,.F.);
#6020=ADVANCED_FACE('',(#264),#5834,.F.);
#6021=ADVANCED_FACE('',(#265),#95,.F.);
#6022=ADVANCED_FACE('',(#266),#96,.F.);
#6023=ADVANCED_FACE('',(#267),#5835,.F.);
#6024=ADVANCED_FACE('',(#268),#5836,.F.);
#6025=ADVANCED_FACE('',(#269),#5837,.F.);
#6026=ADVANCED_FACE('',(#270),#5838,.F.);
#6027=ADVANCED_FACE('',(#271),#5839,.F.);
#6028=ADVANCED_FACE('',(#272),#5840,.F.);
#6029=ADVANCED_FACE('',(#273),#5841,.F.);
#6030=ADVANCED_FACE('',(#274),#97,.F.);
#6031=ADVANCED_FACE('',(#275),#98,.F.);
#6032=ADVANCED_FACE('',(#276),#99,.F.);
#6033=ADVANCED_FACE('',(#277,#56),#100,.T.);
#6034=ADVANCED_FACE('',(#278),#5842,.F.);
#6035=ADVANCED_FACE('',(#279),#5843,.F.);
#6036=ADVANCED_FACE('',(#280),#5844,.F.);
#6037=ADVANCED_FACE('',(#281),#5845,.F.);
#6038=ADVANCED_FACE('',(#282),#5846,.F.);
#6039=ADVANCED_FACE('',(#283),#5847,.F.);
#6040=ADVANCED_FACE('',(#284),#101,.F.);
#6041=ADVANCED_FACE('',(#285),#102,.F.);
#6042=ADVANCED_FACE('',(#286),#103,.F.);
#6043=ADVANCED_FACE('',(#287),#104,.F.);
#6044=ADVANCED_FACE('',(#288),#105,.F.);
#6045=ADVANCED_FACE('',(#289),#5848,.F.);
#6046=ADVANCED_FACE('',(#290),#5849,.F.);
#6047=ADVANCED_FACE('',(#291),#5850,.F.);
#6048=ADVANCED_FACE('',(#292),#5851,.F.);
#6049=ADVANCED_FACE('',(#293),#5852,.F.);
#6050=ADVANCED_FACE('',(#294),#5853,.F.);
#6051=ADVANCED_FACE('',(#295),#5854,.F.);
#6052=ADVANCED_FACE('',(#296),#106,.F.);
#6053=ADVANCED_FACE('',(#297),#107,.F.);
#6054=ADVANCED_FACE('',(#298),#108,.F.);
#6055=ADVANCED_FACE('',(#299,#57),#109,.T.);
#6056=ADVANCED_FACE('',(#300),#5855,.F.);
#6057=ADVANCED_FACE('',(#301),#5856,.F.);
#6058=ADVANCED_FACE('',(#302),#5857,.F.);
#6059=ADVANCED_FACE('',(#303),#5858,.F.);
#6060=ADVANCED_FACE('',(#304),#5859,.F.);
#6061=ADVANCED_FACE('',(#305),#5860,.F.);
#6062=ADVANCED_FACE('',(#306),#5861,.F.);
#6063=ADVANCED_FACE('',(#307),#5862,.F.);
#6064=ADVANCED_FACE('',(#308),#110,.F.);
#6065=ADVANCED_FACE('',(#309),#5863,.F.);
#6066=ADVANCED_FACE('',(#310),#5864,.F.);
#6067=ADVANCED_FACE('',(#311),#5865,.F.);
#6068=ADVANCED_FACE('',(#312),#111,.F.);
#6069=ADVANCED_FACE('',(#313),#5866,.F.);
#6070=ADVANCED_FACE('',(#314),#5867,.F.);
#6071=ADVANCED_FACE('',(#315),#5868,.F.);
#6072=ADVANCED_FACE('',(#316),#5869,.F.);
#6073=ADVANCED_FACE('',(#317),#5870,.F.);
#6074=ADVANCED_FACE('',(#318),#5871,.F.);
#6075=ADVANCED_FACE('',(#319),#5872,.F.);
#6076=ADVANCED_FACE('',(#320),#5873,.F.);
#6077=ADVANCED_FACE('',(#321),#5874,.F.);
#6078=ADVANCED_FACE('',(#322),#5875,.F.);
#6079=ADVANCED_FACE('',(#323),#112,.F.);
#6080=ADVANCED_FACE('',(#324),#5876,.F.);
#6081=ADVANCED_FACE('',(#325),#5877,.F.);
#6082=ADVANCED_FACE('',(#326),#113,.F.);
#6083=ADVANCED_FACE('',(#327),#5878,.F.);
#6084=ADVANCED_FACE('',(#328),#5879,.F.);
#6085=ADVANCED_FACE('',(#329),#5880,.F.);
#6086=ADVANCED_FACE('',(#330),#5881,.F.);
#6087=ADVANCED_FACE('',(#331),#5882,.F.);
#6088=ADVANCED_FACE('',(#332),#114,.F.);
#6089=ADVANCED_FACE('',(#333),#5883,.F.);
#6090=ADVANCED_FACE('',(#334,#58),#115,.T.);
#6091=ADVANCED_FACE('',(#335),#116,.F.);
#6092=ADVANCED_FACE('',(#336),#117,.F.);
#6093=ADVANCED_FACE('',(#337),#118,.F.);
#6094=ADVANCED_FACE('',(#338),#119,.F.);
#6095=ADVANCED_FACE('',(#339),#120,.F.);
#6096=ADVANCED_FACE('',(#340),#121,.F.);
#6097=ADVANCED_FACE('',(#341),#122,.F.);
#6098=ADVANCED_FACE('',(#342),#123,.F.);
#6099=ADVANCED_FACE('',(#343),#124,.F.);
#6100=ADVANCED_FACE('',(#344),#125,.F.);
#6101=ADVANCED_FACE('',(#345),#126,.F.);
#6102=ADVANCED_FACE('',(#346),#127,.F.);
#6103=ADVANCED_FACE('',(#347),#128,.F.);
#6104=ADVANCED_FACE('',(#348),#129,.F.);
#6105=ADVANCED_FACE('',(#349),#5884,.F.);
#6106=ADVANCED_FACE('',(#350),#5885,.F.);
#6107=ADVANCED_FACE('',(#351),#5886,.F.);
#6108=ADVANCED_FACE('',(#352),#5887,.F.);
#6109=ADVANCED_FACE('',(#353),#5888,.F.);
#6110=ADVANCED_FACE('',(#354),#5889,.F.);
#6111=ADVANCED_FACE('',(#355),#5890,.F.);
#6112=ADVANCED_FACE('',(#356),#5891,.F.);
#6113=ADVANCED_FACE('',(#357),#5892,.F.);
#6114=ADVANCED_FACE('',(#358),#5893,.F.);
#6115=ADVANCED_FACE('',(#359),#5894,.F.);
#6116=ADVANCED_FACE('',(#360),#5895,.F.);
#6117=ADVANCED_FACE('',(#361),#5896,.F.);
#6118=ADVANCED_FACE('',(#362),#5897,.F.);
#6119=ADVANCED_FACE('',(#363),#5898,.F.);
#6120=ADVANCED_FACE('',(#364),#5899,.F.);
#6121=ADVANCED_FACE('',(#365),#5900,.F.);
#6122=ADVANCED_FACE('',(#366),#5901,.F.);
#6123=ADVANCED_FACE('',(#367,#59),#130,.T.);
#6124=ADVANCED_FACE('',(#368),#131,.F.);
#6125=ADVANCED_FACE('',(#369),#132,.F.);
#6126=ADVANCED_FACE('',(#370),#133,.F.);
#6127=ADVANCED_FACE('',(#371),#134,.F.);
#6128=ADVANCED_FACE('',(#372),#135,.F.);
#6129=ADVANCED_FACE('',(#373),#136,.F.);
#6130=ADVANCED_FACE('',(#374),#137,.F.);
#6131=ADVANCED_FACE('',(#375),#138,.F.);
#6132=ADVANCED_FACE('',(#376),#139,.F.);
#6133=ADVANCED_FACE('',(#377),#140,.F.);
#6134=ADVANCED_FACE('',(#378),#141,.F.);
#6135=ADVANCED_FACE('',(#379,#60,#61,#62,#63,#64,#65,#66,#67,#68,#69,#70),
#142,.F.);
#6136=ADVANCED_FACE('',(#380),#143,.F.);
#6137=ADVANCED_FACE('',(#381),#144,.F.);
#6138=ADVANCED_FACE('',(#382),#145,.F.);
#6139=ADVANCED_FACE('',(#383),#146,.F.);
#6140=ADVANCED_FACE('',(#384),#19,.T.);
#6141=ADVANCED_FACE('',(#385,#71,#72,#73,#74),#147,.T.);
#6142=ADVANCED_FACE('',(#386),#148,.T.);
#6143=ADVANCED_FACE('',(#387),#20,.T.);
#6144=ADVANCED_FACE('',(#388),#21,.T.);
#6145=ADVANCED_FACE('',(#389),#149,.T.);
#6146=ADVANCED_FACE('',(#390),#22,.T.);
#6147=ADVANCED_FACE('',(#391),#150,.F.);
#6148=ADVANCED_FACE('',(#392),#151,.F.);
#6149=ADVANCED_FACE('',(#393),#152,.F.);
#6150=ADVANCED_FACE('',(#394),#153,.T.);
#6151=ADVANCED_FACE('',(#395),#154,.T.);
#6152=ADVANCED_FACE('',(#396),#23,.F.);
#6153=ADVANCED_FACE('',(#397),#24,.F.);
#6154=ADVANCED_FACE('',(#398),#25,.F.);
#6155=ADVANCED_FACE('',(#399),#155,.T.);
#6156=ADVANCED_FACE('',(#400),#156,.T.);
#6157=ADVANCED_FACE('',(#401),#26,.F.);
#6158=ADVANCED_FACE('',(#402),#157,.T.);
#6159=ADVANCED_FACE('',(#403),#158,.T.);
#6160=ADVANCED_FACE('',(#404),#159,.T.);
#6161=ADVANCED_FACE('',(#405),#160,.F.);
#6162=ADVANCED_FACE('',(#406),#27,.T.);
#6163=ADVANCED_FACE('',(#407,#75,#76,#77,#78,#79,#80,#81,#82,#83),#161,
 .T.);
#6164=ADVANCED_FACE('',(#408),#162,.T.);
#6165=ADVANCED_FACE('',(#409),#28,.T.);
#6166=ADVANCED_FACE('',(#410),#29,.T.);
#6167=ADVANCED_FACE('',(#411),#163,.T.);
#6168=ADVANCED_FACE('',(#412),#30,.T.);
#6169=ADVANCED_FACE('',(#413),#5902,.F.);
#6170=ADVANCED_FACE('',(#414),#5903,.F.);
#6171=ADVANCED_FACE('',(#415),#5904,.F.);
#6172=ADVANCED_FACE('',(#416),#5905,.F.);
#6173=ADVANCED_FACE('',(#417),#164,.F.);
#6174=ADVANCED_FACE('',(#418),#5906,.F.);
#6175=ADVANCED_FACE('',(#419),#5907,.F.);
#6176=ADVANCED_FACE('',(#420),#5908,.F.);
#6177=ADVANCED_FACE('',(#421),#165,.F.);
#6178=ADVANCED_FACE('',(#422),#5909,.F.);
#6179=ADVANCED_FACE('',(#423),#5910,.F.);
#6180=ADVANCED_FACE('',(#424),#5911,.F.);
#6181=ADVANCED_FACE('',(#425),#5912,.F.);
#6182=ADVANCED_FACE('',(#426),#5913,.F.);
#6183=ADVANCED_FACE('',(#427),#5914,.F.);
#6184=ADVANCED_FACE('',(#428),#5915,.F.);
#6185=ADVANCED_FACE('',(#429),#5916,.F.);
#6186=ADVANCED_FACE('',(#430),#166,.F.);
#6187=ADVANCED_FACE('',(#431),#5917,.F.);
#6188=ADVANCED_FACE('',(#432,#84),#167,.T.);
#6189=ADVANCED_FACE('',(#433),#5918,.F.);
#6190=ADVANCED_FACE('',(#434),#5919,.F.);
#6191=ADVANCED_FACE('',(#435),#5920,.F.);
#6192=ADVANCED_FACE('',(#436),#5921,.F.);
#6193=ADVANCED_FACE('',(#437),#5922,.F.);
#6194=ADVANCED_FACE('',(#438),#5923,.F.);
#6195=ADVANCED_FACE('',(#439),#5924,.F.);
#6196=ADVANCED_FACE('',(#440),#5925,.F.);
#6197=ADVANCED_FACE('',(#441),#168,.F.);
#6198=ADVANCED_FACE('',(#442),#169,.F.);
#6199=ADVANCED_FACE('',(#443),#5926,.F.);
#6200=ADVANCED_FACE('',(#444),#5927,.F.);
#6201=ADVANCED_FACE('',(#445),#5928,.F.);
#6202=ADVANCED_FACE('',(#446),#5929,.F.);
#6203=ADVANCED_FACE('',(#447),#5930,.F.);
#6204=ADVANCED_FACE('',(#448),#5931,.F.);
#6205=ADVANCED_FACE('',(#449),#5932,.F.);
#6206=ADVANCED_FACE('',(#450),#170,.F.);
#6207=ADVANCED_FACE('',(#451),#171,.F.);
#6208=ADVANCED_FACE('',(#452),#172,.F.);
#6209=ADVANCED_FACE('',(#453,#85),#173,.T.);
#6210=ADVANCED_FACE('',(#454),#5933,.F.);
#6211=ADVANCED_FACE('',(#455),#5934,.F.);
#6212=ADVANCED_FACE('',(#456),#5935,.F.);
#6213=ADVANCED_FACE('',(#457),#5936,.F.);
#6214=ADVANCED_FACE('',(#458),#5937,.F.);
#6215=ADVANCED_FACE('',(#459),#5938,.F.);
#6216=ADVANCED_FACE('',(#460),#174,.F.);
#6217=ADVANCED_FACE('',(#461),#175,.F.);
#6218=ADVANCED_FACE('',(#462),#176,.F.);
#6219=ADVANCED_FACE('',(#463),#177,.F.);
#6220=ADVANCED_FACE('',(#464),#178,.F.);
#6221=ADVANCED_FACE('',(#465),#5939,.F.);
#6222=ADVANCED_FACE('',(#466),#5940,.F.);
#6223=ADVANCED_FACE('',(#467),#5941,.F.);
#6224=ADVANCED_FACE('',(#468),#5942,.F.);
#6225=ADVANCED_FACE('',(#469),#5943,.F.);
#6226=ADVANCED_FACE('',(#470),#5944,.F.);
#6227=ADVANCED_FACE('',(#471),#5945,.F.);
#6228=ADVANCED_FACE('',(#472),#179,.F.);
#6229=ADVANCED_FACE('',(#473),#180,.F.);
#6230=ADVANCED_FACE('',(#474),#181,.F.);
#6231=ADVANCED_FACE('',(#475,#86),#182,.T.);
#6232=ADVANCED_FACE('',(#476),#5946,.F.);
#6233=ADVANCED_FACE('',(#477),#5947,.F.);
#6234=ADVANCED_FACE('',(#478),#5948,.F.);
#6235=ADVANCED_FACE('',(#479),#5949,.F.);
#6236=ADVANCED_FACE('',(#480),#5950,.F.);
#6237=ADVANCED_FACE('',(#481),#5951,.F.);
#6238=ADVANCED_FACE('',(#482),#5952,.F.);
#6239=ADVANCED_FACE('',(#483),#5953,.F.);
#6240=ADVANCED_FACE('',(#484),#183,.F.);
#6241=ADVANCED_FACE('',(#485),#5954,.F.);
#6242=ADVANCED_FACE('',(#486),#5955,.F.);
#6243=ADVANCED_FACE('',(#487),#5956,.F.);
#6244=ADVANCED_FACE('',(#488),#184,.F.);
#6245=ADVANCED_FACE('',(#489),#5957,.F.);
#6246=ADVANCED_FACE('',(#490),#5958,.F.);
#6247=ADVANCED_FACE('',(#491),#5959,.F.);
#6248=ADVANCED_FACE('',(#492),#5960,.F.);
#6249=ADVANCED_FACE('',(#493),#5961,.F.);
#6250=ADVANCED_FACE('',(#494),#5962,.F.);
#6251=ADVANCED_FACE('',(#495),#5963,.F.);
#6252=ADVANCED_FACE('',(#496),#5964,.F.);
#6253=ADVANCED_FACE('',(#497),#5965,.F.);
#6254=ADVANCED_FACE('',(#498),#5966,.F.);
#6255=ADVANCED_FACE('',(#499),#185,.F.);
#6256=ADVANCED_FACE('',(#500),#5967,.F.);
#6257=ADVANCED_FACE('',(#501),#5968,.F.);
#6258=ADVANCED_FACE('',(#502),#186,.F.);
#6259=ADVANCED_FACE('',(#503),#5969,.F.);
#6260=ADVANCED_FACE('',(#504),#5970,.F.);
#6261=ADVANCED_FACE('',(#505),#5971,.F.);
#6262=ADVANCED_FACE('',(#506),#5972,.F.);
#6263=ADVANCED_FACE('',(#507),#5973,.F.);
#6264=ADVANCED_FACE('',(#508),#187,.F.);
#6265=ADVANCED_FACE('',(#509),#5974,.F.);
#6266=ADVANCED_FACE('',(#510,#87),#188,.T.);
#6267=ADVANCED_FACE('',(#511),#189,.F.);
#6268=ADVANCED_FACE('',(#512),#190,.F.);
#6269=ADVANCED_FACE('',(#513),#191,.F.);
#6270=ADVANCED_FACE('',(#514),#192,.F.);
#6271=ADVANCED_FACE('',(#515),#193,.F.);
#6272=ADVANCED_FACE('',(#516),#194,.F.);
#6273=ADVANCED_FACE('',(#517),#195,.F.);
#6274=ADVANCED_FACE('',(#518),#196,.F.);
#6275=ADVANCED_FACE('',(#519),#197,.F.);
#6276=ADVANCED_FACE('',(#520),#198,.F.);
#6277=ADVANCED_FACE('',(#521),#199,.F.);
#6278=ADVANCED_FACE('',(#522),#200,.F.);
#6279=ADVANCED_FACE('',(#523),#201,.F.);
#6280=ADVANCED_FACE('',(#524),#202,.F.);
#6281=ADVANCED_FACE('',(#525),#5975,.F.);
#6282=ADVANCED_FACE('',(#526),#5976,.F.);
#6283=ADVANCED_FACE('',(#527),#5977,.F.);
#6284=ADVANCED_FACE('',(#528),#5978,.F.);
#6285=ADVANCED_FACE('',(#529),#5979,.F.);
#6286=ADVANCED_FACE('',(#530),#5980,.F.);
#6287=ADVANCED_FACE('',(#531),#5981,.F.);
#6288=ADVANCED_FACE('',(#532),#5982,.F.);
#6289=ADVANCED_FACE('',(#533),#5983,.F.);
#6290=ADVANCED_FACE('',(#534),#5984,.F.);
#6291=ADVANCED_FACE('',(#535),#5985,.F.);
#6292=ADVANCED_FACE('',(#536),#5986,.F.);
#6293=ADVANCED_FACE('',(#537),#5987,.F.);
#6294=ADVANCED_FACE('',(#538),#5988,.F.);
#6295=ADVANCED_FACE('',(#539),#5989,.F.);
#6296=ADVANCED_FACE('',(#540),#5990,.F.);
#6297=ADVANCED_FACE('',(#541),#5991,.F.);
#6298=ADVANCED_FACE('',(#542),#5992,.F.);
#6299=ADVANCED_FACE('',(#543,#88),#203,.T.);
#6300=ADVANCED_FACE('',(#544),#204,.F.);
#6301=ADVANCED_FACE('',(#545),#205,.F.);
#6302=ADVANCED_FACE('',(#546),#206,.F.);
#6303=ADVANCED_FACE('',(#547),#207,.F.);
#6304=ADVANCED_FACE('',(#548),#208,.F.);
#6305=ADVANCED_FACE('',(#549),#209,.F.);
#6306=ADVANCED_FACE('',(#550),#210,.F.);
#6307=ADVANCED_FACE('',(#551),#211,.F.);
#6308=ADVANCED_FACE('',(#552),#212,.F.);
#6309=ADVANCED_FACE('',(#553),#213,.F.);
#6310=ADVANCED_FACE('',(#554),#214,.F.);
#6311=ADVANCED_FACE('',(#555),#215,.T.);
#6312=ADVANCED_FACE('',(#556),#216,.T.);
#6313=ADVANCED_FACE('',(#557),#217,.T.);
#6314=ADVANCED_FACE('',(#558),#218,.T.);
#6315=ADVANCED_FACE('',(#559),#219,.T.);
#6316=ADVANCED_FACE('',(#560),#220,.T.);
#6317=ADVANCED_FACE('',(#561),#221,.T.);
#6318=ADVANCED_FACE('',(#562),#222,.T.);
#6319=ADVANCED_FACE('',(#563),#223,.T.);
#6320=ADVANCED_FACE('',(#564),#224,.T.);
#6321=ADVANCED_FACE('',(#565),#225,.T.);
#6322=ADVANCED_FACE('',(#566),#226,.T.);
#6323=ADVANCED_FACE('',(#567),#227,.T.);
#6324=ADVANCED_FACE('',(#568),#228,.T.);
#6325=ADVANCED_FACE('',(#569),#229,.T.);
#6326=ADVANCED_FACE('',(#570,#89,#90),#230,.F.);
#6327=ADVANCED_FACE('',(#571),#231,.T.);
#6328=ADVANCED_FACE('',(#572),#232,.T.);
#6329=ADVANCED_FACE('',(#573),#233,.T.);
#6330=ADVANCED_FACE('',(#574),#234,.T.);
#6331=ADVANCED_FACE('',(#575),#235,.T.);
#6332=ADVANCED_FACE('',(#576),#236,.F.);
#6333=CLOSED_SHELL('',(#5993,#5994,#5995,#5996,#5997,#5998,#5999,#6000,
#6001,#6002,#6003,#6004,#6005,#6006,#6007,#6008,#6009,#6010,#6011,#6012,
#6013,#6014,#6015,#6016,#6017,#6018,#6019,#6020,#6021,#6022,#6023,#6024,
#6025,#6026,#6027,#6028,#6029,#6030,#6031,#6032,#6033,#6034,#6035,#6036,
#6037,#6038,#6039,#6040,#6041,#6042,#6043,#6044,#6045,#6046,#6047,#6048,
#6049,#6050,#6051,#6052,#6053,#6054,#6055,#6056,#6057,#6058,#6059,#6060,
#6061,#6062,#6063,#6064,#6065,#6066,#6067,#6068,#6069,#6070,#6071,#6072,
#6073,#6074,#6075,#6076,#6077,#6078,#6079,#6080,#6081,#6082,#6083,#6084,
#6085,#6086,#6087,#6088,#6089,#6090,#6091,#6092,#6093,#6094,#6095,#6096,
#6097,#6098,#6099,#6100,#6101,#6102,#6103,#6104,#6105,#6106,#6107,#6108,
#6109,#6110,#6111,#6112,#6113,#6114,#6115,#6116,#6117,#6118,#6119,#6120,
#6121,#6122,#6123,#6124,#6125,#6126,#6127,#6128,#6129,#6130,#6131,#6132,
#6133,#6134,#6135,#6136,#6137,#6138,#6139,#6140,#6141,#6142,#6143,#6144,
#6145,#6146,#6147,#6148,#6149,#6150,#6151,#6152,#6153,#6154,#6155,#6156,
#6157,#6158,#6159,#6160,#6161));
#6334=CLOSED_SHELL('',(#6162,#6163,#6164,#6165,#6166,#6167,#6168,#6169,
#6170,#6171,#6172,#6173,#6174,#6175,#6176,#6177,#6178,#6179,#6180,#6181,
#6182,#6183,#6184,#6185,#6186,#6187,#6188,#6189,#6190,#6191,#6192,#6193,
#6194,#6195,#6196,#6197,#6198,#6199,#6200,#6201,#6202,#6203,#6204,#6205,
#6206,#6207,#6208,#6209,#6210,#6211,#6212,#6213,#6214,#6215,#6216,#6217,
#6218,#6219,#6220,#6221,#6222,#6223,#6224,#6225,#6226,#6227,#6228,#6229,
#6230,#6231,#6232,#6233,#6234,#6235,#6236,#6237,#6238,#6239,#6240,#6241,
#6242,#6243,#6244,#6245,#6246,#6247,#6248,#6249,#6250,#6251,#6252,#6253,
#6254,#6255,#6256,#6257,#6258,#6259,#6260,#6261,#6262,#6263,#6264,#6265,
#6266,#6267,#6268,#6269,#6270,#6271,#6272,#6273,#6274,#6275,#6276,#6277,
#6278,#6279,#6280,#6281,#6282,#6283,#6284,#6285,#6286,#6287,#6288,#6289,
#6290,#6291,#6292,#6293,#6294,#6295,#6296,#6297,#6298,#6299,#6300,#6301,
#6302,#6303,#6304,#6305,#6306,#6307,#6308,#6309,#6310,#6311,#6312,#6313,
#6314,#6315,#6316,#6317,#6318,#6319,#6320,#6321,#6322,#6323,#6324,#6325,
#6326));
#6335=CLOSED_SHELL('',(#6327,#6328,#6329,#6330,#6331,#6332));
#6336=DERIVED_UNIT_ELEMENT(#6338,1.);
#6337=DERIVED_UNIT_ELEMENT(#12429,-3.);
#6338=(
MASS_UNIT()
NAMED_UNIT(*)
SI_UNIT(.KILO.,.GRAM.)
);
#6339=DERIVED_UNIT((#6336,#6337));
#6340=MEASURE_REPRESENTATION_ITEM('density measure',
POSITIVE_RATIO_MEASURE(7850.),#6339);
#6341=PROPERTY_DEFINITION_REPRESENTATION(#6346,#6343);
#6342=PROPERTY_DEFINITION_REPRESENTATION(#6347,#6344);
#6343=REPRESENTATION('material name',(#6345),#12426);
#6344=REPRESENTATION('density',(#6340),#12426);
#6345=DESCRIPTIVE_REPRESENTATION_ITEM('Acero','Acero');
#6346=PROPERTY_DEFINITION('material property','material name',#12436);
#6347=PROPERTY_DEFINITION('material property','density of part',#12436);
#6348=AXIS2_PLACEMENT_3D('',#7439,#6531,#6532);
#6349=AXIS2_PLACEMENT_3D('',#7535,#6538,#6539);
#6350=AXIS2_PLACEMENT_3D('',#7610,#6546,#6547);
#6351=AXIS2_PLACEMENT_3D('',#7800,#6559,#6560);
#6352=AXIS2_PLACEMENT_3D('',#7826,#6564,#6565);
#6353=AXIS2_PLACEMENT_3D('',#8011,#6574,#6575);
#6354=AXIS2_PLACEMENT_3D('',#8020,#6580,#6581);
#6355=AXIS2_PLACEMENT_3D('',#8187,#6592,#6593);
#6356=AXIS2_PLACEMENT_3D('',#8193,#6597,#6598);
#6357=AXIS2_PLACEMENT_3D('',#8199,#6602,#6603);
#6358=AXIS2_PLACEMENT_3D('',#8202,#6606,#6607);
#6359=AXIS2_PLACEMENT_3D('',#8344,#6615,#6616);
#6360=AXIS2_PLACEMENT_3D('',#8350,#6620,#6621);
#6361=AXIS2_PLACEMENT_3D('',#8356,#6625,#6626);
#6362=AXIS2_PLACEMENT_3D('',#8359,#6629,#6630);
#6363=AXIS2_PLACEMENT_3D('',#8368,#6635,#6636);
#6364=AXIS2_PLACEMENT_3D('',#8535,#6647,#6648);
#6365=AXIS2_PLACEMENT_3D('',#8541,#6652,#6653);
#6366=AXIS2_PLACEMENT_3D('',#8547,#6657,#6658);
#6367=AXIS2_PLACEMENT_3D('',#8550,#6661,#6662);
#6368=AXIS2_PLACEMENT_3D('',#8738,#6672,#6673);
#6369=AXIS2_PLACEMENT_3D('',#8813,#6680,#6681);
#6370=AXIS2_PLACEMENT_3D('',#9049,#6695,#6696);
#6371=AXIS2_PLACEMENT_3D('',#9101,#6702,#6703);
#6372=AXIS2_PLACEMENT_3D('',#9222,#6712,#6713);
#6373=AXIS2_PLACEMENT_3D('',#9248,#6717,#6718);
#6374=AXIS2_PLACEMENT_3D('',#9249,#6719,#6720);
#6375=AXIS2_PLACEMENT_3D('',#9258,#6725,#6726);
#6376=AXIS2_PLACEMENT_3D('',#9264,#6730,#6731);
#6377=AXIS2_PLACEMENT_3D('',#9270,#6735,#6736);
#6378=AXIS2_PLACEMENT_3D('',#9276,#6740,#6741);
#6379=AXIS2_PLACEMENT_3D('',#9282,#6745,#6746);
#6380=AXIS2_PLACEMENT_3D('',#9288,#6750,#6751);
#6381=AXIS2_PLACEMENT_3D('',#9294,#6755,#6756);
#6382=AXIS2_PLACEMENT_3D('',#9300,#6760,#6761);
#6383=AXIS2_PLACEMENT_3D('',#9306,#6765,#6766);
#6384=AXIS2_PLACEMENT_3D('',#9312,#6770,#6771);
#6385=AXIS2_PLACEMENT_3D('',#9318,#6775,#6776);
#6386=AXIS2_PLACEMENT_3D('',#9324,#6780,#6781);
#6387=AXIS2_PLACEMENT_3D('',#9327,#6784,#6785);
#6388=AXIS2_PLACEMENT_3D('',#9742,#6804,#6805);
#6389=AXIS2_PLACEMENT_3D('',#9743,#6806,#6807);
#6390=AXIS2_PLACEMENT_3D('',#9752,#6812,#6813);
#6391=AXIS2_PLACEMENT_3D('',#9758,#6817,#6818);
#6392=AXIS2_PLACEMENT_3D('',#9764,#6822,#6823);
#6393=AXIS2_PLACEMENT_3D('',#9770,#6827,#6828);
#6394=AXIS2_PLACEMENT_3D('',#9776,#6832,#6833);
#6395=AXIS2_PLACEMENT_3D('',#9782,#6837,#6838);
#6396=AXIS2_PLACEMENT_3D('',#9788,#6842,#6843);
#6397=AXIS2_PLACEMENT_3D('',#9794,#6847,#6848);
#6398=AXIS2_PLACEMENT_3D('',#9800,#6852,#6853);
#6399=AXIS2_PLACEMENT_3D('',#9803,#6856,#6857);
#6400=AXIS2_PLACEMENT_3D('',#9804,#6858,#6859);
#6401=AXIS2_PLACEMENT_3D('',#9807,#6860,#6861);
#6402=AXIS2_PLACEMENT_3D('',#9811,#6863,#6864);
#6403=AXIS2_PLACEMENT_3D('',#9815,#6866,#6867);
#6404=AXIS2_PLACEMENT_3D('',#9819,#6869,#6870);
#6405=AXIS2_PLACEMENT_3D('',#9822,#6872,#6873);
#6406=AXIS2_PLACEMENT_3D('',#9824,#6874,#6875);
#6407=AXIS2_PLACEMENT_3D('',#9826,#6876,#6877);
#6408=AXIS2_PLACEMENT_3D('',#9828,#6878,#6879);
#6409=AXIS2_PLACEMENT_3D('',#9829,#6880,#6881);
#6410=AXIS2_PLACEMENT_3D('',#9830,#6882,#6883);
#6411=AXIS2_PLACEMENT_3D('',#9831,#6884,#6885);
#6412=AXIS2_PLACEMENT_3D('',#9832,#6886,#6887);
#6413=AXIS2_PLACEMENT_3D('',#9833,#6888,#6889);
#6414=AXIS2_PLACEMENT_3D('',#9836,#6890,#6891);
#6415=AXIS2_PLACEMENT_3D('',#9839,#6894,#6895);
#6416=AXIS2_PLACEMENT_3D('',#9843,#6897,#6898);
#6417=AXIS2_PLACEMENT_3D('',#9847,#6900,#6901);
#6418=AXIS2_PLACEMENT_3D('',#9851,#6903,#6904);
#6419=AXIS2_PLACEMENT_3D('',#9870,#6914,#6915);
#6420=AXIS2_PLACEMENT_3D('',#9872,#6916,#6917);
#6421=AXIS2_PLACEMENT_3D('',#9874,#6918,#6919);
#6422=AXIS2_PLACEMENT_3D('',#9876,#6920,#6921);
#6423=AXIS2_PLACEMENT_3D('',#9877,#6922,#6923);
#6424=AXIS2_PLACEMENT_3D('',#9879,#6925,#6926);
#6425=AXIS2_PLACEMENT_3D('',#9881,#6928,#6929);
#6426=AXIS2_PLACEMENT_3D('',#9884,#6932,#6933);
#6427=AXIS2_PLACEMENT_3D('',#9886,#6935,#6936);
#6428=AXIS2_PLACEMENT_3D('',#9888,#6938,#6939);
#6429=AXIS2_PLACEMENT_3D('',#9894,#6943,#6944);
#6430=AXIS2_PLACEMENT_3D('',#9900,#6948,#6949);
#6431=AXIS2_PLACEMENT_3D('',#9903,#6952,#6953);
#6432=AXIS2_PLACEMENT_3D('',#9909,#6957,#6958);
#6433=AXIS2_PLACEMENT_3D('',#9913,#6961,#6962);
#6434=AXIS2_PLACEMENT_3D('',#9915,#6964,#6965);
#6435=AXIS2_PLACEMENT_3D('',#9917,#6967,#6968);
#6436=AXIS2_PLACEMENT_3D('',#9919,#6970,#6971);
#6437=AXIS2_PLACEMENT_3D('',#9923,#6974,#6975);
#6438=AXIS2_PLACEMENT_3D('',#9925,#6977,#6978);
#6439=AXIS2_PLACEMENT_3D('',#9927,#6980,#6981);
#6440=AXIS2_PLACEMENT_3D('',#9928,#6982,#6983);
#6441=AXIS2_PLACEMENT_3D('',#9929,#6984,#6985);
#6442=AXIS2_PLACEMENT_3D('',#9930,#6986,#6987);
#6443=AXIS2_PLACEMENT_3D('',#9931,#6988,#6989);
#6444=AXIS2_PLACEMENT_3D('',#9934,#6990,#6991);
#6445=AXIS2_PLACEMENT_3D('',#9938,#6993,#6994);
#6446=AXIS2_PLACEMENT_3D('',#9940,#6996,#6997);
#6447=AXIS2_PLACEMENT_3D('',#9944,#6999,#7000);
#6448=AXIS2_PLACEMENT_3D('',#9948,#7002,#7003);
#6449=AXIS2_PLACEMENT_3D('',#9952,#7005,#7006);
#6450=AXIS2_PLACEMENT_3D('',#10390,#7055,#7056);
#6451=AXIS2_PLACEMENT_3D('',#10394,#7059,#7060);
#6452=AXIS2_PLACEMENT_3D('',#10396,#7061,#7062);
#6453=AXIS2_PLACEMENT_3D('',#10398,#7064,#7065);
#6454=AXIS2_PLACEMENT_3D('',#10402,#7067,#7068);
#6455=AXIS2_PLACEMENT_3D('',#10404,#7070,#7071);
#6456=AXIS2_PLACEMENT_3D('',#10408,#7074,#7075);
#6457=AXIS2_PLACEMENT_3D('',#10410,#7076,#7077);
#6458=AXIS2_PLACEMENT_3D('',#10507,#7084,#7085);
#6459=AXIS2_PLACEMENT_3D('',#10563,#7092,#7093);
#6460=AXIS2_PLACEMENT_3D('',#10703,#7104,#7105);
#6461=AXIS2_PLACEMENT_3D('',#10722,#7108,#7109);
#6462=AXIS2_PLACEMENT_3D('',#10907,#7118,#7119);
#6463=AXIS2_PLACEMENT_3D('',#10913,#7123,#7124);
#6464=AXIS2_PLACEMENT_3D('',#11036,#7134,#7135);
#6465=AXIS2_PLACEMENT_3D('',#11040,#7138,#7139);
#6466=AXIS2_PLACEMENT_3D('',#11044,#7142,#7143);
#6467=AXIS2_PLACEMENT_3D('',#11046,#7145,#7146);
#6468=AXIS2_PLACEMENT_3D('',#11188,#7154,#7155);
#6469=AXIS2_PLACEMENT_3D('',#11194,#7159,#7160);
#6470=AXIS2_PLACEMENT_3D('',#11200,#7164,#7165);
#6471=AXIS2_PLACEMENT_3D('',#11203,#7168,#7169);
#6472=AXIS2_PLACEMENT_3D('',#11209,#7173,#7174);
#6473=AXIS2_PLACEMENT_3D('',#11332,#7184,#7185);
#6474=AXIS2_PLACEMENT_3D('',#11336,#7188,#7189);
#6475=AXIS2_PLACEMENT_3D('',#11340,#7192,#7193);
#6476=AXIS2_PLACEMENT_3D('',#11342,#7195,#7196);
#6477=AXIS2_PLACEMENT_3D('',#11530,#7206,#7207);
#6478=AXIS2_PLACEMENT_3D('',#11586,#7214,#7215);
#6479=AXIS2_PLACEMENT_3D('',#11760,#7228,#7229);
#6480=AXIS2_PLACEMENT_3D('',#11798,#7234,#7235);
#6481=AXIS2_PLACEMENT_3D('',#11887,#7243,#7244);
#6482=AXIS2_PLACEMENT_3D('',#11906,#7247,#7248);
#6483=AXIS2_PLACEMENT_3D('',#11907,#7249,#7250);
#6484=AXIS2_PLACEMENT_3D('',#11913,#7254,#7255);
#6485=AXIS2_PLACEMENT_3D('',#11917,#7258,#7259);
#6486=AXIS2_PLACEMENT_3D('',#11921,#7262,#7263);
#6487=AXIS2_PLACEMENT_3D('',#11925,#7266,#7267);
#6488=AXIS2_PLACEMENT_3D('',#11929,#7270,#7271);
#6489=AXIS2_PLACEMENT_3D('',#11933,#7274,#7275);
#6490=AXIS2_PLACEMENT_3D('',#11937,#7278,#7279);
#6491=AXIS2_PLACEMENT_3D('',#11941,#7282,#7283);
#6492=AXIS2_PLACEMENT_3D('',#11945,#7286,#7287);
#6493=AXIS2_PLACEMENT_3D('',#11949,#7290,#7291);
#6494=AXIS2_PLACEMENT_3D('',#11953,#7294,#7295);
#6495=AXIS2_PLACEMENT_3D('',#11957,#7298,#7299);
#6496=AXIS2_PLACEMENT_3D('',#11959,#7301,#7302);
#6497=AXIS2_PLACEMENT_3D('',#12314,#7321,#7322);
#6498=AXIS2_PLACEMENT_3D('',#12315,#7323,#7324);
#6499=AXIS2_PLACEMENT_3D('',#12321,#7328,#7329);
#6500=AXIS2_PLACEMENT_3D('',#12325,#7332,#7333);
#6501=AXIS2_PLACEMENT_3D('',#12329,#7336,#7337);
#6502=AXIS2_PLACEMENT_3D('',#12333,#7340,#7341);
#6503=AXIS2_PLACEMENT_3D('',#12337,#7344,#7345);
#6504=AXIS2_PLACEMENT_3D('',#12341,#7348,#7349);
#6505=AXIS2_PLACEMENT_3D('',#12345,#7352,#7353);
#6506=AXIS2_PLACEMENT_3D('',#12349,#7356,#7357);
#6507=AXIS2_PLACEMENT_3D('',#12353,#7360,#7361);
#6508=AXIS2_PLACEMENT_3D('',#12355,#7363,#7364);
#6509=AXIS2_PLACEMENT_3D('',#12356,#7365,#7366);
#6510=AXIS2_PLACEMENT_3D('',#12357,#7367,#7368);
#6511=AXIS2_PLACEMENT_3D('',#12358,#7369,#7370);
#6512=AXIS2_PLACEMENT_3D('',#12359,#7371,#7372);
#6513=AXIS2_PLACEMENT_3D('',#12360,#7373,#7374);
#6514=AXIS2_PLACEMENT_3D('',#12366,#7378,#7379);
#6515=AXIS2_PLACEMENT_3D('',#12370,#7382,#7383);
#6516=AXIS2_PLACEMENT_3D('',#12374,#7386,#7387);
#6517=AXIS2_PLACEMENT_3D('',#12376,#7389,#7390);
#6518=AXIS2_PLACEMENT_3D('',#12382,#7394,#7395);
#6519=AXIS2_PLACEMENT_3D('',#12386,#7398,#7399);
#6520=AXIS2_PLACEMENT_3D('',#12390,#7402,#7403);
#6521=AXIS2_PLACEMENT_3D('',#12392,#7405,#7406);
#6522=AXIS2_PLACEMENT_3D('',#12394,#7408,#7409);
#6523=AXIS2_PLACEMENT_3D('',#12396,#7411,#7412);
#6524=AXIS2_PLACEMENT_3D('',#12397,#7413,#7414);
#6525=AXIS2_PLACEMENT_3D('',#12398,#7415,#7416);
#6526=AXIS2_PLACEMENT_3D('',#12407,#7421,#7422);
#6527=AXIS2_PLACEMENT_3D('',#12413,#7426,#7427);
#6528=AXIS2_PLACEMENT_3D('',#12419,#7431,#7432);
#6529=AXIS2_PLACEMENT_3D('',#12422,#7435,#7436);
#6530=AXIS2_PLACEMENT_3D('',#12423,#7437,#7438);
#6531=DIRECTION('axis',(0.,0.,1.));
#6532=DIRECTION('refdir',(1.,0.,0.));
#6533=DIRECTION('',(0.,0.,1.));
#6534=DIRECTION('',(0.,0.,1.));
#6535=DIRECTION('',(0.,0.,1.));
#6536=DIRECTION('',(0.,0.,1.));
#6537=DIRECTION('',(0.,0.,1.));
#6538=DIRECTION('center_axis',(-4.86419221531589E-16,1.,0.));
#6539=DIRECTION('ref_axis',(-1.,-4.86419221531589E-16,0.));
#6540=DIRECTION('',(-1.,-4.86419221531589E-16,0.));
#6541=DIRECTION('',(-1.,-4.86419221531589E-16,0.));
#6542=DIRECTION('',(0.,0.,1.));
#6543=DIRECTION('',(0.,0.,1.));
#6544=DIRECTION('',(0.,0.,1.));
#6545=DIRECTION('',(0.,0.,1.));
#6546=DIRECTION('center_axis',(5.00914493396459E-16,-1.,0.));
#6547=DIRECTION('ref_axis',(1.,5.00914493396459E-16,0.));
#6548=DIRECTION('',(1.,5.00914493396459E-16,0.));
#6549=DIRECTION('',(0.,0.,1.));
#6550=DIRECTION('',(1.,5.00914493396459E-16,0.));
#6551=DIRECTION('',(0.,0.,1.));
#6552=DIRECTION('',(0.,0.,1.));
#6553=DIRECTION('',(0.,0.,1.));
#6554=DIRECTION('',(0.,0.,1.));
#6555=DIRECTION('',(0.,0.,1.));
#6556=DIRECTION('',(0.,0.,1.));
#6557=DIRECTION('',(0.,0.,1.));
#6558=DIRECTION('',(0.,0.,1.));
#6559=DIRECTION('center_axis',(-0.165541043054591,0.986202901569651,0.));
#6560=DIRECTION('ref_axis',(-0.986202901569651,-0.165541043054591,0.));
#6561=DIRECTION('',(-0.986202901569651,-0.165541043054591,0.));
#6562=DIRECTION('',(0.,0.,1.));
#6563=DIRECTION('',(-0.986202901569651,-0.165541043054591,0.));
#6564=DIRECTION('center_axis',(0.,0.,-1.));
#6565=DIRECTION('ref_axis',(-1.,0.,0.));
#6566=DIRECTION('',(0.,0.,1.));
#6567=DIRECTION('',(0.,0.,1.));
#6568=DIRECTION('',(0.,0.,1.));
#6569=DIRECTION('',(0.,0.,1.));
#6570=DIRECTION('',(0.,0.,1.));
#6571=DIRECTION('',(0.,0.,1.));
#6572=DIRECTION('',(0.,0.,1.));
#6573=DIRECTION('',(0.,0.,1.));
#6574=DIRECTION('center_axis',(-3.86142242935538E-16,1.,0.));
#6575=DIRECTION('ref_axis',(-1.,-3.86142242935538E-16,0.));
#6576=DIRECTION('',(-1.,-3.86142242935538E-16,0.));
#6577=DIRECTION('',(0.,0.,1.));
#6578=DIRECTION('',(-1.,-3.86142242935538E-16,0.));
#6579=DIRECTION('',(0.,0.,1.));
#6580=DIRECTION('center_axis',(1.,0.,0.));
#6581=DIRECTION('ref_axis',(0.,1.,0.));
#6582=DIRECTION('',(0.,1.,0.));
#6583=DIRECTION('',(0.,0.,1.));
#6584=DIRECTION('',(0.,1.,0.));
#6585=DIRECTION('',(0.,0.,1.));
#6586=DIRECTION('',(0.,0.,1.));
#6587=DIRECTION('',(0.,0.,1.));
#6588=DIRECTION('',(0.,0.,1.));
#6589=DIRECTION('',(0.,0.,1.));
#6590=DIRECTION('',(0.,0.,1.));
#6591=DIRECTION('',(0.,0.,1.));
#6592=DIRECTION('center_axis',(1.,0.,0.));
#6593=DIRECTION('ref_axis',(0.,1.,0.));
#6594=DIRECTION('',(0.,1.,0.));
#6595=DIRECTION('',(0.,0.,1.));
#6596=DIRECTION('',(0.,1.,0.));
#6597=DIRECTION('center_axis',(4.15731887606231E-16,-1.,0.));
#6598=DIRECTION('ref_axis',(1.,4.15731887606231E-16,0.));
#6599=DIRECTION('',(1.,4.15731887606231E-16,0.));
#6600=DIRECTION('',(0.,0.,1.));
#6601=DIRECTION('',(1.,4.15731887606231E-16,0.));
#6602=DIRECTION('center_axis',(-1.,-5.92118899409368E-16,0.));
#6603=DIRECTION('ref_axis',(5.92118899409368E-16,-1.,0.));
#6604=DIRECTION('',(5.92118899409368E-16,-1.,0.));
#6605=DIRECTION('',(5.92118899409368E-16,-1.,0.));
#6606=DIRECTION('center_axis',(0.,0.,-1.));
#6607=DIRECTION('ref_axis',(-1.,0.,0.));
#6608=DIRECTION('',(0.,0.,1.));
#6609=DIRECTION('',(0.,0.,1.));
#6610=DIRECTION('',(0.,0.,1.));
#6611=DIRECTION('',(0.,0.,1.));
#6612=DIRECTION('',(0.,0.,1.));
#6613=DIRECTION('',(0.,0.,1.));
#6614=DIRECTION('',(0.,0.,1.));
#6615=DIRECTION('center_axis',(-5.02341601241599E-16,1.,0.));
#6616=DIRECTION('ref_axis',(-1.,-5.02341601241599E-16,0.));
#6617=DIRECTION('',(-1.,-5.02341601241599E-16,0.));
#6618=DIRECTION('',(0.,0.,1.));
#6619=DIRECTION('',(-1.,-5.02341601241599E-16,0.));
#6620=DIRECTION('center_axis',(-1.,-5.21662470838108E-16,0.));
#6621=DIRECTION('ref_axis',(5.21662470838108E-16,-1.,0.));
#6622=DIRECTION('',(5.21662470838108E-16,-1.,0.));
#6623=DIRECTION('',(0.,0.,1.));
#6624=DIRECTION('',(5.21662470838108E-16,-1.,0.));
#6625=DIRECTION('center_axis',(7.58781688829224E-16,-1.,0.));
#6626=DIRECTION('ref_axis',(1.,7.58781688829224E-16,0.));
#6627=DIRECTION('',(1.,7.58781688829224E-16,0.));
#6628=DIRECTION('',(1.,7.58781688829224E-16,0.));
#6629=DIRECTION('center_axis',(-1.,-3.9242596825926E-16,0.));
#6630=DIRECTION('ref_axis',(3.9242596825926E-16,-1.,0.));
#6631=DIRECTION('',(3.9242596825926E-16,-1.,0.));
#6632=DIRECTION('',(0.,0.,1.));
#6633=DIRECTION('',(3.9242596825926E-16,-1.,0.));
#6634=DIRECTION('',(0.,0.,1.));
#6635=DIRECTION('center_axis',(4.91929775092206E-16,-1.,0.));
#6636=DIRECTION('ref_axis',(1.,4.91929775092206E-16,0.));
#6637=DIRECTION('',(1.,4.91929775092206E-16,0.));
#6638=DIRECTION('',(0.,0.,1.));
#6639=DIRECTION('',(1.,4.91929775092206E-16,0.));
#6640=DIRECTION('',(0.,0.,1.));
#6641=DIRECTION('',(0.,0.,1.));
#6642=DIRECTION('',(0.,0.,1.));
#6643=DIRECTION('',(0.,0.,1.));
#6644=DIRECTION('',(0.,0.,1.));
#6645=DIRECTION('',(0.,0.,1.));
#6646=DIRECTION('',(0.,0.,1.));
#6647=DIRECTION('center_axis',(-4.56866605158439E-16,1.,0.));
#6648=DIRECTION('ref_axis',(-1.,-4.56866605158439E-16,0.));
#6649=DIRECTION('',(-1.,-4.56866605158439E-16,0.));
#6650=DIRECTION('',(0.,0.,1.));
#6651=DIRECTION('',(-1.,-4.56866605158439E-16,0.));
#6652=DIRECTION('center_axis',(1.,4.44089174557026E-16,0.));
#6653=DIRECTION('ref_axis',(-4.44089174557026E-16,1.,0.));
#6654=DIRECTION('',(-4.44089174557026E-16,1.,0.));
#6655=DIRECTION('',(0.,0.,1.));
#6656=DIRECTION('',(-4.44089174557026E-16,1.,0.));
#6657=DIRECTION('center_axis',(3.6657352965402E-16,-1.,0.));
#6658=DIRECTION('ref_axis',(1.,3.6657352965402E-16,0.));
#6659=DIRECTION('',(1.,3.6657352965402E-16,0.));
#6660=DIRECTION('',(1.,3.6657352965402E-16,0.));
#6661=DIRECTION('center_axis',(0.,0.,-1.));
#6662=DIRECTION('ref_axis',(-1.,0.,0.));
#6663=DIRECTION('',(0.,0.,1.));
#6664=DIRECTION('',(0.,0.,1.));
#6665=DIRECTION('',(0.,0.,1.));
#6666=DIRECTION('',(0.,0.,1.));
#6667=DIRECTION('',(0.,0.,1.));
#6668=DIRECTION('',(0.,0.,1.));
#6669=DIRECTION('',(0.,0.,1.));
#6670=DIRECTION('',(0.,0.,1.));
#6671=DIRECTION('',(0.,0.,1.));
#6672=DIRECTION('center_axis',(1.,0.,0.));
#6673=DIRECTION('ref_axis',(0.,1.,0.));
#6674=DIRECTION('',(0.,1.,0.));
#6675=DIRECTION('',(0.,1.,0.));
#6676=DIRECTION('',(0.,0.,1.));
#6677=DIRECTION('',(0.,0.,1.));
#6678=DIRECTION('',(0.,0.,1.));
#6679=DIRECTION('',(0.,0.,1.));
#6680=DIRECTION('center_axis',(1.,0.,0.));
#6681=DIRECTION('ref_axis',(0.,1.,0.));
#6682=DIRECTION('',(0.,1.,0.));
#6683=DIRECTION('',(0.,0.,1.));
#6684=DIRECTION('',(0.,1.,0.));
#6685=DIRECTION('',(0.,0.,1.));
#6686=DIRECTION('',(0.,0.,1.));
#6687=DIRECTION('',(0.,0.,1.));
#6688=DIRECTION('',(0.,0.,1.));
#6689=DIRECTION('',(0.,0.,1.));
#6690=DIRECTION('',(0.,0.,1.));
#6691=DIRECTION('',(0.,0.,1.));
#6692=DIRECTION('',(0.,0.,1.));
#6693=DIRECTION('',(0.,0.,1.));
#6694=DIRECTION('',(0.,0.,1.));
#6695=DIRECTION('center_axis',(3.9030835608246E-16,-1.,0.));
#6696=DIRECTION('ref_axis',(1.,3.9030835608246E-16,0.));
#6697=DIRECTION('',(1.,3.9030835608246E-16,0.));
#6698=DIRECTION('',(0.,0.,1.));
#6699=DIRECTION('',(1.,3.9030835608246E-16,0.));
#6700=DIRECTION('',(0.,0.,1.));
#6701=DIRECTION('',(0.,0.,1.));
#6702=DIRECTION('center_axis',(-0.999958192657958,-0.00914401094875796,
0.));
#6703=DIRECTION('ref_axis',(0.00914401094875796,-0.999958192657958,0.));
#6704=DIRECTION('',(0.00914401094875796,-0.999958192657958,0.));
#6705=DIRECTION('',(0.,0.,1.));
#6706=DIRECTION('',(0.00914401094875796,-0.999958192657957,0.));
#6707=DIRECTION('',(0.,0.,1.));
#6708=DIRECTION('',(0.,0.,1.));
#6709=DIRECTION('',(0.,0.,1.));
#6710=DIRECTION('',(0.,0.,1.));
#6711=DIRECTION('',(0.,0.,1.));
#6712=DIRECTION('center_axis',(0.177527004084563,-0.984115929563565,0.));
#6713=DIRECTION('ref_axis',(0.984115929563565,0.177527004084563,0.));
#6714=DIRECTION('',(0.984115929563565,0.177527004084563,0.));
#6715=DIRECTION('',(0.,0.,1.));
#6716=DIRECTION('',(0.984115929563565,0.177527004084563,0.));
#6717=DIRECTION('center_axis',(0.,0.,-1.));
#6718=DIRECTION('ref_axis',(-1.,0.,0.));
#6719=DIRECTION('center_axis',(-0.966982813290383,-0.254841595507909,0.));
#6720=DIRECTION('ref_axis',(0.254841595507909,-0.966982813290383,0.));
#6721=DIRECTION('',(0.254841595507909,-0.966982813290383,0.));
#6722=DIRECTION('',(0.,0.,1.));
#6723=DIRECTION('',(0.254841595507909,-0.966982813290383,0.));
#6724=DIRECTION('',(0.,0.,1.));
#6725=DIRECTION('center_axis',(0.965929210117636,-0.258806416152151,0.));
#6726=DIRECTION('ref_axis',(0.258806416152151,0.965929210117636,0.));
#6727=DIRECTION('',(0.258806416152151,0.965929210117636,0.));
#6728=DIRECTION('',(0.,0.,1.));
#6729=DIRECTION('',(0.258806416152151,0.965929210117636,0.));
#6730=DIRECTION('center_axis',(4.01872818562889E-16,-1.,0.));
#6731=DIRECTION('ref_axis',(1.,4.01872818562889E-16,0.));
#6732=DIRECTION('',(1.,4.01872818562889E-16,0.));
#6733=DIRECTION('',(0.,0.,1.));
#6734=DIRECTION('',(1.,4.01872818562889E-16,0.));
#6735=DIRECTION('center_axis',(-0.952121846522501,-0.305718807688671,0.));
#6736=DIRECTION('ref_axis',(0.305718807688671,-0.952121846522501,0.));
#6737=DIRECTION('',(0.305718807688671,-0.952121846522501,0.));
#6738=DIRECTION('',(0.,0.,1.));
#6739=DIRECTION('',(0.305718807688671,-0.952121846522501,0.));
#6740=DIRECTION('center_axis',(-3.91717549015232E-16,1.,0.));
#6741=DIRECTION('ref_axis',(-1.,-3.91717549015232E-16,0.));
#6742=DIRECTION('',(-1.,-3.91717549015232E-16,0.));
#6743=DIRECTION('',(0.,0.,1.));
#6744=DIRECTION('',(-1.,-3.91717549015232E-16,0.));
#6745=DIRECTION('center_axis',(0.960000071993385,0.279999753165419,0.));
#6746=DIRECTION('ref_axis',(-0.279999753165419,0.960000071993385,0.));
#6747=DIRECTION('',(-0.279999753165419,0.960000071993385,0.));
#6748=DIRECTION('',(0.,0.,1.));
#6749=DIRECTION('',(-0.279999753165419,0.960000071993385,0.));
#6750=DIRECTION('center_axis',(-0.969151600871548,0.246465361720702,0.));
#6751=DIRECTION('ref_axis',(-0.246465361720702,-0.969151600871548,0.));
#6752=DIRECTION('',(-0.246465361720702,-0.969151600871548,0.));
#6753=DIRECTION('',(0.,0.,1.));
#6754=DIRECTION('',(-0.246465361720702,-0.969151600871548,0.));
#6755=DIRECTION('center_axis',(-4.00390438761687E-16,1.,0.));
#6756=DIRECTION('ref_axis',(-1.,-4.00390438761687E-16,0.));
#6757=DIRECTION('',(-1.,-4.00390438761687E-16,0.));
#6758=DIRECTION('',(0.,0.,1.));
#6759=DIRECTION('',(-1.,-4.00390438761687E-16,0.));
#6760=DIRECTION('center_axis',(0.967128451865822,0.254288335539831,0.));
#6761=DIRECTION('ref_axis',(-0.254288335539831,0.967128451865822,0.));
#6762=DIRECTION('',(-0.254288335539831,0.967128451865822,0.));
#6763=DIRECTION('',(0.,0.,1.));
#6764=DIRECTION('',(-0.254288335539831,0.967128451865822,0.));
#6765=DIRECTION('center_axis',(-0.961471844602883,0.274903423106969,0.));
#6766=DIRECTION('ref_axis',(-0.274903423106969,-0.961471844602883,0.));
#6767=DIRECTION('',(-0.274903423106969,-0.961471844602883,0.));
#6768=DIRECTION('',(0.,0.,1.));
#6769=DIRECTION('',(-0.274903423106969,-0.961471844602883,0.));
#6770=DIRECTION('center_axis',(-3.97457229302245E-16,1.,0.));
#6771=DIRECTION('ref_axis',(-1.,-3.97457229302245E-16,0.));
#6772=DIRECTION('',(-1.,-3.97457229302245E-16,0.));
#6773=DIRECTION('',(0.,0.,1.));
#6774=DIRECTION('',(-1.,-3.97457229302245E-16,0.));
#6775=DIRECTION('center_axis',(0.953419701596501,-0.30164693369507,0.));
#6776=DIRECTION('ref_axis',(0.30164693369507,0.953419701596501,0.));
#6777=DIRECTION('',(0.30164693369507,0.953419701596501,0.));
#6778=DIRECTION('',(0.,0.,1.));
#6779=DIRECTION('',(0.30164693369507,0.953419701596501,0.));
#6780=DIRECTION('center_axis',(3.97456890059712E-16,-1.,0.));
#6781=DIRECTION('ref_axis',(1.,3.97456890059712E-16,0.));
#6782=DIRECTION('',(1.,3.97456890059712E-16,0.));
#6783=DIRECTION('',(1.,3.97456890059712E-16,0.));
#6784=DIRECTION('center_axis',(0.,0.,1.));
#6785=DIRECTION('ref_axis',(1.,0.,0.));
#6786=DIRECTION('',(0.,0.,1.));
#6787=DIRECTION('',(0.,0.,1.));
#6788=DIRECTION('',(0.,0.,1.));
#6789=DIRECTION('',(0.,0.,1.));
#6790=DIRECTION('',(0.,0.,1.));
#6791=DIRECTION('',(0.,0.,1.));
#6792=DIRECTION('',(0.,0.,1.));
#6793=DIRECTION('',(0.,0.,1.));
#6794=DIRECTION('',(0.,0.,1.));
#6795=DIRECTION('',(0.,0.,1.));
#6796=DIRECTION('',(0.,0.,1.));
#6797=DIRECTION('',(0.,0.,1.));
#6798=DIRECTION('',(0.,0.,1.));
#6799=DIRECTION('',(0.,0.,1.));
#6800=DIRECTION('',(0.,0.,1.));
#6801=DIRECTION('',(0.,0.,1.));
#6802=DIRECTION('',(0.,0.,1.));
#6803=DIRECTION('',(0.,0.,1.));
#6804=DIRECTION('center_axis',(0.,0.,-1.));
#6805=DIRECTION('ref_axis',(-1.,0.,0.));
#6806=DIRECTION('center_axis',(-1.,0.,0.));
#6807=DIRECTION('ref_axis',(0.,-1.,0.));
#6808=DIRECTION('',(0.,-1.,0.));
#6809=DIRECTION('',(0.,0.,1.));
#6810=DIRECTION('',(0.,-1.,0.));
#6811=DIRECTION('',(0.,0.,1.));
#6812=DIRECTION('center_axis',(0.850587361222126,-0.525833757882832,0.));
#6813=DIRECTION('ref_axis',(0.525833757882832,0.850587361222126,0.));
#6814=DIRECTION('',(0.525833757882832,0.850587361222126,0.));
#6815=DIRECTION('',(0.,0.,1.));
#6816=DIRECTION('',(0.525833757882832,0.850587361222126,0.));
#6817=DIRECTION('center_axis',(3.65339441901131E-16,-1.,0.));
#6818=DIRECTION('ref_axis',(1.,3.65339441901131E-16,0.));
#6819=DIRECTION('',(1.,3.65339441901131E-16,0.));
#6820=DIRECTION('',(0.,0.,1.));
#6821=DIRECTION('',(1.,3.65339441901131E-16,0.));
#6822=DIRECTION('center_axis',(-1.,-2.96059449704684E-16,0.));
#6823=DIRECTION('ref_axis',(2.96059449704684E-16,-1.,0.));
#6824=DIRECTION('',(2.96059449704684E-16,-1.,0.));
#6825=DIRECTION('',(0.,0.,1.));
#6826=DIRECTION('',(2.96059449704684E-16,-1.,0.));
#6827=DIRECTION('center_axis',(-3.94566516767285E-16,1.,0.));
#6828=DIRECTION('ref_axis',(-1.,-3.94566516767284E-16,0.));
#6829=DIRECTION('',(-1.,-3.94566516767284E-16,0.));
#6830=DIRECTION('',(0.,0.,1.));
#6831=DIRECTION('',(-1.,-3.94566516767284E-16,0.));
#6832=DIRECTION('center_axis',(1.,4.43333145913657E-16,0.));
#6833=DIRECTION('ref_axis',(-4.43333145913657E-16,1.,0.));
#6834=DIRECTION('',(-4.43333145913657E-16,1.,0.));
#6835=DIRECTION('',(0.,0.,1.));
#6836=DIRECTION('',(-4.43333145913657E-16,1.,0.));
#6837=DIRECTION('center_axis',(-0.852613778896577,0.522541619429208,0.));
#6838=DIRECTION('ref_axis',(-0.522541619429208,-0.852613778896577,0.));
#6839=DIRECTION('',(-0.522541619429208,-0.852613778896577,0.));
#6840=DIRECTION('',(0.,0.,1.));
#6841=DIRECTION('',(-0.522541619429208,-0.852613778896577,0.));
#6842=DIRECTION('center_axis',(-3.76756234800655E-16,1.,0.));
#6843=DIRECTION('ref_axis',(-1.,-3.76756234800655E-16,0.));
#6844=DIRECTION('',(-1.,-3.76756234800655E-16,0.));
#6845=DIRECTION('',(0.,0.,1.));
#6846=DIRECTION('',(-1.,-3.76756234800655E-16,0.));
#6847=DIRECTION('center_axis',(1.,5.92118899409368E-16,0.));
#6848=DIRECTION('ref_axis',(-5.92118899409368E-16,1.,0.));
#6849=DIRECTION('',(-5.92118899409368E-16,1.,0.));
#6850=DIRECTION('',(0.,0.,1.));
#6851=DIRECTION('',(-5.92118899409368E-16,1.,0.));
#6852=DIRECTION('center_axis',(3.9456634960429E-16,-1.,0.));
#6853=DIRECTION('ref_axis',(1.,3.9456634960429E-16,0.));
#6854=DIRECTION('',(1.,3.9456634960429E-16,0.));
#6855=DIRECTION('',(1.,3.9456634960429E-16,0.));
#6856=DIRECTION('center_axis',(0.,0.,1.));
#6857=DIRECTION('ref_axis',(1.,0.,0.));
#6858=DIRECTION('center_axis',(0.,0.,1.));
#6859=DIRECTION('ref_axis',(1.,0.,0.));
#6860=DIRECTION('center_axis',(0.,0.,1.));
#6861=DIRECTION('ref_axis',(-0.707106781186547,0.707106781186547,0.));
#6862=DIRECTION('',(1.,1.46806350363657E-16,0.));
#6863=DIRECTION('center_axis',(0.,0.,1.));
#6864=DIRECTION('ref_axis',(0.707106781186547,0.707106781186547,0.));
#6865=DIRECTION('',(0.,-1.,0.));
#6866=DIRECTION('center_axis',(0.,0.,1.));
#6867=DIRECTION('ref_axis',(0.707106781186547,-0.707106781186547,0.));
#6868=DIRECTION('',(-1.,-1.46806350363657E-16,0.));
#6869=DIRECTION('center_axis',(0.,0.,1.));
#6870=DIRECTION('ref_axis',(-0.707106781186547,-0.707106781186547,0.));
#6871=DIRECTION('',(-1.60032147693716E-16,1.,0.));
#6872=DIRECTION('center_axis',(0.,0.,-1.));
#6873=DIRECTION('ref_axis',(1.,0.,0.));
#6874=DIRECTION('center_axis',(0.,0.,-1.));
#6875=DIRECTION('ref_axis',(1.,0.,0.));
#6876=DIRECTION('center_axis',(0.,0.,-1.));
#6877=DIRECTION('ref_axis',(1.,0.,0.));
#6878=DIRECTION('center_axis',(0.,0.,-1.));
#6879=DIRECTION('ref_axis',(1.,0.,0.));
#6880=DIRECTION('center_axis',(0.,0.,1.));
#6881=DIRECTION('ref_axis',(1.,0.,0.));
#6882=DIRECTION('center_axis',(0.,0.,1.));
#6883=DIRECTION('ref_axis',(1.,0.,0.));
#6884=DIRECTION('center_axis',(0.,0.,1.));
#6885=DIRECTION('ref_axis',(1.,0.,0.));
#6886=DIRECTION('center_axis',(0.,0.,1.));
#6887=DIRECTION('ref_axis',(1.,0.,0.));
#6888=DIRECTION('center_axis',(0.,0.,1.));
#6889=DIRECTION('ref_axis',(-0.707106781186547,0.707106781186547,0.));
#6890=DIRECTION('center_axis',(0.,0.,-1.));
#6891=DIRECTION('ref_axis',(-0.707106781186547,0.707106781186547,0.));
#6892=DIRECTION('',(0.,0.,-1.));
#6893=DIRECTION('',(0.,0.,1.));
#6894=DIRECTION('center_axis',(0.,0.,1.));
#6895=DIRECTION('ref_axis',(1.,0.,0.));
#6896=DIRECTION('',(1.60032147693716E-16,-1.,0.));
#6897=DIRECTION('center_axis',(0.,0.,-1.));
#6898=DIRECTION('ref_axis',(-0.707106781186547,-0.707106781186547,0.));
#6899=DIRECTION('',(1.,1.46806350363657E-16,0.));
#6900=DIRECTION('center_axis',(0.,0.,-1.));
#6901=DIRECTION('ref_axis',(0.707106781186547,-0.707106781186547,0.));
#6902=DIRECTION('',(0.,1.,0.));
#6903=DIRECTION('center_axis',(0.,0.,-1.));
#6904=DIRECTION('ref_axis',(0.707106781186547,0.707106781186547,0.));
#6905=DIRECTION('',(-1.,-1.46806350363657E-16,0.));
#6906=DIRECTION('',(0.,-1.,0.));
#6907=DIRECTION('',(1.,0.,0.));
#6908=DIRECTION('',(0.,-1.,0.));
#6909=DIRECTION('',(-1.,0.,0.));
#6910=DIRECTION('',(0.,1.,0.));
#6911=DIRECTION('',(1.,0.,0.));
#6912=DIRECTION('',(0.,1.,0.));
#6913=DIRECTION('',(-1.,-1.46806350363657E-16,0.));
#6914=DIRECTION('center_axis',(0.,0.,-1.));
#6915=DIRECTION('ref_axis',(1.,0.,0.));
#6916=DIRECTION('center_axis',(0.,0.,-1.));
#6917=DIRECTION('ref_axis',(1.,0.,0.));
#6918=DIRECTION('center_axis',(0.,0.,-1.));
#6919=DIRECTION('ref_axis',(1.,0.,0.));
#6920=DIRECTION('center_axis',(0.,0.,-1.));
#6921=DIRECTION('ref_axis',(1.,0.,0.));
#6922=DIRECTION('center_axis',(-1.,-1.60032147693716E-16,0.));
#6923=DIRECTION('ref_axis',(1.60032147693716E-16,-1.,0.));
#6924=DIRECTION('',(0.,0.,-1.));
#6925=DIRECTION('center_axis',(0.,0.,1.));
#6926=DIRECTION('ref_axis',(-0.707106781186547,-0.707106781186547,0.));
#6927=DIRECTION('',(0.,0.,1.));
#6928=DIRECTION('center_axis',(0.,0.,1.));
#6929=DIRECTION('ref_axis',(0.707106781186547,-0.707106781186547,0.));
#6930=DIRECTION('',(0.,0.,-1.));
#6931=DIRECTION('',(0.,0.,1.));
#6932=DIRECTION('center_axis',(1.,0.,0.));
#6933=DIRECTION('ref_axis',(0.,1.,0.));
#6934=DIRECTION('',(0.,0.,-1.));
#6935=DIRECTION('center_axis',(0.,0.,1.));
#6936=DIRECTION('ref_axis',(0.707106781186547,0.707106781186547,0.));
#6937=DIRECTION('',(0.,0.,1.));
#6938=DIRECTION('center_axis',(1.,0.,0.));
#6939=DIRECTION('ref_axis',(0.,-1.,0.));
#6940=DIRECTION('',(0.,0.,1.));
#6941=DIRECTION('',(0.,-1.,0.));
#6942=DIRECTION('',(0.,0.,-1.));
#6943=DIRECTION('center_axis',(-1.,0.,0.));
#6944=DIRECTION('ref_axis',(0.,1.,0.));
#6945=DIRECTION('',(0.,0.,1.));
#6946=DIRECTION('',(0.,1.,0.));
#6947=DIRECTION('',(0.,0.,-1.));
#6948=DIRECTION('center_axis',(0.,0.,-1.));
#6949=DIRECTION('ref_axis',(-1.,0.,0.));
#6950=DIRECTION('',(-1.,0.,0.));
#6951=DIRECTION('',(1.,1.46806350363657E-16,0.));
#6952=DIRECTION('center_axis',(0.,-1.,0.));
#6953=DIRECTION('ref_axis',(1.,0.,0.));
#6954=DIRECTION('',(0.,0.,1.));
#6955=DIRECTION('',(-1.,0.,0.));
#6956=DIRECTION('',(0.,0.,1.));
#6957=DIRECTION('center_axis',(1.,0.,0.));
#6958=DIRECTION('ref_axis',(0.,1.,0.));
#6959=DIRECTION('',(0.,-1.,0.));
#6960=DIRECTION('',(0.,0.,1.));
#6961=DIRECTION('center_axis',(0.,0.,1.));
#6962=DIRECTION('ref_axis',(1.,0.,0.));
#6963=DIRECTION('',(0.,0.,-1.));
#6964=DIRECTION('center_axis',(0.,0.,1.));
#6965=DIRECTION('ref_axis',(1.,0.,0.));
#6966=DIRECTION('',(0.,0.,-1.));
#6967=DIRECTION('center_axis',(0.,0.,1.));
#6968=DIRECTION('ref_axis',(1.,0.,0.));
#6969=DIRECTION('',(0.,0.,-1.));
#6970=DIRECTION('center_axis',(0.,1.,0.));
#6971=DIRECTION('ref_axis',(-1.,0.,0.));
#6972=DIRECTION('',(1.,0.,0.));
#6973=DIRECTION('',(0.,0.,1.));
#6974=DIRECTION('center_axis',(-1.,0.,0.));
#6975=DIRECTION('ref_axis',(0.,-1.,0.));
#6976=DIRECTION('',(0.,1.,0.));
#6977=DIRECTION('center_axis',(0.,0.,1.));
#6978=DIRECTION('ref_axis',(1.,0.,0.));
#6979=DIRECTION('',(0.,0.,-1.));
#6980=DIRECTION('center_axis',(1.46806350363657E-16,-1.,0.));
#6981=DIRECTION('ref_axis',(1.,1.46806350363657E-16,0.));
#6982=DIRECTION('center_axis',(-1.46806350363657E-16,1.,0.));
#6983=DIRECTION('ref_axis',(-1.,-1.46806350363657E-16,0.));
#6984=DIRECTION('center_axis',(0.,0.,1.));
#6985=DIRECTION('ref_axis',(1.,0.,0.));
#6986=DIRECTION('center_axis',(0.,0.,1.));
#6987=DIRECTION('ref_axis',(1.,0.,0.));
#6988=DIRECTION('center_axis',(0.,0.,1.));
#6989=DIRECTION('ref_axis',(0.707106781186547,-0.707106781186547,0.));
#6990=DIRECTION('center_axis',(0.,0.,-1.));
#6991=DIRECTION('ref_axis',(0.707106781186547,-0.707106781186547,0.));
#6992=DIRECTION('',(0.,0.,-1.));
#6993=DIRECTION('center_axis',(0.,0.,1.));
#6994=DIRECTION('ref_axis',(0.707106781186547,-0.707106781186547,0.));
#6995=DIRECTION('',(0.,0.,1.));
#6996=DIRECTION('center_axis',(0.,0.,1.));
#6997=DIRECTION('ref_axis',(1.,0.,0.));
#6998=DIRECTION('',(0.,1.,0.));
#6999=DIRECTION('center_axis',(0.,0.,-1.));
#7000=DIRECTION('ref_axis',(0.707106781186547,0.707106781186547,0.));
#7001=DIRECTION('',(-1.,0.,0.));
#7002=DIRECTION('center_axis',(0.,0.,-1.));
#7003=DIRECTION('ref_axis',(-0.707106781186547,0.707106781186547,0.));
#7004=DIRECTION('',(0.,-1.,0.));
#7005=DIRECTION('center_axis',(0.,0.,-1.));
#7006=DIRECTION('ref_axis',(-0.707106781186547,-0.707106781186547,0.));
#7007=DIRECTION('',(1.,0.,0.));
#7008=DIRECTION('',(0.,1.,0.));
#7009=DIRECTION('',(1.,0.,0.));
#7010=DIRECTION('',(0.,-1.,0.));
#7011=DIRECTION('',(-1.,0.,0.));
#7012=DIRECTION('',(0.,-1.,0.));
#7013=DIRECTION('',(-1.,0.,0.));
#7014=DIRECTION('',(0.,1.,0.));
#7015=DIRECTION('',(1.,0.,0.));
#7016=DIRECTION('',(0.,-1.,0.));
#7017=DIRECTION('',(-1.,0.,0.));
#7018=DIRECTION('',(0.,1.,0.));
#7019=DIRECTION('',(1.,0.,0.));
#7020=DIRECTION('',(0.522541609314372,-0.852613785095659,0.));
#7021=DIRECTION('',(0.,1.,0.));
#7022=DIRECTION('',(1.,0.,0.));
#7023=DIRECTION('',(0.,-1.,0.));
#7024=DIRECTION('',(-1.,0.,0.));
#7025=DIRECTION('',(-0.525833739133245,0.850587372813134,0.));
#7026=DIRECTION('',(-0.254841441270981,-0.966982853938439,0.));
#7027=DIRECTION('',(-1.,0.,0.));
#7028=DIRECTION('',(-0.301646948735681,0.95341969683789,0.));
#7029=DIRECTION('',(1.,0.,0.));
#7030=DIRECTION('',(0.274903316863911,-0.961471874979825,0.));
#7031=DIRECTION('',(0.254288223929589,0.967128481211641,0.));
#7032=DIRECTION('',(1.,0.,0.));
#7033=DIRECTION('',(0.246465095718157,-0.969151668518731,0.));
#7034=DIRECTION('',(0.280000092562969,0.959999973002463,0.));
#7035=DIRECTION('',(1.,0.,0.));
#7036=DIRECTION('',(-0.305719201652302,-0.9521217200238,0.));
#7037=DIRECTION('',(-1.,0.,0.));
#7038=DIRECTION('',(-0.258807107951835,0.965929024759898,0.));
#7039=DIRECTION('',(-0.984116014586795,0.177526532760045,0.));
#7040=DIRECTION('',(-0.00914685385529904,-0.999958166657261,0.));
#7041=DIRECTION('',(-1.,0.,0.));
#7042=DIRECTION('',(0.,1.,0.));
#7043=DIRECTION('',(-9.19748459994903E-17,-1.,0.));
#7044=DIRECTION('',(-1.,0.,0.));
#7045=DIRECTION('',(5.55111512312578E-17,1.,0.));
#7046=DIRECTION('',(1.,0.,0.));
#7047=DIRECTION('',(-1.,0.,0.));
#7048=DIRECTION('',(1.,0.,0.));
#7049=DIRECTION('',(0.,-1.,0.));
#7050=DIRECTION('',(-1.,0.,0.));
#7051=DIRECTION('',(0.,1.,0.));
#7052=DIRECTION('',(0.,1.,0.));
#7053=DIRECTION('',(0.986202879318204,-0.165541175616474,0.));
#7054=DIRECTION('',(-1.,0.,0.));
#7055=DIRECTION('center_axis',(1.,0.,0.));
#7056=DIRECTION('ref_axis',(0.,1.,0.));
#7057=DIRECTION('',(0.,-1.,0.));
#7058=DIRECTION('',(0.,0.,-1.));
#7059=DIRECTION('center_axis',(0.,0.,1.));
#7060=DIRECTION('ref_axis',(0.707106781186547,0.707106781186547,0.));
#7061=DIRECTION('center_axis',(0.,0.,1.));
#7062=DIRECTION('ref_axis',(0.707106781186547,0.707106781186547,0.));
#7063=DIRECTION('',(0.,0.,1.));
#7064=DIRECTION('center_axis',(0.,0.,1.));
#7065=DIRECTION('ref_axis',(-0.707106781186547,0.707106781186547,0.));
#7066=DIRECTION('',(0.,0.,-1.));
#7067=DIRECTION('center_axis',(0.,0.,1.));
#7068=DIRECTION('ref_axis',(-0.707106781186547,0.707106781186547,0.));
#7069=DIRECTION('',(0.,0.,1.));
#7070=DIRECTION('center_axis',(-1.,0.,0.));
#7071=DIRECTION('ref_axis',(0.,-1.,0.));
#7072=DIRECTION('',(0.,1.,0.));
#7073=DIRECTION('',(0.,0.,-1.));
#7074=DIRECTION('center_axis',(0.,0.,1.));
#7075=DIRECTION('ref_axis',(-0.707106781186547,-0.707106781186547,0.));
#7076=DIRECTION('center_axis',(0.,0.,1.));
#7077=DIRECTION('ref_axis',(-0.707106781186547,-0.707106781186547,0.));
#7078=DIRECTION('',(0.,0.,1.));
#7079=DIRECTION('',(0.,0.,-1.));
#7080=DIRECTION('',(0.,0.,-1.));
#7081=DIRECTION('',(0.,0.,-1.));
#7082=DIRECTION('',(0.,0.,-1.));
#7083=DIRECTION('',(0.,0.,-1.));
#7084=DIRECTION('center_axis',(0.,1.,0.));
#7085=DIRECTION('ref_axis',(1.,0.,0.));
#7086=DIRECTION('',(1.,0.,0.));
#7087=DIRECTION('',(1.,0.,0.));
#7088=DIRECTION('',(0.,0.,-1.));
#7089=DIRECTION('',(0.,0.,-1.));
#7090=DIRECTION('',(0.,0.,-1.));
#7091=DIRECTION('',(0.,0.,-1.));
#7092=DIRECTION('center_axis',(0.,-1.,0.));
#7093=DIRECTION('ref_axis',(-1.,0.,0.));
#7094=DIRECTION('',(0.,0.,-1.));
#7095=DIRECTION('',(-1.,0.,0.));
#7096=DIRECTION('',(0.,0.,-1.));
#7097=DIRECTION('',(0.,0.,-1.));
#7098=DIRECTION('',(0.,0.,-1.));
#7099=DIRECTION('',(0.,0.,-1.));
#7100=DIRECTION('',(0.,0.,-1.));
#7101=DIRECTION('',(0.,0.,-1.));
#7102=DIRECTION('',(0.,0.,-1.));
#7103=DIRECTION('',(0.,0.,-1.));
#7104=DIRECTION('center_axis',(0.165541175616474,0.986202879318204,0.));
#7105=DIRECTION('ref_axis',(0.986202879318204,-0.165541175616474,0.));
#7106=DIRECTION('',(0.,0.,-1.));
#7107=DIRECTION('',(0.986202879318204,-0.165541175616474,0.));
#7108=DIRECTION('center_axis',(0.,0.,1.));
#7109=DIRECTION('ref_axis',(-1.,0.,0.));
#7110=DIRECTION('',(0.,0.,-1.));
#7111=DIRECTION('',(0.,0.,-1.));
#7112=DIRECTION('',(0.,0.,-1.));
#7113=DIRECTION('',(0.,0.,-1.));
#7114=DIRECTION('',(0.,0.,-1.));
#7115=DIRECTION('',(0.,0.,-1.));
#7116=DIRECTION('',(0.,0.,-1.));
#7117=DIRECTION('',(0.,0.,-1.));
#7118=DIRECTION('center_axis',(0.,1.,0.));
#7119=DIRECTION('ref_axis',(1.,0.,0.));
#7120=DIRECTION('',(0.,0.,-1.));
#7121=DIRECTION('',(1.,0.,0.));
#7122=DIRECTION('',(0.,0.,-1.));
#7123=DIRECTION('center_axis',(-1.,0.,0.));
#7124=DIRECTION('ref_axis',(0.,1.,0.));
#7125=DIRECTION('',(0.,0.,-1.));
#7126=DIRECTION('',(0.,1.,0.));
#7127=DIRECTION('',(0.,0.,-1.));
#7128=DIRECTION('',(0.,0.,-1.));
#7129=DIRECTION('',(0.,0.,-1.));
#7130=DIRECTION('',(0.,0.,-1.));
#7131=DIRECTION('',(0.,0.,-1.));
#7132=DIRECTION('',(0.,0.,-1.));
#7133=DIRECTION('',(0.,0.,-1.));
#7134=DIRECTION('center_axis',(-1.,0.,0.));
#7135=DIRECTION('ref_axis',(0.,1.,0.));
#7136=DIRECTION('',(0.,0.,-1.));
#7137=DIRECTION('',(0.,1.,0.));
#7138=DIRECTION('center_axis',(0.,-1.,0.));
#7139=DIRECTION('ref_axis',(-1.,0.,0.));
#7140=DIRECTION('',(0.,0.,-1.));
#7141=DIRECTION('',(-1.,0.,0.));
#7142=DIRECTION('center_axis',(1.,0.,0.));
#7143=DIRECTION('ref_axis',(0.,-1.,0.));
#7144=DIRECTION('',(0.,-1.,0.));
#7145=DIRECTION('center_axis',(0.,0.,1.));
#7146=DIRECTION('ref_axis',(-1.,0.,0.));
#7147=DIRECTION('',(0.,0.,-1.));
#7148=DIRECTION('',(0.,0.,-1.));
#7149=DIRECTION('',(0.,0.,-1.));
#7150=DIRECTION('',(0.,0.,-1.));
#7151=DIRECTION('',(0.,0.,-1.));
#7152=DIRECTION('',(0.,0.,-1.));
#7153=DIRECTION('',(0.,0.,-1.));
#7154=DIRECTION('center_axis',(0.,1.,0.));
#7155=DIRECTION('ref_axis',(1.,0.,0.));
#7156=DIRECTION('',(1.,0.,0.));
#7157=DIRECTION('',(0.,0.,-1.));
#7158=DIRECTION('',(1.,0.,0.));
#7159=DIRECTION('center_axis',(1.,-7.33587952342393E-17,0.));
#7160=DIRECTION('ref_axis',(-7.33587952342393E-17,-1.,0.));
#7161=DIRECTION('',(-7.33587952342393E-17,-1.,0.));
#7162=DIRECTION('',(0.,0.,-1.));
#7163=DIRECTION('',(-7.33587952342393E-17,-1.,0.));
#7164=DIRECTION('center_axis',(0.,-1.,0.));
#7165=DIRECTION('ref_axis',(-1.,0.,0.));
#7166=DIRECTION('',(-1.,0.,0.));
#7167=DIRECTION('',(-1.,0.,0.));
#7168=DIRECTION('center_axis',(1.,-9.19748459994903E-17,0.));
#7169=DIRECTION('ref_axis',(-9.19748459994903E-17,-1.,0.));
#7170=DIRECTION('',(0.,0.,-1.));
#7171=DIRECTION('',(-9.19748459994903E-17,-1.,0.));
#7172=DIRECTION('',(0.,0.,-1.));
#7173=DIRECTION('center_axis',(0.,-1.,0.));
#7174=DIRECTION('ref_axis',(-1.,0.,0.));
#7175=DIRECTION('',(0.,0.,-1.));
#7176=DIRECTION('',(-1.,0.,0.));
#7177=DIRECTION('',(0.,0.,-1.));
#7178=DIRECTION('',(0.,0.,-1.));
#7179=DIRECTION('',(0.,0.,-1.));
#7180=DIRECTION('',(0.,0.,-1.));
#7181=DIRECTION('',(0.,0.,-1.));
#7182=DIRECTION('',(0.,0.,-1.));
#7183=DIRECTION('',(0.,0.,-1.));
#7184=DIRECTION('center_axis',(0.,1.,0.));
#7185=DIRECTION('ref_axis',(1.,0.,0.));
#7186=DIRECTION('',(0.,0.,-1.));
#7187=DIRECTION('',(1.,0.,0.));
#7188=DIRECTION('center_axis',(-1.,5.55111512312578E-17,0.));
#7189=DIRECTION('ref_axis',(5.55111512312578E-17,1.,0.));
#7190=DIRECTION('',(0.,0.,-1.));
#7191=DIRECTION('',(5.55111512312578E-17,1.,0.));
#7192=DIRECTION('center_axis',(0.,-1.,0.));
#7193=DIRECTION('ref_axis',(-1.,0.,0.));
#7194=DIRECTION('',(-1.,0.,0.));
#7195=DIRECTION('center_axis',(0.,0.,1.));
#7196=DIRECTION('ref_axis',(-1.,0.,0.));
#7197=DIRECTION('',(0.,0.,-1.));
#7198=DIRECTION('',(0.,0.,-1.));
#7199=DIRECTION('',(0.,0.,-1.));
#7200=DIRECTION('',(0.,0.,-1.));
#7201=DIRECTION('',(0.,0.,-1.));
#7202=DIRECTION('',(0.,0.,-1.));
#7203=DIRECTION('',(0.,0.,-1.));
#7204=DIRECTION('',(0.,0.,-1.));
#7205=DIRECTION('',(0.,0.,-1.));
#7206=DIRECTION('center_axis',(-1.,0.,0.));
#7207=DIRECTION('ref_axis',(0.,1.,0.));
#7208=DIRECTION('',(0.,1.,0.));
#7209=DIRECTION('',(0.,1.,0.));
#7210=DIRECTION('',(0.,0.,-1.));
#7211=DIRECTION('',(0.,0.,-1.));
#7212=DIRECTION('',(0.,0.,-1.));
#7213=DIRECTION('',(0.,0.,-1.));
#7214=DIRECTION('center_axis',(-1.,0.,0.));
#7215=DIRECTION('ref_axis',(0.,1.,0.));
#7216=DIRECTION('',(0.,0.,-1.));
#7217=DIRECTION('',(0.,1.,0.));
#7218=DIRECTION('',(0.,0.,-1.));
#7219=DIRECTION('',(0.,0.,-1.));
#7220=DIRECTION('',(0.,0.,-1.));
#7221=DIRECTION('',(0.,0.,-1.));
#7222=DIRECTION('',(0.,0.,-1.));
#7223=DIRECTION('',(0.,0.,-1.));
#7224=DIRECTION('',(0.,0.,-1.));
#7225=DIRECTION('',(0.,0.,-1.));
#7226=DIRECTION('',(0.,0.,-1.));
#7227=DIRECTION('',(0.,0.,-1.));
#7228=DIRECTION('center_axis',(0.,-1.,0.));
#7229=DIRECTION('ref_axis',(-1.,0.,0.));
#7230=DIRECTION('',(0.,0.,-1.));
#7231=DIRECTION('',(-1.,0.,0.));
#7232=DIRECTION('',(0.,0.,-1.));
#7233=DIRECTION('',(0.,0.,-1.));
#7234=DIRECTION('center_axis',(0.999958166657261,-0.00914685385529904,0.));
#7235=DIRECTION('ref_axis',(-0.00914685385529904,-0.999958166657261,0.));
#7236=DIRECTION('',(0.,0.,-1.));
#7237=DIRECTION('',(-0.00914685385529903,-0.999958166657261,0.));
#7238=DIRECTION('',(0.,0.,-1.));
#7239=DIRECTION('',(0.,0.,-1.));
#7240=DIRECTION('',(0.,0.,-1.));
#7241=DIRECTION('',(0.,0.,-1.));
#7242=DIRECTION('',(0.,0.,-1.));
#7243=DIRECTION('center_axis',(-0.177526532760045,-0.984116014586795,0.));
#7244=DIRECTION('ref_axis',(-0.984116014586795,0.177526532760045,0.));
#7245=DIRECTION('',(0.,0.,-1.));
#7246=DIRECTION('',(-0.984116014586795,0.177526532760045,0.));
#7247=DIRECTION('center_axis',(0.,0.,1.));
#7248=DIRECTION('ref_axis',(-1.,0.,0.));
#7249=DIRECTION('center_axis',(0.966982853938439,-0.254841441270981,0.));
#7250=DIRECTION('ref_axis',(-0.254841441270981,-0.966982853938439,0.));
#7251=DIRECTION('',(0.,0.,-1.));
#7252=DIRECTION('',(-0.254841441270981,-0.966982853938439,0.));
#7253=DIRECTION('',(0.,0.,-1.));
#7254=DIRECTION('center_axis',(-0.965929024759898,-0.258807107951835,0.));
#7255=DIRECTION('ref_axis',(-0.258807107951835,0.965929024759898,0.));
#7256=DIRECTION('',(0.,0.,-1.));
#7257=DIRECTION('',(-0.258807107951835,0.965929024759898,0.));
#7258=DIRECTION('center_axis',(0.,-1.,0.));
#7259=DIRECTION('ref_axis',(-1.,0.,0.));
#7260=DIRECTION('',(0.,0.,-1.));
#7261=DIRECTION('',(-1.,0.,0.));
#7262=DIRECTION('center_axis',(0.9521217200238,-0.305719201652302,0.));
#7263=DIRECTION('ref_axis',(-0.305719201652302,-0.9521217200238,0.));
#7264=DIRECTION('',(0.,0.,-1.));
#7265=DIRECTION('',(-0.305719201652302,-0.9521217200238,0.));
#7266=DIRECTION('center_axis',(0.,1.,0.));
#7267=DIRECTION('ref_axis',(1.,0.,0.));
#7268=DIRECTION('',(0.,0.,-1.));
#7269=DIRECTION('',(1.,0.,0.));
#7270=DIRECTION('center_axis',(-0.959999973002463,0.280000092562969,0.));
#7271=DIRECTION('ref_axis',(0.280000092562969,0.959999973002463,0.));
#7272=DIRECTION('',(0.,0.,-1.));
#7273=DIRECTION('',(0.280000092562969,0.959999973002463,0.));
#7274=DIRECTION('center_axis',(0.969151668518731,0.246465095718157,0.));
#7275=DIRECTION('ref_axis',(0.246465095718157,-0.969151668518731,0.));
#7276=DIRECTION('',(0.,0.,-1.));
#7277=DIRECTION('',(0.246465095718157,-0.969151668518731,0.));
#7278=DIRECTION('center_axis',(0.,1.,0.));
#7279=DIRECTION('ref_axis',(1.,0.,0.));
#7280=DIRECTION('',(0.,0.,-1.));
#7281=DIRECTION('',(1.,0.,0.));
#7282=DIRECTION('center_axis',(-0.967128481211641,0.254288223929589,0.));
#7283=DIRECTION('ref_axis',(0.254288223929589,0.967128481211641,0.));
#7284=DIRECTION('',(0.,0.,-1.));
#7285=DIRECTION('',(0.254288223929589,0.967128481211641,0.));
#7286=DIRECTION('center_axis',(0.961471874979825,0.274903316863911,0.));
#7287=DIRECTION('ref_axis',(0.274903316863911,-0.961471874979825,0.));
#7288=DIRECTION('',(0.,0.,-1.));
#7289=DIRECTION('',(0.274903316863911,-0.961471874979825,0.));
#7290=DIRECTION('center_axis',(0.,1.,0.));
#7291=DIRECTION('ref_axis',(1.,0.,0.));
#7292=DIRECTION('',(0.,0.,-1.));
#7293=DIRECTION('',(1.,0.,0.));
#7294=DIRECTION('center_axis',(-0.95341969683789,-0.301646948735681,0.));
#7295=DIRECTION('ref_axis',(-0.301646948735681,0.95341969683789,0.));
#7296=DIRECTION('',(0.,0.,-1.));
#7297=DIRECTION('',(-0.301646948735681,0.95341969683789,0.));
#7298=DIRECTION('center_axis',(0.,-1.,0.));
#7299=DIRECTION('ref_axis',(-1.,0.,0.));
#7300=DIRECTION('',(-1.,0.,0.));
#7301=DIRECTION('center_axis',(0.,0.,-1.));
#7302=DIRECTION('ref_axis',(-1.,0.,0.));
#7303=DIRECTION('',(0.,0.,-1.));
#7304=DIRECTION('',(0.,0.,-1.));
#7305=DIRECTION('',(0.,0.,-1.));
#7306=DIRECTION('',(0.,0.,-1.));
#7307=DIRECTION('',(0.,0.,-1.));
#7308=DIRECTION('',(0.,0.,-1.));
#7309=DIRECTION('',(0.,0.,-1.));
#7310=DIRECTION('',(0.,0.,-1.));
#7311=DIRECTION('',(0.,0.,-1.));
#7312=DIRECTION('',(0.,0.,-1.));
#7313=DIRECTION('',(0.,0.,-1.));
#7314=DIRECTION('',(0.,0.,-1.));
#7315=DIRECTION('',(0.,0.,-1.));
#7316=DIRECTION('',(0.,0.,-1.));
#7317=DIRECTION('',(0.,0.,-1.));
#7318=DIRECTION('',(0.,0.,-1.));
#7319=DIRECTION('',(0.,0.,-1.));
#7320=DIRECTION('',(0.,0.,-1.));
#7321=DIRECTION('center_axis',(0.,0.,1.));
#7322=DIRECTION('ref_axis',(-1.,0.,0.));
#7323=DIRECTION('center_axis',(1.,0.,0.));
#7324=DIRECTION('ref_axis',(0.,-1.,0.));
#7325=DIRECTION('',(0.,0.,-1.));
#7326=DIRECTION('',(0.,-1.,0.));
#7327=DIRECTION('',(0.,0.,-1.));
#7328=DIRECTION('center_axis',(-0.850587372813134,-0.525833739133245,0.));
#7329=DIRECTION('ref_axis',(-0.525833739133245,0.850587372813134,0.));
#7330=DIRECTION('',(0.,0.,-1.));
#7331=DIRECTION('',(-0.525833739133245,0.850587372813134,0.));
#7332=DIRECTION('center_axis',(0.,-1.,0.));
#7333=DIRECTION('ref_axis',(-1.,0.,0.));
#7334=DIRECTION('',(0.,0.,-1.));
#7335=DIRECTION('',(-1.,0.,0.));
#7336=DIRECTION('center_axis',(1.,0.,0.));
#7337=DIRECTION('ref_axis',(0.,-1.,0.));
#7338=DIRECTION('',(0.,0.,-1.));
#7339=DIRECTION('',(0.,-1.,0.));
#7340=DIRECTION('center_axis',(0.,1.,0.));
#7341=DIRECTION('ref_axis',(1.,0.,0.));
#7342=DIRECTION('',(0.,0.,-1.));
#7343=DIRECTION('',(1.,0.,0.));
#7344=DIRECTION('center_axis',(-1.,0.,0.));
#7345=DIRECTION('ref_axis',(0.,1.,0.));
#7346=DIRECTION('',(0.,0.,-1.));
#7347=DIRECTION('',(0.,1.,0.));
#7348=DIRECTION('center_axis',(0.852613785095659,0.522541609314372,0.));
#7349=DIRECTION('ref_axis',(0.522541609314372,-0.852613785095659,0.));
#7350=DIRECTION('',(0.,0.,-1.));
#7351=DIRECTION('',(0.522541609314372,-0.852613785095659,0.));
#7352=DIRECTION('center_axis',(0.,1.,0.));
#7353=DIRECTION('ref_axis',(1.,0.,0.));
#7354=DIRECTION('',(0.,0.,-1.));
#7355=DIRECTION('',(1.,0.,0.));
#7356=DIRECTION('center_axis',(-1.,0.,0.));
#7357=DIRECTION('ref_axis',(0.,1.,0.));
#7358=DIRECTION('',(0.,0.,-1.));
#7359=DIRECTION('',(0.,1.,0.));
#7360=DIRECTION('center_axis',(0.,-1.,0.));
#7361=DIRECTION('ref_axis',(-1.,0.,0.));
#7362=DIRECTION('',(-1.,0.,0.));
#7363=DIRECTION('center_axis',(0.,0.,-1.));
#7364=DIRECTION('ref_axis',(-1.,0.,0.));
#7365=DIRECTION('center_axis',(0.,0.,1.));
#7366=DIRECTION('ref_axis',(1.,0.,0.));
#7367=DIRECTION('center_axis',(0.,0.,1.));
#7368=DIRECTION('ref_axis',(1.,0.,0.));
#7369=DIRECTION('center_axis',(0.,0.,1.));
#7370=DIRECTION('ref_axis',(1.,0.,0.));
#7371=DIRECTION('center_axis',(0.,0.,1.));
#7372=DIRECTION('ref_axis',(1.,0.,0.));
#7373=DIRECTION('center_axis',(0.,1.,0.));
#7374=DIRECTION('ref_axis',(-1.,0.,0.));
#7375=DIRECTION('',(-1.,0.,0.));
#7376=DIRECTION('',(0.,0.,1.));
#7377=DIRECTION('',(0.,0.,1.));
#7378=DIRECTION('center_axis',(-1.,0.,0.));
#7379=DIRECTION('ref_axis',(0.,-1.,0.));
#7380=DIRECTION('',(0.,-1.,0.));
#7381=DIRECTION('',(0.,0.,1.));
#7382=DIRECTION('center_axis',(0.,-1.,0.));
#7383=DIRECTION('ref_axis',(1.,0.,0.));
#7384=DIRECTION('',(1.,0.,0.));
#7385=DIRECTION('',(0.,0.,1.));
#7386=DIRECTION('center_axis',(1.,0.,0.));
#7387=DIRECTION('ref_axis',(0.,1.,0.));
#7388=DIRECTION('',(0.,1.,0.));
#7389=DIRECTION('center_axis',(0.,-1.,0.));
#7390=DIRECTION('ref_axis',(1.,0.,0.));
#7391=DIRECTION('',(1.,0.,0.));
#7392=DIRECTION('',(0.,0.,1.));
#7393=DIRECTION('',(0.,0.,1.));
#7394=DIRECTION('center_axis',(1.,0.,0.));
#7395=DIRECTION('ref_axis',(0.,1.,0.));
#7396=DIRECTION('',(0.,1.,0.));
#7397=DIRECTION('',(0.,0.,1.));
#7398=DIRECTION('center_axis',(0.,1.,0.));
#7399=DIRECTION('ref_axis',(-1.,0.,0.));
#7400=DIRECTION('',(-1.,0.,0.));
#7401=DIRECTION('',(0.,0.,1.));
#7402=DIRECTION('center_axis',(-1.,0.,0.));
#7403=DIRECTION('ref_axis',(0.,-1.,0.));
#7404=DIRECTION('',(0.,-1.,0.));
#7405=DIRECTION('center_axis',(0.,-1.,0.));
#7406=DIRECTION('ref_axis',(1.,0.,0.));
#7407=DIRECTION('',(-1.,0.,0.));
#7408=DIRECTION('center_axis',(0.,1.,0.));
#7409=DIRECTION('ref_axis',(-1.,0.,0.));
#7410=DIRECTION('',(1.,0.,0.));
#7411=DIRECTION('center_axis',(0.,0.,1.));
#7412=DIRECTION('ref_axis',(1.,0.,0.));
#7413=DIRECTION('center_axis',(0.,0.,1.));
#7414=DIRECTION('ref_axis',(1.,0.,0.));
#7415=DIRECTION('center_axis',(1.,0.,0.));
#7416=DIRECTION('ref_axis',(0.,1.,0.));
#7417=DIRECTION('',(0.,-1.,0.));
#7418=DIRECTION('',(0.,0.,1.));
#7419=DIRECTION('',(0.,1.,0.));
#7420=DIRECTION('',(0.,0.,1.));
#7421=DIRECTION('center_axis',(0.,-1.,0.));
#7422=DIRECTION('ref_axis',(1.,0.,0.));
#7423=DIRECTION('',(-1.,0.,0.));
#7424=DIRECTION('',(1.,0.,0.));
#7425=DIRECTION('',(0.,0.,1.));
#7426=DIRECTION('center_axis',(-1.,0.,0.));
#7427=DIRECTION('ref_axis',(0.,-1.,0.));
#7428=DIRECTION('',(0.,1.,0.));
#7429=DIRECTION('',(0.,-1.,0.));
#7430=DIRECTION('',(0.,0.,1.));
#7431=DIRECTION('center_axis',(0.,1.,0.));
#7432=DIRECTION('ref_axis',(-1.,0.,0.));
#7433=DIRECTION('',(1.,0.,0.));
#7434=DIRECTION('',(-1.,0.,0.));
#7435=DIRECTION('center_axis',(0.,0.,1.));
#7436=DIRECTION('ref_axis',(1.,0.,0.));
#7437=DIRECTION('center_axis',(0.,0.,1.));
#7438=DIRECTION('ref_axis',(1.,0.,0.));
#7439=CARTESIAN_POINT('',(0.,0.,0.));
#7440=CARTESIAN_POINT('Ctrl Pts',(-45.5792339534844,66.6000948058544,0.));
#7441=CARTESIAN_POINT('Ctrl Pts',(-45.5792339534844,66.6000948058544,1.));
#7442=CARTESIAN_POINT('Ctrl Pts',(-45.4009255715775,66.3393487159906,0.));
#7443=CARTESIAN_POINT('Ctrl Pts',(-45.4009255715775,66.3393487159906,1.));
#7444=CARTESIAN_POINT('Ctrl Pts',(-45.0184112721501,65.7799857358211,0.));
#7445=CARTESIAN_POINT('Ctrl Pts',(-45.0184112721501,65.7799857358211,1.));
#7446=CARTESIAN_POINT('Ctrl Pts',(-44.990467563524,65.1005847519106,0.));
#7447=CARTESIAN_POINT('Ctrl Pts',(-44.990467563524,65.1005847519106,1.));
#7448=CARTESIAN_POINT('Ctrl Pts',(-44.975549766549,64.7378853665768,0.));
#7449=CARTESIAN_POINT('Ctrl Pts',(-44.975549766549,64.7378853665768,1.));
#7450=CARTESIAN_POINT('',(-45.5792339534844,66.6000948058544,0.));
#7451=CARTESIAN_POINT('',(-44.975549766549,64.7378853665768,0.));
#7452=CARTESIAN_POINT('Ctrl Pts',(-45.5792339534844,66.6000948058544,0.));
#7453=CARTESIAN_POINT('Ctrl Pts',(-45.4009255715775,66.3393487159906,0.));
#7454=CARTESIAN_POINT('Ctrl Pts',(-45.0184112721501,65.7799857358211,0.));
#7455=CARTESIAN_POINT('Ctrl Pts',(-44.990467563524,65.1005847519106,0.));
#7456=CARTESIAN_POINT('Ctrl Pts',(-44.975549766549,64.7378853665768,0.));
#7457=CARTESIAN_POINT('',(-45.5792339534844,66.6000948058544,1.));
#7458=CARTESIAN_POINT('',(-45.5792339534844,66.6000948058544,0.));
#7459=CARTESIAN_POINT('',(-44.975549766549,64.7378853665768,1.));
#7460=CARTESIAN_POINT('Ctrl Pts',(-45.5792339534844,66.6000948058544,1.));
#7461=CARTESIAN_POINT('Ctrl Pts',(-45.4009255715775,66.3393487159906,1.));
#7462=CARTESIAN_POINT('Ctrl Pts',(-45.0184112721501,65.7799857358211,1.));
#7463=CARTESIAN_POINT('Ctrl Pts',(-44.990467563524,65.1005847519106,1.));
#7464=CARTESIAN_POINT('Ctrl Pts',(-44.975549766549,64.7378853665768,1.));
#7465=CARTESIAN_POINT('',(-44.975549766549,64.7378853665768,0.));
#7466=CARTESIAN_POINT('Ctrl Pts',(-47.1344860286797,67.2856340514599,0.));
#7467=CARTESIAN_POINT('Ctrl Pts',(-47.1344860286797,67.2856340514599,1.));
#7468=CARTESIAN_POINT('Ctrl Pts',(-46.8350213141478,67.2578167252835,0.));
#7469=CARTESIAN_POINT('Ctrl Pts',(-46.8350213141478,67.2578167252835,1.));
#7470=CARTESIAN_POINT('Ctrl Pts',(-46.2399438151216,67.2025398793402,0.));
#7471=CARTESIAN_POINT('Ctrl Pts',(-46.2399438151216,67.2025398793402,1.));
#7472=CARTESIAN_POINT('Ctrl Pts',(-45.7985181261706,66.8000413742329,0.));
#7473=CARTESIAN_POINT('Ctrl Pts',(-45.7985181261706,66.8000413742329,1.));
#7474=CARTESIAN_POINT('Ctrl Pts',(-45.5792339534844,66.6000948058544,0.));
#7475=CARTESIAN_POINT('Ctrl Pts',(-45.5792339534844,66.6000948058544,1.));
#7476=CARTESIAN_POINT('',(-47.1344860286797,67.2856340514599,0.));
#7477=CARTESIAN_POINT('Ctrl Pts',(-47.1344860286797,67.2856340514599,0.));
#7478=CARTESIAN_POINT('Ctrl Pts',(-46.8350213141478,67.2578167252835,0.));
#7479=CARTESIAN_POINT('Ctrl Pts',(-46.2399438151216,67.2025398793402,0.));
#7480=CARTESIAN_POINT('Ctrl Pts',(-45.7985181261706,66.8000413742329,0.));
#7481=CARTESIAN_POINT('Ctrl Pts',(-45.5792339534844,66.6000948058544,0.));
#7482=CARTESIAN_POINT('',(-47.1344860286797,67.2856340514599,1.));
#7483=CARTESIAN_POINT('',(-47.1344860286797,67.2856340514599,0.));
#7484=CARTESIAN_POINT('Ctrl Pts',(-47.1344860286797,67.2856340514599,1.));
#7485=CARTESIAN_POINT('Ctrl Pts',(-46.8350213141478,67.2578167252835,1.));
#7486=CARTESIAN_POINT('Ctrl Pts',(-46.2399438151216,67.2025398793402,1.));
#7487=CARTESIAN_POINT('Ctrl Pts',(-45.7985181261706,66.8000413742329,1.));
#7488=CARTESIAN_POINT('Ctrl Pts',(-45.5792339534844,66.6000948058544,1.));
#7489=CARTESIAN_POINT('Ctrl Pts',(-48.6283453197564,66.6359064685284,0.));
#7490=CARTESIAN_POINT('Ctrl Pts',(-48.6283453197564,66.6359064685284,1.));
#7491=CARTESIAN_POINT('Ctrl Pts',(-48.4132812405758,66.8254091190749,0.));
#7492=CARTESIAN_POINT('Ctrl Pts',(-48.4132812405758,66.8254091190749,1.));
#7493=CARTESIAN_POINT('Ctrl Pts',(-47.9850598798399,67.2027342548637,0.));
#7494=CARTESIAN_POINT('Ctrl Pts',(-47.9850598798399,67.2027342548637,1.));
#7495=CARTESIAN_POINT('Ctrl Pts',(-47.4171677363643,67.2580829387181,0.));
#7496=CARTESIAN_POINT('Ctrl Pts',(-47.4171677363643,67.2580829387181,1.));
#7497=CARTESIAN_POINT('Ctrl Pts',(-47.1344860286797,67.2856340514599,0.));
#7498=CARTESIAN_POINT('Ctrl Pts',(-47.1344860286797,67.2856340514599,1.));
#7499=CARTESIAN_POINT('',(-48.6283453197564,66.6359064685284,0.));
#7500=CARTESIAN_POINT('Ctrl Pts',(-48.6283453197564,66.6359064685284,0.));
#7501=CARTESIAN_POINT('Ctrl Pts',(-48.4132812405758,66.8254091190749,0.));
#7502=CARTESIAN_POINT('Ctrl Pts',(-47.9850598798399,67.2027342548637,0.));
#7503=CARTESIAN_POINT('Ctrl Pts',(-47.4171677363643,67.2580829387181,0.));
#7504=CARTESIAN_POINT('Ctrl Pts',(-47.1344860286797,67.2856340514599,0.));
#7505=CARTESIAN_POINT('',(-48.6283453197564,66.6359064685284,1.));
#7506=CARTESIAN_POINT('',(-48.6283453197564,66.6359064685284,0.));
#7507=CARTESIAN_POINT('Ctrl Pts',(-48.6283453197564,66.6359064685284,1.));
#7508=CARTESIAN_POINT('Ctrl Pts',(-48.4132812405758,66.8254091190749,1.));
#7509=CARTESIAN_POINT('Ctrl Pts',(-47.9850598798399,67.2027342548637,1.));
#7510=CARTESIAN_POINT('Ctrl Pts',(-47.4171677363643,67.2580829387181,1.));
#7511=CARTESIAN_POINT('Ctrl Pts',(-47.1344860286797,67.2856340514599,1.));
#7512=CARTESIAN_POINT('Ctrl Pts',(-49.2729576320733,64.7378853665768,0.));
#7513=CARTESIAN_POINT('Ctrl Pts',(-49.2729576320733,64.7378853665768,1.));
#7514=CARTESIAN_POINT('Ctrl Pts',(-49.2492127003083,65.1166941257189,0.));
#7515=CARTESIAN_POINT('Ctrl Pts',(-49.2492127003083,65.1166941257189,1.));
#7516=CARTESIAN_POINT('Ctrl Pts',(-49.2057003105758,65.8108580224632,0.));
#7517=CARTESIAN_POINT('Ctrl Pts',(-49.2057003105758,65.8108580224632,1.));
#7518=CARTESIAN_POINT('Ctrl Pts',(-48.8087003763532,66.3781765423108,0.));
#7519=CARTESIAN_POINT('Ctrl Pts',(-48.8087003763532,66.3781765423108,1.));
#7520=CARTESIAN_POINT('Ctrl Pts',(-48.6283453197564,66.6359064685284,0.));
#7521=CARTESIAN_POINT('Ctrl Pts',(-48.6283453197564,66.6359064685284,1.));
#7522=CARTESIAN_POINT('',(-49.2729576320733,64.7378853665768,0.));
#7523=CARTESIAN_POINT('Ctrl Pts',(-49.2729576320733,64.7378853665768,0.));
#7524=CARTESIAN_POINT('Ctrl Pts',(-49.2492127003083,65.1166941257189,0.));
#7525=CARTESIAN_POINT('Ctrl Pts',(-49.2057003105758,65.8108580224632,0.));
#7526=CARTESIAN_POINT('Ctrl Pts',(-48.8087003763532,66.3781765423108,0.));
#7527=CARTESIAN_POINT('Ctrl Pts',(-48.6283453197564,66.6359064685284,0.));
#7528=CARTESIAN_POINT('',(-49.2729576320733,64.7378853665768,1.));
#7529=CARTESIAN_POINT('',(-49.2729576320733,64.7378853665768,0.));
#7530=CARTESIAN_POINT('Ctrl Pts',(-49.2729576320733,64.7378853665768,1.));
#7531=CARTESIAN_POINT('Ctrl Pts',(-49.2492127003083,65.1166941257189,1.));
#7532=CARTESIAN_POINT('Ctrl Pts',(-49.2057003105758,65.8108580224632,1.));
#7533=CARTESIAN_POINT('Ctrl Pts',(-48.8087003763532,66.3781765423108,1.));
#7534=CARTESIAN_POINT('Ctrl Pts',(-48.6283453197564,66.6359064685284,1.));
#7535=CARTESIAN_POINT('Origin',(-44.975549766549,64.7378853665768,0.));
#7536=CARTESIAN_POINT('',(-59.2467457184442,64.7378853665767,0.));
#7537=CARTESIAN_POINT('',(-44.975549766549,64.7378853665768,1.));
#7538=CARTESIAN_POINT('Ctrl Pts',(-47.2777326793755,60.2767661916195,0.));
#7539=CARTESIAN_POINT('Ctrl Pts',(-47.2777326793755,60.2767661916195,1.));
#7540=CARTESIAN_POINT('Ctrl Pts',(-47.4908097808124,60.2897196842362,0.));
#7541=CARTESIAN_POINT('Ctrl Pts',(-47.4908097808124,60.2897196842362,1.));
#7542=CARTESIAN_POINT('Ctrl Pts',(-47.9018068292167,60.3147052279482,0.));
#7543=CARTESIAN_POINT('Ctrl Pts',(-47.9018068292167,60.3147052279482,1.));
#7544=CARTESIAN_POINT('Ctrl Pts',(-48.247164654368,60.5377204300174,0.));
#7545=CARTESIAN_POINT('Ctrl Pts',(-48.247164654368,60.5377204300174,1.));
#7546=CARTESIAN_POINT('Ctrl Pts',(-48.4134753437127,60.645115743774,0.));
#7547=CARTESIAN_POINT('Ctrl Pts',(-48.4134753437127,60.645115743774,1.));
#7548=CARTESIAN_POINT('',(-47.2777326793755,60.2767661916195,0.));
#7549=CARTESIAN_POINT('',(-48.4134753437127,60.645115743774,0.));
#7550=CARTESIAN_POINT('Ctrl Pts',(-47.2777326793755,60.2767661916195,0.));
#7551=CARTESIAN_POINT('Ctrl Pts',(-47.4908097808124,60.2897196842362,0.));
#7552=CARTESIAN_POINT('Ctrl Pts',(-47.9018068292167,60.3147052279482,0.));
#7553=CARTESIAN_POINT('Ctrl Pts',(-48.247164654368,60.5377204300174,0.));
#7554=CARTESIAN_POINT('Ctrl Pts',(-48.4134753437127,60.645115743774,0.));
#7555=CARTESIAN_POINT('',(-47.2777326793755,60.2767661916195,1.));
#7556=CARTESIAN_POINT('',(-47.2777326793755,60.2767661916195,0.));
#7557=CARTESIAN_POINT('',(-48.4134753437127,60.645115743774,1.));
#7558=CARTESIAN_POINT('Ctrl Pts',(-47.2777326793755,60.2767661916195,1.));
#7559=CARTESIAN_POINT('Ctrl Pts',(-47.4908097808124,60.2897196842362,1.));
#7560=CARTESIAN_POINT('Ctrl Pts',(-47.9018068292167,60.3147052279482,1.));
#7561=CARTESIAN_POINT('Ctrl Pts',(-48.247164654368,60.5377204300174,1.));
#7562=CARTESIAN_POINT('Ctrl Pts',(-48.4134753437127,60.645115743774,1.));
#7563=CARTESIAN_POINT('',(-48.4134753437127,60.645115743774,0.));
#7564=CARTESIAN_POINT('Ctrl Pts',(-45.620160886773,60.9878853665768,0.));
#7565=CARTESIAN_POINT('Ctrl Pts',(-45.620160886773,60.9878853665768,1.));
#7566=CARTESIAN_POINT('Ctrl Pts',(-45.8563855181534,60.7804770516,0.));
#7567=CARTESIAN_POINT('Ctrl Pts',(-45.8563855181534,60.7804770516,1.));
#7568=CARTESIAN_POINT('Ctrl Pts',(-46.331416802653,60.3633933728001,0.));
#7569=CARTESIAN_POINT('Ctrl Pts',(-46.331416802653,60.3633933728001,1.));
#7570=CARTESIAN_POINT('Ctrl Pts',(-46.9611530813964,60.3057463650127,0.));
#7571=CARTESIAN_POINT('Ctrl Pts',(-46.9611530813964,60.3057463650127,1.));
#7572=CARTESIAN_POINT('Ctrl Pts',(-47.2777326793755,60.2767661916195,0.));
#7573=CARTESIAN_POINT('Ctrl Pts',(-47.2777326793755,60.2767661916195,1.));
#7574=CARTESIAN_POINT('',(-45.620160886773,60.9878853665768,0.));
#7575=CARTESIAN_POINT('Ctrl Pts',(-45.620160886773,60.9878853665768,0.));
#7576=CARTESIAN_POINT('Ctrl Pts',(-45.8563855181534,60.7804770516,0.));
#7577=CARTESIAN_POINT('Ctrl Pts',(-46.331416802653,60.3633933728001,0.));
#7578=CARTESIAN_POINT('Ctrl Pts',(-46.9611530813964,60.3057463650127,0.));
#7579=CARTESIAN_POINT('Ctrl Pts',(-47.2777326793755,60.2767661916195,0.));
#7580=CARTESIAN_POINT('',(-45.620160886773,60.9878853665768,1.));
#7581=CARTESIAN_POINT('',(-45.620160886773,60.9878853665768,0.));
#7582=CARTESIAN_POINT('Ctrl Pts',(-45.620160886773,60.9878853665768,1.));
#7583=CARTESIAN_POINT('Ctrl Pts',(-45.8563855181534,60.7804770516,1.));
#7584=CARTESIAN_POINT('Ctrl Pts',(-46.331416802653,60.3633933728001,1.));
#7585=CARTESIAN_POINT('Ctrl Pts',(-46.9611530813964,60.3057463650127,1.));
#7586=CARTESIAN_POINT('Ctrl Pts',(-47.2777326793755,60.2767661916195,1.));
#7587=CARTESIAN_POINT('Ctrl Pts',(-44.9243899078454,62.977993856567,0.));
#7588=CARTESIAN_POINT('Ctrl Pts',(-44.9243899078454,62.977993856567,1.));
#7589=CARTESIAN_POINT('Ctrl Pts',(-44.951733186926,62.5859200871687,0.));
#7590=CARTESIAN_POINT('Ctrl Pts',(-44.951733186926,62.5859200871687,1.));
#7591=CARTESIAN_POINT('Ctrl Pts',(-45.0026108993793,61.8563873767326,0.));
#7592=CARTESIAN_POINT('Ctrl Pts',(-45.0026108993793,61.8563873767326,1.));
#7593=CARTESIAN_POINT('Ctrl Pts',(-45.4248474890572,61.2625677113088,0.));
#7594=CARTESIAN_POINT('Ctrl Pts',(-45.4248474890572,61.2625677113088,1.));
#7595=CARTESIAN_POINT('Ctrl Pts',(-45.620160886773,60.9878853665768,0.));
#7596=CARTESIAN_POINT('Ctrl Pts',(-45.620160886773,60.9878853665768,1.));
#7597=CARTESIAN_POINT('',(-44.9243899078454,62.977993856567,0.));
#7598=CARTESIAN_POINT('Ctrl Pts',(-44.9243899078454,62.977993856567,0.));
#7599=CARTESIAN_POINT('Ctrl Pts',(-44.951733186926,62.5859200871687,0.));
#7600=CARTESIAN_POINT('Ctrl Pts',(-45.0026108993793,61.8563873767326,0.));
#7601=CARTESIAN_POINT('Ctrl Pts',(-45.4248474890572,61.2625677113088,0.));
#7602=CARTESIAN_POINT('Ctrl Pts',(-45.620160886773,60.9878853665768,0.));
#7603=CARTESIAN_POINT('',(-44.9243899078454,62.977993856567,1.));
#7604=CARTESIAN_POINT('',(-44.9243899078454,62.977993856567,0.));
#7605=CARTESIAN_POINT('Ctrl Pts',(-44.9243899078454,62.977993856567,1.));
#7606=CARTESIAN_POINT('Ctrl Pts',(-44.951733186926,62.5859200871687,1.));
#7607=CARTESIAN_POINT('Ctrl Pts',(-45.0026108993793,61.8563873767326,1.));
#7608=CARTESIAN_POINT('Ctrl Pts',(-45.4248474890572,61.2625677113088,1.));
#7609=CARTESIAN_POINT('Ctrl Pts',(-45.620160886773,60.9878853665768,1.));
#7610=CARTESIAN_POINT('Origin',(-52.1276648731316,62.977993856567,0.));
#7611=CARTESIAN_POINT('',(-52.1276648731316,62.977993856567,0.));
#7612=CARTESIAN_POINT('',(-62.8228032717355,62.977993856567,0.));
#7613=CARTESIAN_POINT('',(-52.1276648731316,62.977993856567,1.));
#7614=CARTESIAN_POINT('',(-52.1276648731316,62.977993856567,0.));
#7615=CARTESIAN_POINT('',(-52.1276648731316,62.977993856567,1.));
#7616=CARTESIAN_POINT('Ctrl Pts',(-50.78728277398,67.8842011796413,0.));
#7617=CARTESIAN_POINT('Ctrl Pts',(-50.78728277398,67.8842011796413,1.));
#7618=CARTESIAN_POINT('Ctrl Pts',(-51.1910553690941,67.2258381243915,0.));
#7619=CARTESIAN_POINT('Ctrl Pts',(-51.1910553690941,67.2258381243915,1.));
#7620=CARTESIAN_POINT('Ctrl Pts',(-52.108293782753,65.7302539968003,0.));
#7621=CARTESIAN_POINT('Ctrl Pts',(-52.108293782753,65.7302539968003,1.));
#7622=CARTESIAN_POINT('Ctrl Pts',(-52.120712777406,63.9657532228592,0.));
#7623=CARTESIAN_POINT('Ctrl Pts',(-52.120712777406,63.9657532228592,1.));
#7624=CARTESIAN_POINT('Ctrl Pts',(-52.1276648731316,62.977993856567,0.));
#7625=CARTESIAN_POINT('Ctrl Pts',(-52.1276648731316,62.977993856567,1.));
#7626=CARTESIAN_POINT('',(-50.78728277398,67.8842011796413,0.));
#7627=CARTESIAN_POINT('Ctrl Pts',(-50.78728277398,67.8842011796413,0.));
#7628=CARTESIAN_POINT('Ctrl Pts',(-51.1910553690941,67.2258381243915,0.));
#7629=CARTESIAN_POINT('Ctrl Pts',(-52.108293782753,65.7302539968003,0.));
#7630=CARTESIAN_POINT('Ctrl Pts',(-52.120712777406,63.9657532228592,0.));
#7631=CARTESIAN_POINT('Ctrl Pts',(-52.1276648731316,62.977993856567,0.));
#7632=CARTESIAN_POINT('',(-50.78728277398,67.8842011796413,1.));
#7633=CARTESIAN_POINT('',(-50.78728277398,67.8842011796413,0.));
#7634=CARTESIAN_POINT('Ctrl Pts',(-50.78728277398,67.8842011796413,1.));
#7635=CARTESIAN_POINT('Ctrl Pts',(-51.1910553690941,67.2258381243915,1.));
#7636=CARTESIAN_POINT('Ctrl Pts',(-52.108293782753,65.7302539968003,1.));
#7637=CARTESIAN_POINT('Ctrl Pts',(-52.120712777406,63.9657532228592,1.));
#7638=CARTESIAN_POINT('Ctrl Pts',(-52.1276648731316,62.977993856567,1.));
#7639=CARTESIAN_POINT('Ctrl Pts',(-46.9605429859246,69.4854978429256,0.));
#7640=CARTESIAN_POINT('Ctrl Pts',(-46.9605429859246,69.4854978429256,1.));
#7641=CARTESIAN_POINT('Ctrl Pts',(-47.7167028794811,69.4293284058465,0.));
#7642=CARTESIAN_POINT('Ctrl Pts',(-47.7167028794811,69.4293284058465,1.));
#7643=CARTESIAN_POINT('Ctrl Pts',(-49.1745576138935,69.3210353312298,0.));
#7644=CARTESIAN_POINT('Ctrl Pts',(-49.1745576138935,69.3210353312298,1.));
#7645=CARTESIAN_POINT('Ctrl Pts',(-50.2632656652685,68.3510666421811,0.));
#7646=CARTESIAN_POINT('Ctrl Pts',(-50.2632656652685,68.3510666421811,1.));
#7647=CARTESIAN_POINT('Ctrl Pts',(-50.78728277398,67.8842011796413,0.));
#7648=CARTESIAN_POINT('Ctrl Pts',(-50.78728277398,67.8842011796413,1.));
#7649=CARTESIAN_POINT('',(-46.9605429859246,69.4854978429256,0.));
#7650=CARTESIAN_POINT('Ctrl Pts',(-46.9605429859246,69.4854978429256,0.));
#7651=CARTESIAN_POINT('Ctrl Pts',(-47.7167028794811,69.4293284058465,0.));
#7652=CARTESIAN_POINT('Ctrl Pts',(-49.1745576138935,69.3210353312298,0.));
#7653=CARTESIAN_POINT('Ctrl Pts',(-50.2632656652685,68.3510666421811,0.));
#7654=CARTESIAN_POINT('Ctrl Pts',(-50.78728277398,67.8842011796413,0.));
#7655=CARTESIAN_POINT('',(-46.9605429859246,69.4854978429256,1.));
#7656=CARTESIAN_POINT('',(-46.9605429859246,69.4854978429256,0.));
#7657=CARTESIAN_POINT('Ctrl Pts',(-46.9605429859246,69.4854978429256,1.));
#7658=CARTESIAN_POINT('Ctrl Pts',(-47.7167028794811,69.4293284058465,1.));
#7659=CARTESIAN_POINT('Ctrl Pts',(-49.1745576138935,69.3210353312298,1.));
#7660=CARTESIAN_POINT('Ctrl Pts',(-50.2632656652685,68.3510666421811,1.));
#7661=CARTESIAN_POINT('Ctrl Pts',(-50.78728277398,67.8842011796413,1.));
#7662=CARTESIAN_POINT('Ctrl Pts',(-43.3896012992943,67.9558251010357,0.));
#7663=CARTESIAN_POINT('Ctrl Pts',(-43.3896012992943,67.9558251010357,1.));
#7664=CARTESIAN_POINT('Ctrl Pts',(-43.8950462604532,68.401966210156,0.));
#7665=CARTESIAN_POINT('Ctrl Pts',(-43.8950462604532,68.401966210156,1.));
#7666=CARTESIAN_POINT('Ctrl Pts',(-44.9165080292826,69.3035798802671,0.));
#7667=CARTESIAN_POINT('Ctrl Pts',(-44.9165080292826,69.3035798802671,1.));
#7668=CARTESIAN_POINT('Ctrl Pts',(-46.2745130085219,69.4244415603967,0.));
#7669=CARTESIAN_POINT('Ctrl Pts',(-46.2745130085219,69.4244415603967,1.));
#7670=CARTESIAN_POINT('Ctrl Pts',(-46.9605429859246,69.4854978429256,0.));
#7671=CARTESIAN_POINT('Ctrl Pts',(-46.9605429859246,69.4854978429256,1.));
#7672=CARTESIAN_POINT('',(-43.3896012992943,67.9558251010357,0.));
#7673=CARTESIAN_POINT('Ctrl Pts',(-43.3896012992943,67.9558251010357,0.));
#7674=CARTESIAN_POINT('Ctrl Pts',(-43.8950462604532,68.401966210156,0.));
#7675=CARTESIAN_POINT('Ctrl Pts',(-44.9165080292826,69.3035798802671,0.));
#7676=CARTESIAN_POINT('Ctrl Pts',(-46.2745130085219,69.4244415603967,0.));
#7677=CARTESIAN_POINT('Ctrl Pts',(-46.9605429859246,69.4854978429256,0.));
#7678=CARTESIAN_POINT('',(-43.3896012992943,67.9558251010357,1.));
#7679=CARTESIAN_POINT('',(-43.3896012992943,67.9558251010357,0.));
#7680=CARTESIAN_POINT('Ctrl Pts',(-43.3896012992943,67.9558251010357,1.));
#7681=CARTESIAN_POINT('Ctrl Pts',(-43.8950462604532,68.401966210156,1.));
#7682=CARTESIAN_POINT('Ctrl Pts',(-44.9165080292826,69.3035798802671,1.));
#7683=CARTESIAN_POINT('Ctrl Pts',(-46.2745130085219,69.4244415603967,1.));
#7684=CARTESIAN_POINT('Ctrl Pts',(-46.9605429859246,69.4854978429256,1.));
#7685=CARTESIAN_POINT('Ctrl Pts',(-41.9775958747948,63.7249235021053,0.));
#7686=CARTESIAN_POINT('Ctrl Pts',(-41.9775958747948,63.7249235021053,1.));
#7687=CARTESIAN_POINT('Ctrl Pts',(-42.0175676852343,64.554834057352,0.));
#7688=CARTESIAN_POINT('Ctrl Pts',(-42.0175676852343,64.554834057352,1.));
#7689=CARTESIAN_POINT('Ctrl Pts',(-42.0921548794645,66.103442916877,0.));
#7690=CARTESIAN_POINT('Ctrl Pts',(-42.0921548794645,66.103442916877,1.));
#7691=CARTESIAN_POINT('Ctrl Pts',(-42.9783325675097,67.3686510489779,0.));
#7692=CARTESIAN_POINT('Ctrl Pts',(-42.9783325675097,67.3686510489779,1.));
#7693=CARTESIAN_POINT('Ctrl Pts',(-43.3896012992943,67.9558251010357,0.));
#7694=CARTESIAN_POINT('Ctrl Pts',(-43.3896012992943,67.9558251010357,1.));
#7695=CARTESIAN_POINT('',(-41.9775958747948,63.7249235021053,0.));
#7696=CARTESIAN_POINT('Ctrl Pts',(-41.9775958747948,63.7249235021053,0.));
#7697=CARTESIAN_POINT('Ctrl Pts',(-42.0175676852343,64.554834057352,0.));
#7698=CARTESIAN_POINT('Ctrl Pts',(-42.0921548794645,66.103442916877,0.));
#7699=CARTESIAN_POINT('Ctrl Pts',(-42.9783325675097,67.3686510489779,0.));
#7700=CARTESIAN_POINT('Ctrl Pts',(-43.3896012992943,67.9558251010357,0.));
#7701=CARTESIAN_POINT('',(-41.9775958747948,63.7249235021053,1.));
#7702=CARTESIAN_POINT('',(-41.9775958747948,63.7249235021053,0.));
#7703=CARTESIAN_POINT('Ctrl Pts',(-41.9775958747948,63.7249235021053,1.));
#7704=CARTESIAN_POINT('Ctrl Pts',(-42.0175676852343,64.554834057352,1.));
#7705=CARTESIAN_POINT('Ctrl Pts',(-42.0921548794645,66.103442916877,1.));
#7706=CARTESIAN_POINT('Ctrl Pts',(-42.9783325675097,67.3686510489779,1.));
#7707=CARTESIAN_POINT('Ctrl Pts',(-43.3896012992943,67.9558251010357,1.));
#7708=CARTESIAN_POINT('Ctrl Pts',(-43.0519481391991,59.9800399648128,0.));
#7709=CARTESIAN_POINT('Ctrl Pts',(-43.0519481391991,59.9800399648128,1.));
#7710=CARTESIAN_POINT('Ctrl Pts',(-42.738865506214,60.5261824940044,0.));
#7711=CARTESIAN_POINT('Ctrl Pts',(-42.738865506214,60.5261824940044,1.));
#7712=CARTESIAN_POINT('Ctrl Pts',(-42.0752339139942,61.6838239536112,0.));
#7713=CARTESIAN_POINT('Ctrl Pts',(-42.0752339139942,61.6838239536112,1.));
#7714=CARTESIAN_POINT('Ctrl Pts',(-42.0113442177047,63.0194225719278,0.));
#7715=CARTESIAN_POINT('Ctrl Pts',(-42.0113442177047,63.0194225719278,1.));
#7716=CARTESIAN_POINT('Ctrl Pts',(-41.9775958747948,63.7249235021053,0.));
#7717=CARTESIAN_POINT('Ctrl Pts',(-41.9775958747948,63.7249235021053,1.));
#7718=CARTESIAN_POINT('',(-43.0519481391991,59.9800399648128,0.));
#7719=CARTESIAN_POINT('Ctrl Pts',(-43.0519481391991,59.9800399648128,0.));
#7720=CARTESIAN_POINT('Ctrl Pts',(-42.738865506214,60.5261824940044,0.));
#7721=CARTESIAN_POINT('Ctrl Pts',(-42.0752339139942,61.6838239536112,0.));
#7722=CARTESIAN_POINT('Ctrl Pts',(-42.0113442177047,63.0194225719278,0.));
#7723=CARTESIAN_POINT('Ctrl Pts',(-41.9775958747948,63.7249235021053,0.));
#7724=CARTESIAN_POINT('',(-43.0519481391991,59.9800399648128,1.));
#7725=CARTESIAN_POINT('',(-43.0519481391991,59.9800399648128,0.));
#7726=CARTESIAN_POINT('Ctrl Pts',(-43.0519481391991,59.9800399648128,1.));
#7727=CARTESIAN_POINT('Ctrl Pts',(-42.738865506214,60.5261824940044,1.));
#7728=CARTESIAN_POINT('Ctrl Pts',(-42.0752339139942,61.6838239536112,1.));
#7729=CARTESIAN_POINT('Ctrl Pts',(-42.0113442177047,63.0194225719278,1.));
#7730=CARTESIAN_POINT('Ctrl Pts',(-41.9775958747948,63.7249235021053,1.));
#7731=CARTESIAN_POINT('Ctrl Pts',(-47.2470362873162,58.1280616628109,0.));
#7732=CARTESIAN_POINT('Ctrl Pts',(-47.2470362873162,58.1280616628109,1.));
#7733=CARTESIAN_POINT('Ctrl Pts',(-46.3799715935787,58.184354759177,0.));
#7734=CARTESIAN_POINT('Ctrl Pts',(-46.3799715935787,58.184354759177,1.));
#7735=CARTESIAN_POINT('Ctrl Pts',(-44.7464116000926,58.2904116091415,0.));
#7736=CARTESIAN_POINT('Ctrl Pts',(-44.7464116000926,58.2904116091415,1.));
#7737=CARTESIAN_POINT('Ctrl Pts',(-43.5931016209675,59.4404306497297,0.));
#7738=CARTESIAN_POINT('Ctrl Pts',(-43.5931016209675,59.4404306497297,1.));
#7739=CARTESIAN_POINT('Ctrl Pts',(-43.0519481391991,59.9800399648128,0.));
#7740=CARTESIAN_POINT('Ctrl Pts',(-43.0519481391991,59.9800399648128,1.));
#7741=CARTESIAN_POINT('',(-47.2470362873162,58.1280616628109,0.));
#7742=CARTESIAN_POINT('Ctrl Pts',(-47.2470362873162,58.1280616628109,0.));
#7743=CARTESIAN_POINT('Ctrl Pts',(-46.3799715935787,58.184354759177,0.));
#7744=CARTESIAN_POINT('Ctrl Pts',(-44.7464116000926,58.2904116091415,0.));
#7745=CARTESIAN_POINT('Ctrl Pts',(-43.5931016209675,59.4404306497297,0.));
#7746=CARTESIAN_POINT('Ctrl Pts',(-43.0519481391991,59.9800399648128,0.));
#7747=CARTESIAN_POINT('',(-47.2470362873162,58.1280616628109,1.));
#7748=CARTESIAN_POINT('',(-47.2470362873162,58.1280616628109,0.));
#7749=CARTESIAN_POINT('Ctrl Pts',(-47.2470362873162,58.1280616628109,1.));
#7750=CARTESIAN_POINT('Ctrl Pts',(-46.3799715935787,58.184354759177,1.));
#7751=CARTESIAN_POINT('Ctrl Pts',(-44.7464116000926,58.2904116091415,1.));
#7752=CARTESIAN_POINT('Ctrl Pts',(-43.5931016209675,59.4404306497297,1.));
#7753=CARTESIAN_POINT('Ctrl Pts',(-43.0519481391991,59.9800399648128,1.));
#7754=CARTESIAN_POINT('Ctrl Pts',(-50.2296431751336,58.9517322884975,0.));
#7755=CARTESIAN_POINT('Ctrl Pts',(-50.2296431751336,58.9517322884975,1.));
#7756=CARTESIAN_POINT('Ctrl Pts',(-49.7921643471499,58.7117019833184,0.));
#7757=CARTESIAN_POINT('Ctrl Pts',(-49.7921643471499,58.7117019833184,1.));
#7758=CARTESIAN_POINT('Ctrl Pts',(-48.8648513291784,58.2029157005028,0.));
#7759=CARTESIAN_POINT('Ctrl Pts',(-48.8648513291784,58.2029157005028,1.));
#7760=CARTESIAN_POINT('Ctrl Pts',(-47.806230925763,58.1539348160826,0.));
#7761=CARTESIAN_POINT('Ctrl Pts',(-47.806230925763,58.1539348160826,1.));
#7762=CARTESIAN_POINT('Ctrl Pts',(-47.2470362873162,58.1280616628109,0.));
#7763=CARTESIAN_POINT('Ctrl Pts',(-47.2470362873162,58.1280616628109,1.));
#7764=CARTESIAN_POINT('',(-50.2296431751336,58.9517322884975,0.));
#7765=CARTESIAN_POINT('Ctrl Pts',(-50.2296431751336,58.9517322884975,0.));
#7766=CARTESIAN_POINT('Ctrl Pts',(-49.7921643471499,58.7117019833184,0.));
#7767=CARTESIAN_POINT('Ctrl Pts',(-48.8648513291784,58.2029157005028,0.));
#7768=CARTESIAN_POINT('Ctrl Pts',(-47.806230925763,58.1539348160826,0.));
#7769=CARTESIAN_POINT('Ctrl Pts',(-47.2470362873162,58.1280616628109,0.));
#7770=CARTESIAN_POINT('',(-50.2296431751336,58.9517322884975,1.));
#7771=CARTESIAN_POINT('',(-50.2296431751336,58.9517322884975,0.));
#7772=CARTESIAN_POINT('Ctrl Pts',(-50.2296431751336,58.9517322884975,1.));
#7773=CARTESIAN_POINT('Ctrl Pts',(-49.7921643471499,58.7117019833184,1.));
#7774=CARTESIAN_POINT('Ctrl Pts',(-48.8648513291784,58.2029157005028,1.));
#7775=CARTESIAN_POINT('Ctrl Pts',(-47.806230925763,58.1539348160826,1.));
#7776=CARTESIAN_POINT('Ctrl Pts',(-47.2470362873162,58.1280616628109,1.));
#7777=CARTESIAN_POINT('Ctrl Pts',(-51.9741852970208,61.3511184560238,0.));
#7778=CARTESIAN_POINT('Ctrl Pts',(-51.9741852970208,61.3511184560238,1.));
#7779=CARTESIAN_POINT('Ctrl Pts',(-51.7714620726485,60.8629602360023,0.));
#7780=CARTESIAN_POINT('Ctrl Pts',(-51.7714620726485,60.8629602360023,1.));
#7781=CARTESIAN_POINT('Ctrl Pts',(-51.3809099526948,59.9225093908038,0.));
#7782=CARTESIAN_POINT('Ctrl Pts',(-51.3809099526948,59.9225093908038,1.));
#7783=CARTESIAN_POINT('Ctrl Pts',(-50.6035163859423,59.2669915831223,0.));
#7784=CARTESIAN_POINT('Ctrl Pts',(-50.6035163859423,59.2669915831223,1.));
#7785=CARTESIAN_POINT('Ctrl Pts',(-50.2296431751336,58.9517322884975,0.));
#7786=CARTESIAN_POINT('Ctrl Pts',(-50.2296431751336,58.9517322884975,1.));
#7787=CARTESIAN_POINT('',(-51.9741852970208,61.3511184560238,0.));
#7788=CARTESIAN_POINT('Ctrl Pts',(-51.9741852970208,61.3511184560238,0.));
#7789=CARTESIAN_POINT('Ctrl Pts',(-51.7714620726485,60.8629602360023,0.));
#7790=CARTESIAN_POINT('Ctrl Pts',(-51.3809099526948,59.9225093908038,0.));
#7791=CARTESIAN_POINT('Ctrl Pts',(-50.6035163859423,59.2669915831223,0.));
#7792=CARTESIAN_POINT('Ctrl Pts',(-50.2296431751336,58.9517322884975,0.));
#7793=CARTESIAN_POINT('',(-51.9741852970208,61.3511184560238,1.));
#7794=CARTESIAN_POINT('',(-51.9741852970208,61.3511184560238,0.));
#7795=CARTESIAN_POINT('Ctrl Pts',(-51.9741852970208,61.3511184560238,1.));
#7796=CARTESIAN_POINT('Ctrl Pts',(-51.7714620726485,60.8629602360023,1.));
#7797=CARTESIAN_POINT('Ctrl Pts',(-51.3809099526948,59.9225093908038,1.));
#7798=CARTESIAN_POINT('Ctrl Pts',(-50.6035163859423,59.2669915831223,1.));
#7799=CARTESIAN_POINT('Ctrl Pts',(-50.2296431751336,58.9517322884975,1.));
#7800=CARTESIAN_POINT('Origin',(-49.1092475147332,61.8320182668148,0.));
#7801=CARTESIAN_POINT('',(-49.1092475147332,61.8320182668148,0.));
#7802=CARTESIAN_POINT('',(-60.7476059437295,59.8784385412707,0.));
#7803=CARTESIAN_POINT('',(-49.1092475147332,61.8320182668148,1.));
#7804=CARTESIAN_POINT('',(-49.1092475147332,61.8320182668148,0.));
#7805=CARTESIAN_POINT('',(-49.1092475147332,61.8320182668148,1.));
#7806=CARTESIAN_POINT('Ctrl Pts',(-48.4134753437127,60.645115743774,0.));
#7807=CARTESIAN_POINT('Ctrl Pts',(-48.4134753437127,60.645115743774,1.));
#7808=CARTESIAN_POINT('Ctrl Pts',(-48.5605564128465,60.7979168998695,0.));
#7809=CARTESIAN_POINT('Ctrl Pts',(-48.5605564128465,60.7979168998695,1.));
#7810=CARTESIAN_POINT('Ctrl Pts',(-48.8864854537966,61.13652155209,0.));
#7811=CARTESIAN_POINT('Ctrl Pts',(-48.8864854537966,61.13652155209,1.));
#7812=CARTESIAN_POINT('Ctrl Pts',(-49.0303204998563,61.5855962355267,0.));
#7813=CARTESIAN_POINT('Ctrl Pts',(-49.0303204998563,61.5855962355267,1.));
#7814=CARTESIAN_POINT('Ctrl Pts',(-49.1092475147332,61.8320182668148,0.));
#7815=CARTESIAN_POINT('Ctrl Pts',(-49.1092475147332,61.8320182668148,1.));
#7816=CARTESIAN_POINT('Ctrl Pts',(-48.4134753437127,60.645115743774,0.));
#7817=CARTESIAN_POINT('Ctrl Pts',(-48.5605564128465,60.7979168998695,0.));
#7818=CARTESIAN_POINT('Ctrl Pts',(-48.8864854537966,61.13652155209,0.));
#7819=CARTESIAN_POINT('Ctrl Pts',(-49.0303204998563,61.5855962355267,0.));
#7820=CARTESIAN_POINT('Ctrl Pts',(-49.1092475147332,61.8320182668148,0.));
#7821=CARTESIAN_POINT('Ctrl Pts',(-48.4134753437127,60.645115743774,1.));
#7822=CARTESIAN_POINT('Ctrl Pts',(-48.5605564128465,60.7979168998695,1.));
#7823=CARTESIAN_POINT('Ctrl Pts',(-48.8864854537966,61.13652155209,1.));
#7824=CARTESIAN_POINT('Ctrl Pts',(-49.0303204998563,61.5855962355267,1.));
#7825=CARTESIAN_POINT('Ctrl Pts',(-49.1092475147332,61.8320182668148,1.));
#7826=CARTESIAN_POINT('Origin',(-73.450994083413,65.7583423252689,1.));
#7827=CARTESIAN_POINT('Ctrl Pts',(-113.897789308556,67.2856340514598,0.));
#7828=CARTESIAN_POINT('Ctrl Pts',(-113.897789308556,67.2856340514598,1.));
#7829=CARTESIAN_POINT('Ctrl Pts',(-113.569226155284,67.2501292360763,0.));
#7830=CARTESIAN_POINT('Ctrl Pts',(-113.569226155284,67.2501292360763,1.));
#7831=CARTESIAN_POINT('Ctrl Pts',(-112.904048846899,67.1782496071639,0.));
#7832=CARTESIAN_POINT('Ctrl Pts',(-112.904048846899,67.1782496071639,1.));
#7833=CARTESIAN_POINT('Ctrl Pts',(-112.425906152141,66.7094384643503,0.));
#7834=CARTESIAN_POINT('Ctrl Pts',(-112.425906152141,66.7094384643503,1.));
#7835=CARTESIAN_POINT('Ctrl Pts',(-112.183941194543,66.4721957551418,0.));
#7836=CARTESIAN_POINT('Ctrl Pts',(-112.183941194543,66.4721957551418,1.));
#7837=CARTESIAN_POINT('',(-113.897789308556,67.2856340514598,0.));
#7838=CARTESIAN_POINT('',(-112.183941194543,66.4721957551418,0.));
#7839=CARTESIAN_POINT('Ctrl Pts',(-113.897789308556,67.2856340514598,0.));
#7840=CARTESIAN_POINT('Ctrl Pts',(-113.569226155284,67.2501292360763,0.));
#7841=CARTESIAN_POINT('Ctrl Pts',(-112.904048846899,67.1782496071639,0.));
#7842=CARTESIAN_POINT('Ctrl Pts',(-112.425906152141,66.7094384643503,0.));
#7843=CARTESIAN_POINT('Ctrl Pts',(-112.183941194543,66.4721957551418,0.));
#7844=CARTESIAN_POINT('',(-113.897789308556,67.2856340514598,1.));
#7845=CARTESIAN_POINT('',(-113.897789308556,67.2856340514598,0.));
#7846=CARTESIAN_POINT('',(-112.183941194543,66.4721957551418,1.));
#7847=CARTESIAN_POINT('Ctrl Pts',(-113.897789308556,67.2856340514598,1.));
#7848=CARTESIAN_POINT('Ctrl Pts',(-113.569226155284,67.2501292360763,1.));
#7849=CARTESIAN_POINT('Ctrl Pts',(-112.904048846899,67.1782496071639,1.));
#7850=CARTESIAN_POINT('Ctrl Pts',(-112.425906152141,66.7094384643503,1.));
#7851=CARTESIAN_POINT('Ctrl Pts',(-112.183941194543,66.4721957551418,1.));
#7852=CARTESIAN_POINT('',(-112.183941194543,66.4721957551418,0.));
#7853=CARTESIAN_POINT('Ctrl Pts',(-115.626982042321,66.4619640218196,0.));
#7854=CARTESIAN_POINT('Ctrl Pts',(-115.626982042321,66.4619640218196,1.));
#7855=CARTESIAN_POINT('Ctrl Pts',(-115.386649045698,66.702200539965,0.));
#7856=CARTESIAN_POINT('Ctrl Pts',(-115.386649045698,66.702200539965,1.));
#7857=CARTESIAN_POINT('Ctrl Pts',(-114.907453709232,67.1812035098521,0.));
#7858=CARTESIAN_POINT('Ctrl Pts',(-114.907453709232,67.1812035098521,1.));
#7859=CARTESIAN_POINT('Ctrl Pts',(-114.233654809558,67.250895165793,0.));
#7860=CARTESIAN_POINT('Ctrl Pts',(-114.233654809558,67.250895165793,1.));
#7861=CARTESIAN_POINT('Ctrl Pts',(-113.897789308556,67.2856340514598,0.));
#7862=CARTESIAN_POINT('Ctrl Pts',(-113.897789308556,67.2856340514598,1.));
#7863=CARTESIAN_POINT('',(-115.626982042321,66.4619640218196,0.));
#7864=CARTESIAN_POINT('Ctrl Pts',(-115.626982042321,66.4619640218196,0.));
#7865=CARTESIAN_POINT('Ctrl Pts',(-115.386649045698,66.702200539965,0.));
#7866=CARTESIAN_POINT('Ctrl Pts',(-114.907453709232,67.1812035098521,0.));
#7867=CARTESIAN_POINT('Ctrl Pts',(-114.233654809558,67.250895165793,0.));
#7868=CARTESIAN_POINT('Ctrl Pts',(-113.897789308556,67.2856340514598,0.));
#7869=CARTESIAN_POINT('',(-115.626982042321,66.4619640218196,1.));
#7870=CARTESIAN_POINT('',(-115.626982042321,66.4619640218196,0.));
#7871=CARTESIAN_POINT('Ctrl Pts',(-115.626982042321,66.4619640218196,1.));
#7872=CARTESIAN_POINT('Ctrl Pts',(-115.386649045698,66.702200539965,1.));
#7873=CARTESIAN_POINT('Ctrl Pts',(-114.907453709232,67.1812035098521,1.));
#7874=CARTESIAN_POINT('Ctrl Pts',(-114.233654809558,67.250895165793,1.));
#7875=CARTESIAN_POINT('Ctrl Pts',(-113.897789308556,67.2856340514598,1.));
#7876=CARTESIAN_POINT('Ctrl Pts',(-116.302297899255,63.7658516274868,0.));
#7877=CARTESIAN_POINT('Ctrl Pts',(-116.302297899255,63.7658516274868,1.));
#7878=CARTESIAN_POINT('Ctrl Pts',(-116.295405380717,64.3162927772772,0.));
#7879=CARTESIAN_POINT('Ctrl Pts',(-116.295405380717,64.3162927772772,1.));
#7880=CARTESIAN_POINT('Ctrl Pts',(-116.283412139503,65.2740810584537,0.));
#7881=CARTESIAN_POINT('Ctrl Pts',(-116.283412139503,65.2740810584537,1.));
#7882=CARTESIAN_POINT('Ctrl Pts',(-115.822856323057,66.1075078168918,0.));
#7883=CARTESIAN_POINT('Ctrl Pts',(-115.822856323057,66.1075078168918,1.));
#7884=CARTESIAN_POINT('Ctrl Pts',(-115.626982042321,66.4619640218196,0.));
#7885=CARTESIAN_POINT('Ctrl Pts',(-115.626982042321,66.4619640218196,1.));
#7886=CARTESIAN_POINT('',(-116.302297899255,63.7658516274868,0.));
#7887=CARTESIAN_POINT('Ctrl Pts',(-116.302297899255,63.7658516274868,0.));
#7888=CARTESIAN_POINT('Ctrl Pts',(-116.295405380717,64.3162927772772,0.));
#7889=CARTESIAN_POINT('Ctrl Pts',(-116.283412139503,65.2740810584537,0.));
#7890=CARTESIAN_POINT('Ctrl Pts',(-115.822856323057,66.1075078168918,0.));
#7891=CARTESIAN_POINT('Ctrl Pts',(-115.626982042321,66.4619640218196,0.));
#7892=CARTESIAN_POINT('',(-116.302297899255,63.7658516274868,1.));
#7893=CARTESIAN_POINT('',(-116.302297899255,63.7658516274868,0.));
#7894=CARTESIAN_POINT('Ctrl Pts',(-116.302297899255,63.7658516274868,1.));
#7895=CARTESIAN_POINT('Ctrl Pts',(-116.295405380717,64.3162927772772,1.));
#7896=CARTESIAN_POINT('Ctrl Pts',(-116.283412139503,65.2740810584537,1.));
#7897=CARTESIAN_POINT('Ctrl Pts',(-115.822856323057,66.1075078168918,1.));
#7898=CARTESIAN_POINT('Ctrl Pts',(-115.626982042321,66.4619640218196,1.));
#7899=CARTESIAN_POINT('Ctrl Pts',(-115.606525728234,61.243682275909,0.));
#7900=CARTESIAN_POINT('Ctrl Pts',(-115.606525728234,61.243682275909,1.));
#7901=CARTESIAN_POINT('Ctrl Pts',(-115.808771851911,61.5861358858023,0.));
#7902=CARTESIAN_POINT('Ctrl Pts',(-115.808771851911,61.5861358858023,1.));
#7903=CARTESIAN_POINT('Ctrl Pts',(-116.265761660169,62.3599346942926,0.));
#7904=CARTESIAN_POINT('Ctrl Pts',(-116.265761660169,62.3599346942926,1.));
#7905=CARTESIAN_POINT('Ctrl Pts',(-116.289220846876,63.2626457739181,0.));
#7906=CARTESIAN_POINT('Ctrl Pts',(-116.289220846876,63.2626457739181,1.));
#7907=CARTESIAN_POINT('Ctrl Pts',(-116.302297899255,63.7658516274868,0.));
#7908=CARTESIAN_POINT('Ctrl Pts',(-116.302297899255,63.7658516274868,1.));
#7909=CARTESIAN_POINT('',(-115.606525728234,61.243682275909,0.));
#7910=CARTESIAN_POINT('Ctrl Pts',(-115.606525728234,61.243682275909,0.));
#7911=CARTESIAN_POINT('Ctrl Pts',(-115.808771851911,61.5861358858023,0.));
#7912=CARTESIAN_POINT('Ctrl Pts',(-116.265761660169,62.3599346942926,0.));
#7913=CARTESIAN_POINT('Ctrl Pts',(-116.289220846876,63.2626457739181,0.));
#7914=CARTESIAN_POINT('Ctrl Pts',(-116.302297899255,63.7658516274868,0.));
#7915=CARTESIAN_POINT('',(-115.606525728234,61.243682275909,1.));
#7916=CARTESIAN_POINT('',(-115.606525728234,61.243682275909,0.));
#7917=CARTESIAN_POINT('Ctrl Pts',(-115.606525728234,61.243682275909,1.));
#7918=CARTESIAN_POINT('Ctrl Pts',(-115.808771851911,61.5861358858023,1.));
#7919=CARTESIAN_POINT('Ctrl Pts',(-116.265761660169,62.3599346942926,1.));
#7920=CARTESIAN_POINT('Ctrl Pts',(-116.289220846876,63.2626457739181,1.));
#7921=CARTESIAN_POINT('Ctrl Pts',(-116.302297899255,63.7658516274868,1.));
#7922=CARTESIAN_POINT('Ctrl Pts',(-113.918255159386,60.399549375671,0.));
#7923=CARTESIAN_POINT('Ctrl Pts',(-113.918255159386,60.399549375671,1.));
#7924=CARTESIAN_POINT('Ctrl Pts',(-114.23978785702,60.4385187382447,0.));
#7925=CARTESIAN_POINT('Ctrl Pts',(-114.23978785702,60.4385187382447,1.));
#7926=CARTESIAN_POINT('Ctrl Pts',(-114.901475272598,60.5187144290654,0.));
#7927=CARTESIAN_POINT('Ctrl Pts',(-114.901475272598,60.5187144290654,1.));
#7928=CARTESIAN_POINT('Ctrl Pts',(-115.367140468971,60.9975344795541,0.));
#7929=CARTESIAN_POINT('Ctrl Pts',(-115.367140468971,60.9975344795541,1.));
#7930=CARTESIAN_POINT('Ctrl Pts',(-115.606525728234,61.243682275909,0.));
#7931=CARTESIAN_POINT('Ctrl Pts',(-115.606525728234,61.243682275909,1.));
#7932=CARTESIAN_POINT('',(-113.918255159386,60.399549375671,0.));
#7933=CARTESIAN_POINT('Ctrl Pts',(-113.918255159386,60.399549375671,0.));
#7934=CARTESIAN_POINT('Ctrl Pts',(-114.23978785702,60.4385187382447,0.));
#7935=CARTESIAN_POINT('Ctrl Pts',(-114.901475272598,60.5187144290654,0.));
#7936=CARTESIAN_POINT('Ctrl Pts',(-115.367140468971,60.9975344795541,0.));
#7937=CARTESIAN_POINT('Ctrl Pts',(-115.606525728234,61.243682275909,0.));
#7938=CARTESIAN_POINT('',(-113.918255159386,60.399549375671,1.));
#7939=CARTESIAN_POINT('',(-113.918255159386,60.399549375671,0.));
#7940=CARTESIAN_POINT('Ctrl Pts',(-113.918255159386,60.399549375671,1.));
#7941=CARTESIAN_POINT('Ctrl Pts',(-114.23978785702,60.4385187382447,1.));
#7942=CARTESIAN_POINT('Ctrl Pts',(-114.901475272598,60.5187144290654,1.));
#7943=CARTESIAN_POINT('Ctrl Pts',(-115.367140468971,60.9975344795541,1.));
#7944=CARTESIAN_POINT('Ctrl Pts',(-115.606525728234,61.243682275909,1.));
#7945=CARTESIAN_POINT('Ctrl Pts',(-111.974190065392,61.5250614987789,0.));
#7946=CARTESIAN_POINT('Ctrl Pts',(-111.974190065392,61.5250614987789,1.));
#7947=CARTESIAN_POINT('Ctrl Pts',(-112.225332183286,61.1968170918356,0.));
#7948=CARTESIAN_POINT('Ctrl Pts',(-112.225332183286,61.1968170918356,1.));
#7949=CARTESIAN_POINT('Ctrl Pts',(-112.718873716218,60.5517550483273,0.));
#7950=CARTESIAN_POINT('Ctrl Pts',(-112.718873716218,60.5517550483273,1.));
#7951=CARTESIAN_POINT('Ctrl Pts',(-113.52321074579,60.4496818844262,0.));
#7952=CARTESIAN_POINT('Ctrl Pts',(-113.52321074579,60.4496818844262,1.));
#7953=CARTESIAN_POINT('Ctrl Pts',(-113.918255159386,60.399549375671,0.));
#7954=CARTESIAN_POINT('Ctrl Pts',(-113.918255159386,60.399549375671,1.));
#7955=CARTESIAN_POINT('',(-111.974190065392,61.5250614987789,0.));
#7956=CARTESIAN_POINT('Ctrl Pts',(-111.974190065392,61.5250614987789,0.));
#7957=CARTESIAN_POINT('Ctrl Pts',(-112.225332183286,61.1968170918356,0.));
#7958=CARTESIAN_POINT('Ctrl Pts',(-112.718873716218,60.5517550483273,0.));
#7959=CARTESIAN_POINT('Ctrl Pts',(-113.52321074579,60.4496818844262,0.));
#7960=CARTESIAN_POINT('Ctrl Pts',(-113.918255159386,60.399549375671,0.));
#7961=CARTESIAN_POINT('',(-111.974190065392,61.5250614987789,1.));
#7962=CARTESIAN_POINT('',(-111.974190065392,61.5250614987789,0.));
#7963=CARTESIAN_POINT('Ctrl Pts',(-111.974190065392,61.5250614987789,1.));
#7964=CARTESIAN_POINT('Ctrl Pts',(-112.225332183286,61.1968170918356,1.));
#7965=CARTESIAN_POINT('Ctrl Pts',(-112.718873716218,60.5517550483273,1.));
#7966=CARTESIAN_POINT('Ctrl Pts',(-113.52321074579,60.4496818844262,1.));
#7967=CARTESIAN_POINT('Ctrl Pts',(-113.918255159386,60.399549375671,1.));
#7968=CARTESIAN_POINT('Ctrl Pts',(-111.493290254601,64.0421131955562,0.));
#7969=CARTESIAN_POINT('Ctrl Pts',(-111.493290254601,64.0421131955562,1.));
#7970=CARTESIAN_POINT('Ctrl Pts',(-111.496319924603,63.5345485224379,0.));
#7971=CARTESIAN_POINT('Ctrl Pts',(-111.496319924603,63.5345485224379,1.));
#7972=CARTESIAN_POINT('Ctrl Pts',(-111.501525610404,62.6624330078169,0.));
#7973=CARTESIAN_POINT('Ctrl Pts',(-111.501525610404,62.6624330078169,1.));
#7974=CARTESIAN_POINT('Ctrl Pts',(-111.834855616807,61.8603416967627,0.));
#7975=CARTESIAN_POINT('Ctrl Pts',(-111.834855616807,61.8603416967627,1.));
#7976=CARTESIAN_POINT('Ctrl Pts',(-111.974190065392,61.5250614987789,0.));
#7977=CARTESIAN_POINT('Ctrl Pts',(-111.974190065392,61.5250614987789,1.));
#7978=CARTESIAN_POINT('',(-111.493290254601,64.0421131955562,0.));
#7979=CARTESIAN_POINT('Ctrl Pts',(-111.493290254601,64.0421131955562,0.));
#7980=CARTESIAN_POINT('Ctrl Pts',(-111.496319924603,63.5345485224379,0.));
#7981=CARTESIAN_POINT('Ctrl Pts',(-111.501525610404,62.6624330078169,0.));
#7982=CARTESIAN_POINT('Ctrl Pts',(-111.834855616807,61.8603416967627,0.));
#7983=CARTESIAN_POINT('Ctrl Pts',(-111.974190065392,61.5250614987789,0.));
#7984=CARTESIAN_POINT('',(-111.493290254601,64.0421131955562,1.));
#7985=CARTESIAN_POINT('',(-111.493290254601,64.0421131955562,0.));
#7986=CARTESIAN_POINT('Ctrl Pts',(-111.493290254601,64.0421131955562,1.));
#7987=CARTESIAN_POINT('Ctrl Pts',(-111.496319924603,63.5345485224379,1.));
#7988=CARTESIAN_POINT('Ctrl Pts',(-111.501525610404,62.6624330078169,1.));
#7989=CARTESIAN_POINT('Ctrl Pts',(-111.834855616807,61.8603416967627,1.));
#7990=CARTESIAN_POINT('Ctrl Pts',(-111.974190065392,61.5250614987789,1.));
#7991=CARTESIAN_POINT('Ctrl Pts',(-112.183941194543,66.4721957551418,0.));
#7992=CARTESIAN_POINT('Ctrl Pts',(-112.183941194543,66.4721957551418,1.));
#7993=CARTESIAN_POINT('Ctrl Pts',(-111.983151331002,66.1427170394794,0.));
#7994=CARTESIAN_POINT('Ctrl Pts',(-111.983151331002,66.1427170394794,1.));
#7995=CARTESIAN_POINT('Ctrl Pts',(-111.5308872724,65.4005910250468,0.));
#7996=CARTESIAN_POINT('Ctrl Pts',(-111.5308872724,65.4005910250468,1.));
#7997=CARTESIAN_POINT('Ctrl Pts',(-111.506725192575,64.5275523725526,0.));
#7998=CARTESIAN_POINT('Ctrl Pts',(-111.506725192575,64.5275523725526,1.));
#7999=CARTESIAN_POINT('Ctrl Pts',(-111.493290254601,64.0421131955562,0.));
#8000=CARTESIAN_POINT('Ctrl Pts',(-111.493290254601,64.0421131955562,1.));
#8001=CARTESIAN_POINT('Ctrl Pts',(-112.183941194543,66.4721957551418,0.));
#8002=CARTESIAN_POINT('Ctrl Pts',(-111.983151331002,66.1427170394794,0.));
#8003=CARTESIAN_POINT('Ctrl Pts',(-111.5308872724,65.4005910250468,0.));
#8004=CARTESIAN_POINT('Ctrl Pts',(-111.506725192575,64.5275523725526,0.));
#8005=CARTESIAN_POINT('Ctrl Pts',(-111.493290254601,64.0421131955562,0.));
#8006=CARTESIAN_POINT('Ctrl Pts',(-112.183941194543,66.4721957551418,1.));
#8007=CARTESIAN_POINT('Ctrl Pts',(-111.983151331002,66.1427170394794,1.));
#8008=CARTESIAN_POINT('Ctrl Pts',(-111.5308872724,65.4005910250468,1.));
#8009=CARTESIAN_POINT('Ctrl Pts',(-111.506725192575,64.5275523725526,1.));
#8010=CARTESIAN_POINT('Ctrl Pts',(-111.493290254601,64.0421131955562,1.));
#8011=CARTESIAN_POINT('Origin',(-116.29206497384,73.3736292230068,0.));
#8012=CARTESIAN_POINT('',(-116.29206497384,73.3736292230068,0.));
#8013=CARTESIAN_POINT('',(-119.167230913171,73.3736292230068,0.));
#8014=CARTESIAN_POINT('',(-94.9050033220895,73.3736292230068,0.));
#8015=CARTESIAN_POINT('',(-116.29206497384,73.3736292230068,1.));
#8016=CARTESIAN_POINT('',(-116.29206497384,73.3736292230068,0.));
#8017=CARTESIAN_POINT('',(-119.167230913171,73.3736292230068,1.));
#8018=CARTESIAN_POINT('',(-116.29206497384,73.3736292230068,1.));
#8019=CARTESIAN_POINT('',(-119.167230913171,73.3736292230068,0.));
#8020=CARTESIAN_POINT('Origin',(-116.29206497384,67.9711727010189,0.));
#8021=CARTESIAN_POINT('',(-116.29206497384,67.9711727010189,0.));
#8022=CARTESIAN_POINT('',(-116.29206497384,66.3198662518162,0.));
#8023=CARTESIAN_POINT('',(-116.29206497384,67.9711727010189,1.));
#8024=CARTESIAN_POINT('',(-116.29206497384,67.9711727010189,0.));
#8025=CARTESIAN_POINT('',(-116.29206497384,67.9711727010189,1.));
#8026=CARTESIAN_POINT('Ctrl Pts',(-113.140629121789,69.4854978429256,0.));
#8027=CARTESIAN_POINT('Ctrl Pts',(-113.140629121789,69.4854978429256,1.));
#8028=CARTESIAN_POINT('Ctrl Pts',(-113.733292346201,69.415388056659,0.));
#8029=CARTESIAN_POINT('Ctrl Pts',(-113.733292346201,69.415388056659,1.));
#8030=CARTESIAN_POINT('Ctrl Pts',(-114.954036637224,69.2709786892401,0.));
#8031=CARTESIAN_POINT('Ctrl Pts',(-114.954036637224,69.2709786892401,1.));
#8032=CARTESIAN_POINT('Ctrl Pts',(-115.837511350726,68.4127414668831,0.));
#8033=CARTESIAN_POINT('Ctrl Pts',(-115.837511350726,68.4127414668831,1.));
#8034=CARTESIAN_POINT('Ctrl Pts',(-116.29206497384,67.9711727010189,0.));
#8035=CARTESIAN_POINT('Ctrl Pts',(-116.29206497384,67.9711727010189,1.));
#8036=CARTESIAN_POINT('',(-113.140629121789,69.4854978429256,0.));
#8037=CARTESIAN_POINT('Ctrl Pts',(-113.140629121789,69.4854978429256,0.));
#8038=CARTESIAN_POINT('Ctrl Pts',(-113.733292346201,69.415388056659,0.));
#8039=CARTESIAN_POINT('Ctrl Pts',(-114.954036637224,69.2709786892401,0.));
#8040=CARTESIAN_POINT('Ctrl Pts',(-115.837511350726,68.4127414668831,0.));
#8041=CARTESIAN_POINT('Ctrl Pts',(-116.29206497384,67.9711727010189,0.));
#8042=CARTESIAN_POINT('',(-113.140629121789,69.4854978429256,1.));
#8043=CARTESIAN_POINT('',(-113.140629121789,69.4854978429256,0.));
#8044=CARTESIAN_POINT('Ctrl Pts',(-113.140629121789,69.4854978429256,1.));
#8045=CARTESIAN_POINT('Ctrl Pts',(-113.733292346201,69.415388056659,1.));
#8046=CARTESIAN_POINT('Ctrl Pts',(-114.954036637224,69.2709786892401,1.));
#8047=CARTESIAN_POINT('Ctrl Pts',(-115.837511350726,68.4127414668831,1.));
#8048=CARTESIAN_POINT('Ctrl Pts',(-116.29206497384,67.9711727010189,1.));
#8049=CARTESIAN_POINT('Ctrl Pts',(-109.856184312829,68.0479124890743,0.));
#8050=CARTESIAN_POINT('Ctrl Pts',(-109.856184312829,68.0479124890743,1.));
#8051=CARTESIAN_POINT('Ctrl Pts',(-110.320137952842,68.4672026195283,0.));
#8052=CARTESIAN_POINT('Ctrl Pts',(-110.320137952842,68.4672026195283,1.));
#8053=CARTESIAN_POINT('Ctrl Pts',(-111.254453766899,69.3115744829549,0.));
#8054=CARTESIAN_POINT('Ctrl Pts',(-111.254453766899,69.3115744829549,1.));
#8055=CARTESIAN_POINT('Ctrl Pts',(-112.509035583576,69.4272588939239,0.));
#8056=CARTESIAN_POINT('Ctrl Pts',(-112.509035583576,69.4272588939239,1.));
#8057=CARTESIAN_POINT('Ctrl Pts',(-113.140629121789,69.4854978429256,0.));
#8058=CARTESIAN_POINT('Ctrl Pts',(-113.140629121789,69.4854978429256,1.));
#8059=CARTESIAN_POINT('',(-109.856184312829,68.0479124890743,0.));
#8060=CARTESIAN_POINT('Ctrl Pts',(-109.856184312829,68.0479124890743,0.));
#8061=CARTESIAN_POINT('Ctrl Pts',(-110.320137952842,68.4672026195283,0.));
#8062=CARTESIAN_POINT('Ctrl Pts',(-111.254453766899,69.3115744829549,0.));
#8063=CARTESIAN_POINT('Ctrl Pts',(-112.509035583576,69.4272588939239,0.));
#8064=CARTESIAN_POINT('Ctrl Pts',(-113.140629121789,69.4854978429256,0.));
#8065=CARTESIAN_POINT('',(-109.856184312829,68.0479124890743,1.));
#8066=CARTESIAN_POINT('',(-109.856184312829,68.0479124890743,0.));
#8067=CARTESIAN_POINT('Ctrl Pts',(-109.856184312829,68.0479124890743,1.));
#8068=CARTESIAN_POINT('Ctrl Pts',(-110.320137952842,68.4672026195283,1.));
#8069=CARTESIAN_POINT('Ctrl Pts',(-111.254453766899,69.3115744829549,1.));
#8070=CARTESIAN_POINT('Ctrl Pts',(-112.509035583576,69.4272588939239,1.));
#8071=CARTESIAN_POINT('Ctrl Pts',(-113.140629121789,69.4854978429256,1.));
#8072=CARTESIAN_POINT('Ctrl Pts',(-108.55672676278,63.8477066861568,0.));
#8073=CARTESIAN_POINT('Ctrl Pts',(-108.55672676278,63.8477066861568,1.));
#8074=CARTESIAN_POINT('Ctrl Pts',(-108.586505922675,64.6840217805038,0.));
#8075=CARTESIAN_POINT('Ctrl Pts',(-108.586505922675,64.6840217805038,1.));
#8076=CARTESIAN_POINT('Ctrl Pts',(-108.640802694047,66.2088871438497,0.));
#8077=CARTESIAN_POINT('Ctrl Pts',(-108.640802694047,66.2088871438497,1.));
#8078=CARTESIAN_POINT('Ctrl Pts',(-109.478102885952,67.4758277085901,0.));
#8079=CARTESIAN_POINT('Ctrl Pts',(-109.478102885952,67.4758277085901,1.));
#8080=CARTESIAN_POINT('Ctrl Pts',(-109.856184312829,68.0479124890743,0.));
#8081=CARTESIAN_POINT('Ctrl Pts',(-109.856184312829,68.0479124890743,1.));
#8082=CARTESIAN_POINT('',(-108.55672676278,63.8477066861568,0.));
#8083=CARTESIAN_POINT('Ctrl Pts',(-108.55672676278,63.8477066861568,0.));
#8084=CARTESIAN_POINT('Ctrl Pts',(-108.586505922675,64.6840217805038,0.));
#8085=CARTESIAN_POINT('Ctrl Pts',(-108.640802694047,66.2088871438497,0.));
#8086=CARTESIAN_POINT('Ctrl Pts',(-109.478102885952,67.4758277085901,0.));
#8087=CARTESIAN_POINT('Ctrl Pts',(-109.856184312829,68.0479124890743,0.));
#8088=CARTESIAN_POINT('',(-108.55672676278,63.8477066861568,1.));
#8089=CARTESIAN_POINT('',(-108.55672676278,63.8477066861568,0.));
#8090=CARTESIAN_POINT('Ctrl Pts',(-108.55672676278,63.8477066861568,1.));
#8091=CARTESIAN_POINT('Ctrl Pts',(-108.586505922675,64.6840217805038,1.));
#8092=CARTESIAN_POINT('Ctrl Pts',(-108.640802694047,66.2088871438497,1.));
#8093=CARTESIAN_POINT('Ctrl Pts',(-109.478102885952,67.4758277085901,1.));
#8094=CARTESIAN_POINT('Ctrl Pts',(-109.856184312829,68.0479124890743,1.));
#8095=CARTESIAN_POINT('Ctrl Pts',(-109.89199478341,59.6372703420101,0.));
#8096=CARTESIAN_POINT('Ctrl Pts',(-109.89199478341,59.6372703420101,1.));
#8097=CARTESIAN_POINT('Ctrl Pts',(-109.503202570185,60.2213334218227,0.));
#8098=CARTESIAN_POINT('Ctrl Pts',(-109.503202570185,60.2213334218227,1.));
#8099=CARTESIAN_POINT('Ctrl Pts',(-108.657845912262,61.4912704122552,0.));
#8100=CARTESIAN_POINT('Ctrl Pts',(-108.657845912262,61.4912704122552,1.));
#8101=CARTESIAN_POINT('Ctrl Pts',(-108.592187750576,63.0213393919374,0.));
#8102=CARTESIAN_POINT('Ctrl Pts',(-108.592187750576,63.0213393919374,1.));
#8103=CARTESIAN_POINT('Ctrl Pts',(-108.55672676278,63.8477066861568,0.));
#8104=CARTESIAN_POINT('Ctrl Pts',(-108.55672676278,63.8477066861568,1.));
#8105=CARTESIAN_POINT('',(-109.89199478341,59.6372703420101,0.));
#8106=CARTESIAN_POINT('Ctrl Pts',(-109.89199478341,59.6372703420101,0.));
#8107=CARTESIAN_POINT('Ctrl Pts',(-109.503202570185,60.2213334218227,0.));
#8108=CARTESIAN_POINT('Ctrl Pts',(-108.657845912262,61.4912704122552,0.));
#8109=CARTESIAN_POINT('Ctrl Pts',(-108.592187750576,63.0213393919374,0.));
#8110=CARTESIAN_POINT('Ctrl Pts',(-108.55672676278,63.8477066861568,0.));
#8111=CARTESIAN_POINT('',(-109.89199478341,59.6372703420101,1.));
#8112=CARTESIAN_POINT('',(-109.89199478341,59.6372703420101,0.));
#8113=CARTESIAN_POINT('Ctrl Pts',(-109.89199478341,59.6372703420101,1.));
#8114=CARTESIAN_POINT('Ctrl Pts',(-109.503202570185,60.2213334218227,1.));
#8115=CARTESIAN_POINT('Ctrl Pts',(-108.657845912262,61.4912704122552,1.));
#8116=CARTESIAN_POINT('Ctrl Pts',(-108.592187750576,63.0213393919374,1.));
#8117=CARTESIAN_POINT('Ctrl Pts',(-108.55672676278,63.8477066861568,1.));
#8118=CARTESIAN_POINT('Ctrl Pts',(-113.099697420129,58.1280616628109,0.));
#8119=CARTESIAN_POINT('Ctrl Pts',(-113.099697420129,58.1280616628109,1.));
#8120=CARTESIAN_POINT('Ctrl Pts',(-112.493469815579,58.1960651640088,0.));
#8121=CARTESIAN_POINT('Ctrl Pts',(-112.493469815579,58.1960651640088,1.));
#8122=CARTESIAN_POINT('Ctrl Pts',(-111.255003972218,58.3349899058558,0.));
#8123=CARTESIAN_POINT('Ctrl Pts',(-111.255003972218,58.3349899058558,1.));
#8124=CARTESIAN_POINT('Ctrl Pts',(-110.352648361508,59.1971411429355,0.));
#8125=CARTESIAN_POINT('Ctrl Pts',(-110.352648361508,59.1971411429355,1.));
#8126=CARTESIAN_POINT('Ctrl Pts',(-109.89199478341,59.6372703420101,0.));
#8127=CARTESIAN_POINT('Ctrl Pts',(-109.89199478341,59.6372703420101,1.));
#8128=CARTESIAN_POINT('',(-113.099697420129,58.1280616628109,0.));
#8129=CARTESIAN_POINT('Ctrl Pts',(-113.099697420129,58.1280616628109,0.));
#8130=CARTESIAN_POINT('Ctrl Pts',(-112.493469815579,58.1960651640088,0.));
#8131=CARTESIAN_POINT('Ctrl Pts',(-111.255003972218,58.3349899058558,0.));
#8132=CARTESIAN_POINT('Ctrl Pts',(-110.352648361508,59.1971411429355,0.));
#8133=CARTESIAN_POINT('Ctrl Pts',(-109.89199478341,59.6372703420101,0.));
#8134=CARTESIAN_POINT('',(-113.099697420129,58.1280616628109,1.));
#8135=CARTESIAN_POINT('',(-113.099697420129,58.1280616628109,0.));
#8136=CARTESIAN_POINT('Ctrl Pts',(-113.099697420129,58.1280616628109,1.));
#8137=CARTESIAN_POINT('Ctrl Pts',(-112.493469815579,58.1960651640088,1.));
#8138=CARTESIAN_POINT('Ctrl Pts',(-111.255003972218,58.3349899058558,1.));
#8139=CARTESIAN_POINT('Ctrl Pts',(-110.352648361508,59.1971411429355,1.));
#8140=CARTESIAN_POINT('Ctrl Pts',(-109.89199478341,59.6372703420101,1.));
#8141=CARTESIAN_POINT('Ctrl Pts',(-114.926098176965,58.583382736343,0.));
#8142=CARTESIAN_POINT('Ctrl Pts',(-114.926098176965,58.583382736343,1.));
#8143=CARTESIAN_POINT('Ctrl Pts',(-114.627640135172,58.4506051413177,0.));
#8144=CARTESIAN_POINT('Ctrl Pts',(-114.627640135172,58.4506051413177,1.));
#8145=CARTESIAN_POINT('Ctrl Pts',(-114.045257151132,58.1915154162096,0.));
#8146=CARTESIAN_POINT('Ctrl Pts',(-114.045257151132,58.1915154162096,1.));
#8147=CARTESIAN_POINT('Ctrl Pts',(-113.40959645703,58.1488580825623,0.));
#8148=CARTESIAN_POINT('Ctrl Pts',(-113.40959645703,58.1488580825623,1.));
#8149=CARTESIAN_POINT('Ctrl Pts',(-113.099697420129,58.1280616628109,0.));
#8150=CARTESIAN_POINT('Ctrl Pts',(-113.099697420129,58.1280616628109,1.));
#8151=CARTESIAN_POINT('',(-114.926098176965,58.583382736343,0.));
#8152=CARTESIAN_POINT('Ctrl Pts',(-114.926098176965,58.583382736343,0.));
#8153=CARTESIAN_POINT('Ctrl Pts',(-114.627640135172,58.4506051413177,0.));
#8154=CARTESIAN_POINT('Ctrl Pts',(-114.045257151132,58.1915154162096,0.));
#8155=CARTESIAN_POINT('Ctrl Pts',(-113.40959645703,58.1488580825623,0.));
#8156=CARTESIAN_POINT('Ctrl Pts',(-113.099697420129,58.1280616628109,0.));
#8157=CARTESIAN_POINT('',(-114.926098176965,58.583382736343,1.));
#8158=CARTESIAN_POINT('',(-114.926098176965,58.583382736343,0.));
#8159=CARTESIAN_POINT('Ctrl Pts',(-114.926098176965,58.583382736343,1.));
#8160=CARTESIAN_POINT('Ctrl Pts',(-114.627640135172,58.4506051413177,1.));
#8161=CARTESIAN_POINT('Ctrl Pts',(-114.045257151132,58.1915154162096,1.));
#8162=CARTESIAN_POINT('Ctrl Pts',(-113.40959645703,58.1488580825623,1.));
#8163=CARTESIAN_POINT('Ctrl Pts',(-113.099697420129,58.1280616628109,1.));
#8164=CARTESIAN_POINT('Ctrl Pts',(-116.496704408654,59.9698082314907,0.));
#8165=CARTESIAN_POINT('Ctrl Pts',(-116.496704408654,59.9698082314907,1.));
#8166=CARTESIAN_POINT('Ctrl Pts',(-116.270059338571,59.6818633322514,0.));
#8167=CARTESIAN_POINT('Ctrl Pts',(-116.270059338571,59.6818633322514,1.));
#8168=CARTESIAN_POINT('Ctrl Pts',(-115.830674278401,59.1236394678121,0.));
#8169=CARTESIAN_POINT('Ctrl Pts',(-115.830674278401,59.1236394678121,1.));
#8170=CARTESIAN_POINT('Ctrl Pts',(-115.221194203067,58.7596283991217,0.));
#8171=CARTESIAN_POINT('Ctrl Pts',(-115.221194203067,58.7596283991217,1.));
#8172=CARTESIAN_POINT('Ctrl Pts',(-114.926098176965,58.583382736343,0.));
#8173=CARTESIAN_POINT('Ctrl Pts',(-114.926098176965,58.583382736343,1.));
#8174=CARTESIAN_POINT('',(-116.496704408654,59.9698082314907,0.));
#8175=CARTESIAN_POINT('Ctrl Pts',(-116.496704408654,59.9698082314907,0.));
#8176=CARTESIAN_POINT('Ctrl Pts',(-116.270059338571,59.6818633322514,0.));
#8177=CARTESIAN_POINT('Ctrl Pts',(-115.830674278401,59.1236394678121,0.));
#8178=CARTESIAN_POINT('Ctrl Pts',(-115.221194203067,58.7596283991217,0.));
#8179=CARTESIAN_POINT('Ctrl Pts',(-114.926098176965,58.583382736343,0.));
#8180=CARTESIAN_POINT('',(-116.496704408654,59.9698082314907,1.));
#8181=CARTESIAN_POINT('',(-116.496704408654,59.9698082314907,0.));
#8182=CARTESIAN_POINT('Ctrl Pts',(-116.496704408654,59.9698082314907,1.));
#8183=CARTESIAN_POINT('Ctrl Pts',(-116.270059338571,59.6818633322514,1.));
#8184=CARTESIAN_POINT('Ctrl Pts',(-115.830674278401,59.1236394678121,1.));
#8185=CARTESIAN_POINT('Ctrl Pts',(-115.221194203067,58.7596283991217,1.));
#8186=CARTESIAN_POINT('Ctrl Pts',(-114.926098176965,58.583382736343,1.));
#8187=CARTESIAN_POINT('Origin',(-116.496704408654,58.3736280309139,0.));
#8188=CARTESIAN_POINT('',(-116.496704408654,58.3736280309139,0.));
#8189=CARTESIAN_POINT('',(-116.496704408654,61.5210939167637,0.));
#8190=CARTESIAN_POINT('',(-116.496704408654,58.3736280309139,1.));
#8191=CARTESIAN_POINT('',(-116.496704408654,58.3736280309139,0.));
#8192=CARTESIAN_POINT('',(-116.496704408654,58.3736280309139,1.));
#8193=CARTESIAN_POINT('Origin',(-119.167230913171,58.3736280309139,0.));
#8194=CARTESIAN_POINT('',(-119.167230913171,58.3736280309139,0.));
#8195=CARTESIAN_POINT('',(-96.3425862917551,58.3736280309139,0.));
#8196=CARTESIAN_POINT('',(-119.167230913171,58.3736280309139,1.));
#8197=CARTESIAN_POINT('',(-119.167230913171,58.3736280309139,0.));
#8198=CARTESIAN_POINT('',(-119.167230913171,58.3736280309139,1.));
#8199=CARTESIAN_POINT('Origin',(-119.167230913171,73.3736292230068,0.));
#8200=CARTESIAN_POINT('',(-119.167230913171,69.0210945128101,0.));
#8201=CARTESIAN_POINT('',(-119.167230913171,73.3736292230068,1.));
#8202=CARTESIAN_POINT('Origin',(-73.450994083413,65.7583423252689,1.));
#8203=CARTESIAN_POINT('Ctrl Pts',(-90.262049028405,70.7337919579921,0.));
#8204=CARTESIAN_POINT('Ctrl Pts',(-90.262049028405,70.7337919579921,1.));
#8205=CARTESIAN_POINT('Ctrl Pts',(-89.9902646493721,70.7632113652261,0.));
#8206=CARTESIAN_POINT('Ctrl Pts',(-89.9902646493721,70.7632113652261,1.));
#8207=CARTESIAN_POINT('Ctrl Pts',(-89.2662897667254,70.8415783117576,0.));
#8208=CARTESIAN_POINT('Ctrl Pts',(-89.2662897667254,70.8415783117576,1.));
#8209=CARTESIAN_POINT('Ctrl Pts',(-88.5377114839366,70.8382133875198,0.));
#8210=CARTESIAN_POINT('Ctrl Pts',(-88.5377114839366,70.8382133875198,1.));
#8211=CARTESIAN_POINT('Ctrl Pts',(-88.0826457233513,70.8361116753994,0.));
#8212=CARTESIAN_POINT('Ctrl Pts',(-88.0826457233513,70.8361116753994,1.));
#8213=CARTESIAN_POINT('',(-90.262049028405,70.7337919579921,0.));
#8214=CARTESIAN_POINT('',(-88.0826457233513,70.8361116753994,0.));
#8215=CARTESIAN_POINT('Ctrl Pts',(-90.262049028405,70.7337919579921,0.));
#8216=CARTESIAN_POINT('Ctrl Pts',(-89.9902646493721,70.7632113652261,0.));
#8217=CARTESIAN_POINT('Ctrl Pts',(-89.2662897667254,70.8415783117576,0.));
#8218=CARTESIAN_POINT('Ctrl Pts',(-88.5377114839366,70.8382133875198,0.));
#8219=CARTESIAN_POINT('Ctrl Pts',(-88.0826457233513,70.8361116753994,0.));
#8220=CARTESIAN_POINT('',(-90.262049028405,70.7337919579921,1.));
#8221=CARTESIAN_POINT('',(-90.262049028405,70.7337919579921,0.));
#8222=CARTESIAN_POINT('',(-88.0826457233513,70.8361116753994,1.));
#8223=CARTESIAN_POINT('Ctrl Pts',(-90.262049028405,70.7337919579921,1.));
#8224=CARTESIAN_POINT('Ctrl Pts',(-89.9902646493721,70.7632113652261,1.));
#8225=CARTESIAN_POINT('Ctrl Pts',(-89.2662897667254,70.8415783117576,1.));
#8226=CARTESIAN_POINT('Ctrl Pts',(-88.5377114839366,70.8382133875198,1.));
#8227=CARTESIAN_POINT('Ctrl Pts',(-88.0826457233513,70.8361116753994,1.));
#8228=CARTESIAN_POINT('',(-88.0826457233513,70.8361116753994,0.));
#8229=CARTESIAN_POINT('Ctrl Pts',(-91.4796431751336,70.0687173711239,0.));
#8230=CARTESIAN_POINT('Ctrl Pts',(-91.4796431751336,70.0687173711239,1.));
#8231=CARTESIAN_POINT('Ctrl Pts',(-91.307287544084,70.2296911154323,0.));
#8232=CARTESIAN_POINT('Ctrl Pts',(-91.307287544084,70.2296911154323,1.));
#8233=CARTESIAN_POINT('Ctrl Pts',(-90.9585212799152,70.5554258250546,0.));
#8234=CARTESIAN_POINT('Ctrl Pts',(-90.9585212799152,70.5554258250546,1.));
#8235=CARTESIAN_POINT('Ctrl Pts',(-90.4959989821698,70.6738775127813,0.));
#8236=CARTESIAN_POINT('Ctrl Pts',(-90.4959989821698,70.6738775127813,1.));
#8237=CARTESIAN_POINT('Ctrl Pts',(-90.262049028405,70.7337919579921,0.));
#8238=CARTESIAN_POINT('Ctrl Pts',(-90.262049028405,70.7337919579921,1.));
#8239=CARTESIAN_POINT('',(-91.4796431751336,70.0687173711239,0.));
#8240=CARTESIAN_POINT('Ctrl Pts',(-91.4796431751336,70.0687173711239,0.));
#8241=CARTESIAN_POINT('Ctrl Pts',(-91.307287544084,70.2296911154323,0.));
#8242=CARTESIAN_POINT('Ctrl Pts',(-90.9585212799152,70.5554258250546,0.));
#8243=CARTESIAN_POINT('Ctrl Pts',(-90.4959989821698,70.6738775127813,0.));
#8244=CARTESIAN_POINT('Ctrl Pts',(-90.262049028405,70.7337919579921,0.));
#8245=CARTESIAN_POINT('',(-91.4796431751336,70.0687173711239,1.));
#8246=CARTESIAN_POINT('',(-91.4796431751336,70.0687173711239,0.));
#8247=CARTESIAN_POINT('Ctrl Pts',(-91.4796431751336,70.0687173711239,1.));
#8248=CARTESIAN_POINT('Ctrl Pts',(-91.307287544084,70.2296911154323,1.));
#8249=CARTESIAN_POINT('Ctrl Pts',(-90.9585212799152,70.5554258250546,1.));
#8250=CARTESIAN_POINT('Ctrl Pts',(-90.4959989821698,70.6738775127813,1.));
#8251=CARTESIAN_POINT('Ctrl Pts',(-90.262049028405,70.7337919579921,1.));
#8252=CARTESIAN_POINT('Ctrl Pts',(-91.9605429859246,68.7181035386501,0.));
#8253=CARTESIAN_POINT('Ctrl Pts',(-91.9605429859246,68.7181035386501,1.));
#8254=CARTESIAN_POINT('Ctrl Pts',(-91.9435997990089,68.9754998479439,0.));
#8255=CARTESIAN_POINT('Ctrl Pts',(-91.9435997990089,68.9754998479439,1.));
#8256=CARTESIAN_POINT('Ctrl Pts',(-91.9109076372887,69.4721503193983,0.));
#8257=CARTESIAN_POINT('Ctrl Pts',(-91.9109076372887,69.4721503193983,1.));
#8258=CARTESIAN_POINT('Ctrl Pts',(-91.6198540297054,69.8747640467209,0.));
#8259=CARTESIAN_POINT('Ctrl Pts',(-91.6198540297054,69.8747640467209,1.));
#8260=CARTESIAN_POINT('Ctrl Pts',(-91.4796431751336,70.0687173711239,0.));
#8261=CARTESIAN_POINT('Ctrl Pts',(-91.4796431751336,70.0687173711239,1.));
#8262=CARTESIAN_POINT('',(-91.9605429859246,68.7181035386501,0.));
#8263=CARTESIAN_POINT('Ctrl Pts',(-91.9605429859246,68.7181035386501,0.));
#8264=CARTESIAN_POINT('Ctrl Pts',(-91.9435997990089,68.9754998479439,0.));
#8265=CARTESIAN_POINT('Ctrl Pts',(-91.9109076372887,69.4721503193983,0.));
#8266=CARTESIAN_POINT('Ctrl Pts',(-91.6198540297054,69.8747640467209,0.));
#8267=CARTESIAN_POINT('Ctrl Pts',(-91.4796431751336,70.0687173711239,0.));
#8268=CARTESIAN_POINT('',(-91.9605429859246,68.7181035386501,1.));
#8269=CARTESIAN_POINT('',(-91.9605429859246,68.7181035386501,0.));
#8270=CARTESIAN_POINT('Ctrl Pts',(-91.9605429859246,68.7181035386501,1.));
#8271=CARTESIAN_POINT('Ctrl Pts',(-91.9435997990089,68.9754998479439,1.));
#8272=CARTESIAN_POINT('Ctrl Pts',(-91.9109076372887,69.4721503193983,1.));
#8273=CARTESIAN_POINT('Ctrl Pts',(-91.6198540297054,69.8747640467209,1.));
#8274=CARTESIAN_POINT('Ctrl Pts',(-91.4796431751336,70.0687173711239,1.));
#8275=CARTESIAN_POINT('Ctrl Pts',(-91.6177733631218,67.5516638862072,0.));
#8276=CARTESIAN_POINT('Ctrl Pts',(-91.6177733631218,67.5516638862072,1.));
#8277=CARTESIAN_POINT('Ctrl Pts',(-91.7177314032632,67.7281776688102,0.));
#8278=CARTESIAN_POINT('Ctrl Pts',(-91.7177314032632,67.7281776688102,1.));
#8279=CARTESIAN_POINT('Ctrl Pts',(-91.9226211741872,68.0899881688095,0.));
#8280=CARTESIAN_POINT('Ctrl Pts',(-91.9226211741872,68.0899881688095,1.));
#8281=CARTESIAN_POINT('Ctrl Pts',(-91.9476994572537,68.5053706181603,0.));
#8282=CARTESIAN_POINT('Ctrl Pts',(-91.9476994572537,68.5053706181603,1.));
#8283=CARTESIAN_POINT('Ctrl Pts',(-91.9605429859246,68.7181035386501,0.));
#8284=CARTESIAN_POINT('Ctrl Pts',(-91.9605429859246,68.7181035386501,1.));
#8285=CARTESIAN_POINT('',(-91.6177733631218,67.5516638862072,0.));
#8286=CARTESIAN_POINT('Ctrl Pts',(-91.6177733631218,67.5516638862072,0.));
#8287=CARTESIAN_POINT('Ctrl Pts',(-91.7177314032632,67.7281776688102,0.));
#8288=CARTESIAN_POINT('Ctrl Pts',(-91.9226211741872,68.0899881688095,0.));
#8289=CARTESIAN_POINT('Ctrl Pts',(-91.9476994572537,68.5053706181603,0.));
#8290=CARTESIAN_POINT('Ctrl Pts',(-91.9605429859246,68.7181035386501,0.));
#8291=CARTESIAN_POINT('',(-91.6177733631218,67.5516638862072,1.));
#8292=CARTESIAN_POINT('',(-91.6177733631218,67.5516638862072,0.));
#8293=CARTESIAN_POINT('Ctrl Pts',(-91.6177733631218,67.5516638862072,1.));
#8294=CARTESIAN_POINT('Ctrl Pts',(-91.7177314032632,67.7281776688102,1.));
#8295=CARTESIAN_POINT('Ctrl Pts',(-91.9226211741872,68.0899881688095,1.));
#8296=CARTESIAN_POINT('Ctrl Pts',(-91.9476994572537,68.5053706181603,1.));
#8297=CARTESIAN_POINT('Ctrl Pts',(-91.9605429859246,68.7181035386501,1.));
#8298=CARTESIAN_POINT('Ctrl Pts',(-90.671327898034,66.8149653779445,0.));
#8299=CARTESIAN_POINT('Ctrl Pts',(-90.671327898034,66.8149653779445,1.));
#8300=CARTESIAN_POINT('Ctrl Pts',(-90.8606525253286,66.9030050904678,0.));
#8301=CARTESIAN_POINT('Ctrl Pts',(-90.8606525253286,66.9030050904678,1.));
#8302=CARTESIAN_POINT('Ctrl Pts',(-91.2328635959679,67.0760906320867,0.));
#8303=CARTESIAN_POINT('Ctrl Pts',(-91.2328635959679,67.0760906320867,1.));
#8304=CARTESIAN_POINT('Ctrl Pts',(-91.4909582062349,67.394978080912,0.));
#8305=CARTESIAN_POINT('Ctrl Pts',(-91.4909582062349,67.394978080912,1.));
#8306=CARTESIAN_POINT('Ctrl Pts',(-91.6177733631218,67.5516638862072,0.));
#8307=CARTESIAN_POINT('Ctrl Pts',(-91.6177733631218,67.5516638862072,1.));
#8308=CARTESIAN_POINT('',(-90.671327898034,66.8149653779445,0.));
#8309=CARTESIAN_POINT('Ctrl Pts',(-90.671327898034,66.8149653779445,0.));
#8310=CARTESIAN_POINT('Ctrl Pts',(-90.8606525253286,66.9030050904678,0.));
#8311=CARTESIAN_POINT('Ctrl Pts',(-91.2328635959679,67.0760906320867,0.));
#8312=CARTESIAN_POINT('Ctrl Pts',(-91.4909582062349,67.394978080912,0.));
#8313=CARTESIAN_POINT('Ctrl Pts',(-91.6177733631218,67.5516638862072,0.));
#8314=CARTESIAN_POINT('',(-90.671327898034,66.8149653779445,1.));
#8315=CARTESIAN_POINT('',(-90.671327898034,66.8149653779445,0.));
#8316=CARTESIAN_POINT('Ctrl Pts',(-90.671327898034,66.8149653779445,1.));
#8317=CARTESIAN_POINT('Ctrl Pts',(-90.8606525253286,66.9030050904678,1.));
#8318=CARTESIAN_POINT('Ctrl Pts',(-91.2328635959679,67.0760906320867,1.));
#8319=CARTESIAN_POINT('Ctrl Pts',(-91.4909582062349,67.394978080912,1.));
#8320=CARTESIAN_POINT('Ctrl Pts',(-91.6177733631218,67.5516638862072,1.));
#8321=CARTESIAN_POINT('Ctrl Pts',(-88.2770522327507,66.5796313392101,0.));
#8322=CARTESIAN_POINT('Ctrl Pts',(-88.2770522327507,66.5796313392101,1.));
#8323=CARTESIAN_POINT('Ctrl Pts',(-88.777770952399,66.5756173864227,0.));
#8324=CARTESIAN_POINT('Ctrl Pts',(-88.777770952399,66.5756173864227,1.));
#8325=CARTESIAN_POINT('Ctrl Pts',(-89.5857982863443,66.5691399302341,0.));
#8326=CARTESIAN_POINT('Ctrl Pts',(-89.5857982863443,66.5691399302341,1.));
#8327=CARTESIAN_POINT('Ctrl Pts',(-90.3722318263325,66.7472330701911,0.));
#8328=CARTESIAN_POINT('Ctrl Pts',(-90.3722318263325,66.7472330701911,1.));
#8329=CARTESIAN_POINT('Ctrl Pts',(-90.671327898034,66.8149653779445,0.));
#8330=CARTESIAN_POINT('Ctrl Pts',(-90.671327898034,66.8149653779445,1.));
#8331=CARTESIAN_POINT('',(-88.2770522327507,66.5796313392101,0.));
#8332=CARTESIAN_POINT('Ctrl Pts',(-88.2770522327507,66.5796313392101,0.));
#8333=CARTESIAN_POINT('Ctrl Pts',(-88.777770952399,66.5756173864227,0.));
#8334=CARTESIAN_POINT('Ctrl Pts',(-89.5857982863443,66.5691399302341,0.));
#8335=CARTESIAN_POINT('Ctrl Pts',(-90.3722318263325,66.7472330701911,0.));
#8336=CARTESIAN_POINT('Ctrl Pts',(-90.671327898034,66.8149653779445,0.));
#8337=CARTESIAN_POINT('',(-88.2770522327507,66.5796313392101,1.));
#8338=CARTESIAN_POINT('',(-88.2770522327507,66.5796313392101,0.));
#8339=CARTESIAN_POINT('Ctrl Pts',(-88.2770522327507,66.5796313392101,1.));
#8340=CARTESIAN_POINT('Ctrl Pts',(-88.777770952399,66.5756173864227,1.));
#8341=CARTESIAN_POINT('Ctrl Pts',(-89.5857982863443,66.5691399302341,1.));
#8342=CARTESIAN_POINT('Ctrl Pts',(-90.3722318263325,66.7472330701911,1.));
#8343=CARTESIAN_POINT('Ctrl Pts',(-90.671327898034,66.8149653779445,1.));
#8344=CARTESIAN_POINT('Origin',(-86.6194804401482,66.5796313392101,0.));
#8345=CARTESIAN_POINT('',(-86.6194804401482,66.5796313392101,0.));
#8346=CARTESIAN_POINT('',(-80.0687110552438,66.5796313392101,0.));
#8347=CARTESIAN_POINT('',(-86.6194804401482,66.5796313392101,1.));
#8348=CARTESIAN_POINT('',(-86.6194804401482,66.5796313392101,0.));
#8349=CARTESIAN_POINT('',(-86.6194804401482,66.5796313392101,1.));
#8350=CARTESIAN_POINT('Origin',(-86.6194804401482,70.8361116753994,0.));
#8351=CARTESIAN_POINT('',(-86.6194804401482,70.8361116753994,0.));
#8352=CARTESIAN_POINT('',(-86.6194804401482,67.7523357390064,0.));
#8353=CARTESIAN_POINT('',(-86.6194804401482,70.8361116753994,1.));
#8354=CARTESIAN_POINT('',(-86.6194804401482,70.8361116753994,0.));
#8355=CARTESIAN_POINT('',(-86.6194804401482,70.8361116753994,1.));
#8356=CARTESIAN_POINT('Origin',(-88.0826457233513,70.8361116753994,0.));
#8357=CARTESIAN_POINT('',(-80.8002936968454,70.8361116753994,0.));
#8358=CARTESIAN_POINT('',(-88.0826457233513,70.8361116753994,1.));
#8359=CARTESIAN_POINT('Origin',(-86.6194804401482,64.031882654327,0.));
#8360=CARTESIAN_POINT('',(-86.6194804401482,64.031882654327,0.));
#8361=CARTESIAN_POINT('',(-86.6194804401482,58.3736280309139,0.));
#8362=CARTESIAN_POINT('',(-86.6194804401482,64.3502212284702,0.));
#8363=CARTESIAN_POINT('',(-86.6194804401482,64.031882654327,1.));
#8364=CARTESIAN_POINT('',(-86.6194804401482,64.031882654327,0.));
#8365=CARTESIAN_POINT('',(-86.6194804401482,58.3736280309139,1.));
#8366=CARTESIAN_POINT('',(-86.6194804401482,64.031882654327,1.));
#8367=CARTESIAN_POINT('',(-86.6194804401482,58.3736280309139,0.));
#8368=CARTESIAN_POINT('Origin',(-88.5942443103875,64.031882654327,0.));
#8369=CARTESIAN_POINT('',(-88.5942443103875,64.031882654327,0.));
#8370=CARTESIAN_POINT('',(-81.0560929903635,64.031882654327,0.));
#8371=CARTESIAN_POINT('',(-88.5942443103875,64.031882654327,1.));
#8372=CARTESIAN_POINT('',(-88.5942443103875,64.031882654327,0.));
#8373=CARTESIAN_POINT('',(-88.5942443103875,64.031882654327,1.));
#8374=CARTESIAN_POINT('Ctrl Pts',(-91.7354472370232,64.2467526303707,0.));
#8375=CARTESIAN_POINT('Ctrl Pts',(-91.7354472370232,64.2467526303707,1.));
#8376=CARTESIAN_POINT('Ctrl Pts',(-91.2935646303084,64.1844388169349,0.));
#8377=CARTESIAN_POINT('Ctrl Pts',(-91.2935646303084,64.1844388169349,1.));
#8378=CARTESIAN_POINT('Ctrl Pts',(-90.25216549302,64.0375818224139,0.));
#8379=CARTESIAN_POINT('Ctrl Pts',(-90.25216549302,64.0375818224139,1.));
#8380=CARTESIAN_POINT('Ctrl Pts',(-89.1999738886,64.0339648731427,0.));
#8381=CARTESIAN_POINT('Ctrl Pts',(-89.1999738886,64.0339648731427,1.));
#8382=CARTESIAN_POINT('Ctrl Pts',(-88.5942443103875,64.031882654327,0.));
#8383=CARTESIAN_POINT('Ctrl Pts',(-88.5942443103875,64.031882654327,1.));
#8384=CARTESIAN_POINT('',(-91.7354472370232,64.2467526303707,0.));
#8385=CARTESIAN_POINT('Ctrl Pts',(-91.7354472370232,64.2467526303707,0.));
#8386=CARTESIAN_POINT('Ctrl Pts',(-91.2935646303084,64.1844388169349,0.));
#8387=CARTESIAN_POINT('Ctrl Pts',(-90.25216549302,64.0375818224139,0.));
#8388=CARTESIAN_POINT('Ctrl Pts',(-89.1999738886,64.0339648731427,0.));
#8389=CARTESIAN_POINT('Ctrl Pts',(-88.5942443103875,64.031882654327,0.));
#8390=CARTESIAN_POINT('',(-91.7354472370232,64.2467526303707,1.));
#8391=CARTESIAN_POINT('',(-91.7354472370232,64.2467526303707,0.));
#8392=CARTESIAN_POINT('Ctrl Pts',(-91.7354472370232,64.2467526303707,1.));
#8393=CARTESIAN_POINT('Ctrl Pts',(-91.2935646303084,64.1844388169349,1.));
#8394=CARTESIAN_POINT('Ctrl Pts',(-90.25216549302,64.0375818224139,1.));
#8395=CARTESIAN_POINT('Ctrl Pts',(-89.1999738886,64.0339648731427,1.));
#8396=CARTESIAN_POINT('Ctrl Pts',(-88.5942443103875,64.031882654327,1.));
#8397=CARTESIAN_POINT('Ctrl Pts',(-93.3060439319695,64.957871805328,0.));
#8398=CARTESIAN_POINT('Ctrl Pts',(-93.3060439319695,64.957871805328,1.));
#8399=CARTESIAN_POINT('Ctrl Pts',(-93.0526695951597,64.7951223771614,0.));
#8400=CARTESIAN_POINT('Ctrl Pts',(-93.0526695951597,64.7951223771614,1.));
#8401=CARTESIAN_POINT('Ctrl Pts',(-92.5636879439697,64.4810357766118,0.));
#8402=CARTESIAN_POINT('Ctrl Pts',(-92.5636879439697,64.4810357766118,1.));
#8403=CARTESIAN_POINT('Ctrl Pts',(-92.0047579468137,64.3229321273176,0.));
#8404=CARTESIAN_POINT('Ctrl Pts',(-92.0047579468137,64.3229321273176,1.));
#8405=CARTESIAN_POINT('Ctrl Pts',(-91.7354472370232,64.2467526303707,0.));
#8406=CARTESIAN_POINT('Ctrl Pts',(-91.7354472370232,64.2467526303707,1.));
#8407=CARTESIAN_POINT('',(-93.3060439319695,64.957871805328,0.));
#8408=CARTESIAN_POINT('Ctrl Pts',(-93.3060439319695,64.957871805328,0.));
#8409=CARTESIAN_POINT('Ctrl Pts',(-93.0526695951597,64.7951223771614,0.));
#8410=CARTESIAN_POINT('Ctrl Pts',(-92.5636879439697,64.4810357766118,0.));
#8411=CARTESIAN_POINT('Ctrl Pts',(-92.0047579468137,64.3229321273176,0.));
#8412=CARTESIAN_POINT('Ctrl Pts',(-91.7354472370232,64.2467526303707,0.));
#8413=CARTESIAN_POINT('',(-93.3060439319695,64.957871805328,1.));
#8414=CARTESIAN_POINT('',(-93.3060439319695,64.957871805328,0.));
#8415=CARTESIAN_POINT('Ctrl Pts',(-93.3060439319695,64.957871805328,1.));
#8416=CARTESIAN_POINT('Ctrl Pts',(-93.0526695951597,64.7951223771614,1.));
#8417=CARTESIAN_POINT('Ctrl Pts',(-92.5636879439697,64.4810357766118,1.));
#8418=CARTESIAN_POINT('Ctrl Pts',(-92.0047579468137,64.3229321273176,1.));
#8419=CARTESIAN_POINT('Ctrl Pts',(-91.7354472370232,64.2467526303707,1.));
#8420=CARTESIAN_POINT('Ctrl Pts',(-94.5799144001091,66.4363840924678,0.));
#8421=CARTESIAN_POINT('Ctrl Pts',(-94.5799144001091,66.4363840924678,1.));
#8422=CARTESIAN_POINT('Ctrl Pts',(-94.4059577903221,66.1426004341571,0.));
#8423=CARTESIAN_POINT('Ctrl Pts',(-94.4059577903221,66.1426004341571,1.));
#8424=CARTESIAN_POINT('Ctrl Pts',(-94.0690369061089,65.5735973359327,0.));
#8425=CARTESIAN_POINT('Ctrl Pts',(-94.0690369061089,65.5735973359327,1.));
#8426=CARTESIAN_POINT('Ctrl Pts',(-93.5547822557103,65.1586004379078,0.));
#8427=CARTESIAN_POINT('Ctrl Pts',(-93.5547822557103,65.1586004379078,1.));
#8428=CARTESIAN_POINT('Ctrl Pts',(-93.3060439319695,64.957871805328,0.));
#8429=CARTESIAN_POINT('Ctrl Pts',(-93.3060439319695,64.957871805328,1.));
#8430=CARTESIAN_POINT('',(-94.5799144001091,66.4363840924678,0.));
#8431=CARTESIAN_POINT('Ctrl Pts',(-94.5799144001091,66.4363840924678,0.));
#8432=CARTESIAN_POINT('Ctrl Pts',(-94.4059577903221,66.1426004341571,0.));
#8433=CARTESIAN_POINT('Ctrl Pts',(-94.0690369061089,65.5735973359327,0.));
#8434=CARTESIAN_POINT('Ctrl Pts',(-93.5547822557103,65.1586004379078,0.));
#8435=CARTESIAN_POINT('Ctrl Pts',(-93.3060439319695,64.957871805328,0.));
#8436=CARTESIAN_POINT('',(-94.5799144001091,66.4363840924678,1.));
#8437=CARTESIAN_POINT('',(-94.5799144001091,66.4363840924678,0.));
#8438=CARTESIAN_POINT('Ctrl Pts',(-94.5799144001091,66.4363840924678,1.));
#8439=CARTESIAN_POINT('Ctrl Pts',(-94.4059577903221,66.1426004341571,1.));
#8440=CARTESIAN_POINT('Ctrl Pts',(-94.0690369061089,65.5735973359327,1.));
#8441=CARTESIAN_POINT('Ctrl Pts',(-93.5547822557103,65.1586004379078,1.));
#8442=CARTESIAN_POINT('Ctrl Pts',(-93.3060439319695,64.957871805328,1.));
#8443=CARTESIAN_POINT('Ctrl Pts',(-95.0812800617302,68.7590316640316,0.));
#8444=CARTESIAN_POINT('Ctrl Pts',(-95.0812800617302,68.7590316640316,1.));
#8445=CARTESIAN_POINT('Ctrl Pts',(-95.0666140131037,68.3291709412794,0.));
#8446=CARTESIAN_POINT('Ctrl Pts',(-95.0666140131037,68.3291709412794,1.));
#8447=CARTESIAN_POINT('Ctrl Pts',(-95.0391294415768,67.5236003283696,0.));
#8448=CARTESIAN_POINT('Ctrl Pts',(-95.0391294415768,67.5236003283696,1.));
#8449=CARTESIAN_POINT('Ctrl Pts',(-94.7259691536927,66.782176553706,0.));
#8450=CARTESIAN_POINT('Ctrl Pts',(-94.7259691536927,66.782176553706,1.));
#8451=CARTESIAN_POINT('Ctrl Pts',(-94.5799144001091,66.4363840924678,0.));
#8452=CARTESIAN_POINT('Ctrl Pts',(-94.5799144001091,66.4363840924678,1.));
#8453=CARTESIAN_POINT('',(-95.0812800617302,68.7590316640316,0.));
#8454=CARTESIAN_POINT('Ctrl Pts',(-95.0812800617302,68.7590316640316,0.));
#8455=CARTESIAN_POINT('Ctrl Pts',(-95.0666140131037,68.3291709412794,0.));
#8456=CARTESIAN_POINT('Ctrl Pts',(-95.0391294415768,67.5236003283696,0.));
#8457=CARTESIAN_POINT('Ctrl Pts',(-94.7259691536927,66.782176553706,0.));
#8458=CARTESIAN_POINT('Ctrl Pts',(-94.5799144001091,66.4363840924678,0.));
#8459=CARTESIAN_POINT('',(-95.0812800617302,68.7590316640316,1.));
#8460=CARTESIAN_POINT('',(-95.0812800617302,68.7590316640316,0.));
#8461=CARTESIAN_POINT('Ctrl Pts',(-95.0812800617302,68.7590316640316,1.));
#8462=CARTESIAN_POINT('Ctrl Pts',(-95.0666140131037,68.3291709412794,1.));
#8463=CARTESIAN_POINT('Ctrl Pts',(-95.0391294415768,67.5236003283696,1.));
#8464=CARTESIAN_POINT('Ctrl Pts',(-94.7259691536927,66.782176553706,1.));
#8465=CARTESIAN_POINT('Ctrl Pts',(-94.5799144001091,66.4363840924678,1.));
#8466=CARTESIAN_POINT('Ctrl Pts',(-94.2115672321404,71.6802457677303,0.));
#8467=CARTESIAN_POINT('Ctrl Pts',(-94.2115672321404,71.6802457677303,1.));
#8468=CARTESIAN_POINT('Ctrl Pts',(-94.4649766865836,71.2594912716994,0.));
#8469=CARTESIAN_POINT('Ctrl Pts',(-94.4649766865836,71.2594912716994,1.));
#8470=CARTESIAN_POINT('Ctrl Pts',(-95.0049048266205,70.3630085696106,0.));
#8471=CARTESIAN_POINT('Ctrl Pts',(-95.0049048266205,70.3630085696106,1.));
#8472=CARTESIAN_POINT('Ctrl Pts',(-95.0548017314894,69.3151102167666,0.));
#8473=CARTESIAN_POINT('Ctrl Pts',(-95.0548017314894,69.3151102167666,1.));
#8474=CARTESIAN_POINT('Ctrl Pts',(-95.0812800617302,68.7590316640316,0.));
#8475=CARTESIAN_POINT('Ctrl Pts',(-95.0812800617302,68.7590316640316,1.));
#8476=CARTESIAN_POINT('',(-94.2115672321404,71.6802457677303,0.));
#8477=CARTESIAN_POINT('Ctrl Pts',(-94.2115672321404,71.6802457677303,0.));
#8478=CARTESIAN_POINT('Ctrl Pts',(-94.4649766865836,71.2594912716994,0.));
#8479=CARTESIAN_POINT('Ctrl Pts',(-95.0049048266205,70.3630085696106,0.));
#8480=CARTESIAN_POINT('Ctrl Pts',(-95.0548017314894,69.3151102167666,0.));
#8481=CARTESIAN_POINT('Ctrl Pts',(-95.0812800617302,68.7590316640316,0.));
#8482=CARTESIAN_POINT('',(-94.2115672321404,71.6802457677303,1.));
#8483=CARTESIAN_POINT('',(-94.2115672321404,71.6802457677303,0.));
#8484=CARTESIAN_POINT('Ctrl Pts',(-94.2115672321404,71.6802457677303,1.));
#8485=CARTESIAN_POINT('Ctrl Pts',(-94.4649766865836,71.2594912716994,1.));
#8486=CARTESIAN_POINT('Ctrl Pts',(-95.0049048266205,70.3630085696106,1.));
#8487=CARTESIAN_POINT('Ctrl Pts',(-95.0548017314894,69.3151102167666,1.));
#8488=CARTESIAN_POINT('Ctrl Pts',(-95.0812800617302,68.7590316640316,1.));
#8489=CARTESIAN_POINT('Ctrl Pts',(-92.0526297779168,73.148526321548,0.));
#8490=CARTESIAN_POINT('Ctrl Pts',(-92.0526297779168,73.148526321548,1.));
#8491=CARTESIAN_POINT('Ctrl Pts',(-92.4674558684035,72.9995655408406,0.));
#8492=CARTESIAN_POINT('Ctrl Pts',(-92.4674558684035,72.9995655408406,1.));
#8493=CARTESIAN_POINT('Ctrl Pts',(-93.3126850484186,72.6960504018,0.));
#8494=CARTESIAN_POINT('Ctrl Pts',(-93.3126850484186,72.6960504018,1.));
#8495=CARTESIAN_POINT('Ctrl Pts',(-93.9082810279318,72.022982043144,0.));
#8496=CARTESIAN_POINT('Ctrl Pts',(-93.9082810279318,72.022982043144,1.));
#8497=CARTESIAN_POINT('Ctrl Pts',(-94.2115672321404,71.6802457677303,0.));
#8498=CARTESIAN_POINT('Ctrl Pts',(-94.2115672321404,71.6802457677303,1.));
#8499=CARTESIAN_POINT('',(-92.0526297779168,73.148526321548,0.));
#8500=CARTESIAN_POINT('Ctrl Pts',(-92.0526297779168,73.148526321548,0.));
#8501=CARTESIAN_POINT('Ctrl Pts',(-92.4674558684035,72.9995655408406,0.));
#8502=CARTESIAN_POINT('Ctrl Pts',(-93.3126850484186,72.6960504018,0.));
#8503=CARTESIAN_POINT('Ctrl Pts',(-93.9082810279318,72.022982043144,0.));
#8504=CARTESIAN_POINT('Ctrl Pts',(-94.2115672321404,71.6802457677303,0.));
#8505=CARTESIAN_POINT('',(-92.0526297779168,73.148526321548,1.));
#8506=CARTESIAN_POINT('',(-92.0526297779168,73.148526321548,0.));
#8507=CARTESIAN_POINT('Ctrl Pts',(-92.0526297779168,73.148526321548,1.));
#8508=CARTESIAN_POINT('Ctrl Pts',(-92.4674558684035,72.9995655408406,1.));
#8509=CARTESIAN_POINT('Ctrl Pts',(-93.3126850484186,72.6960504018,1.));
#8510=CARTESIAN_POINT('Ctrl Pts',(-93.9082810279318,72.022982043144,1.));
#8511=CARTESIAN_POINT('Ctrl Pts',(-94.2115672321404,71.6802457677303,1.));
#8512=CARTESIAN_POINT('Ctrl Pts',(-88.4509928913201,73.3736292230068,0.));
#8513=CARTESIAN_POINT('Ctrl Pts',(-88.4509928913201,73.3736292230068,1.));
#8514=CARTESIAN_POINT('Ctrl Pts',(-89.2134361127719,73.3794339920901,0.));
#8515=CARTESIAN_POINT('Ctrl Pts',(-89.2134361127719,73.3794339920901,1.));
#8516=CARTESIAN_POINT('Ctrl Pts',(-90.4203897977039,73.3886229877269,0.));
#8517=CARTESIAN_POINT('Ctrl Pts',(-90.4203897977039,73.3886229877269,1.));
#8518=CARTESIAN_POINT('Ctrl Pts',(-91.6132937191759,73.2131510852559,0.));
#8519=CARTESIAN_POINT('Ctrl Pts',(-91.6132937191759,73.2131510852559,1.));
#8520=CARTESIAN_POINT('Ctrl Pts',(-92.0526297779168,73.148526321548,0.));
#8521=CARTESIAN_POINT('Ctrl Pts',(-92.0526297779168,73.148526321548,1.));
#8522=CARTESIAN_POINT('',(-88.4509928913201,73.3736292230068,0.));
#8523=CARTESIAN_POINT('Ctrl Pts',(-88.4509928913201,73.3736292230068,0.));
#8524=CARTESIAN_POINT('Ctrl Pts',(-89.2134361127719,73.3794339920901,0.));
#8525=CARTESIAN_POINT('Ctrl Pts',(-90.4203897977039,73.3886229877269,0.));
#8526=CARTESIAN_POINT('Ctrl Pts',(-91.6132937191759,73.2131510852559,0.));
#8527=CARTESIAN_POINT('Ctrl Pts',(-92.0526297779168,73.148526321548,0.));
#8528=CARTESIAN_POINT('',(-88.4509928913201,73.3736292230068,1.));
#8529=CARTESIAN_POINT('',(-88.4509928913201,73.3736292230068,0.));
#8530=CARTESIAN_POINT('Ctrl Pts',(-88.4509928913201,73.3736292230068,1.));
#8531=CARTESIAN_POINT('Ctrl Pts',(-89.2134361127719,73.3794339920901,1.));
#8532=CARTESIAN_POINT('Ctrl Pts',(-90.4203897977039,73.3886229877269,1.));
#8533=CARTESIAN_POINT('Ctrl Pts',(-91.6132937191759,73.2131510852559,1.));
#8534=CARTESIAN_POINT('Ctrl Pts',(-92.0526297779168,73.148526321548,1.));
#8535=CARTESIAN_POINT('Origin',(-83.5908301563347,73.3736292230068,0.));
#8536=CARTESIAN_POINT('',(-83.5908301563347,73.3736292230068,0.));
#8537=CARTESIAN_POINT('',(-78.5543859133371,73.3736292230068,0.));
#8538=CARTESIAN_POINT('',(-83.5908301563347,73.3736292230068,1.));
#8539=CARTESIAN_POINT('',(-83.5908301563347,73.3736292230068,0.));
#8540=CARTESIAN_POINT('',(-83.5908301563347,73.3736292230068,1.));
#8541=CARTESIAN_POINT('Origin',(-83.5908301563347,58.3736280309139,0.));
#8542=CARTESIAN_POINT('',(-83.5908301563347,58.3736280309139,0.));
#8543=CARTESIAN_POINT('',(-83.5908301563347,61.5210939167637,0.));
#8544=CARTESIAN_POINT('',(-83.5908301563347,58.3736280309139,1.));
#8545=CARTESIAN_POINT('',(-83.5908301563347,58.3736280309139,0.));
#8546=CARTESIAN_POINT('',(-83.5908301563347,58.3736280309139,1.));
#8547=CARTESIAN_POINT('Origin',(-86.6194804401482,58.3736280309139,0.));
#8548=CARTESIAN_POINT('',(-80.0687110552438,58.3736280309139,0.));
#8549=CARTESIAN_POINT('',(-86.6194804401482,58.3736280309139,1.));
#8550=CARTESIAN_POINT('Origin',(-73.450994083413,65.7583423252689,1.));
#8551=CARTESIAN_POINT('Ctrl Pts',(-103.430536577233,61.6171482907711,0.));
#8552=CARTESIAN_POINT('Ctrl Pts',(-103.430536577233,61.6171482907711,1.));
#8553=CARTESIAN_POINT('Ctrl Pts',(-103.46295405229,61.7949484451135,0.));
#8554=CARTESIAN_POINT('Ctrl Pts',(-103.46295405229,61.7949484451135,1.));
#8555=CARTESIAN_POINT('Ctrl Pts',(-103.547336948773,62.2577633926693,0.));
#8556=CARTESIAN_POINT('Ctrl Pts',(-103.547336948773,62.2577633926693,1.));
#8557=CARTESIAN_POINT('Ctrl Pts',(-103.544702223269,62.7288272637271,0.));
#8558=CARTESIAN_POINT('Ctrl Pts',(-103.544702223269,62.7288272637271,1.));
#8559=CARTESIAN_POINT('Ctrl Pts',(-103.543079683312,63.0189219819484,0.));
#8560=CARTESIAN_POINT('Ctrl Pts',(-103.543079683312,63.0189219819484,1.));
#8561=CARTESIAN_POINT('',(-103.430536577233,61.6171482907711,0.));
#8562=CARTESIAN_POINT('',(-103.543079683312,63.0189219819484,0.));
#8563=CARTESIAN_POINT('Ctrl Pts',(-103.430536577233,61.6171482907711,0.));
#8564=CARTESIAN_POINT('Ctrl Pts',(-103.46295405229,61.7949484451135,0.));
#8565=CARTESIAN_POINT('Ctrl Pts',(-103.547336948773,62.2577633926693,0.));
#8566=CARTESIAN_POINT('Ctrl Pts',(-103.544702223269,62.7288272637271,0.));
#8567=CARTESIAN_POINT('Ctrl Pts',(-103.543079683312,63.0189219819484,0.));
#8568=CARTESIAN_POINT('',(-103.430536577233,61.6171482907711,1.));
#8569=CARTESIAN_POINT('',(-103.430536577233,61.6171482907711,0.));
#8570=CARTESIAN_POINT('',(-103.543079683312,63.0189219819484,1.));
#8571=CARTESIAN_POINT('Ctrl Pts',(-103.430536577233,61.6171482907711,1.));
#8572=CARTESIAN_POINT('Ctrl Pts',(-103.46295405229,61.7949484451135,1.));
#8573=CARTESIAN_POINT('Ctrl Pts',(-103.547336948773,62.2577633926693,1.));
#8574=CARTESIAN_POINT('Ctrl Pts',(-103.544702223269,62.7288272637271,1.));
#8575=CARTESIAN_POINT('Ctrl Pts',(-103.543079683312,63.0189219819484,1.));
#8576=CARTESIAN_POINT('',(-103.543079683312,63.0189219819484,0.));
#8577=CARTESIAN_POINT('Ctrl Pts',(-102.744997331628,60.6655792104183,0.));
#8578=CARTESIAN_POINT('Ctrl Pts',(-102.744997331628,60.6655792104183,1.));
#8579=CARTESIAN_POINT('Ctrl Pts',(-102.903175816586,60.7996359114317,0.));
#8580=CARTESIAN_POINT('Ctrl Pts',(-102.903175816586,60.7996359114317,1.));
#8581=CARTESIAN_POINT('Ctrl Pts',(-103.21083213089,61.0603754838993,0.));
#8582=CARTESIAN_POINT('Ctrl Pts',(-103.21083213089,61.0603754838993,1.));
#8583=CARTESIAN_POINT('Ctrl Pts',(-103.358695643465,61.4350897161358,0.));
#8584=CARTESIAN_POINT('Ctrl Pts',(-103.358695643465,61.4350897161358,1.));
#8585=CARTESIAN_POINT('Ctrl Pts',(-103.430536577233,61.6171482907711,0.));
#8586=CARTESIAN_POINT('Ctrl Pts',(-103.430536577233,61.6171482907711,1.));
#8587=CARTESIAN_POINT('',(-102.744997331628,60.6655792104183,0.));
#8588=CARTESIAN_POINT('Ctrl Pts',(-102.744997331628,60.6655792104183,0.));
#8589=CARTESIAN_POINT('Ctrl Pts',(-102.903175816586,60.7996359114317,0.));
#8590=CARTESIAN_POINT('Ctrl Pts',(-103.21083213089,61.0603754838993,0.));
#8591=CARTESIAN_POINT('Ctrl Pts',(-103.358695643465,61.4350897161358,0.));
#8592=CARTESIAN_POINT('Ctrl Pts',(-103.430536577233,61.6171482907711,0.));
#8593=CARTESIAN_POINT('',(-102.744997331628,60.6655792104183,1.));
#8594=CARTESIAN_POINT('',(-102.744997331628,60.6655792104183,0.));
#8595=CARTESIAN_POINT('Ctrl Pts',(-102.744997331628,60.6655792104183,1.));
#8596=CARTESIAN_POINT('Ctrl Pts',(-102.903175816586,60.7996359114317,1.));
#8597=CARTESIAN_POINT('Ctrl Pts',(-103.21083213089,61.0603754838993,1.));
#8598=CARTESIAN_POINT('Ctrl Pts',(-103.358695643465,61.4350897161358,1.));
#8599=CARTESIAN_POINT('Ctrl Pts',(-103.430536577233,61.6171482907711,1.));
#8600=CARTESIAN_POINT('Ctrl Pts',(-101.261366197594,60.1539830075679,0.));
#8601=CARTESIAN_POINT('Ctrl Pts',(-101.261366197594,60.1539830075679,1.));
#8602=CARTESIAN_POINT('Ctrl Pts',(-101.520988541488,60.1778051275445,0.));
#8603=CARTESIAN_POINT('Ctrl Pts',(-101.520988541488,60.1778051275445,1.));
#8604=CARTESIAN_POINT('Ctrl Pts',(-102.056711659668,60.2269613758245,0.));
#8605=CARTESIAN_POINT('Ctrl Pts',(-102.056711659668,60.2269613758245,1.));
#8606=CARTESIAN_POINT('Ctrl Pts',(-102.510911825249,60.5164055720578,0.));
#8607=CARTESIAN_POINT('Ctrl Pts',(-102.510911825249,60.5164055720578,1.));
#8608=CARTESIAN_POINT('Ctrl Pts',(-102.744997331628,60.6655792104183,0.));
#8609=CARTESIAN_POINT('Ctrl Pts',(-102.744997331628,60.6655792104183,1.));
#8610=CARTESIAN_POINT('',(-101.261366197594,60.1539830075679,0.));
#8611=CARTESIAN_POINT('Ctrl Pts',(-101.261366197594,60.1539830075679,0.));
#8612=CARTESIAN_POINT('Ctrl Pts',(-101.520988541488,60.1778051275445,0.));
#8613=CARTESIAN_POINT('Ctrl Pts',(-102.056711659668,60.2269613758245,0.));
#8614=CARTESIAN_POINT('Ctrl Pts',(-102.510911825249,60.5164055720578,0.));
#8615=CARTESIAN_POINT('Ctrl Pts',(-102.744997331628,60.6655792104183,0.));
#8616=CARTESIAN_POINT('',(-101.261366197594,60.1539830075679,1.));
#8617=CARTESIAN_POINT('',(-101.261366197594,60.1539830075679,0.));
#8618=CARTESIAN_POINT('Ctrl Pts',(-101.261366197594,60.1539830075679,1.));
#8619=CARTESIAN_POINT('Ctrl Pts',(-101.520988541488,60.1778051275445,1.));
#8620=CARTESIAN_POINT('Ctrl Pts',(-102.056711659668,60.2269613758245,1.));
#8621=CARTESIAN_POINT('Ctrl Pts',(-102.510911825249,60.5164055720578,1.));
#8622=CARTESIAN_POINT('Ctrl Pts',(-102.744997331628,60.6655792104183,1.));
#8623=CARTESIAN_POINT('Ctrl Pts',(-100.115392992028,60.5939558850704,0.));
#8624=CARTESIAN_POINT('Ctrl Pts',(-100.115392992028,60.5939558850704,1.));
#8625=CARTESIAN_POINT('Ctrl Pts',(-100.278776928713,60.4656584079785,0.));
#8626=CARTESIAN_POINT('Ctrl Pts',(-100.278776928713,60.4656584079785,1.));
#8627=CARTESIAN_POINT('Ctrl Pts',(-100.61495498063,60.2016740972219,0.));
#8628=CARTESIAN_POINT('Ctrl Pts',(-100.61495498063,60.2016740972219,1.));
#8629=CARTESIAN_POINT('Ctrl Pts',(-101.041912047603,60.1701739511462,0.));
#8630=CARTESIAN_POINT('Ctrl Pts',(-101.041912047603,60.1701739511462,1.));
#8631=CARTESIAN_POINT('Ctrl Pts',(-101.261366197594,60.1539830075679,0.));
#8632=CARTESIAN_POINT('Ctrl Pts',(-101.261366197594,60.1539830075679,1.));
#8633=CARTESIAN_POINT('',(-100.115392992028,60.5939558850704,0.));
#8634=CARTESIAN_POINT('Ctrl Pts',(-100.115392992028,60.5939558850704,0.));
#8635=CARTESIAN_POINT('Ctrl Pts',(-100.278776928713,60.4656584079785,0.));
#8636=CARTESIAN_POINT('Ctrl Pts',(-100.61495498063,60.2016740972219,0.));
#8637=CARTESIAN_POINT('Ctrl Pts',(-101.041912047603,60.1701739511462,0.));
#8638=CARTESIAN_POINT('Ctrl Pts',(-101.261366197594,60.1539830075679,0.));
#8639=CARTESIAN_POINT('',(-100.115392992028,60.5939558850704,1.));
#8640=CARTESIAN_POINT('',(-100.115392992028,60.5939558850704,0.));
#8641=CARTESIAN_POINT('Ctrl Pts',(-100.115392992028,60.5939558850704,1.));
#8642=CARTESIAN_POINT('Ctrl Pts',(-100.278776928713,60.4656584079785,1.));
#8643=CARTESIAN_POINT('Ctrl Pts',(-100.61495498063,60.2016740972219,1.));
#8644=CARTESIAN_POINT('Ctrl Pts',(-101.041912047603,60.1701739511462,1.));
#8645=CARTESIAN_POINT('Ctrl Pts',(-101.261366197594,60.1539830075679,1.));
#8646=CARTESIAN_POINT('Ctrl Pts',(-99.665182420739,61.6376117574153,0.));
#8647=CARTESIAN_POINT('Ctrl Pts',(-99.665182420739,61.6376117574153,1.));
#8648=CARTESIAN_POINT('Ctrl Pts',(-99.6848110244646,61.4423625144019,0.));
#8649=CARTESIAN_POINT('Ctrl Pts',(-99.6848110244646,61.4423625144019,1.));
#8650=CARTESIAN_POINT('Ctrl Pts',(-99.7245369455986,61.0472016492755,0.));
#8651=CARTESIAN_POINT('Ctrl Pts',(-99.7245369455986,61.0472016492755,1.));
#8652=CARTESIAN_POINT('Ctrl Pts',(-99.98408686054,60.7462215298129,0.));
#8653=CARTESIAN_POINT('Ctrl Pts',(-99.98408686054,60.7462215298129,1.));
#8654=CARTESIAN_POINT('Ctrl Pts',(-100.115392992028,60.5939558850704,0.));
#8655=CARTESIAN_POINT('Ctrl Pts',(-100.115392992028,60.5939558850704,1.));
#8656=CARTESIAN_POINT('',(-99.665182420739,61.6376117574153,0.));
#8657=CARTESIAN_POINT('Ctrl Pts',(-99.665182420739,61.6376117574153,0.));
#8658=CARTESIAN_POINT('Ctrl Pts',(-99.6848110244646,61.4423625144019,0.));
#8659=CARTESIAN_POINT('Ctrl Pts',(-99.7245369455986,61.0472016492755,0.));
#8660=CARTESIAN_POINT('Ctrl Pts',(-99.98408686054,60.7462215298129,0.));
#8661=CARTESIAN_POINT('Ctrl Pts',(-100.115392992028,60.5939558850704,0.));
#8662=CARTESIAN_POINT('',(-99.665182420739,61.6376117574153,1.));
#8663=CARTESIAN_POINT('',(-99.665182420739,61.6376117574153,0.));
#8664=CARTESIAN_POINT('Ctrl Pts',(-99.665182420739,61.6376117574153,1.));
#8665=CARTESIAN_POINT('Ctrl Pts',(-99.6848110244646,61.4423625144019,1.));
#8666=CARTESIAN_POINT('Ctrl Pts',(-99.7245369455986,61.0472016492755,1.));
#8667=CARTESIAN_POINT('Ctrl Pts',(-99.98408686054,60.7462215298129,1.));
#8668=CARTESIAN_POINT('Ctrl Pts',(-100.115392992028,60.5939558850704,1.));
#8669=CARTESIAN_POINT('Ctrl Pts',(-100.227936098107,62.6505724297939,0.));
#8670=CARTESIAN_POINT('Ctrl Pts',(-100.227936098107,62.6505724297939,1.));
#8671=CARTESIAN_POINT('Ctrl Pts',(-100.06385892671,62.5123742704181,0.));
#8672=CARTESIAN_POINT('Ctrl Pts',(-100.06385892671,62.5123742704181,1.));
#8673=CARTESIAN_POINT('Ctrl Pts',(-99.7466738963753,62.2452171333194,0.));
#8674=CARTESIAN_POINT('Ctrl Pts',(-99.7466738963753,62.2452171333194,1.));
#8675=CARTESIAN_POINT('Ctrl Pts',(-99.6917126652758,61.8354228668443,0.));
#8676=CARTESIAN_POINT('Ctrl Pts',(-99.6917126652758,61.8354228668443,1.));
#8677=CARTESIAN_POINT('Ctrl Pts',(-99.665182420739,61.6376117574153,0.));
#8678=CARTESIAN_POINT('Ctrl Pts',(-99.665182420739,61.6376117574153,1.));
#8679=CARTESIAN_POINT('',(-100.227936098107,62.6505724297939,0.));
#8680=CARTESIAN_POINT('Ctrl Pts',(-100.227936098107,62.6505724297939,0.));
#8681=CARTESIAN_POINT('Ctrl Pts',(-100.06385892671,62.5123742704181,0.));
#8682=CARTESIAN_POINT('Ctrl Pts',(-99.7466738963753,62.2452171333194,0.));
#8683=CARTESIAN_POINT('Ctrl Pts',(-99.6917126652758,61.8354228668443,0.));
#8684=CARTESIAN_POINT('Ctrl Pts',(-99.665182420739,61.6376117574153,0.));
#8685=CARTESIAN_POINT('',(-100.227936098107,62.6505724297939,1.));
#8686=CARTESIAN_POINT('',(-100.227936098107,62.6505724297939,0.));
#8687=CARTESIAN_POINT('Ctrl Pts',(-100.227936098107,62.6505724297939,1.));
#8688=CARTESIAN_POINT('Ctrl Pts',(-100.06385892671,62.5123742704181,1.));
#8689=CARTESIAN_POINT('Ctrl Pts',(-99.7466738963753,62.2452171333194,1.));
#8690=CARTESIAN_POINT('Ctrl Pts',(-99.6917126652758,61.8354228668443,1.));
#8691=CARTESIAN_POINT('Ctrl Pts',(-99.665182420739,61.6376117574153,1.));
#8692=CARTESIAN_POINT('Ctrl Pts',(-101.793421098718,63.1519368993221,0.));
#8693=CARTESIAN_POINT('Ctrl Pts',(-101.793421098718,63.1519368993221,1.));
#8694=CARTESIAN_POINT('Ctrl Pts',(-101.458112576416,63.0831513059572,0.));
#8695=CARTESIAN_POINT('Ctrl Pts',(-101.458112576416,63.0831513059572,1.));
#8696=CARTESIAN_POINT('Ctrl Pts',(-100.917132579841,62.9721740191068,0.));
#8697=CARTESIAN_POINT('Ctrl Pts',(-100.917132579841,62.9721740191068,1.));
#8698=CARTESIAN_POINT('Ctrl Pts',(-100.417781108793,62.739160312608,0.));
#8699=CARTESIAN_POINT('Ctrl Pts',(-100.417781108793,62.739160312608,1.));
#8700=CARTESIAN_POINT('Ctrl Pts',(-100.227936098107,62.6505724297939,0.));
#8701=CARTESIAN_POINT('Ctrl Pts',(-100.227936098107,62.6505724297939,1.));
#8702=CARTESIAN_POINT('',(-101.793421098718,63.1519368993221,0.));
#8703=CARTESIAN_POINT('Ctrl Pts',(-101.793421098718,63.1519368993221,0.));
#8704=CARTESIAN_POINT('Ctrl Pts',(-101.458112576416,63.0831513059572,0.));
#8705=CARTESIAN_POINT('Ctrl Pts',(-100.917132579841,62.9721740191068,0.));
#8706=CARTESIAN_POINT('Ctrl Pts',(-100.417781108793,62.739160312608,0.));
#8707=CARTESIAN_POINT('Ctrl Pts',(-100.227936098107,62.6505724297939,0.));
#8708=CARTESIAN_POINT('',(-101.793421098718,63.1519368993221,1.));
#8709=CARTESIAN_POINT('',(-101.793421098718,63.1519368993221,0.));
#8710=CARTESIAN_POINT('Ctrl Pts',(-101.793421098718,63.1519368993221,1.));
#8711=CARTESIAN_POINT('Ctrl Pts',(-101.458112576416,63.0831513059572,1.));
#8712=CARTESIAN_POINT('Ctrl Pts',(-100.917132579841,62.9721740191068,1.));
#8713=CARTESIAN_POINT('Ctrl Pts',(-100.417781108793,62.739160312608,1.));
#8714=CARTESIAN_POINT('Ctrl Pts',(-100.227936098107,62.6505724297939,1.));
#8715=CARTESIAN_POINT('Ctrl Pts',(-103.543079683312,63.5919097768245,0.));
#8716=CARTESIAN_POINT('Ctrl Pts',(-103.543079683312,63.5919097768245,1.));
#8717=CARTESIAN_POINT('Ctrl Pts',(-103.305822037521,63.5220779338147,0.));
#8718=CARTESIAN_POINT('Ctrl Pts',(-103.305822037521,63.5220779338147,1.));
#8719=CARTESIAN_POINT('Ctrl Pts',(-102.728559042802,63.3521726028903,0.));
#8720=CARTESIAN_POINT('Ctrl Pts',(-102.728559042802,63.3521726028903,1.));
#8721=CARTESIAN_POINT('Ctrl Pts',(-102.140050201505,63.2261585932582,0.));
#8722=CARTESIAN_POINT('Ctrl Pts',(-102.140050201505,63.2261585932582,1.));
#8723=CARTESIAN_POINT('Ctrl Pts',(-101.793421098718,63.1519368993221,0.));
#8724=CARTESIAN_POINT('Ctrl Pts',(-101.793421098718,63.1519368993221,1.));
#8725=CARTESIAN_POINT('',(-103.543079683312,63.5919097768245,0.));
#8726=CARTESIAN_POINT('Ctrl Pts',(-103.543079683312,63.5919097768245,0.));
#8727=CARTESIAN_POINT('Ctrl Pts',(-103.305822037521,63.5220779338147,0.));
#8728=CARTESIAN_POINT('Ctrl Pts',(-102.728559042802,63.3521726028903,0.));
#8729=CARTESIAN_POINT('Ctrl Pts',(-102.140050201505,63.2261585932582,0.));
#8730=CARTESIAN_POINT('Ctrl Pts',(-101.793421098718,63.1519368993221,0.));
#8731=CARTESIAN_POINT('',(-103.543079683312,63.5919097768245,1.));
#8732=CARTESIAN_POINT('',(-103.543079683312,63.5919097768245,0.));
#8733=CARTESIAN_POINT('Ctrl Pts',(-103.543079683312,63.5919097768245,1.));
#8734=CARTESIAN_POINT('Ctrl Pts',(-103.305822037521,63.5220779338147,1.));
#8735=CARTESIAN_POINT('Ctrl Pts',(-102.728559042802,63.3521726028903,1.));
#8736=CARTESIAN_POINT('Ctrl Pts',(-102.140050201505,63.2261585932582,1.));
#8737=CARTESIAN_POINT('Ctrl Pts',(-101.793421098718,63.1519368993221,1.));
#8738=CARTESIAN_POINT('Origin',(-103.543079683312,63.0189219819484,0.));
#8739=CARTESIAN_POINT('',(-103.543079683312,63.8437408922809,0.));
#8740=CARTESIAN_POINT('',(-103.543079683312,63.0189219819484,1.));
#8741=CARTESIAN_POINT('Ctrl Pts',(-101.588781663903,67.2856340514599,0.));
#8742=CARTESIAN_POINT('Ctrl Pts',(-101.588781663903,67.2856340514599,1.));
#8743=CARTESIAN_POINT('Ctrl Pts',(-101.356160886578,67.2789518229959,0.));
#8744=CARTESIAN_POINT('Ctrl Pts',(-101.356160886578,67.2789518229959,1.));
#8745=CARTESIAN_POINT('Ctrl Pts',(-100.93335598916,67.266806394919,0.));
#8746=CARTESIAN_POINT('Ctrl Pts',(-100.93335598916,67.266806394919,1.));
#8747=CARTESIAN_POINT('Ctrl Pts',(-100.559720386195,67.0715991619107,0.));
#8748=CARTESIAN_POINT('Ctrl Pts',(-100.559720386195,67.0715991619107,1.));
#8749=CARTESIAN_POINT('Ctrl Pts',(-100.391653368005,66.9837919579921,0.));
#8750=CARTESIAN_POINT('Ctrl Pts',(-100.391653368005,66.9837919579921,1.));
#8751=CARTESIAN_POINT('',(-101.588781663903,67.2856340514599,0.));
#8752=CARTESIAN_POINT('',(-100.391653368005,66.9837919579921,0.));
#8753=CARTESIAN_POINT('Ctrl Pts',(-101.588781663903,67.2856340514599,0.));
#8754=CARTESIAN_POINT('Ctrl Pts',(-101.356160886578,67.2789518229959,0.));
#8755=CARTESIAN_POINT('Ctrl Pts',(-100.93335598916,67.266806394919,0.));
#8756=CARTESIAN_POINT('Ctrl Pts',(-100.559720386195,67.0715991619107,0.));
#8757=CARTESIAN_POINT('Ctrl Pts',(-100.391653368005,66.9837919579921,0.));
#8758=CARTESIAN_POINT('',(-101.588781663903,67.2856340514599,1.));
#8759=CARTESIAN_POINT('',(-101.588781663903,67.2856340514599,0.));
#8760=CARTESIAN_POINT('',(-100.391653368005,66.9837919579921,1.));
#8761=CARTESIAN_POINT('Ctrl Pts',(-101.588781663903,67.2856340514599,1.));
#8762=CARTESIAN_POINT('Ctrl Pts',(-101.356160886578,67.2789518229959,1.));
#8763=CARTESIAN_POINT('Ctrl Pts',(-100.93335598916,67.266806394919,1.));
#8764=CARTESIAN_POINT('Ctrl Pts',(-100.559720386195,67.0715991619107,1.));
#8765=CARTESIAN_POINT('Ctrl Pts',(-100.391653368005,66.9837919579921,1.));
#8766=CARTESIAN_POINT('',(-100.391653368005,66.9837919579921,0.));
#8767=CARTESIAN_POINT('Ctrl Pts',(-103.133810350427,66.932632695335,0.));
#8768=CARTESIAN_POINT('Ctrl Pts',(-103.133810350427,66.932632695335,1.));
#8769=CARTESIAN_POINT('Ctrl Pts',(-102.940463828658,67.0346684066462,0.));
#8770=CARTESIAN_POINT('Ctrl Pts',(-102.940463828658,67.0346684066462,1.));
#8771=CARTESIAN_POINT('Ctrl Pts',(-102.460991380841,67.2877027608188,0.));
#8772=CARTESIAN_POINT('Ctrl Pts',(-102.460991380841,67.2877027608188,1.));
#8773=CARTESIAN_POINT('Ctrl Pts',(-101.914751286471,67.2864071870898,0.));
#8774=CARTESIAN_POINT('Ctrl Pts',(-101.914751286471,67.2864071870898,1.));
#8775=CARTESIAN_POINT('Ctrl Pts',(-101.588781663903,67.2856340514599,0.));
#8776=CARTESIAN_POINT('Ctrl Pts',(-101.588781663903,67.2856340514599,1.));
#8777=CARTESIAN_POINT('',(-103.133810350427,66.932632695335,0.));
#8778=CARTESIAN_POINT('Ctrl Pts',(-103.133810350427,66.932632695335,0.));
#8779=CARTESIAN_POINT('Ctrl Pts',(-102.940463828658,67.0346684066462,0.));
#8780=CARTESIAN_POINT('Ctrl Pts',(-102.460991380841,67.2877027608188,0.));
#8781=CARTESIAN_POINT('Ctrl Pts',(-101.914751286471,67.2864071870898,0.));
#8782=CARTESIAN_POINT('Ctrl Pts',(-101.588781663903,67.2856340514599,0.));
#8783=CARTESIAN_POINT('',(-103.133810350427,66.932632695335,1.));
#8784=CARTESIAN_POINT('',(-103.133810350427,66.932632695335,0.));
#8785=CARTESIAN_POINT('Ctrl Pts',(-103.133810350427,66.932632695335,1.));
#8786=CARTESIAN_POINT('Ctrl Pts',(-102.940463828658,67.0346684066462,1.));
#8787=CARTESIAN_POINT('Ctrl Pts',(-102.460991380841,67.2877027608188,1.));
#8788=CARTESIAN_POINT('Ctrl Pts',(-101.914751286471,67.2864071870898,1.));
#8789=CARTESIAN_POINT('Ctrl Pts',(-101.588781663903,67.2856340514599,1.));
#8790=CARTESIAN_POINT('Ctrl Pts',(-103.543079683312,65.7508454429088,0.));
#8791=CARTESIAN_POINT('Ctrl Pts',(-103.543079683312,65.7508454429088,1.));
#8792=CARTESIAN_POINT('Ctrl Pts',(-103.53593132875,65.9976023989769,0.));
#8793=CARTESIAN_POINT('Ctrl Pts',(-103.53593132875,65.9976023989769,1.));
#8794=CARTESIAN_POINT('Ctrl Pts',(-103.523171469781,66.4380651560197,0.));
#8795=CARTESIAN_POINT('Ctrl Pts',(-103.523171469781,66.4380651560197,1.));
#8796=CARTESIAN_POINT('Ctrl Pts',(-103.252740099528,66.7815678086767,0.));
#8797=CARTESIAN_POINT('Ctrl Pts',(-103.252740099528,66.7815678086767,1.));
#8798=CARTESIAN_POINT('Ctrl Pts',(-103.133810350427,66.932632695335,0.));
#8799=CARTESIAN_POINT('Ctrl Pts',(-103.133810350427,66.932632695335,1.));
#8800=CARTESIAN_POINT('',(-103.543079683312,65.7508454429088,0.));
#8801=CARTESIAN_POINT('Ctrl Pts',(-103.543079683312,65.7508454429088,0.));
#8802=CARTESIAN_POINT('Ctrl Pts',(-103.53593132875,65.9976023989769,0.));
#8803=CARTESIAN_POINT('Ctrl Pts',(-103.523171469781,66.4380651560197,0.));
#8804=CARTESIAN_POINT('Ctrl Pts',(-103.252740099528,66.7815678086767,0.));
#8805=CARTESIAN_POINT('Ctrl Pts',(-103.133810350427,66.932632695335,0.));
#8806=CARTESIAN_POINT('',(-103.543079683312,65.7508454429088,1.));
#8807=CARTESIAN_POINT('',(-103.543079683312,65.7508454429088,0.));
#8808=CARTESIAN_POINT('Ctrl Pts',(-103.543079683312,65.7508454429088,1.));
#8809=CARTESIAN_POINT('Ctrl Pts',(-103.53593132875,65.9976023989769,1.));
#8810=CARTESIAN_POINT('Ctrl Pts',(-103.523171469781,66.4380651560197,1.));
#8811=CARTESIAN_POINT('Ctrl Pts',(-103.252740099528,66.7815678086767,1.));
#8812=CARTESIAN_POINT('Ctrl Pts',(-103.133810350427,66.932632695335,1.));
#8813=CARTESIAN_POINT('Origin',(-103.543079683312,65.4643515454708,0.));
#8814=CARTESIAN_POINT('',(-103.543079683312,65.4643515454708,0.));
#8815=CARTESIAN_POINT('',(-103.543079683312,65.0664556740421,0.));
#8816=CARTESIAN_POINT('',(-103.543079683312,65.4643515454708,1.));
#8817=CARTESIAN_POINT('',(-103.543079683312,65.4643515454708,0.));
#8818=CARTESIAN_POINT('',(-103.543079683312,65.4643515454708,1.));
#8819=CARTESIAN_POINT('Ctrl Pts',(-100.749767610558,64.758348833221,0.));
#8820=CARTESIAN_POINT('Ctrl Pts',(-100.749767610558,64.758348833221,1.));
#8821=CARTESIAN_POINT('Ctrl Pts',(-101.32261234328,64.8646140324504,0.));
#8822=CARTESIAN_POINT('Ctrl Pts',(-101.32261234328,64.8646140324504,1.));
#8823=CARTESIAN_POINT('Ctrl Pts',(-102.269420885383,65.0402511512219,0.));
#8824=CARTESIAN_POINT('Ctrl Pts',(-102.269420885383,65.0402511512219,1.));
#8825=CARTESIAN_POINT('Ctrl Pts',(-103.182455617106,65.3442716552345,0.));
#8826=CARTESIAN_POINT('Ctrl Pts',(-103.182455617106,65.3442716552345,1.));
#8827=CARTESIAN_POINT('Ctrl Pts',(-103.543079683312,65.4643515454708,0.));
#8828=CARTESIAN_POINT('Ctrl Pts',(-103.543079683312,65.4643515454708,1.));
#8829=CARTESIAN_POINT('',(-100.749767610558,64.758348833221,0.));
#8830=CARTESIAN_POINT('Ctrl Pts',(-100.749767610558,64.758348833221,0.));
#8831=CARTESIAN_POINT('Ctrl Pts',(-101.32261234328,64.8646140324504,0.));
#8832=CARTESIAN_POINT('Ctrl Pts',(-102.269420885383,65.0402511512219,0.));
#8833=CARTESIAN_POINT('Ctrl Pts',(-103.182455617106,65.3442716552345,0.));
#8834=CARTESIAN_POINT('Ctrl Pts',(-103.543079683312,65.4643515454708,0.));
#8835=CARTESIAN_POINT('',(-100.749767610558,64.758348833221,1.));
#8836=CARTESIAN_POINT('',(-100.749767610558,64.758348833221,0.));
#8837=CARTESIAN_POINT('Ctrl Pts',(-100.749767610558,64.758348833221,1.));
#8838=CARTESIAN_POINT('Ctrl Pts',(-101.32261234328,64.8646140324504,1.));
#8839=CARTESIAN_POINT('Ctrl Pts',(-102.269420885383,65.0402511512219,1.));
#8840=CARTESIAN_POINT('Ctrl Pts',(-103.182455617106,65.3442716552345,1.));
#8841=CARTESIAN_POINT('Ctrl Pts',(-103.543079683312,65.4643515454708,1.));
#8842=CARTESIAN_POINT('Ctrl Pts',(-98.4629328937615,64.0881577836452,0.));
#8843=CARTESIAN_POINT('Ctrl Pts',(-98.4629328937615,64.0881577836452,1.));
#8844=CARTESIAN_POINT('Ctrl Pts',(-98.7829944766433,64.2167861474294,0.));
#8845=CARTESIAN_POINT('Ctrl Pts',(-98.7829944766433,64.2167861474294,1.));
#8846=CARTESIAN_POINT('Ctrl Pts',(-99.5229208554593,64.5141524185416,0.));
#8847=CARTESIAN_POINT('Ctrl Pts',(-99.5229208554593,64.5141524185416,1.));
#8848=CARTESIAN_POINT('Ctrl Pts',(-100.305627515611,64.6699454378087,0.));
#8849=CARTESIAN_POINT('Ctrl Pts',(-100.305627515611,64.6699454378087,1.));
#8850=CARTESIAN_POINT('Ctrl Pts',(-100.749767610558,64.758348833221,0.));
#8851=CARTESIAN_POINT('Ctrl Pts',(-100.749767610558,64.758348833221,1.));
#8852=CARTESIAN_POINT('',(-98.4629328937615,64.0881577836452,0.));
#8853=CARTESIAN_POINT('Ctrl Pts',(-98.4629328937615,64.0881577836452,0.));
#8854=CARTESIAN_POINT('Ctrl Pts',(-98.7829944766433,64.2167861474294,0.));
#8855=CARTESIAN_POINT('Ctrl Pts',(-99.5229208554593,64.5141524185416,0.));
#8856=CARTESIAN_POINT('Ctrl Pts',(-100.305627515611,64.6699454378087,0.));
#8857=CARTESIAN_POINT('Ctrl Pts',(-100.749767610558,64.758348833221,0.));
#8858=CARTESIAN_POINT('',(-98.4629328937615,64.0881577836452,1.));
#8859=CARTESIAN_POINT('',(-98.4629328937615,64.0881577836452,0.));
#8860=CARTESIAN_POINT('Ctrl Pts',(-98.4629328937615,64.0881577836452,1.));
#8861=CARTESIAN_POINT('Ctrl Pts',(-98.7829944766433,64.2167861474294,1.));
#8862=CARTESIAN_POINT('Ctrl Pts',(-99.5229208554593,64.5141524185416,1.));
#8863=CARTESIAN_POINT('Ctrl Pts',(-100.305627515611,64.6699454378087,1.));
#8864=CARTESIAN_POINT('Ctrl Pts',(-100.749767610558,64.758348833221,1.));
#8865=CARTESIAN_POINT('Ctrl Pts',(-97.2299845905388,62.9831103192745,0.));
#8866=CARTESIAN_POINT('Ctrl Pts',(-97.2299845905388,62.9831103192745,1.));
#8867=CARTESIAN_POINT('Ctrl Pts',(-97.3927867659262,63.2101815538444,0.));
#8868=CARTESIAN_POINT('Ctrl Pts',(-97.3927867659262,63.2101815538444,1.));
#8869=CARTESIAN_POINT('Ctrl Pts',(-97.7220430471573,63.66941761805,0.));
#8870=CARTESIAN_POINT('Ctrl Pts',(-97.7220430471573,63.66941761805,1.));
#8871=CARTESIAN_POINT('Ctrl Pts',(-98.2141502171004,63.94754943316,0.));
#8872=CARTESIAN_POINT('Ctrl Pts',(-98.2141502171004,63.94754943316,1.));
#8873=CARTESIAN_POINT('Ctrl Pts',(-98.4629328937615,64.0881577836452,0.));
#8874=CARTESIAN_POINT('Ctrl Pts',(-98.4629328937615,64.0881577836452,1.));
#8875=CARTESIAN_POINT('',(-97.2299845905388,62.9831103192745,0.));
#8876=CARTESIAN_POINT('Ctrl Pts',(-97.2299845905388,62.9831103192745,0.));
#8877=CARTESIAN_POINT('Ctrl Pts',(-97.3927867659262,63.2101815538444,0.));
#8878=CARTESIAN_POINT('Ctrl Pts',(-97.7220430471573,63.66941761805,0.));
#8879=CARTESIAN_POINT('Ctrl Pts',(-98.2141502171004,63.94754943316,0.));
#8880=CARTESIAN_POINT('Ctrl Pts',(-98.4629328937615,64.0881577836452,0.));
#8881=CARTESIAN_POINT('',(-97.2299845905388,62.9831103192745,1.));
#8882=CARTESIAN_POINT('',(-97.2299845905388,62.9831103192745,0.));
#8883=CARTESIAN_POINT('Ctrl Pts',(-97.2299845905388,62.9831103192745,1.));
#8884=CARTESIAN_POINT('Ctrl Pts',(-97.3927867659262,63.2101815538444,1.));
#8885=CARTESIAN_POINT('Ctrl Pts',(-97.7220430471573,63.66941761805,1.));
#8886=CARTESIAN_POINT('Ctrl Pts',(-98.2141502171004,63.94754943316,1.));
#8887=CARTESIAN_POINT('Ctrl Pts',(-98.4629328937615,64.0881577836452,1.));
#8888=CARTESIAN_POINT('Ctrl Pts',(-96.790016481408,61.3408855306087,0.));
#8889=CARTESIAN_POINT('Ctrl Pts',(-96.790016481408,61.3408855306087,1.));
#8890=CARTESIAN_POINT('Ctrl Pts',(-96.8066198770906,61.636659228559,0.));
#8891=CARTESIAN_POINT('Ctrl Pts',(-96.8066198770906,61.636659228559,1.));
#8892=CARTESIAN_POINT('Ctrl Pts',(-96.8390881305511,62.2150502743175,0.));
#8893=CARTESIAN_POINT('Ctrl Pts',(-96.8390881305511,62.2150502743175,1.));
#8894=CARTESIAN_POINT('Ctrl Pts',(-97.1016767579848,62.7310023323082,0.));
#8895=CARTESIAN_POINT('Ctrl Pts',(-97.1016767579848,62.7310023323082,1.));
#8896=CARTESIAN_POINT('Ctrl Pts',(-97.2299845905388,62.9831103192745,0.));
#8897=CARTESIAN_POINT('Ctrl Pts',(-97.2299845905388,62.9831103192745,1.));
#8898=CARTESIAN_POINT('',(-96.790016481408,61.3408855306087,0.));
#8899=CARTESIAN_POINT('Ctrl Pts',(-96.790016481408,61.3408855306087,0.));
#8900=CARTESIAN_POINT('Ctrl Pts',(-96.8066198770906,61.636659228559,0.));
#8901=CARTESIAN_POINT('Ctrl Pts',(-96.8390881305511,62.2150502743175,0.));
#8902=CARTESIAN_POINT('Ctrl Pts',(-97.1016767579848,62.7310023323082,0.));
#8903=CARTESIAN_POINT('Ctrl Pts',(-97.2299845905388,62.9831103192745,0.));
#8904=CARTESIAN_POINT('',(-96.790016481408,61.3408855306087,1.));
#8905=CARTESIAN_POINT('',(-96.790016481408,61.3408855306087,0.));
#8906=CARTESIAN_POINT('Ctrl Pts',(-96.790016481408,61.3408855306087,1.));
#8907=CARTESIAN_POINT('Ctrl Pts',(-96.8066198770906,61.636659228559,1.));
#8908=CARTESIAN_POINT('Ctrl Pts',(-96.8390881305511,62.2150502743175,1.));
#8909=CARTESIAN_POINT('Ctrl Pts',(-97.1016767579848,62.7310023323082,1.));
#8910=CARTESIAN_POINT('Ctrl Pts',(-97.2299845905388,62.9831103192745,1.));
#8911=CARTESIAN_POINT('Ctrl Pts',(-97.7569277973259,59.0387026177822,0.));
#8912=CARTESIAN_POINT('Ctrl Pts',(-97.7569277973259,59.0387026177822,1.));
#8913=CARTESIAN_POINT('Ctrl Pts',(-97.4749258435009,59.3652744542056,0.));
#8914=CARTESIAN_POINT('Ctrl Pts',(-97.4749258435009,59.3652744542056,1.));
#8915=CARTESIAN_POINT('Ctrl Pts',(-96.9033802732051,60.0271517354068,0.));
#8916=CARTESIAN_POINT('Ctrl Pts',(-96.9033802732051,60.0271517354068,1.));
#8917=CARTESIAN_POINT('Ctrl Pts',(-96.828135369391,60.8991389148244,0.));
#8918=CARTESIAN_POINT('Ctrl Pts',(-96.828135369391,60.8991389148244,1.));
#8919=CARTESIAN_POINT('Ctrl Pts',(-96.790016481408,61.3408855306087,0.));
#8920=CARTESIAN_POINT('Ctrl Pts',(-96.790016481408,61.3408855306087,1.));
#8921=CARTESIAN_POINT('',(-97.7569277973259,59.0387026177822,0.));
#8922=CARTESIAN_POINT('Ctrl Pts',(-97.7569277973259,59.0387026177822,0.));
#8923=CARTESIAN_POINT('Ctrl Pts',(-97.4749258435009,59.3652744542056,0.));
#8924=CARTESIAN_POINT('Ctrl Pts',(-96.9033802732051,60.0271517354068,0.));
#8925=CARTESIAN_POINT('Ctrl Pts',(-96.828135369391,60.8991389148244,0.));
#8926=CARTESIAN_POINT('Ctrl Pts',(-96.790016481408,61.3408855306087,0.));
#8927=CARTESIAN_POINT('',(-97.7569277973259,59.0387026177822,1.));
#8928=CARTESIAN_POINT('',(-97.7569277973259,59.0387026177822,0.));
#8929=CARTESIAN_POINT('Ctrl Pts',(-97.7569277973259,59.0387026177822,1.));
#8930=CARTESIAN_POINT('Ctrl Pts',(-97.4749258435009,59.3652744542056,1.));
#8931=CARTESIAN_POINT('Ctrl Pts',(-96.9033802732051,60.0271517354068,1.));
#8932=CARTESIAN_POINT('Ctrl Pts',(-96.828135369391,60.8991389148244,1.));
#8933=CARTESIAN_POINT('Ctrl Pts',(-96.790016481408,61.3408855306087,1.));
#8934=CARTESIAN_POINT('Ctrl Pts',(-100.40188629342,58.1280616628109,0.));
#8935=CARTESIAN_POINT('Ctrl Pts',(-100.40188629342,58.1280616628109,1.));
#8936=CARTESIAN_POINT('Ctrl Pts',(-99.8843099477062,58.1551638284763,0.));
#8937=CARTESIAN_POINT('Ctrl Pts',(-99.8843099477062,58.1551638284763,1.));
#8938=CARTESIAN_POINT('Ctrl Pts',(-98.9120734827928,58.2060736390893,0.));
#8939=CARTESIAN_POINT('Ctrl Pts',(-98.9120734827928,58.2060736390893,1.));
#8940=CARTESIAN_POINT('Ctrl Pts',(-98.1249983925569,58.7733973427421,0.));
#8941=CARTESIAN_POINT('Ctrl Pts',(-98.1249983925569,58.7733973427421,1.));
#8942=CARTESIAN_POINT('Ctrl Pts',(-97.7569277973259,59.0387026177822,0.));
#8943=CARTESIAN_POINT('Ctrl Pts',(-97.7569277973259,59.0387026177822,1.));
#8944=CARTESIAN_POINT('',(-100.40188629342,58.1280616628109,0.));
#8945=CARTESIAN_POINT('Ctrl Pts',(-100.40188629342,58.1280616628109,0.));
#8946=CARTESIAN_POINT('Ctrl Pts',(-99.8843099477062,58.1551638284763,0.));
#8947=CARTESIAN_POINT('Ctrl Pts',(-98.9120734827928,58.2060736390893,0.));
#8948=CARTESIAN_POINT('Ctrl Pts',(-98.1249983925569,58.7733973427421,0.));
#8949=CARTESIAN_POINT('Ctrl Pts',(-97.7569277973259,59.0387026177822,0.));
#8950=CARTESIAN_POINT('',(-100.40188629342,58.1280616628109,1.));
#8951=CARTESIAN_POINT('',(-100.40188629342,58.1280616628109,0.));
#8952=CARTESIAN_POINT('Ctrl Pts',(-100.40188629342,58.1280616628109,1.));
#8953=CARTESIAN_POINT('Ctrl Pts',(-99.8843099477062,58.1551638284763,1.));
#8954=CARTESIAN_POINT('Ctrl Pts',(-98.9120734827928,58.2060736390893,1.));
#8955=CARTESIAN_POINT('Ctrl Pts',(-98.1249983925569,58.7733973427421,1.));
#8956=CARTESIAN_POINT('Ctrl Pts',(-97.7569277973259,59.0387026177822,1.));
#8957=CARTESIAN_POINT('Ctrl Pts',(-102.192467042931,58.4861794816433,0.));
#8958=CARTESIAN_POINT('Ctrl Pts',(-102.192467042931,58.4861794816433,1.));
#8959=CARTESIAN_POINT('Ctrl Pts',(-101.906418812133,58.3817315023464,0.));
#8960=CARTESIAN_POINT('Ctrl Pts',(-101.906418812133,58.3817315023464,1.));
#8961=CARTESIAN_POINT('Ctrl Pts',(-101.328029127158,58.1705376289451,0.));
#8962=CARTESIAN_POINT('Ctrl Pts',(-101.328029127158,58.1705376289451,1.));
#8963=CARTESIAN_POINT('Ctrl Pts',(-100.712831808765,58.1423226500995,0.));
#8964=CARTESIAN_POINT('Ctrl Pts',(-100.712831808765,58.1423226500995,1.));
#8965=CARTESIAN_POINT('Ctrl Pts',(-100.40188629342,58.1280616628109,0.));
#8966=CARTESIAN_POINT('Ctrl Pts',(-100.40188629342,58.1280616628109,1.));
#8967=CARTESIAN_POINT('',(-102.192467042931,58.4861794816433,0.));
#8968=CARTESIAN_POINT('Ctrl Pts',(-102.192467042931,58.4861794816433,0.));
#8969=CARTESIAN_POINT('Ctrl Pts',(-101.906418812133,58.3817315023464,0.));
#8970=CARTESIAN_POINT('Ctrl Pts',(-101.328029127158,58.1705376289451,0.));
#8971=CARTESIAN_POINT('Ctrl Pts',(-100.712831808765,58.1423226500995,0.));
#8972=CARTESIAN_POINT('Ctrl Pts',(-100.40188629342,58.1280616628109,0.));
#8973=CARTESIAN_POINT('',(-102.192467042931,58.4861794816433,1.));
#8974=CARTESIAN_POINT('',(-102.192467042931,58.4861794816433,0.));
#8975=CARTESIAN_POINT('Ctrl Pts',(-102.192467042931,58.4861794816433,1.));
#8976=CARTESIAN_POINT('Ctrl Pts',(-101.906418812133,58.3817315023464,1.));
#8977=CARTESIAN_POINT('Ctrl Pts',(-101.328029127158,58.1705376289451,1.));
#8978=CARTESIAN_POINT('Ctrl Pts',(-100.712831808765,58.1423226500995,1.));
#8979=CARTESIAN_POINT('Ctrl Pts',(-100.40188629342,58.1280616628109,1.));
#8980=CARTESIAN_POINT('Ctrl Pts',(-103.768184968957,59.5605305539547,0.));
#8981=CARTESIAN_POINT('Ctrl Pts',(-103.768184968957,59.5605305539547,1.));
#8982=CARTESIAN_POINT('Ctrl Pts',(-103.522877660599,59.3386682259367,0.));
#8983=CARTESIAN_POINT('Ctrl Pts',(-103.522877660599,59.3386682259367,1.));
#8984=CARTESIAN_POINT('Ctrl Pts',(-103.046764937237,58.9080594605035,0.));
#8985=CARTESIAN_POINT('Ctrl Pts',(-103.046764937237,58.9080594605035,1.));
#8986=CARTESIAN_POINT('Ctrl Pts',(-102.471391248339,58.623921291222,0.));
#8987=CARTESIAN_POINT('Ctrl Pts',(-102.471391248339,58.623921291222,1.));
#8988=CARTESIAN_POINT('Ctrl Pts',(-102.192467042931,58.4861794816433,0.));
#8989=CARTESIAN_POINT('Ctrl Pts',(-102.192467042931,58.4861794816433,1.));
#8990=CARTESIAN_POINT('',(-103.768184968957,59.5605305539547,0.));
#8991=CARTESIAN_POINT('Ctrl Pts',(-103.768184968957,59.5605305539547,0.));
#8992=CARTESIAN_POINT('Ctrl Pts',(-103.522877660599,59.3386682259367,0.));
#8993=CARTESIAN_POINT('Ctrl Pts',(-103.046764937237,58.9080594605035,0.));
#8994=CARTESIAN_POINT('Ctrl Pts',(-102.471391248339,58.623921291222,0.));
#8995=CARTESIAN_POINT('Ctrl Pts',(-102.192467042931,58.4861794816433,0.));
#8996=CARTESIAN_POINT('',(-103.768184968957,59.5605305539547,1.));
#8997=CARTESIAN_POINT('',(-103.768184968957,59.5605305539547,0.));
#8998=CARTESIAN_POINT('Ctrl Pts',(-103.768184968957,59.5605305539547,1.));
#8999=CARTESIAN_POINT('Ctrl Pts',(-103.522877660599,59.3386682259367,1.));
#9000=CARTESIAN_POINT('Ctrl Pts',(-103.046764937237,58.9080594605035,1.));
#9001=CARTESIAN_POINT('Ctrl Pts',(-102.471391248339,58.623921291222,1.));
#9002=CARTESIAN_POINT('Ctrl Pts',(-102.192467042931,58.4861794816433,1.));
#9003=CARTESIAN_POINT('Ctrl Pts',(-103.870504686364,59.2228773938594,0.));
#9004=CARTESIAN_POINT('Ctrl Pts',(-103.870504686364,59.2228773938594,1.));
#9005=CARTESIAN_POINT('Ctrl Pts',(-103.850795624283,59.2938799010244,0.));
#9006=CARTESIAN_POINT('Ctrl Pts',(-103.850795624283,59.2938799010244,1.));
#9007=CARTESIAN_POINT('Ctrl Pts',(-103.819327973082,59.4072430900269,0.));
#9008=CARTESIAN_POINT('Ctrl Pts',(-103.819327973082,59.4072430900269,1.));
#9009=CARTESIAN_POINT('Ctrl Pts',(-103.782097110456,59.5188326340783,0.));
#9010=CARTESIAN_POINT('Ctrl Pts',(-103.782097110456,59.5188326340783,1.));
#9011=CARTESIAN_POINT('Ctrl Pts',(-103.768184968957,59.5605305539547,0.));
#9012=CARTESIAN_POINT('Ctrl Pts',(-103.768184968957,59.5605305539547,1.));
#9013=CARTESIAN_POINT('',(-103.870504686364,59.2228773938594,0.));
#9014=CARTESIAN_POINT('Ctrl Pts',(-103.870504686364,59.2228773938594,0.));
#9015=CARTESIAN_POINT('Ctrl Pts',(-103.850795624283,59.2938799010244,0.));
#9016=CARTESIAN_POINT('Ctrl Pts',(-103.819327973082,59.4072430900269,0.));
#9017=CARTESIAN_POINT('Ctrl Pts',(-103.782097110456,59.5188326340783,0.));
#9018=CARTESIAN_POINT('Ctrl Pts',(-103.768184968957,59.5605305539547,0.));
#9019=CARTESIAN_POINT('',(-103.870504686364,59.2228773938594,1.));
#9020=CARTESIAN_POINT('',(-103.870504686364,59.2228773938594,0.));
#9021=CARTESIAN_POINT('Ctrl Pts',(-103.870504686364,59.2228773938594,1.));
#9022=CARTESIAN_POINT('Ctrl Pts',(-103.850795624283,59.2938799010244,1.));
#9023=CARTESIAN_POINT('Ctrl Pts',(-103.819327973082,59.4072430900269,1.));
#9024=CARTESIAN_POINT('Ctrl Pts',(-103.782097110456,59.5188326340783,1.));
#9025=CARTESIAN_POINT('Ctrl Pts',(-103.768184968957,59.5605305539547,1.));
#9026=CARTESIAN_POINT('Ctrl Pts',(-104.146765062341,58.3736280309139,0.));
#9027=CARTESIAN_POINT('Ctrl Pts',(-104.146765062341,58.3736280309139,1.));
#9028=CARTESIAN_POINT('Ctrl Pts',(-104.103920492686,58.4917978641044,0.));
#9029=CARTESIAN_POINT('Ctrl Pts',(-104.103920492686,58.4917978641044,1.));
#9030=CARTESIAN_POINT('Ctrl Pts',(-104.002407855382,58.7717804036389,0.));
#9031=CARTESIAN_POINT('Ctrl Pts',(-104.002407855382,58.7717804036389,1.));
#9032=CARTESIAN_POINT('Ctrl Pts',(-103.918815773804,59.0576578142189,0.));
#9033=CARTESIAN_POINT('Ctrl Pts',(-103.918815773804,59.0576578142189,1.));
#9034=CARTESIAN_POINT('Ctrl Pts',(-103.870504686364,59.2228773938594,0.));
#9035=CARTESIAN_POINT('Ctrl Pts',(-103.870504686364,59.2228773938594,1.));
#9036=CARTESIAN_POINT('',(-104.146765062341,58.3736280309139,0.));
#9037=CARTESIAN_POINT('Ctrl Pts',(-104.146765062341,58.3736280309139,0.));
#9038=CARTESIAN_POINT('Ctrl Pts',(-104.103920492686,58.4917978641044,0.));
#9039=CARTESIAN_POINT('Ctrl Pts',(-104.002407855382,58.7717804036389,0.));
#9040=CARTESIAN_POINT('Ctrl Pts',(-103.918815773804,59.0576578142189,0.));
#9041=CARTESIAN_POINT('Ctrl Pts',(-103.870504686364,59.2228773938594,0.));
#9042=CARTESIAN_POINT('',(-104.146765062341,58.3736280309139,1.));
#9043=CARTESIAN_POINT('',(-104.146765062341,58.3736280309139,0.));
#9044=CARTESIAN_POINT('Ctrl Pts',(-104.146765062341,58.3736280309139,1.));
#9045=CARTESIAN_POINT('Ctrl Pts',(-104.103920492686,58.4917978641044,1.));
#9046=CARTESIAN_POINT('Ctrl Pts',(-104.002407855382,58.7717804036389,1.));
#9047=CARTESIAN_POINT('Ctrl Pts',(-103.918815773804,59.0576578142189,1.));
#9048=CARTESIAN_POINT('Ctrl Pts',(-103.870504686364,59.2228773938594,1.));
#9049=CARTESIAN_POINT('Origin',(-106.99124176217,58.3736280309139,0.));
#9050=CARTESIAN_POINT('',(-106.99124176217,58.3736280309139,0.));
#9051=CARTESIAN_POINT('',(-90.2545917162546,58.3736280309139,0.));
#9052=CARTESIAN_POINT('',(-106.99124176217,58.3736280309139,1.));
#9053=CARTESIAN_POINT('',(-106.99124176217,58.3736280309139,0.));
#9054=CARTESIAN_POINT('',(-106.99124176217,58.3736280309139,1.));
#9055=CARTESIAN_POINT('Ctrl Pts',(-106.474531480798,59.8316768514095,0.));
#9056=CARTESIAN_POINT('Ctrl Pts',(-106.474531480798,59.8316768514095,1.));
#9057=CARTESIAN_POINT('Ctrl Pts',(-106.53377701035,59.5943733007507,0.));
#9058=CARTESIAN_POINT('Ctrl Pts',(-106.53377701035,59.5943733007507,1.));
#9059=CARTESIAN_POINT('Ctrl Pts',(-106.659211596735,59.0919544186957,0.));
#9060=CARTESIAN_POINT('Ctrl Pts',(-106.659211596735,59.0919544186957,1.));
#9061=CARTESIAN_POINT('Ctrl Pts',(-106.876554643602,58.6217464014176,0.));
#9062=CARTESIAN_POINT('Ctrl Pts',(-106.876554643602,58.6217464014176,1.));
#9063=CARTESIAN_POINT('Ctrl Pts',(-106.99124176217,58.3736280309139,0.));
#9064=CARTESIAN_POINT('Ctrl Pts',(-106.99124176217,58.3736280309139,1.));
#9065=CARTESIAN_POINT('',(-106.474531480798,59.8316768514095,0.));
#9066=CARTESIAN_POINT('Ctrl Pts',(-106.474531480798,59.8316768514095,0.));
#9067=CARTESIAN_POINT('Ctrl Pts',(-106.53377701035,59.5943733007507,0.));
#9068=CARTESIAN_POINT('Ctrl Pts',(-106.659211596735,59.0919544186957,0.));
#9069=CARTESIAN_POINT('Ctrl Pts',(-106.876554643602,58.6217464014176,0.));
#9070=CARTESIAN_POINT('Ctrl Pts',(-106.99124176217,58.3736280309139,0.));
#9071=CARTESIAN_POINT('',(-106.474531480798,59.8316768514095,1.));
#9072=CARTESIAN_POINT('',(-106.474531480798,59.8316768514095,0.));
#9073=CARTESIAN_POINT('Ctrl Pts',(-106.474531480798,59.8316768514095,1.));
#9074=CARTESIAN_POINT('Ctrl Pts',(-106.53377701035,59.5943733007507,1.));
#9075=CARTESIAN_POINT('Ctrl Pts',(-106.659211596735,59.0919544186957,1.));
#9076=CARTESIAN_POINT('Ctrl Pts',(-106.876554643602,58.6217464014176,1.));
#9077=CARTESIAN_POINT('Ctrl Pts',(-106.99124176217,58.3736280309139,1.));
#9078=CARTESIAN_POINT('Ctrl Pts',(-106.336401292809,61.9445697175441,0.));
#9079=CARTESIAN_POINT('Ctrl Pts',(-106.336401292809,61.9445697175441,1.));
#9080=CARTESIAN_POINT('Ctrl Pts',(-106.336856628428,61.5289392785367,0.));
#9081=CARTESIAN_POINT('Ctrl Pts',(-106.336856628428,61.5289392785367,1.));
#9082=CARTESIAN_POINT('Ctrl Pts',(-106.337631846113,60.8213204287341,0.));
#9083=CARTESIAN_POINT('Ctrl Pts',(-106.337631846113,60.8213204287341,1.));
#9084=CARTESIAN_POINT('Ctrl Pts',(-106.434542668845,60.1207548391223,0.));
#9085=CARTESIAN_POINT('Ctrl Pts',(-106.434542668845,60.1207548391223,1.));
#9086=CARTESIAN_POINT('Ctrl Pts',(-106.474531480798,59.8316768514095,0.));
#9087=CARTESIAN_POINT('Ctrl Pts',(-106.474531480798,59.8316768514095,1.));
#9088=CARTESIAN_POINT('',(-106.336401292809,61.9445697175441,0.));
#9089=CARTESIAN_POINT('Ctrl Pts',(-106.336401292809,61.9445697175441,0.));
#9090=CARTESIAN_POINT('Ctrl Pts',(-106.336856628428,61.5289392785367,0.));
#9091=CARTESIAN_POINT('Ctrl Pts',(-106.337631846113,60.8213204287341,0.));
#9092=CARTESIAN_POINT('Ctrl Pts',(-106.434542668845,60.1207548391223,0.));
#9093=CARTESIAN_POINT('Ctrl Pts',(-106.474531480798,59.8316768514095,0.));
#9094=CARTESIAN_POINT('',(-106.336401292809,61.9445697175441,1.));
#9095=CARTESIAN_POINT('',(-106.336401292809,61.9445697175441,0.));
#9096=CARTESIAN_POINT('Ctrl Pts',(-106.336401292809,61.9445697175441,1.));
#9097=CARTESIAN_POINT('Ctrl Pts',(-106.336856628428,61.5289392785367,1.));
#9098=CARTESIAN_POINT('Ctrl Pts',(-106.337631846113,60.8213204287341,1.));
#9099=CARTESIAN_POINT('Ctrl Pts',(-106.434542668845,60.1207548391223,1.));
#9100=CARTESIAN_POINT('Ctrl Pts',(-106.474531480798,59.8316768514095,1.));
#9101=CARTESIAN_POINT('Origin',(-106.367090532311,65.3006414281307,0.));
#9102=CARTESIAN_POINT('',(-106.367090532311,65.3006414281307,0.));
#9103=CARTESIAN_POINT('',(-106.362827465583,64.8344468309447,0.));
#9104=CARTESIAN_POINT('',(-106.367090532311,65.3006414281307,1.));
#9105=CARTESIAN_POINT('',(-106.367090532311,65.3006414281307,0.));
#9106=CARTESIAN_POINT('',(-106.367090532311,65.3006414281307,1.));
#9107=CARTESIAN_POINT('Ctrl Pts',(-105.983398744592,67.8739694463192,0.));
#9108=CARTESIAN_POINT('Ctrl Pts',(-105.983398744592,67.8739694463192,1.));
#9109=CARTESIAN_POINT('Ctrl Pts',(-106.094151228156,67.5452755343586,0.));
#9110=CARTESIAN_POINT('Ctrl Pts',(-106.094151228156,67.5452755343586,1.));
#9111=CARTESIAN_POINT('Ctrl Pts',(-106.374303643641,66.7138323881031,0.));
#9112=CARTESIAN_POINT('Ctrl Pts',(-106.374303643641,66.7138323881031,1.));
#9113=CARTESIAN_POINT('Ctrl Pts',(-106.369808570767,65.8331588397093,0.));
#9114=CARTESIAN_POINT('Ctrl Pts',(-106.369808570767,65.8331588397093,1.));
#9115=CARTESIAN_POINT('Ctrl Pts',(-106.367090532311,65.3006414281307,0.));
#9116=CARTESIAN_POINT('Ctrl Pts',(-106.367090532311,65.3006414281307,1.));
#9117=CARTESIAN_POINT('',(-105.983398744592,67.8739694463192,0.));
#9118=CARTESIAN_POINT('Ctrl Pts',(-105.983398744592,67.8739694463192,0.));
#9119=CARTESIAN_POINT('Ctrl Pts',(-106.094151228156,67.5452755343586,0.));
#9120=CARTESIAN_POINT('Ctrl Pts',(-106.374303643641,66.7138323881031,0.));
#9121=CARTESIAN_POINT('Ctrl Pts',(-106.369808570767,65.8331588397093,0.));
#9122=CARTESIAN_POINT('Ctrl Pts',(-106.367090532311,65.3006414281307,0.));
#9123=CARTESIAN_POINT('',(-105.983398744592,67.8739694463192,1.));
#9124=CARTESIAN_POINT('',(-105.983398744592,67.8739694463192,0.));
#9125=CARTESIAN_POINT('Ctrl Pts',(-105.983398744592,67.8739694463192,1.));
#9126=CARTESIAN_POINT('Ctrl Pts',(-106.094151228156,67.5452755343586,1.));
#9127=CARTESIAN_POINT('Ctrl Pts',(-106.374303643641,66.7138323881031,1.));
#9128=CARTESIAN_POINT('Ctrl Pts',(-106.369808570767,65.8331588397093,1.));
#9129=CARTESIAN_POINT('Ctrl Pts',(-106.367090532311,65.3006414281307,1.));
#9130=CARTESIAN_POINT('Ctrl Pts',(-104.658363649377,69.0301767693935,0.));
#9131=CARTESIAN_POINT('Ctrl Pts',(-104.658363649377,69.0301767693935,1.));
#9132=CARTESIAN_POINT('Ctrl Pts',(-104.94334850618,68.8777400720517,0.));
#9133=CARTESIAN_POINT('Ctrl Pts',(-104.94334850618,68.8777400720517,1.));
#9134=CARTESIAN_POINT('Ctrl Pts',(-105.475145044199,68.5932852809348,0.));
#9135=CARTESIAN_POINT('Ctrl Pts',(-105.475145044199,68.5932852809348,1.));
#9136=CARTESIAN_POINT('Ctrl Pts',(-105.822286972099,68.1019859841372,0.));
#9137=CARTESIAN_POINT('Ctrl Pts',(-105.822286972099,68.1019859841372,1.));
#9138=CARTESIAN_POINT('Ctrl Pts',(-105.983398744592,67.8739694463192,0.));
#9139=CARTESIAN_POINT('Ctrl Pts',(-105.983398744592,67.8739694463192,1.));
#9140=CARTESIAN_POINT('',(-104.658363649377,69.0301767693935,0.));
#9141=CARTESIAN_POINT('Ctrl Pts',(-104.658363649377,69.0301767693935,0.));
#9142=CARTESIAN_POINT('Ctrl Pts',(-104.94334850618,68.8777400720517,0.));
#9143=CARTESIAN_POINT('Ctrl Pts',(-105.475145044199,68.5932852809348,0.));
#9144=CARTESIAN_POINT('Ctrl Pts',(-105.822286972099,68.1019859841372,0.));
#9145=CARTESIAN_POINT('Ctrl Pts',(-105.983398744592,67.8739694463192,0.));
#9146=CARTESIAN_POINT('',(-104.658363649377,69.0301767693935,1.));
#9147=CARTESIAN_POINT('',(-104.658363649377,69.0301767693935,0.));
#9148=CARTESIAN_POINT('Ctrl Pts',(-104.658363649377,69.0301767693935,1.));
#9149=CARTESIAN_POINT('Ctrl Pts',(-104.94334850618,68.8777400720517,1.));
#9150=CARTESIAN_POINT('Ctrl Pts',(-105.475145044199,68.5932852809348,1.));
#9151=CARTESIAN_POINT('Ctrl Pts',(-105.822286972099,68.1019859841372,1.));
#9152=CARTESIAN_POINT('Ctrl Pts',(-105.983398744592,67.8739694463192,1.));
#9153=CARTESIAN_POINT('Ctrl Pts',(-101.793421098718,69.4854978429256,0.));
#9154=CARTESIAN_POINT('Ctrl Pts',(-101.793421098718,69.4854978429256,1.));
#9155=CARTESIAN_POINT('Ctrl Pts',(-102.358697556896,69.4813052754721,0.));
#9156=CARTESIAN_POINT('Ctrl Pts',(-102.358697556896,69.4813052754721,1.));
#9157=CARTESIAN_POINT('Ctrl Pts',(-103.339069770417,69.4740340074487,0.));
#9158=CARTESIAN_POINT('Ctrl Pts',(-103.339069770417,69.4740340074487,1.));
#9159=CARTESIAN_POINT('Ctrl Pts',(-104.26592663081,69.1622064967723,0.));
#9160=CARTESIAN_POINT('Ctrl Pts',(-104.26592663081,69.1622064967723,1.));
#9161=CARTESIAN_POINT('Ctrl Pts',(-104.658363649377,69.0301767693935,0.));
#9162=CARTESIAN_POINT('Ctrl Pts',(-104.658363649377,69.0301767693935,1.));
#9163=CARTESIAN_POINT('',(-101.793421098718,69.4854978429256,0.));
#9164=CARTESIAN_POINT('Ctrl Pts',(-101.793421098718,69.4854978429256,0.));
#9165=CARTESIAN_POINT('Ctrl Pts',(-102.358697556896,69.4813052754721,0.));
#9166=CARTESIAN_POINT('Ctrl Pts',(-103.339069770417,69.4740340074487,0.));
#9167=CARTESIAN_POINT('Ctrl Pts',(-104.26592663081,69.1622064967723,0.));
#9168=CARTESIAN_POINT('Ctrl Pts',(-104.658363649377,69.0301767693935,0.));
#9169=CARTESIAN_POINT('',(-101.793421098718,69.4854978429256,1.));
#9170=CARTESIAN_POINT('',(-101.793421098718,69.4854978429256,0.));
#9171=CARTESIAN_POINT('Ctrl Pts',(-101.793421098718,69.4854978429256,1.));
#9172=CARTESIAN_POINT('Ctrl Pts',(-102.358697556896,69.4813052754721,1.));
#9173=CARTESIAN_POINT('Ctrl Pts',(-103.339069770417,69.4740340074487,1.));
#9174=CARTESIAN_POINT('Ctrl Pts',(-104.26592663081,69.1622064967723,1.));
#9175=CARTESIAN_POINT('Ctrl Pts',(-104.658363649377,69.0301767693935,1.));
#9176=CARTESIAN_POINT('Ctrl Pts',(-98.6010630817498,68.7283352719722,0.));
#9177=CARTESIAN_POINT('Ctrl Pts',(-98.6010630817498,68.7283352719722,1.));
#9178=CARTESIAN_POINT('Ctrl Pts',(-99.0382612380436,68.9482940498688,0.));
#9179=CARTESIAN_POINT('Ctrl Pts',(-99.0382612380436,68.9482940498688,1.));
#9180=CARTESIAN_POINT('Ctrl Pts',(-100.037912581424,69.451228668067,0.));
#9181=CARTESIAN_POINT('Ctrl Pts',(-100.037912581424,69.451228668067,1.));
#9182=CARTESIAN_POINT('Ctrl Pts',(-101.161330645581,69.4731588436832,0.));
#9183=CARTESIAN_POINT('Ctrl Pts',(-101.161330645581,69.4731588436832,1.));
#9184=CARTESIAN_POINT('Ctrl Pts',(-101.793421098718,69.4854978429256,0.));
#9185=CARTESIAN_POINT('Ctrl Pts',(-101.793421098718,69.4854978429256,1.));
#9186=CARTESIAN_POINT('',(-98.6010630817498,68.7283352719722,0.));
#9187=CARTESIAN_POINT('Ctrl Pts',(-98.6010630817498,68.7283352719722,0.));
#9188=CARTESIAN_POINT('Ctrl Pts',(-99.0382612380436,68.9482940498688,0.));
#9189=CARTESIAN_POINT('Ctrl Pts',(-100.037912581424,69.451228668067,0.));
#9190=CARTESIAN_POINT('Ctrl Pts',(-101.161330645581,69.4731588436832,0.));
#9191=CARTESIAN_POINT('Ctrl Pts',(-101.793421098718,69.4854978429256,0.));
#9192=CARTESIAN_POINT('',(-98.6010630817498,68.7283352719722,1.));
#9193=CARTESIAN_POINT('',(-98.6010630817498,68.7283352719722,0.));
#9194=CARTESIAN_POINT('Ctrl Pts',(-98.6010630817498,68.7283352719722,1.));
#9195=CARTESIAN_POINT('Ctrl Pts',(-99.0382612380436,68.9482940498688,1.));
#9196=CARTESIAN_POINT('Ctrl Pts',(-100.037912581424,69.451228668067,1.));
#9197=CARTESIAN_POINT('Ctrl Pts',(-101.161330645581,69.4731588436832,1.));
#9198=CARTESIAN_POINT('Ctrl Pts',(-101.793421098718,69.4854978429256,1.));
#9199=CARTESIAN_POINT('Ctrl Pts',(-97.0867427082146,66.3954565631328,0.));
#9200=CARTESIAN_POINT('Ctrl Pts',(-97.0867427082146,66.3954565631328,1.));
#9201=CARTESIAN_POINT('Ctrl Pts',(-97.2480303597998,66.8778751290055,0.));
#9202=CARTESIAN_POINT('Ctrl Pts',(-97.2480303597998,66.8778751290055,1.));
#9203=CARTESIAN_POINT('Ctrl Pts',(-97.5524928850753,67.7885361335013,0.));
#9204=CARTESIAN_POINT('Ctrl Pts',(-97.5524928850753,67.7885361335013,1.));
#9205=CARTESIAN_POINT('Ctrl Pts',(-98.2656824683089,68.4277446080651,0.));
#9206=CARTESIAN_POINT('Ctrl Pts',(-98.2656824683089,68.4277446080651,1.));
#9207=CARTESIAN_POINT('Ctrl Pts',(-98.6010630817498,68.7283352719722,0.));
#9208=CARTESIAN_POINT('Ctrl Pts',(-98.6010630817498,68.7283352719722,1.));
#9209=CARTESIAN_POINT('',(-97.0867427082146,66.3954565631328,0.));
#9210=CARTESIAN_POINT('Ctrl Pts',(-97.0867427082146,66.3954565631328,0.));
#9211=CARTESIAN_POINT('Ctrl Pts',(-97.2480303597998,66.8778751290055,0.));
#9212=CARTESIAN_POINT('Ctrl Pts',(-97.5524928850753,67.7885361335013,0.));
#9213=CARTESIAN_POINT('Ctrl Pts',(-98.2656824683089,68.4277446080651,0.));
#9214=CARTESIAN_POINT('Ctrl Pts',(-98.6010630817498,68.7283352719722,0.));
#9215=CARTESIAN_POINT('',(-97.0867427082146,66.3954565631328,1.));
#9216=CARTESIAN_POINT('',(-97.0867427082146,66.3954565631328,0.));
#9217=CARTESIAN_POINT('Ctrl Pts',(-97.0867427082146,66.3954565631328,1.));
#9218=CARTESIAN_POINT('Ctrl Pts',(-97.2480303597998,66.8778751290055,1.));
#9219=CARTESIAN_POINT('Ctrl Pts',(-97.5524928850753,67.7885361335013,1.));
#9220=CARTESIAN_POINT('Ctrl Pts',(-98.2656824683089,68.4277446080651,1.));
#9221=CARTESIAN_POINT('Ctrl Pts',(-98.6010630817498,68.7283352719722,1.));
#9222=CARTESIAN_POINT('Origin',(-99.6958811969841,65.9247878896175,0.));
#9223=CARTESIAN_POINT('',(-99.6958811969841,65.9247878896175,0.));
#9224=CARTESIAN_POINT('',(-87.1291572896447,68.1917289881293,0.));
#9225=CARTESIAN_POINT('',(-99.6958811969841,65.9247878896175,1.));
#9226=CARTESIAN_POINT('',(-99.6958811969841,65.9247878896175,0.));
#9227=CARTESIAN_POINT('',(-99.6958811969841,65.9247878896175,1.));
#9228=CARTESIAN_POINT('Ctrl Pts',(-100.391653368005,66.9837919579921,0.));
#9229=CARTESIAN_POINT('Ctrl Pts',(-100.391653368005,66.9837919579921,1.));
#9230=CARTESIAN_POINT('Ctrl Pts',(-100.251415078991,66.8524881750455,0.));
#9231=CARTESIAN_POINT('Ctrl Pts',(-100.251415078991,66.8524881750455,1.));
#9232=CARTESIAN_POINT('Ctrl Pts',(-99.9355474992291,66.5567443491292,0.));
#9233=CARTESIAN_POINT('Ctrl Pts',(-99.9355474992291,66.5567443491292,1.));
#9234=CARTESIAN_POINT('Ctrl Pts',(-99.7815224801846,66.1506083809107,0.));
#9235=CARTESIAN_POINT('Ctrl Pts',(-99.7815224801846,66.1506083809107,1.));
#9236=CARTESIAN_POINT('Ctrl Pts',(-99.6958811969841,65.9247878896175,0.));
#9237=CARTESIAN_POINT('Ctrl Pts',(-99.6958811969841,65.9247878896175,1.));
#9238=CARTESIAN_POINT('Ctrl Pts',(-100.391653368005,66.9837919579921,0.));
#9239=CARTESIAN_POINT('Ctrl Pts',(-100.251415078991,66.8524881750455,0.));
#9240=CARTESIAN_POINT('Ctrl Pts',(-99.9355474992291,66.5567443491292,0.));
#9241=CARTESIAN_POINT('Ctrl Pts',(-99.7815224801846,66.1506083809107,0.));
#9242=CARTESIAN_POINT('Ctrl Pts',(-99.6958811969841,65.9247878896175,0.));
#9243=CARTESIAN_POINT('Ctrl Pts',(-100.391653368005,66.9837919579921,1.));
#9244=CARTESIAN_POINT('Ctrl Pts',(-100.251415078991,66.8524881750455,1.));
#9245=CARTESIAN_POINT('Ctrl Pts',(-99.9355474992291,66.5567443491292,1.));
#9246=CARTESIAN_POINT('Ctrl Pts',(-99.7815224801846,66.1506083809107,1.));
#9247=CARTESIAN_POINT('Ctrl Pts',(-99.6958811969841,65.9247878896175,1.));
#9248=CARTESIAN_POINT('Origin',(-73.450994083413,65.7583423252689,1.));
#9249=CARTESIAN_POINT('Origin',(-73.9318950862969,65.36203242411,0.));
#9250=CARTESIAN_POINT('',(-73.9318950862969,65.36203242411,0.));
#9251=CARTESIAN_POINT('',(-72.09014970971,58.3736280309139,0.));
#9252=CARTESIAN_POINT('',(-73.8330077991059,64.9868098982269,0.));
#9253=CARTESIAN_POINT('',(-73.9318950862969,65.36203242411,1.));
#9254=CARTESIAN_POINT('',(-73.9318950862969,65.36203242411,0.));
#9255=CARTESIAN_POINT('',(-72.09014970971,58.3736280309139,1.));
#9256=CARTESIAN_POINT('',(-73.9318950862969,65.36203242411,1.));
#9257=CARTESIAN_POINT('',(-72.09014970971,58.3736280309139,0.));
#9258=CARTESIAN_POINT('Origin',(-75.8043344707573,58.3736280309139,0.));
#9259=CARTESIAN_POINT('',(-75.8043344707573,58.3736280309139,0.));
#9260=CARTESIAN_POINT('',(-74.9409314727448,61.5960604121621,0.));
#9261=CARTESIAN_POINT('',(-75.8043344707573,58.3736280309139,1.));
#9262=CARTESIAN_POINT('',(-75.8043344707573,58.3736280309139,0.));
#9263=CARTESIAN_POINT('',(-75.8043344707573,58.3736280309139,1.));
#9264=CARTESIAN_POINT('Origin',(-78.5669573040093,58.3736280309139,0.));
#9265=CARTESIAN_POINT('',(-78.5669573040093,58.3736280309139,0.));
#9266=CARTESIAN_POINT('',(-76.0424494871744,58.3736280309139,0.));
#9267=CARTESIAN_POINT('',(-78.5669573040093,58.3736280309139,1.));
#9268=CARTESIAN_POINT('',(-78.5669573040093,58.3736280309139,0.));
#9269=CARTESIAN_POINT('',(-78.5669573040093,58.3736280309139,1.));
#9270=CARTESIAN_POINT('Origin',(-82.0560415477837,69.2399314748226,0.));
#9271=CARTESIAN_POINT('',(-82.0560415477837,69.2399314748226,0.));
#9272=CARTESIAN_POINT('',(-80.9917181206722,65.9252332579222,0.));
#9273=CARTESIAN_POINT('',(-82.0560415477837,69.2399314748226,1.));
#9274=CARTESIAN_POINT('',(-82.0560415477837,69.2399314748226,0.));
#9275=CARTESIAN_POINT('',(-82.0560415477837,69.2399314748226,1.));
#9276=CARTESIAN_POINT('Origin',(-79.2217977733696,69.2399314748226,0.));
#9277=CARTESIAN_POINT('',(-79.2217977733696,69.2399314748226,0.));
#9278=CARTESIAN_POINT('',(-76.3698697218546,69.2399314748226,0.));
#9279=CARTESIAN_POINT('',(-79.2217977733696,69.2399314748226,1.));
#9280=CARTESIAN_POINT('',(-79.2217977733696,69.2399314748226,0.));
#9281=CARTESIAN_POINT('',(-79.2217977733696,69.2399314748226,1.));
#9282=CARTESIAN_POINT('Origin',(-77.1447189540947,62.1185115682064,0.));
#9283=CARTESIAN_POINT('',(-77.1447189540947,62.1185115682064,0.));
#9284=CARTESIAN_POINT('',(-77.3452757415065,62.8061354970758,0.));
#9285=CARTESIAN_POINT('',(-77.1447189540947,62.1185115682064,1.));
#9286=CARTESIAN_POINT('',(-77.1447189540947,62.1185115682064,0.));
#9287=CARTESIAN_POINT('',(-77.1447189540947,62.1185115682064,1.));
#9288=CARTESIAN_POINT('Origin',(-75.3336675853814,69.2399314748226,0.));
#9289=CARTESIAN_POINT('',(-75.3336675853814,69.2399314748226,0.));
#9290=CARTESIAN_POINT('',(-75.8244834671736,67.3099442577498,0.));
#9291=CARTESIAN_POINT('',(-75.3336675853814,69.2399314748226,1.));
#9292=CARTESIAN_POINT('',(-75.3336675853814,69.2399314748226,0.));
#9293=CARTESIAN_POINT('',(-75.3336675853814,69.2399314748226,1.));
#9294=CARTESIAN_POINT('Origin',(-72.560816595086,69.2399314748226,0.));
#9295=CARTESIAN_POINT('',(-72.560816595086,69.2399314748226,0.));
#9296=CARTESIAN_POINT('',(-73.0393791327127,69.2399314748226,0.));
#9297=CARTESIAN_POINT('',(-72.560816595086,69.2399314748226,1.));
#9298=CARTESIAN_POINT('',(-72.560816595086,69.2399314748226,0.));
#9299=CARTESIAN_POINT('',(-72.560816595086,69.2399314748226,1.));
#9300=CARTESIAN_POINT('Origin',(-70.6883724422539,62.1185115682064,0.));
#9301=CARTESIAN_POINT('',(-70.6883724422539,62.1185115682064,0.));
#9302=CARTESIAN_POINT('',(-71.0934220574253,63.6590266154968,0.));
#9303=CARTESIAN_POINT('',(-70.6883724422539,62.1185115682064,1.));
#9304=CARTESIAN_POINT('',(-70.6883724422539,62.1185115682064,0.));
#9305=CARTESIAN_POINT('',(-70.6883724422539,62.1185115682064,1.));
#9306=CARTESIAN_POINT('Origin',(-68.6522205562676,69.2399314748226,0.));
#9307=CARTESIAN_POINT('',(-68.6522205562676,69.2399314748226,0.));
#9308=CARTESIAN_POINT('',(-69.4402104007429,66.4839452425186,0.));
#9309=CARTESIAN_POINT('',(-68.6522205562676,69.2399314748226,1.));
#9310=CARTESIAN_POINT('',(-68.6522205562676,69.2399314748226,0.));
#9311=CARTESIAN_POINT('',(-68.6522205562676,69.2399314748226,1.));
#9312=CARTESIAN_POINT('Origin',(-65.8589060993279,69.2399314748226,0.));
#9313=CARTESIAN_POINT('',(-65.8589060993279,69.2399314748226,0.));
#9314=CARTESIAN_POINT('',(-69.6884238848337,69.2399314748226,0.));
#9315=CARTESIAN_POINT('',(-65.8589060993279,69.2399314748226,1.));
#9316=CARTESIAN_POINT('',(-65.8589060993279,69.2399314748226,0.));
#9317=CARTESIAN_POINT('',(-65.8589060993279,69.2399314748226,1.));
#9318=CARTESIAN_POINT('Origin',(-69.2968328685845,58.3736280309139,0.));
#9319=CARTESIAN_POINT('',(-69.2968328685845,58.3736280309139,0.));
#9320=CARTESIAN_POINT('',(-68.5836750486677,60.6277159724926,0.));
#9321=CARTESIAN_POINT('',(-69.2968328685845,58.3736280309139,1.));
#9322=CARTESIAN_POINT('',(-69.2968328685845,58.3736280309139,0.));
#9323=CARTESIAN_POINT('',(-69.2968328685845,58.3736280309139,1.));
#9324=CARTESIAN_POINT('Origin',(-72.09014970971,58.3736280309139,0.));
#9325=CARTESIAN_POINT('',(-72.8040456900247,58.3736280309139,0.));
#9326=CARTESIAN_POINT('',(-72.09014970971,58.3736280309139,1.));
#9327=CARTESIAN_POINT('Origin',(-73.450994083413,65.7583423252689,1.));
#9328=CARTESIAN_POINT('Ctrl Pts',(-59.4127972812737,67.1423868047176,0.));
#9329=CARTESIAN_POINT('Ctrl Pts',(-59.4127972812737,67.1423868047176,1.));
#9330=CARTESIAN_POINT('Ctrl Pts',(-59.0517038875326,67.105624677305,0.));
#9331=CARTESIAN_POINT('Ctrl Pts',(-59.0517038875326,67.105624677305,1.));
#9332=CARTESIAN_POINT('Ctrl Pts',(-58.3246450662349,67.0316044113895,0.));
#9333=CARTESIAN_POINT('Ctrl Pts',(-58.3246450662349,67.0316044113895,1.));
#9334=CARTESIAN_POINT('Ctrl Pts',(-57.7893387517105,66.5335839599697,0.));
#9335=CARTESIAN_POINT('Ctrl Pts',(-57.7893387517105,66.5335839599697,1.));
#9336=CARTESIAN_POINT('Ctrl Pts',(-57.5198920459832,66.2829051124035,0.));
#9337=CARTESIAN_POINT('Ctrl Pts',(-57.5198920459832,66.2829051124035,1.));
#9338=CARTESIAN_POINT('',(-59.4127972812737,67.1423868047176,0.));
#9339=CARTESIAN_POINT('',(-57.5198920459832,66.2829051124035,0.));
#9340=CARTESIAN_POINT('Ctrl Pts',(-59.4127972812737,67.1423868047176,0.));
#9341=CARTESIAN_POINT('Ctrl Pts',(-59.0517038875326,67.105624677305,0.));
#9342=CARTESIAN_POINT('Ctrl Pts',(-58.3246450662349,67.0316044113895,0.));
#9343=CARTESIAN_POINT('Ctrl Pts',(-57.7893387517105,66.5335839599697,0.));
#9344=CARTESIAN_POINT('Ctrl Pts',(-57.5198920459832,66.2829051124035,0.));
#9345=CARTESIAN_POINT('',(-59.4127972812737,67.1423868047176,1.));
#9346=CARTESIAN_POINT('',(-59.4127972812737,67.1423868047176,0.));
#9347=CARTESIAN_POINT('',(-57.5198920459832,66.2829051124035,1.));
#9348=CARTESIAN_POINT('Ctrl Pts',(-59.4127972812737,67.1423868047176,1.));
#9349=CARTESIAN_POINT('Ctrl Pts',(-59.0517038875326,67.105624677305,1.));
#9350=CARTESIAN_POINT('Ctrl Pts',(-58.3246450662349,67.0316044113895,1.));
#9351=CARTESIAN_POINT('Ctrl Pts',(-57.7893387517105,66.5335839599697,1.));
#9352=CARTESIAN_POINT('Ctrl Pts',(-57.5198920459832,66.2829051124035,1.));
#9353=CARTESIAN_POINT('',(-57.5198920459832,66.2829051124035,0.));
#9354=CARTESIAN_POINT('Ctrl Pts',(-61.3005884380425,66.2829051124035,0.));
#9355=CARTESIAN_POINT('Ctrl Pts',(-61.3005884380425,66.2829051124035,1.));
#9356=CARTESIAN_POINT('Ctrl Pts',(-61.0324726334311,66.5335847218299,0.));
#9357=CARTESIAN_POINT('Ctrl Pts',(-61.0324726334311,66.5335847218299,1.));
#9358=CARTESIAN_POINT('Ctrl Pts',(-60.4993662949049,67.0320219136178,0.));
#9359=CARTESIAN_POINT('Ctrl Pts',(-60.4993662949049,67.0320219136178,1.));
#9360=CARTESIAN_POINT('Ctrl Pts',(-59.7735686525193,67.1057425671221,0.));
#9361=CARTESIAN_POINT('Ctrl Pts',(-59.7735686525193,67.1057425671221,1.));
#9362=CARTESIAN_POINT('Ctrl Pts',(-59.4127972812737,67.1423868047176,0.));
#9363=CARTESIAN_POINT('Ctrl Pts',(-59.4127972812737,67.1423868047176,1.));
#9364=CARTESIAN_POINT('',(-61.3005884380425,66.2829051124035,0.));
#9365=CARTESIAN_POINT('Ctrl Pts',(-61.3005884380425,66.2829051124035,0.));
#9366=CARTESIAN_POINT('Ctrl Pts',(-61.0324726334311,66.5335847218299,0.));
#9367=CARTESIAN_POINT('Ctrl Pts',(-60.4993662949049,67.0320219136178,0.));
#9368=CARTESIAN_POINT('Ctrl Pts',(-59.7735686525193,67.1057425671221,0.));
#9369=CARTESIAN_POINT('Ctrl Pts',(-59.4127972812737,67.1423868047176,0.));
#9370=CARTESIAN_POINT('',(-61.3005884380425,66.2829051124035,1.));
#9371=CARTESIAN_POINT('',(-61.3005884380425,66.2829051124035,0.));
#9372=CARTESIAN_POINT('Ctrl Pts',(-61.3005884380425,66.2829051124035,1.));
#9373=CARTESIAN_POINT('Ctrl Pts',(-61.0324726334311,66.5335847218299,1.));
#9374=CARTESIAN_POINT('Ctrl Pts',(-60.4993662949049,67.0320219136178,1.));
#9375=CARTESIAN_POINT('Ctrl Pts',(-59.7735686525193,67.1057425671221,1.));
#9376=CARTESIAN_POINT('Ctrl Pts',(-59.4127972812737,67.1423868047176,1.));
#9377=CARTESIAN_POINT('Ctrl Pts',(-62.0628650875176,63.8272432195125,0.));
#9378=CARTESIAN_POINT('Ctrl Pts',(-62.0628650875176,63.8272432195125,1.));
#9379=CARTESIAN_POINT('Ctrl Pts',(-62.044202034694,64.3126607840582,0.));
#9380=CARTESIAN_POINT('Ctrl Pts',(-62.044202034694,64.3126607840582,1.));
#9381=CARTESIAN_POINT('Ctrl Pts',(-62.0099517534742,65.203495110674,0.));
#9382=CARTESIAN_POINT('Ctrl Pts',(-62.0099517534742,65.203495110674,1.));
#9383=CARTESIAN_POINT('Ctrl Pts',(-61.5224496044352,65.9453077814027,0.));
#9384=CARTESIAN_POINT('Ctrl Pts',(-61.5224496044352,65.9453077814027,1.));
#9385=CARTESIAN_POINT('Ctrl Pts',(-61.3005884380425,66.2829051124035,0.));
#9386=CARTESIAN_POINT('Ctrl Pts',(-61.3005884380425,66.2829051124035,1.));
#9387=CARTESIAN_POINT('',(-62.0628650875176,63.8272432195125,0.));
#9388=CARTESIAN_POINT('Ctrl Pts',(-62.0628650875176,63.8272432195125,0.));
#9389=CARTESIAN_POINT('Ctrl Pts',(-62.044202034694,64.3126607840582,0.));
#9390=CARTESIAN_POINT('Ctrl Pts',(-62.0099517534742,65.203495110674,0.));
#9391=CARTESIAN_POINT('Ctrl Pts',(-61.5224496044352,65.9453077814027,0.));
#9392=CARTESIAN_POINT('Ctrl Pts',(-61.3005884380425,66.2829051124035,0.));
#9393=CARTESIAN_POINT('',(-62.0628650875176,63.8272432195125,1.));
#9394=CARTESIAN_POINT('',(-62.0628650875176,63.8272432195125,0.));
#9395=CARTESIAN_POINT('Ctrl Pts',(-62.0628650875176,63.8272432195125,1.));
#9396=CARTESIAN_POINT('Ctrl Pts',(-62.044202034694,64.3126607840582,1.));
#9397=CARTESIAN_POINT('Ctrl Pts',(-62.0099517534742,65.203495110674,1.));
#9398=CARTESIAN_POINT('Ctrl Pts',(-61.5224496044352,65.9453077814027,1.));
#9399=CARTESIAN_POINT('Ctrl Pts',(-61.3005884380425,66.2829051124035,1.));
#9400=CARTESIAN_POINT('Ctrl Pts',(-61.3005884380425,61.3306549893795,0.));
#9401=CARTESIAN_POINT('Ctrl Pts',(-61.3005884380425,61.3306549893795,1.));
#9402=CARTESIAN_POINT('Ctrl Pts',(-61.5223785393092,61.6718049842602,0.));
#9403=CARTESIAN_POINT('Ctrl Pts',(-61.5223785393092,61.6718049842602,1.));
#9404=CARTESIAN_POINT('Ctrl Pts',(-62.0133638326939,62.4270218734183,0.));
#9405=CARTESIAN_POINT('Ctrl Pts',(-62.0133638326939,62.4270218734183,1.));
#9406=CARTESIAN_POINT('Ctrl Pts',(-62.0453356980417,63.3313966916708,0.));
#9407=CARTESIAN_POINT('Ctrl Pts',(-62.0453356980417,63.3313966916708,1.));
#9408=CARTESIAN_POINT('Ctrl Pts',(-62.0628650875176,63.8272432195125,0.));
#9409=CARTESIAN_POINT('Ctrl Pts',(-62.0628650875176,63.8272432195125,1.));
#9410=CARTESIAN_POINT('',(-61.3005884380425,61.3306549893795,0.));
#9411=CARTESIAN_POINT('Ctrl Pts',(-61.3005884380425,61.3306549893795,0.));
#9412=CARTESIAN_POINT('Ctrl Pts',(-61.5223785393092,61.6718049842602,0.));
#9413=CARTESIAN_POINT('Ctrl Pts',(-62.0133638326939,62.4270218734183,0.));
#9414=CARTESIAN_POINT('Ctrl Pts',(-62.0453356980417,63.3313966916708,0.));
#9415=CARTESIAN_POINT('Ctrl Pts',(-62.0628650875176,63.8272432195125,0.));
#9416=CARTESIAN_POINT('',(-61.3005884380425,61.3306549893795,1.));
#9417=CARTESIAN_POINT('',(-61.3005884380425,61.3306549893795,0.));
#9418=CARTESIAN_POINT('Ctrl Pts',(-61.3005884380425,61.3306549893795,1.));
#9419=CARTESIAN_POINT('Ctrl Pts',(-61.5223785393092,61.6718049842602,1.));
#9420=CARTESIAN_POINT('Ctrl Pts',(-62.0133638326939,62.4270218734183,1.));
#9421=CARTESIAN_POINT('Ctrl Pts',(-62.0453356980417,63.3313966916708,1.));
#9422=CARTESIAN_POINT('Ctrl Pts',(-62.0628650875176,63.8272432195125,1.));
#9423=CARTESIAN_POINT('Ctrl Pts',(-59.4127972812737,60.4711727010189,0.));
#9424=CARTESIAN_POINT('Ctrl Pts',(-59.4127972812737,60.4711727010189,1.));
#9425=CARTESIAN_POINT('Ctrl Pts',(-59.7735682308329,60.5078167886371,0.));
#9426=CARTESIAN_POINT('Ctrl Pts',(-59.7735682308329,60.5078167886371,1.));
#9427=CARTESIAN_POINT('Ctrl Pts',(-60.4993660399383,60.5815372435197,0.));
#9428=CARTESIAN_POINT('Ctrl Pts',(-60.4993660399383,60.5815372435197,1.));
#9429=CARTESIAN_POINT('Ctrl Pts',(-61.0324723015239,61.0799748332922,0.));
#9430=CARTESIAN_POINT('Ctrl Pts',(-61.0324723015239,61.0799748332922,1.));
#9431=CARTESIAN_POINT('Ctrl Pts',(-61.3005884380425,61.3306549893795,0.));
#9432=CARTESIAN_POINT('Ctrl Pts',(-61.3005884380425,61.3306549893795,1.));
#9433=CARTESIAN_POINT('',(-59.4127972812737,60.4711727010189,0.));
#9434=CARTESIAN_POINT('Ctrl Pts',(-59.4127972812737,60.4711727010189,0.));
#9435=CARTESIAN_POINT('Ctrl Pts',(-59.7735682308329,60.5078167886371,0.));
#9436=CARTESIAN_POINT('Ctrl Pts',(-60.4993660399383,60.5815372435197,0.));
#9437=CARTESIAN_POINT('Ctrl Pts',(-61.0324723015239,61.0799748332922,0.));
#9438=CARTESIAN_POINT('Ctrl Pts',(-61.3005884380425,61.3306549893795,0.));
#9439=CARTESIAN_POINT('',(-59.4127972812737,60.4711727010189,1.));
#9440=CARTESIAN_POINT('',(-59.4127972812737,60.4711727010189,0.));
#9441=CARTESIAN_POINT('Ctrl Pts',(-59.4127972812737,60.4711727010189,1.));
#9442=CARTESIAN_POINT('Ctrl Pts',(-59.7735682308329,60.5078167886371,1.));
#9443=CARTESIAN_POINT('Ctrl Pts',(-60.4993660399383,60.5815372435197,1.));
#9444=CARTESIAN_POINT('Ctrl Pts',(-61.0324723015239,61.0799748332922,1.));
#9445=CARTESIAN_POINT('Ctrl Pts',(-61.3005884380425,61.3306549893795,1.));
#9446=CARTESIAN_POINT('Ctrl Pts',(-57.5198920459832,61.3306549893795,0.));
#9447=CARTESIAN_POINT('Ctrl Pts',(-57.5198920459832,61.3306549893795,1.));
#9448=CARTESIAN_POINT('Ctrl Pts',(-57.789338676472,61.0799755941436,0.));
#9449=CARTESIAN_POINT('Ctrl Pts',(-57.789338676472,61.0799755941436,1.));
#9450=CARTESIAN_POINT('Ctrl Pts',(-58.3246446334309,60.5819542482718,0.));
#9451=CARTESIAN_POINT('Ctrl Pts',(-58.3246446334309,60.5819542482718,1.));
#9452=CARTESIAN_POINT('Ctrl Pts',(-59.0517038389643,60.507934537992,0.));
#9453=CARTESIAN_POINT('Ctrl Pts',(-59.0517038389643,60.507934537992,1.));
#9454=CARTESIAN_POINT('Ctrl Pts',(-59.4127972812737,60.4711727010189,0.));
#9455=CARTESIAN_POINT('Ctrl Pts',(-59.4127972812737,60.4711727010189,1.));
#9456=CARTESIAN_POINT('',(-57.5198920459832,61.3306549893795,0.));
#9457=CARTESIAN_POINT('Ctrl Pts',(-57.5198920459832,61.3306549893795,0.));
#9458=CARTESIAN_POINT('Ctrl Pts',(-57.789338676472,61.0799755941436,0.));
#9459=CARTESIAN_POINT('Ctrl Pts',(-58.3246446334309,60.5819542482718,0.));
#9460=CARTESIAN_POINT('Ctrl Pts',(-59.0517038389643,60.507934537992,0.));
#9461=CARTESIAN_POINT('Ctrl Pts',(-59.4127972812737,60.4711727010189,0.));
#9462=CARTESIAN_POINT('',(-57.5198920459832,61.3306549893795,1.));
#9463=CARTESIAN_POINT('',(-57.5198920459832,61.3306549893795,0.));
#9464=CARTESIAN_POINT('Ctrl Pts',(-57.5198920459832,61.3306549893795,1.));
#9465=CARTESIAN_POINT('Ctrl Pts',(-57.789338676472,61.0799755941436,1.));
#9466=CARTESIAN_POINT('Ctrl Pts',(-58.3246446334309,60.5819542482718,1.));
#9467=CARTESIAN_POINT('Ctrl Pts',(-59.0517038389643,60.507934537992,1.));
#9468=CARTESIAN_POINT('Ctrl Pts',(-59.4127972812737,60.4711727010189,1.));
#9469=CARTESIAN_POINT('Ctrl Pts',(-56.7524965496148,63.8067797528683,0.));
#9470=CARTESIAN_POINT('Ctrl Pts',(-56.7524965496148,63.8067797528683,1.));
#9471=CARTESIAN_POINT('Ctrl Pts',(-56.7708320282907,63.3159930635187,0.));
#9472=CARTESIAN_POINT('Ctrl Pts',(-56.7708320282907,63.3159930635187,1.));
#9473=CARTESIAN_POINT('Ctrl Pts',(-56.8043982107364,62.4175253524847,0.));
#9474=CARTESIAN_POINT('Ctrl Pts',(-56.8043982107364,62.4175253524847,1.));
#9475=CARTESIAN_POINT('Ctrl Pts',(-57.2965688895496,61.6698938593259,0.));
#9476=CARTESIAN_POINT('Ctrl Pts',(-57.2965688895496,61.6698938593259,1.));
#9477=CARTESIAN_POINT('Ctrl Pts',(-57.5198920459832,61.3306549893795,0.));
#9478=CARTESIAN_POINT('Ctrl Pts',(-57.5198920459832,61.3306549893795,1.));
#9479=CARTESIAN_POINT('',(-56.7524965496148,63.8067797528683,0.));
#9480=CARTESIAN_POINT('Ctrl Pts',(-56.7524965496148,63.8067797528683,0.));
#9481=CARTESIAN_POINT('Ctrl Pts',(-56.7708320282907,63.3159930635187,0.));
#9482=CARTESIAN_POINT('Ctrl Pts',(-56.8043982107364,62.4175253524847,0.));
#9483=CARTESIAN_POINT('Ctrl Pts',(-57.2965688895496,61.6698938593259,0.));
#9484=CARTESIAN_POINT('Ctrl Pts',(-57.5198920459832,61.3306549893795,0.));
#9485=CARTESIAN_POINT('',(-56.7524965496148,63.8067797528683,1.));
#9486=CARTESIAN_POINT('',(-56.7524965496148,63.8067797528683,0.));
#9487=CARTESIAN_POINT('Ctrl Pts',(-56.7524965496148,63.8067797528683,1.));
#9488=CARTESIAN_POINT('Ctrl Pts',(-56.7708320282907,63.3159930635187,1.));
#9489=CARTESIAN_POINT('Ctrl Pts',(-56.8043982107364,62.4175253524847,1.));
#9490=CARTESIAN_POINT('Ctrl Pts',(-57.2965688895496,61.6698938593259,1.));
#9491=CARTESIAN_POINT('Ctrl Pts',(-57.5198920459832,61.3306549893795,1.));
#9492=CARTESIAN_POINT('Ctrl Pts',(-57.5198920459832,66.2829051124035,0.));
#9493=CARTESIAN_POINT('Ctrl Pts',(-57.5198920459832,66.2829051124035,1.));
#9494=CARTESIAN_POINT('Ctrl Pts',(-57.2965688873042,65.9436660403332,0.));
#9495=CARTESIAN_POINT('Ctrl Pts',(-57.2965688873042,65.9436660403332,1.));
#9496=CARTESIAN_POINT('Ctrl Pts',(-56.8043983209708,65.1960342801036,0.));
#9497=CARTESIAN_POINT('Ctrl Pts',(-56.8043983209708,65.1960342801036,1.));
#9498=CARTESIAN_POINT('Ctrl Pts',(-56.7708320648834,64.2975664241241,0.));
#9499=CARTESIAN_POINT('Ctrl Pts',(-56.7708320648834,64.2975664241241,1.));
#9500=CARTESIAN_POINT('Ctrl Pts',(-56.7524965496148,63.8067797528683,0.));
#9501=CARTESIAN_POINT('Ctrl Pts',(-56.7524965496148,63.8067797528683,1.));
#9502=CARTESIAN_POINT('Ctrl Pts',(-57.5198920459832,66.2829051124035,0.));
#9503=CARTESIAN_POINT('Ctrl Pts',(-57.2965688873042,65.9436660403332,0.));
#9504=CARTESIAN_POINT('Ctrl Pts',(-56.8043983209708,65.1960342801036,0.));
#9505=CARTESIAN_POINT('Ctrl Pts',(-56.7708320648834,64.2975664241241,0.));
#9506=CARTESIAN_POINT('Ctrl Pts',(-56.7524965496148,63.8067797528683,0.));
#9507=CARTESIAN_POINT('Ctrl Pts',(-57.5198920459832,66.2829051124035,1.));
#9508=CARTESIAN_POINT('Ctrl Pts',(-57.2965688873042,65.9436660403332,1.));
#9509=CARTESIAN_POINT('Ctrl Pts',(-56.8043983209708,65.1960342801036,1.));
#9510=CARTESIAN_POINT('Ctrl Pts',(-56.7708320648834,64.2975664241241,1.));
#9511=CARTESIAN_POINT('Ctrl Pts',(-56.7524965496148,63.8067797528683,1.));
#9512=CARTESIAN_POINT('Ctrl Pts',(-56.5734370441521,58.8033691750942,0.));
#9513=CARTESIAN_POINT('Ctrl Pts',(-56.5734370441521,58.8033691750942,1.));
#9514=CARTESIAN_POINT('Ctrl Pts',(-56.1492668447797,59.0534622697329,0.));
#9515=CARTESIAN_POINT('Ctrl Pts',(-56.1492668447797,59.0534622697329,1.));
#9516=CARTESIAN_POINT('Ctrl Pts',(-55.3056451783874,59.550866268327,0.));
#9517=CARTESIAN_POINT('Ctrl Pts',(-55.3056451783874,59.550866268327,1.));
#9518=CARTESIAN_POINT('Ctrl Pts',(-54.7753631815998,60.373987398682,0.));
#9519=CARTESIAN_POINT('Ctrl Pts',(-54.7753631815998,60.373987398682,1.));
#9520=CARTESIAN_POINT('Ctrl Pts',(-54.511705228814,60.7832459317623,0.));
#9521=CARTESIAN_POINT('Ctrl Pts',(-54.511705228814,60.7832459317623,1.));
#9522=CARTESIAN_POINT('',(-56.5734370441521,58.8033691750942,0.));
#9523=CARTESIAN_POINT('',(-54.511705228814,60.7832459317623,0.));
#9524=CARTESIAN_POINT('Ctrl Pts',(-56.5734370441521,58.8033691750942,0.));
#9525=CARTESIAN_POINT('Ctrl Pts',(-56.1492668447797,59.0534622697329,0.));
#9526=CARTESIAN_POINT('Ctrl Pts',(-55.3056451783874,59.550866268327,0.));
#9527=CARTESIAN_POINT('Ctrl Pts',(-54.7753631815998,60.373987398682,0.));
#9528=CARTESIAN_POINT('Ctrl Pts',(-54.511705228814,60.7832459317623,0.));
#9529=CARTESIAN_POINT('',(-56.5734370441521,58.8033691750942,1.));
#9530=CARTESIAN_POINT('',(-56.5734370441521,58.8033691750942,0.));
#9531=CARTESIAN_POINT('',(-54.511705228814,60.7832459317623,1.));
#9532=CARTESIAN_POINT('Ctrl Pts',(-56.5734370441521,58.8033691750942,1.));
#9533=CARTESIAN_POINT('Ctrl Pts',(-56.1492668447797,59.0534622697329,1.));
#9534=CARTESIAN_POINT('Ctrl Pts',(-55.3056451783874,59.550866268327,1.));
#9535=CARTESIAN_POINT('Ctrl Pts',(-54.7753631815998,60.373987398682,1.));
#9536=CARTESIAN_POINT('Ctrl Pts',(-54.511705228814,60.7832459317623,1.));
#9537=CARTESIAN_POINT('',(-54.511705228814,60.7832459317623,0.));
#9538=CARTESIAN_POINT('Ctrl Pts',(-59.4230278225029,58.1280616628109,0.));
#9539=CARTESIAN_POINT('Ctrl Pts',(-59.4230278225029,58.1280616628109,1.));
#9540=CARTESIAN_POINT('Ctrl Pts',(-58.9300249801714,58.1566012879463,0.));
#9541=CARTESIAN_POINT('Ctrl Pts',(-58.9300249801714,58.1566012879463,1.));
#9542=CARTESIAN_POINT('Ctrl Pts',(-57.9404661584794,58.2138862270898,0.));
#9543=CARTESIAN_POINT('Ctrl Pts',(-57.9404661584794,58.2138862270898,1.));
#9544=CARTESIAN_POINT('Ctrl Pts',(-57.030202887678,58.6064050627959,0.));
#9545=CARTESIAN_POINT('Ctrl Pts',(-57.030202887678,58.6064050627959,1.));
#9546=CARTESIAN_POINT('Ctrl Pts',(-56.5734370441521,58.8033691750942,0.));
#9547=CARTESIAN_POINT('Ctrl Pts',(-56.5734370441521,58.8033691750942,1.));
#9548=CARTESIAN_POINT('',(-59.4230278225029,58.1280616628109,0.));
#9549=CARTESIAN_POINT('Ctrl Pts',(-59.4230278225029,58.1280616628109,0.));
#9550=CARTESIAN_POINT('Ctrl Pts',(-58.9300249801714,58.1566012879463,0.));
#9551=CARTESIAN_POINT('Ctrl Pts',(-57.9404661584794,58.2138862270898,0.));
#9552=CARTESIAN_POINT('Ctrl Pts',(-57.030202887678,58.6064050627959,0.));
#9553=CARTESIAN_POINT('Ctrl Pts',(-56.5734370441521,58.8033691750942,0.));
#9554=CARTESIAN_POINT('',(-59.4230278225029,58.1280616628109,1.));
#9555=CARTESIAN_POINT('',(-59.4230278225029,58.1280616628109,0.));
#9556=CARTESIAN_POINT('Ctrl Pts',(-59.4230278225029,58.1280616628109,1.));
#9557=CARTESIAN_POINT('Ctrl Pts',(-58.9300249801714,58.1566012879463,1.));
#9558=CARTESIAN_POINT('Ctrl Pts',(-57.9404661584794,58.2138862270898,1.));
#9559=CARTESIAN_POINT('Ctrl Pts',(-57.030202887678,58.6064050627959,1.));
#9560=CARTESIAN_POINT('Ctrl Pts',(-56.5734370441521,58.8033691750942,1.));
#9561=CARTESIAN_POINT('Ctrl Pts',(-63.428827116021,59.7498217927395,0.));
#9562=CARTESIAN_POINT('Ctrl Pts',(-63.428827116021,59.7498217927395,1.));
#9563=CARTESIAN_POINT('Ctrl Pts',(-62.8574578277254,59.2768477145895,0.));
#9564=CARTESIAN_POINT('Ctrl Pts',(-62.8574578277254,59.2768477145895,1.));
#9565=CARTESIAN_POINT('Ctrl Pts',(-61.6947619713868,58.3143791113837,0.));
#9566=CARTESIAN_POINT('Ctrl Pts',(-61.6947619713868,58.3143791113837,1.));
#9567=CARTESIAN_POINT('Ctrl Pts',(-60.1888884746204,58.1908741194247,0.));
#9568=CARTESIAN_POINT('Ctrl Pts',(-60.1888884746204,58.1908741194247,1.));
#9569=CARTESIAN_POINT('Ctrl Pts',(-59.4230278225029,58.1280616628109,0.));
#9570=CARTESIAN_POINT('Ctrl Pts',(-59.4230278225029,58.1280616628109,1.));
#9571=CARTESIAN_POINT('',(-63.428827116021,59.7498217927395,0.));
#9572=CARTESIAN_POINT('Ctrl Pts',(-63.428827116021,59.7498217927395,0.));
#9573=CARTESIAN_POINT('Ctrl Pts',(-62.8574578277254,59.2768477145895,0.));
#9574=CARTESIAN_POINT('Ctrl Pts',(-61.6947619713868,58.3143791113837,0.));
#9575=CARTESIAN_POINT('Ctrl Pts',(-60.1888884746204,58.1908741194247,0.));
#9576=CARTESIAN_POINT('Ctrl Pts',(-59.4230278225029,58.1280616628109,0.));
#9577=CARTESIAN_POINT('',(-63.428827116021,59.7498217927395,1.));
#9578=CARTESIAN_POINT('',(-63.428827116021,59.7498217927395,0.));
#9579=CARTESIAN_POINT('Ctrl Pts',(-63.428827116021,59.7498217927395,1.));
#9580=CARTESIAN_POINT('Ctrl Pts',(-62.8574578277254,59.2768477145895,1.));
#9581=CARTESIAN_POINT('Ctrl Pts',(-61.6947619713868,58.3143791113837,1.));
#9582=CARTESIAN_POINT('Ctrl Pts',(-60.1888884746204,58.1908741194247,1.));
#9583=CARTESIAN_POINT('Ctrl Pts',(-59.4230278225029,58.1280616628109,1.));
#9584=CARTESIAN_POINT('Ctrl Pts',(-65.0198920459832,63.8374761449276,0.));
#9585=CARTESIAN_POINT('Ctrl Pts',(-65.0198920459832,63.8374761449276,1.));
#9586=CARTESIAN_POINT('Ctrl Pts',(-64.9598922407001,63.0572100732435,0.));
#9587=CARTESIAN_POINT('Ctrl Pts',(-64.9598922407001,63.0572100732435,1.));
#9588=CARTESIAN_POINT('Ctrl Pts',(-64.842582419097,61.5316572278555,0.));
#9589=CARTESIAN_POINT('Ctrl Pts',(-64.842582419097,61.5316572278555,1.));
#9590=CARTESIAN_POINT('Ctrl Pts',(-63.8928198699688,60.3346179939084,0.));
#9591=CARTESIAN_POINT('Ctrl Pts',(-63.8928198699688,60.3346179939084,1.));
#9592=CARTESIAN_POINT('Ctrl Pts',(-63.428827116021,59.7498217927395,0.));
#9593=CARTESIAN_POINT('Ctrl Pts',(-63.428827116021,59.7498217927395,1.));
#9594=CARTESIAN_POINT('',(-65.0198920459832,63.8374761449276,0.));
#9595=CARTESIAN_POINT('Ctrl Pts',(-65.0198920459832,63.8374761449276,0.));
#9596=CARTESIAN_POINT('Ctrl Pts',(-64.9598922407001,63.0572100732435,0.));
#9597=CARTESIAN_POINT('Ctrl Pts',(-64.842582419097,61.5316572278555,0.));
#9598=CARTESIAN_POINT('Ctrl Pts',(-63.8928198699688,60.3346179939084,0.));
#9599=CARTESIAN_POINT('Ctrl Pts',(-63.428827116021,59.7498217927395,0.));
#9600=CARTESIAN_POINT('',(-65.0198920459832,63.8374761449276,1.));
#9601=CARTESIAN_POINT('',(-65.0198920459832,63.8374761449276,0.));
#9602=CARTESIAN_POINT('Ctrl Pts',(-65.0198920459832,63.8374761449276,1.));
#9603=CARTESIAN_POINT('Ctrl Pts',(-64.9598922407001,63.0572100732435,1.));
#9604=CARTESIAN_POINT('Ctrl Pts',(-64.842582419097,61.5316572278555,1.));
#9605=CARTESIAN_POINT('Ctrl Pts',(-63.8928198699688,60.3346179939084,1.));
#9606=CARTESIAN_POINT('Ctrl Pts',(-63.428827116021,59.7498217927395,1.));
#9607=CARTESIAN_POINT('Ctrl Pts',(-63.4441765041436,67.8842011796413,0.));
#9608=CARTESIAN_POINT('Ctrl Pts',(-63.4441765041436,67.8842011796413,1.));
#9609=CARTESIAN_POINT('Ctrl Pts',(-63.9036875798737,67.3059952797484,0.));
#9610=CARTESIAN_POINT('Ctrl Pts',(-63.9036875798737,67.3059952797484,1.));
#9611=CARTESIAN_POINT('Ctrl Pts',(-64.8450646219481,66.1214541696428,0.));
#9612=CARTESIAN_POINT('Ctrl Pts',(-64.8450646219481,66.1214541696428,1.));
#9613=CARTESIAN_POINT('Ctrl Pts',(-64.9607008993358,64.6107603075608,0.));
#9614=CARTESIAN_POINT('Ctrl Pts',(-64.9607008993358,64.6107603075608,1.));
#9615=CARTESIAN_POINT('Ctrl Pts',(-65.0198920459832,63.8374761449276,0.));
#9616=CARTESIAN_POINT('Ctrl Pts',(-65.0198920459832,63.8374761449276,1.));
#9617=CARTESIAN_POINT('',(-63.4441765041436,67.8842011796413,0.));
#9618=CARTESIAN_POINT('Ctrl Pts',(-63.4441765041436,67.8842011796413,0.));
#9619=CARTESIAN_POINT('Ctrl Pts',(-63.9036875798737,67.3059952797484,0.));
#9620=CARTESIAN_POINT('Ctrl Pts',(-64.8450646219481,66.1214541696428,0.));
#9621=CARTESIAN_POINT('Ctrl Pts',(-64.9607008993358,64.6107603075608,0.));
#9622=CARTESIAN_POINT('Ctrl Pts',(-65.0198920459832,63.8374761449276,0.));
#9623=CARTESIAN_POINT('',(-63.4441765041436,67.8842011796413,1.));
#9624=CARTESIAN_POINT('',(-63.4441765041436,67.8842011796413,0.));
#9625=CARTESIAN_POINT('Ctrl Pts',(-63.4441765041436,67.8842011796413,1.));
#9626=CARTESIAN_POINT('Ctrl Pts',(-63.9036875798737,67.3059952797484,1.));
#9627=CARTESIAN_POINT('Ctrl Pts',(-64.8450646219481,66.1214541696428,1.));
#9628=CARTESIAN_POINT('Ctrl Pts',(-64.9607008993358,64.6107603075608,1.));
#9629=CARTESIAN_POINT('Ctrl Pts',(-65.0198920459832,63.8374761449276,1.));
#9630=CARTESIAN_POINT('Ctrl Pts',(-59.4025643558587,69.4854978429256,0.));
#9631=CARTESIAN_POINT('Ctrl Pts',(-59.4025643558587,69.4854978429256,1.));
#9632=CARTESIAN_POINT('Ctrl Pts',(-60.1801347385609,69.4260520204072,0.));
#9633=CARTESIAN_POINT('Ctrl Pts',(-60.1801347385609,69.4260520204072,1.));
#9634=CARTESIAN_POINT('Ctrl Pts',(-61.6955700521779,69.3101958861003,0.));
#9635=CARTESIAN_POINT('Ctrl Pts',(-61.6955700521779,69.3101958861003,1.));
#9636=CARTESIAN_POINT('Ctrl Pts',(-62.8715784307143,68.3511569207236,0.));
#9637=CARTESIAN_POINT('Ctrl Pts',(-62.8715784307143,68.3511569207236,1.));
#9638=CARTESIAN_POINT('Ctrl Pts',(-63.4441765041436,67.8842011796413,0.));
#9639=CARTESIAN_POINT('Ctrl Pts',(-63.4441765041436,67.8842011796413,1.));
#9640=CARTESIAN_POINT('',(-59.4025643558587,69.4854978429256,0.));
#9641=CARTESIAN_POINT('Ctrl Pts',(-59.4025643558587,69.4854978429256,0.));
#9642=CARTESIAN_POINT('Ctrl Pts',(-60.1801347385609,69.4260520204072,0.));
#9643=CARTESIAN_POINT('Ctrl Pts',(-61.6955700521779,69.3101958861003,0.));
#9644=CARTESIAN_POINT('Ctrl Pts',(-62.8715784307143,68.3511569207236,0.));
#9645=CARTESIAN_POINT('Ctrl Pts',(-63.4441765041436,67.8842011796413,0.));
#9646=CARTESIAN_POINT('',(-59.4025643558587,69.4854978429256,1.));
#9647=CARTESIAN_POINT('',(-59.4025643558587,69.4854978429256,0.));
#9648=CARTESIAN_POINT('Ctrl Pts',(-59.4025643558587,69.4854978429256,1.));
#9649=CARTESIAN_POINT('Ctrl Pts',(-60.1801347385609,69.4260520204072,1.));
#9650=CARTESIAN_POINT('Ctrl Pts',(-61.6955700521779,69.3101958861003,1.));
#9651=CARTESIAN_POINT('Ctrl Pts',(-62.8715784307143,68.3511569207236,1.));
#9652=CARTESIAN_POINT('Ctrl Pts',(-63.4441765041436,67.8842011796413,1.));
#9653=CARTESIAN_POINT('Ctrl Pts',(-56.5120466442193,68.7794951306759,0.));
#9654=CARTESIAN_POINT('Ctrl Pts',(-56.5120466442193,68.7794951306759,1.));
#9655=CARTESIAN_POINT('Ctrl Pts',(-56.9613850417752,68.9853876860763,0.));
#9656=CARTESIAN_POINT('Ctrl Pts',(-56.9613850417752,68.9853876860763,1.));
#9657=CARTESIAN_POINT('Ctrl Pts',(-57.8791384337081,69.4059139356027,0.));
#9658=CARTESIAN_POINT('Ctrl Pts',(-57.8791384337081,69.4059139356027,1.));
#9659=CARTESIAN_POINT('Ctrl Pts',(-58.8877671985974,69.4586047930845,0.));
#9660=CARTESIAN_POINT('Ctrl Pts',(-58.8877671985974,69.4586047930845,1.));
#9661=CARTESIAN_POINT('Ctrl Pts',(-59.4025643558587,69.4854978429256,0.));
#9662=CARTESIAN_POINT('Ctrl Pts',(-59.4025643558587,69.4854978429256,1.));
#9663=CARTESIAN_POINT('',(-56.5120466442193,68.7794951306759,0.));
#9664=CARTESIAN_POINT('Ctrl Pts',(-56.5120466442193,68.7794951306759,0.));
#9665=CARTESIAN_POINT('Ctrl Pts',(-56.9613850417752,68.9853876860763,0.));
#9666=CARTESIAN_POINT('Ctrl Pts',(-57.8791384337081,69.4059139356027,0.));
#9667=CARTESIAN_POINT('Ctrl Pts',(-58.8877671985974,69.4586047930845,0.));
#9668=CARTESIAN_POINT('Ctrl Pts',(-59.4025643558587,69.4854978429256,0.));
#9669=CARTESIAN_POINT('',(-56.5120466442193,68.7794951306759,1.));
#9670=CARTESIAN_POINT('',(-56.5120466442193,68.7794951306759,0.));
#9671=CARTESIAN_POINT('Ctrl Pts',(-56.5120466442193,68.7794951306759,1.));
#9672=CARTESIAN_POINT('Ctrl Pts',(-56.9613850417752,68.9853876860763,1.));
#9673=CARTESIAN_POINT('Ctrl Pts',(-57.8791384337081,69.4059139356027,1.));
#9674=CARTESIAN_POINT('Ctrl Pts',(-58.8877671985974,69.4586047930845,1.));
#9675=CARTESIAN_POINT('Ctrl Pts',(-59.4025643558587,69.4854978429256,1.));
#9676=CARTESIAN_POINT('Ctrl Pts',(-54.511705228814,66.7331097232281,0.));
#9677=CARTESIAN_POINT('Ctrl Pts',(-54.511705228814,66.7331097232281,1.));
#9678=CARTESIAN_POINT('Ctrl Pts',(-54.7699710639402,67.1526038977746,0.));
#9679=CARTESIAN_POINT('Ctrl Pts',(-54.7699710639402,67.1526038977746,1.));
#9680=CARTESIAN_POINT('Ctrl Pts',(-55.2827890631874,67.985560232017,0.));
#9681=CARTESIAN_POINT('Ctrl Pts',(-55.2827890631874,67.985560232017,1.));
#9682=CARTESIAN_POINT('Ctrl Pts',(-56.1042771055389,68.5161309079418,0.));
#9683=CARTESIAN_POINT('Ctrl Pts',(-56.1042771055389,68.5161309079418,1.));
#9684=CARTESIAN_POINT('Ctrl Pts',(-56.5120466442193,68.7794951306759,0.));
#9685=CARTESIAN_POINT('Ctrl Pts',(-56.5120466442193,68.7794951306759,1.));
#9686=CARTESIAN_POINT('',(-54.511705228814,66.7331097232281,0.));
#9687=CARTESIAN_POINT('Ctrl Pts',(-54.511705228814,66.7331097232281,0.));
#9688=CARTESIAN_POINT('Ctrl Pts',(-54.7699710639402,67.1526038977746,0.));
#9689=CARTESIAN_POINT('Ctrl Pts',(-55.2827890631874,67.985560232017,0.));
#9690=CARTESIAN_POINT('Ctrl Pts',(-56.1042771055389,68.5161309079418,0.));
#9691=CARTESIAN_POINT('Ctrl Pts',(-56.5120466442193,68.7794951306759,0.));
#9692=CARTESIAN_POINT('',(-54.511705228814,66.7331097232281,1.));
#9693=CARTESIAN_POINT('',(-54.511705228814,66.7331097232281,0.));
#9694=CARTESIAN_POINT('Ctrl Pts',(-54.511705228814,66.7331097232281,1.));
#9695=CARTESIAN_POINT('Ctrl Pts',(-54.7699710639402,67.1526038977746,1.));
#9696=CARTESIAN_POINT('Ctrl Pts',(-55.2827890631874,67.985560232017,1.));
#9697=CARTESIAN_POINT('Ctrl Pts',(-56.1042771055389,68.5161309079418,1.));
#9698=CARTESIAN_POINT('Ctrl Pts',(-56.5120466442193,68.7794951306759,1.));
#9699=CARTESIAN_POINT('Ctrl Pts',(-53.8057025165642,63.9602593289791,0.));
#9700=CARTESIAN_POINT('Ctrl Pts',(-53.8057025165642,63.9602593289791,1.));
#9701=CARTESIAN_POINT('Ctrl Pts',(-53.8368030166039,64.4370829686345,0.));
#9702=CARTESIAN_POINT('Ctrl Pts',(-53.8368030166039,64.4370829686345,1.));
#9703=CARTESIAN_POINT('Ctrl Pts',(-53.8999270664934,65.4048821737817,0.));
#9704=CARTESIAN_POINT('Ctrl Pts',(-53.8999270664934,65.4048821737817,1.));
#9705=CARTESIAN_POINT('Ctrl Pts',(-54.3058008388791,66.2860720548253,0.));
#9706=CARTESIAN_POINT('Ctrl Pts',(-54.3058008388791,66.2860720548253,1.));
#9707=CARTESIAN_POINT('Ctrl Pts',(-54.511705228814,66.7331097232281,0.));
#9708=CARTESIAN_POINT('Ctrl Pts',(-54.511705228814,66.7331097232281,1.));
#9709=CARTESIAN_POINT('',(-53.8057025165642,63.9602593289791,0.));
#9710=CARTESIAN_POINT('Ctrl Pts',(-53.8057025165642,63.9602593289791,0.));
#9711=CARTESIAN_POINT('Ctrl Pts',(-53.8368030166039,64.4370829686345,0.));
#9712=CARTESIAN_POINT('Ctrl Pts',(-53.8999270664934,65.4048821737817,0.));
#9713=CARTESIAN_POINT('Ctrl Pts',(-54.3058008388791,66.2860720548253,0.));
#9714=CARTESIAN_POINT('Ctrl Pts',(-54.511705228814,66.7331097232281,0.));
#9715=CARTESIAN_POINT('',(-53.8057025165642,63.9602593289791,1.));
#9716=CARTESIAN_POINT('',(-53.8057025165642,63.9602593289791,0.));
#9717=CARTESIAN_POINT('Ctrl Pts',(-53.8057025165642,63.9602593289791,1.));
#9718=CARTESIAN_POINT('Ctrl Pts',(-53.8368030166039,64.4370829686345,1.));
#9719=CARTESIAN_POINT('Ctrl Pts',(-53.8999270664934,65.4048821737817,1.));
#9720=CARTESIAN_POINT('Ctrl Pts',(-54.3058008388791,66.2860720548253,1.));
#9721=CARTESIAN_POINT('Ctrl Pts',(-54.511705228814,66.7331097232281,1.));
#9722=CARTESIAN_POINT('Ctrl Pts',(-54.511705228814,60.7832459317623,0.));
#9723=CARTESIAN_POINT('Ctrl Pts',(-54.511705228814,60.7832459317623,1.));
#9724=CARTESIAN_POINT('Ctrl Pts',(-54.3059923489647,61.2587001540879,0.));
#9725=CARTESIAN_POINT('Ctrl Pts',(-54.3059923489647,61.2587001540879,1.));
#9726=CARTESIAN_POINT('Ctrl Pts',(-53.8679845644371,62.2710463461091,0.));
#9727=CARTESIAN_POINT('Ctrl Pts',(-53.8679845644371,62.2710463461091,1.));
#9728=CARTESIAN_POINT('Ctrl Pts',(-53.8272865003476,63.3748587701628,0.));
#9729=CARTESIAN_POINT('Ctrl Pts',(-53.8272865003476,63.3748587701628,1.));
#9730=CARTESIAN_POINT('Ctrl Pts',(-53.8057025165642,63.9602593289791,0.));
#9731=CARTESIAN_POINT('Ctrl Pts',(-53.8057025165642,63.9602593289791,1.));
#9732=CARTESIAN_POINT('Ctrl Pts',(-54.511705228814,60.7832459317623,0.));
#9733=CARTESIAN_POINT('Ctrl Pts',(-54.3059923489647,61.2587001540879,0.));
#9734=CARTESIAN_POINT('Ctrl Pts',(-53.8679845644371,62.2710463461091,0.));
#9735=CARTESIAN_POINT('Ctrl Pts',(-53.8272865003476,63.3748587701628,0.));
#9736=CARTESIAN_POINT('Ctrl Pts',(-53.8057025165642,63.9602593289791,0.));
#9737=CARTESIAN_POINT('Ctrl Pts',(-54.511705228814,60.7832459317623,1.));
#9738=CARTESIAN_POINT('Ctrl Pts',(-54.3059923489647,61.2587001540879,1.));
#9739=CARTESIAN_POINT('Ctrl Pts',(-53.8679845644371,62.2710463461091,1.));
#9740=CARTESIAN_POINT('Ctrl Pts',(-53.8272865003476,63.3748587701628,1.));
#9741=CARTESIAN_POINT('Ctrl Pts',(-53.8057025165642,63.9602593289791,1.));
#9742=CARTESIAN_POINT('Origin',(-73.450994083413,65.7583423252689,1.));
#9743=CARTESIAN_POINT('Origin',(-30.5485375614251,68.1553474770962,0.));
#9744=CARTESIAN_POINT('',(-30.5485375614251,68.1553474770962,0.));
#9745=CARTESIAN_POINT('',(-30.5485375614251,58.3736280309139,0.));
#9746=CARTESIAN_POINT('',(-30.5485375614251,66.4119536398548,0.));
#9747=CARTESIAN_POINT('',(-30.5485375614251,68.1553474770962,1.));
#9748=CARTESIAN_POINT('',(-30.5485375614251,68.1553474770962,0.));
#9749=CARTESIAN_POINT('',(-30.5485375614251,58.3736280309139,1.));
#9750=CARTESIAN_POINT('',(-30.5485375614251,68.1553474770962,1.));
#9751=CARTESIAN_POINT('',(-30.5485375614251,58.3736280309139,0.));
#9752=CARTESIAN_POINT('Origin',(-36.5956040115441,58.3736280309139,0.));
#9753=CARTESIAN_POINT('',(-36.5956040115441,58.3736280309139,0.));
#9754=CARTESIAN_POINT('',(-40.2923789048214,52.3937342824307,0.));
#9755=CARTESIAN_POINT('',(-36.5956040115441,58.3736280309139,1.));
#9756=CARTESIAN_POINT('',(-36.5956040115441,58.3736280309139,0.));
#9757=CARTESIAN_POINT('',(-36.5956040115441,58.3736280309139,1.));
#9758=CARTESIAN_POINT('Origin',(-39.6344848365868,58.3736280309139,0.));
#9759=CARTESIAN_POINT('',(-39.6344848365868,58.3736280309139,0.));
#9760=CARTESIAN_POINT('',(-56.5762132534631,58.3736280309139,0.));
#9761=CARTESIAN_POINT('',(-39.6344848365868,58.3736280309139,1.));
#9762=CARTESIAN_POINT('',(-39.6344848365868,58.3736280309139,0.));
#9763=CARTESIAN_POINT('',(-39.6344848365868,58.3736280309139,1.));
#9764=CARTESIAN_POINT('Origin',(-39.6344848365868,73.3736292230068,0.));
#9765=CARTESIAN_POINT('',(-39.6344848365868,73.3736292230068,0.));
#9766=CARTESIAN_POINT('',(-39.6344848365868,69.0210945128102,0.));
#9767=CARTESIAN_POINT('',(-39.6344848365868,73.3736292230068,1.));
#9768=CARTESIAN_POINT('',(-39.6344848365868,73.3736292230068,0.));
#9769=CARTESIAN_POINT('',(-39.6344848365868,73.3736292230068,1.));
#9770=CARTESIAN_POINT('Origin',(-36.8207057209099,73.3736292230068,0.));
#9771=CARTESIAN_POINT('',(-36.8207057209099,73.3736292230068,0.));
#9772=CARTESIAN_POINT('',(-55.1693236956247,73.3736292230068,0.));
#9773=CARTESIAN_POINT('',(-36.8207057209099,73.3736292230068,1.));
#9774=CARTESIAN_POINT('',(-36.8207057209099,73.3736292230068,0.));
#9775=CARTESIAN_POINT('',(-36.8207057209099,73.3736292230068,1.));
#9776=CARTESIAN_POINT('Origin',(-36.8207057209099,63.3565751420437,0.));
#9777=CARTESIAN_POINT('',(-36.8207057209099,63.3565751420437,0.));
#9778=CARTESIAN_POINT('',(-36.8207057209099,64.0125674723286,0.));
#9779=CARTESIAN_POINT('',(-36.8207057209099,63.3565751420437,1.));
#9780=CARTESIAN_POINT('',(-36.8207057209099,63.3565751420437,0.));
#9781=CARTESIAN_POINT('',(-36.8207057209099,63.3565751420437,1.));
#9782=CARTESIAN_POINT('Origin',(-30.6815512867058,73.3736292230068,0.));
#9783=CARTESIAN_POINT('',(-30.6815512867058,73.3736292230068,0.));
#9784=CARTESIAN_POINT('',(-38.4689521850609,60.6671862128178,0.));
#9785=CARTESIAN_POINT('',(-30.6815512867058,73.3736292230068,1.));
#9786=CARTESIAN_POINT('',(-30.6815512867058,73.3736292230068,0.));
#9787=CARTESIAN_POINT('',(-30.6815512867058,73.3736292230068,1.));
#9788=CARTESIAN_POINT('Origin',(-27.7347572536553,73.3736292230068,0.));
#9789=CARTESIAN_POINT('',(-27.7347572536553,73.3736292230068,0.));
#9790=CARTESIAN_POINT('',(-50.6263494619974,73.3736292230068,0.));
#9791=CARTESIAN_POINT('',(-27.7347572536553,73.3736292230068,1.));
#9792=CARTESIAN_POINT('',(-27.7347572536553,73.3736292230068,0.));
#9793=CARTESIAN_POINT('',(-27.7347572536553,73.3736292230068,1.));
#9794=CARTESIAN_POINT('Origin',(-27.7347572536553,58.3736280309139,0.));
#9795=CARTESIAN_POINT('',(-27.7347572536553,58.3736280309139,0.));
#9796=CARTESIAN_POINT('',(-27.7347572536553,61.5210939167637,0.));
#9797=CARTESIAN_POINT('',(-27.7347572536553,58.3736280309139,1.));
#9798=CARTESIAN_POINT('',(-27.7347572536553,58.3736280309139,0.));
#9799=CARTESIAN_POINT('',(-27.7347572536553,58.3736280309139,1.));
#9800=CARTESIAN_POINT('Origin',(-30.5485375614251,58.3736280309139,0.));
#9801=CARTESIAN_POINT('',(-52.0332396158823,58.3736280309139,0.));
#9802=CARTESIAN_POINT('',(-30.5485375614251,58.3736280309139,1.));
#9803=CARTESIAN_POINT('Origin',(-73.450994083413,65.7583423252689,1.));
#9804=CARTESIAN_POINT('Origin',(-73.5179416703395,64.6685598026135,0.));
#9805=CARTESIAN_POINT('',(-129.017941670339,120.168559802613,0.));
#9806=CARTESIAN_POINT('',(-134.017941670339,115.168559802613,0.));
#9807=CARTESIAN_POINT('Origin',(-129.017941670339,115.168559802613,0.));
#9808=CARTESIAN_POINT('',(-18.0179416703395,120.168559802613,0.));
#9809=CARTESIAN_POINT('',(-134.017941670339,120.168559802613,0.));
#9810=CARTESIAN_POINT('',(-13.0179416703395,115.168559802613,0.));
#9811=CARTESIAN_POINT('Origin',(-18.0179416703395,115.168559802613,0.));
#9812=CARTESIAN_POINT('',(-13.0179416703395,14.1685598026135,0.));
#9813=CARTESIAN_POINT('',(-13.0179416703395,120.168559802613,0.));
#9814=CARTESIAN_POINT('',(-18.0179416703395,9.16855980261349,0.));
#9815=CARTESIAN_POINT('Origin',(-18.0179416703395,14.1685598026135,0.));
#9816=CARTESIAN_POINT('',(-129.017941670339,9.16855980261347,0.));
#9817=CARTESIAN_POINT('',(-13.0179416703395,9.16855980261349,0.));
#9818=CARTESIAN_POINT('',(-134.017941670339,14.1685598026135,0.));
#9819=CARTESIAN_POINT('Origin',(-129.017941670339,14.1685598026135,0.));
#9820=CARTESIAN_POINT('',(-134.017941670339,9.16855980261347,0.));
#9821=CARTESIAN_POINT('',(-130.467941670339,14.1685598026135,0.));
#9822=CARTESIAN_POINT('Origin',(-129.017941670339,14.1685598026135,0.));
#9823=CARTESIAN_POINT('',(-130.467941670339,115.168559802613,0.));
#9824=CARTESIAN_POINT('Origin',(-129.017941670339,115.168559802613,0.));
#9825=CARTESIAN_POINT('',(-19.4679416703395,115.168559802613,0.));
#9826=CARTESIAN_POINT('Origin',(-18.0179416703395,115.168559802613,0.));
#9827=CARTESIAN_POINT('',(-19.4679416703395,14.1685598026135,0.));
#9828=CARTESIAN_POINT('Origin',(-18.0179416703395,14.1685598026135,0.));
#9829=CARTESIAN_POINT('Origin',(-73.5179416703395,64.6685598026135,0.));
#9830=CARTESIAN_POINT('Origin',(-73.5179416703395,64.6685598026135,0.));
#9831=CARTESIAN_POINT('Origin',(-73.5179416703395,64.6685598026135,0.));
#9832=CARTESIAN_POINT('Origin',(-73.5179416703395,64.6685598026135,0.));
#9833=CARTESIAN_POINT('Origin',(-129.017941670339,115.168559802613,0.));
#9834=CARTESIAN_POINT('',(-134.017941670339,115.168559802613,13.));
#9835=CARTESIAN_POINT('',(-129.017941670339,120.168559802613,13.));
#9836=CARTESIAN_POINT('Origin',(-129.017941670339,115.168559802613,13.));
#9837=CARTESIAN_POINT('',(-129.017941670339,120.168559802613,0.));
#9838=CARTESIAN_POINT('',(-134.017941670339,115.168559802613,0.));
#9839=CARTESIAN_POINT('Origin',(-73.5179416703395,64.6685598026135,13.));
#9840=CARTESIAN_POINT('',(-134.017941670339,14.1685598026135,13.));
#9841=CARTESIAN_POINT('',(-134.017941670339,9.16855980261347,13.));
#9842=CARTESIAN_POINT('',(-129.017941670339,9.16855980261347,13.));
#9843=CARTESIAN_POINT('Origin',(-129.017941670339,14.1685598026135,13.));
#9844=CARTESIAN_POINT('',(-18.0179416703395,9.16855980261349,13.));
#9845=CARTESIAN_POINT('',(-13.0179416703395,9.16855980261349,13.));
#9846=CARTESIAN_POINT('',(-13.0179416703395,14.1685598026135,13.));
#9847=CARTESIAN_POINT('Origin',(-18.0179416703395,14.1685598026135,13.));
#9848=CARTESIAN_POINT('',(-13.0179416703395,115.168559802613,13.));
#9849=CARTESIAN_POINT('',(-13.0179416703395,120.168559802613,13.));
#9850=CARTESIAN_POINT('',(-18.0179416703395,120.168559802613,13.));
#9851=CARTESIAN_POINT('Origin',(-18.0179416703395,115.168559802613,13.));
#9852=CARTESIAN_POINT('',(-64.1219416703395,120.168559802613,13.));
#9853=CARTESIAN_POINT('',(-134.017941670339,120.168559802613,13.));
#9854=CARTESIAN_POINT('',(-64.1219416703395,110.168559802613,13.));
#9855=CARTESIAN_POINT('',(-64.1219416703395,92.4185598026135,13.));
#9856=CARTESIAN_POINT('',(-23.0179416703395,110.168559802613,13.));
#9857=CARTESIAN_POINT('',(-124.017941670339,110.168559802613,13.));
#9858=CARTESIAN_POINT('',(-23.0179416703395,19.1685598026135,13.));
#9859=CARTESIAN_POINT('',(-23.0179416703395,110.168559802613,13.));
#9860=CARTESIAN_POINT('',(-124.017941670339,19.1685598026135,13.));
#9861=CARTESIAN_POINT('',(-23.0179416703395,19.1685598026135,13.));
#9862=CARTESIAN_POINT('',(-124.017941670339,110.168559802613,13.));
#9863=CARTESIAN_POINT('',(-124.017941670339,19.1685598026135,13.));
#9864=CARTESIAN_POINT('',(-82.9219416703395,110.168559802613,13.));
#9865=CARTESIAN_POINT('',(-124.017941670339,110.168559802613,13.));
#9866=CARTESIAN_POINT('',(-82.9219416703395,120.168559802613,13.));
#9867=CARTESIAN_POINT('',(-82.9219416703395,87.4185598026135,13.));
#9868=CARTESIAN_POINT('',(-134.017941670339,120.168559802613,13.));
#9869=CARTESIAN_POINT('',(-19.4679416703395,14.1685598026135,13.));
#9870=CARTESIAN_POINT('Origin',(-18.0179416703395,14.1685598026135,13.));
#9871=CARTESIAN_POINT('',(-19.4679416703395,115.168559802613,13.));
#9872=CARTESIAN_POINT('Origin',(-18.0179416703395,115.168559802613,13.));
#9873=CARTESIAN_POINT('',(-130.467941670339,115.168559802613,13.));
#9874=CARTESIAN_POINT('Origin',(-129.017941670339,115.168559802613,13.));
#9875=CARTESIAN_POINT('',(-130.467941670339,14.1685598026135,13.));
#9876=CARTESIAN_POINT('Origin',(-129.017941670339,14.1685598026135,13.));
#9877=CARTESIAN_POINT('Origin',(-134.017941670339,120.168559802613,0.));
#9878=CARTESIAN_POINT('',(-134.017941670339,14.1685598026135,0.));
#9879=CARTESIAN_POINT('Origin',(-129.017941670339,14.1685598026135,0.));
#9880=CARTESIAN_POINT('',(-129.017941670339,9.16855980261347,0.));
#9881=CARTESIAN_POINT('Origin',(-18.0179416703395,14.1685598026135,0.));
#9882=CARTESIAN_POINT('',(-18.0179416703395,9.16855980261349,0.));
#9883=CARTESIAN_POINT('',(-13.0179416703395,14.1685598026135,0.));
#9884=CARTESIAN_POINT('Origin',(-13.0179416703395,9.16855980261349,0.));
#9885=CARTESIAN_POINT('',(-13.0179416703395,115.168559802613,0.));
#9886=CARTESIAN_POINT('Origin',(-18.0179416703395,115.168559802613,0.));
#9887=CARTESIAN_POINT('',(-18.0179416703395,120.168559802613,0.));
#9888=CARTESIAN_POINT('Origin',(-64.1219416703395,120.168559802613,13.));
#9889=CARTESIAN_POINT('',(-64.1219416703395,120.168559802613,6.));
#9890=CARTESIAN_POINT('',(-64.1219416703395,120.168559802613,6.5));
#9891=CARTESIAN_POINT('',(-64.1219416703395,110.168559802613,6.));
#9892=CARTESIAN_POINT('',(-64.1219416703395,110.168559802613,6.));
#9893=CARTESIAN_POINT('',(-64.1219416703395,110.168559802613,6.5));
#9894=CARTESIAN_POINT('Origin',(-82.9219416703395,110.168559802613,13.));
#9895=CARTESIAN_POINT('',(-82.9219416703395,110.168559802613,6.));
#9896=CARTESIAN_POINT('',(-82.9219416703395,110.168559802613,6.5));
#9897=CARTESIAN_POINT('',(-82.9219416703395,120.168559802613,6.));
#9898=CARTESIAN_POINT('',(-82.9219416703395,110.168559802613,6.));
#9899=CARTESIAN_POINT('',(-82.9219416703395,120.168559802613,6.5));
#9900=CARTESIAN_POINT('Origin',(-73.5219416703395,115.168559802613,6.));
#9901=CARTESIAN_POINT('',(-98.7699416703394,110.168559802613,6.));
#9902=CARTESIAN_POINT('',(-43.2699416703395,120.168559802613,6.));
#9903=CARTESIAN_POINT('Origin',(-124.017941670339,110.168559802613,0.));
#9904=CARTESIAN_POINT('',(-124.017941670339,110.168559802613,3.));
#9905=CARTESIAN_POINT('',(-124.017941670339,110.168559802613,0.));
#9906=CARTESIAN_POINT('',(-23.0179416703395,110.168559802613,3.));
#9907=CARTESIAN_POINT('',(-124.017941670339,110.168559802613,3.));
#9908=CARTESIAN_POINT('',(-23.0179416703395,110.168559802613,0.));
#9909=CARTESIAN_POINT('Origin',(-124.017941670339,19.1685598026135,0.));
#9910=CARTESIAN_POINT('',(-124.017941670339,19.1685598026135,3.));
#9911=CARTESIAN_POINT('',(-124.017941670339,19.1685598026135,3.));
#9912=CARTESIAN_POINT('',(-124.017941670339,19.1685598026135,0.));
#9913=CARTESIAN_POINT('Origin',(-18.0179416703395,14.1685598026135,0.));
#9914=CARTESIAN_POINT('',(-19.4679416703395,14.1685598026135,0.));
#9915=CARTESIAN_POINT('Origin',(-18.0179416703395,115.168559802613,0.));
#9916=CARTESIAN_POINT('',(-19.4679416703395,115.168559802613,0.));
#9917=CARTESIAN_POINT('Origin',(-129.017941670339,115.168559802613,0.));
#9918=CARTESIAN_POINT('',(-130.467941670339,115.168559802613,0.));
#9919=CARTESIAN_POINT('Origin',(-23.0179416703395,19.1685598026135,0.));
#9920=CARTESIAN_POINT('',(-23.0179416703395,19.1685598026135,3.));
#9921=CARTESIAN_POINT('',(-23.0179416703395,19.1685598026135,3.));
#9922=CARTESIAN_POINT('',(-23.0179416703395,19.1685598026135,0.));
#9923=CARTESIAN_POINT('Origin',(-23.0179416703395,110.168559802613,0.));
#9924=CARTESIAN_POINT('',(-23.0179416703395,110.168559802613,3.));
#9925=CARTESIAN_POINT('Origin',(-129.017941670339,14.1685598026135,0.));
#9926=CARTESIAN_POINT('',(-130.467941670339,14.1685598026135,0.));
#9927=CARTESIAN_POINT('Origin',(-134.017941670339,9.16855980261347,0.));
#9928=CARTESIAN_POINT('Origin',(-13.0179416703395,120.168559802613,0.));
#9929=CARTESIAN_POINT('Origin',(-73.5179416703395,64.6685598026135,3.));
#9930=CARTESIAN_POINT('Origin',(-73.5179416703395,64.6685598026135,0.));
#9931=CARTESIAN_POINT('Origin',(128.893172552537,20.0350169857914,-5.));
#9932=CARTESIAN_POINT('',(133.893172552537,20.0350169857914,-2.));
#9933=CARTESIAN_POINT('',(128.893172552537,15.0350169857914,-2.));
#9934=CARTESIAN_POINT('Origin',(128.893172552537,20.0350169857914,-2.));
#9935=CARTESIAN_POINT('',(128.893172552537,15.0350169857914,-5.));
#9936=CARTESIAN_POINT('',(128.893172552537,15.0350169857914,-5.));
#9937=CARTESIAN_POINT('',(133.893172552537,20.0350169857914,-5.));
#9938=CARTESIAN_POINT('Origin',(128.893172552537,20.0350169857914,-5.));
#9939=CARTESIAN_POINT('',(133.893172552537,20.0350169857914,-5.));
#9940=CARTESIAN_POINT('Origin',(73.3931725525374,70.5350169857914,-2.));
#9941=CARTESIAN_POINT('',(133.893172552537,121.035016985791,-2.));
#9942=CARTESIAN_POINT('',(133.893172552537,126.035016985791,-2.));
#9943=CARTESIAN_POINT('',(128.893172552537,126.035016985791,-2.));
#9944=CARTESIAN_POINT('Origin',(128.893172552537,121.035016985791,-2.));
#9945=CARTESIAN_POINT('',(17.8931725525374,126.035016985791,-2.));
#9946=CARTESIAN_POINT('',(12.8931725525374,126.035016985791,-2.));
#9947=CARTESIAN_POINT('',(12.8931725525374,121.035016985791,-2.));
#9948=CARTESIAN_POINT('Origin',(17.8931725525374,121.035016985791,-2.));
#9949=CARTESIAN_POINT('',(12.8931725525374,20.0350169857914,-2.));
#9950=CARTESIAN_POINT('',(12.8931725525374,15.0350169857914,-2.));
#9951=CARTESIAN_POINT('',(17.8931725525374,15.0350169857914,-2.));
#9952=CARTESIAN_POINT('Origin',(17.8931725525374,20.0350169857914,-2.));
#9953=CARTESIAN_POINT('',(133.893172552537,15.0350169857914,-2.));
#9954=CARTESIAN_POINT('',(27.8081725525374,35.6600169857914,-2.));
#9955=CARTESIAN_POINT('',(27.8081725525374,88.7300169857914,-2.));
#9956=CARTESIAN_POINT('',(27.8081725525374,88.7300169857914,-2.));
#9957=CARTESIAN_POINT('',(118.978172552537,88.7300169857914,-2.));
#9958=CARTESIAN_POINT('',(118.978172552537,88.7300169857914,-2.));
#9959=CARTESIAN_POINT('',(118.978172552537,35.6600169857914,-2.));
#9960=CARTESIAN_POINT('',(118.978172552537,35.6600169857914,-2.));
#9961=CARTESIAN_POINT('',(27.8081725525374,35.6600169857914,-2.));
#9962=CARTESIAN_POINT('',(120.243172552537,112.515016985791,-2.));
#9963=CARTESIAN_POINT('',(120.243172552537,98.3150169857914,-2.));
#9964=CARTESIAN_POINT('',(120.243172552537,98.3150169857914,-2.));
#9965=CARTESIAN_POINT('',(102.743172552537,98.3150169857914,-2.));
#9966=CARTESIAN_POINT('',(102.743172552537,98.3150169857914,-2.));
#9967=CARTESIAN_POINT('',(102.743172552537,112.515016985791,-2.));
#9968=CARTESIAN_POINT('',(102.743172552537,112.515016985791,-2.));
#9969=CARTESIAN_POINT('',(120.243172552537,112.515016985791,-2.));
#9970=CARTESIAN_POINT('',(35.5218908591687,106.895562384758,-2.));
#9971=CARTESIAN_POINT('',(35.5218908591687,100.374416087303,-2.));
#9972=CARTESIAN_POINT('',(35.5218908591687,88.7152896852746,-2.));
#9973=CARTESIAN_POINT('',(33.646037916702,100.374416087303,-2.));
#9974=CARTESIAN_POINT('',(54.4575317058531,100.374416087303,-2.));
#9975=CARTESIAN_POINT('',(33.646037916702,110.374416087303,-2.));
#9976=CARTESIAN_POINT('',(33.646037916702,85.4547165365472,-2.));
#9977=CARTESIAN_POINT('',(35.6105676694333,110.374416087303,-2.));
#9978=CARTESIAN_POINT('',(53.5196052346197,110.374416087303,-2.));
#9979=CARTESIAN_POINT('',(39.7033366961896,103.696380828056,-2.));
#9980=CARTESIAN_POINT('',(49.6435804012982,87.4772153891425,-2.));
#9981=CARTESIAN_POINT('',(39.7033366961896,110.374416087303,-2.));
#9982=CARTESIAN_POINT('',(39.7033366961896,87.1156989069238,-2.));
#9983=CARTESIAN_POINT('',(41.5791896386563,110.374416087303,-2.));
#9984=CARTESIAN_POINT('',(56.5482546243635,110.374416087303,-2.));
#9985=CARTESIAN_POINT('',(41.5791896386563,100.374416087303,-2.));
#9986=CARTESIAN_POINT('',(41.5791896386563,90.4547165365472,-2.));
#9987=CARTESIAN_POINT('',(39.5532682938993,100.374416087303,-2.));
#9988=CARTESIAN_POINT('',(57.4861810955969,100.374416087303,-2.));
#9989=CARTESIAN_POINT('',(50.9047513247873,82.0122848465588,-2.));
#9990=CARTESIAN_POINT('',(52.8718236489713,100.660909388695,-2.));
#9991=CARTESIAN_POINT('',(51.4973345799863,101.980828021202,-2.));
#9992=CARTESIAN_POINT('Ctrl Pts',(52.8718236489713,100.660909388695,-2.));
#9993=CARTESIAN_POINT('Ctrl Pts',(52.5890431010804,100.827638498511,-2.));
#9994=CARTESIAN_POINT('Ctrl Pts',(52.0266284023061,101.159241583565,-2.));
#9995=CARTESIAN_POINT('Ctrl Pts',(51.6731066015648,101.707989187731,-2.));
#9996=CARTESIAN_POINT('Ctrl Pts',(51.4973345799863,101.980828021202,-2.));
#9997=CARTESIAN_POINT('',(51.0266665025174,104.098836157951,-2.));
#9998=CARTESIAN_POINT('Ctrl Pts',(51.4973345799863,101.980828021202,-2.));
#9999=CARTESIAN_POINT('Ctrl Pts',(51.3601924379881,102.297797618129,-2.));
#10000=CARTESIAN_POINT('Ctrl Pts',(51.0681870214213,102.972694756537,-2.));
#10001=CARTESIAN_POINT('Ctrl Pts',(51.0410555247219,103.708569512492,-2.));
#10002=CARTESIAN_POINT('Ctrl Pts',(51.0266665025174,104.098836157951,-2.));
#10003=CARTESIAN_POINT('',(51.4973345799863,105.947403882179,-2.));
#10004=CARTESIAN_POINT('Ctrl Pts',(51.0266665025174,104.098836157951,-2.));
#10005=CARTESIAN_POINT('Ctrl Pts',(51.047399845318,104.416718591937,-2.));
#10006=CARTESIAN_POINT('Ctrl Pts',(51.089481909442,105.061918408461,-2.));
#10007=CARTESIAN_POINT('Ctrl Pts',(51.3600647520465,105.649378523026,-2.));
#10008=CARTESIAN_POINT('Ctrl Pts',(51.4973345799863,105.947403882179,-2.));
#10009=CARTESIAN_POINT('',(52.8308967156827,107.311660621795,-2.));
#10010=CARTESIAN_POINT('Ctrl Pts',(51.4973345799863,105.947403882179,-2.));
#10011=CARTESIAN_POINT('Ctrl Pts',(51.6695119021106,106.227066782273,-2.));
#10012=CARTESIAN_POINT('Ctrl Pts',(52.0113907656008,106.782371239706,-2.));
#10013=CARTESIAN_POINT('Ctrl Pts',(52.5590500586033,107.136084655405,-2.));
#10014=CARTESIAN_POINT('Ctrl Pts',(52.8308967156827,107.311660621795,-2.));
#10015=CARTESIAN_POINT('',(54.7579077287137,107.782328699264,-2.));
#10016=CARTESIAN_POINT('Ctrl Pts',(52.8308967156827,107.311660621795,-2.));
#10017=CARTESIAN_POINT('Ctrl Pts',(53.1304555327411,107.448922062338,-2.));
#10018=CARTESIAN_POINT('Ctrl Pts',(53.742290966207,107.729272391524,-2.));
#10019=CARTESIAN_POINT('Ctrl Pts',(54.4147097732214,107.764399873141,-2.));
#10020=CARTESIAN_POINT('Ctrl Pts',(54.7579077287137,107.782328699264,-2.));
#10021=CARTESIAN_POINT('',(57.4523142381131,106.714798186455,-2.));
#10022=CARTESIAN_POINT('Ctrl Pts',(54.7579077287137,107.782328699264,-2.));
#10023=CARTESIAN_POINT('Ctrl Pts',(55.2762880045184,107.742698115913,-2.));
#10024=CARTESIAN_POINT('Ctrl Pts',(56.2865776409509,107.665460671678,-2.));
#10025=CARTESIAN_POINT('Ctrl Pts',(57.0705826930298,107.026101666349,-2.));
#10026=CARTESIAN_POINT('Ctrl Pts',(57.4523142381131,106.714798186455,-2.));
#10027=CARTESIAN_POINT('',(58.5027912660062,104.016981099281,-2.));
#10028=CARTESIAN_POINT('Ctrl Pts',(57.4523142381131,106.714798186455,-2.));
#10029=CARTESIAN_POINT('Ctrl Pts',(57.7586551507506,106.329327609562,-2.));
#10030=CARTESIAN_POINT('Ctrl Pts',(58.3862402660647,105.539633558035,-2.));
#10031=CARTESIAN_POINT('Ctrl Pts',(58.4633307093629,104.532504034536,-2.));
#10032=CARTESIAN_POINT('Ctrl Pts',(58.5027912660062,104.016981099281,-2.));
#10033=CARTESIAN_POINT('',(57.4420813126981,101.291878197822,-2.));
#10034=CARTESIAN_POINT('Ctrl Pts',(58.5027912660062,104.016981099281,-2.));
#10035=CARTESIAN_POINT('Ctrl Pts',(58.4627913041332,103.49680343059,-2.));
#10036=CARTESIAN_POINT('Ctrl Pts',(58.3845846215904,102.479768216148,-2.));
#10037=CARTESIAN_POINT('Ctrl Pts',(57.7514096173387,101.681742086895,-2.));
#10038=CARTESIAN_POINT('Ctrl Pts',(57.4420813126981,101.291878197822,-2.));
#10039=CARTESIAN_POINT('',(54.7715500398099,100.21070477787,-2.));
#10040=CARTESIAN_POINT('Ctrl Pts',(57.4420813126981,101.291878197822,-2.));
#10041=CARTESIAN_POINT('Ctrl Pts',(57.0611689738586,100.976562343845,-2.));
#10042=CARTESIAN_POINT('Ctrl Pts',(56.2860390228917,100.33491664873,-2.));
#10043=CARTESIAN_POINT('Ctrl Pts',(55.2821238412585,100.252579844509,-2.));
#10044=CARTESIAN_POINT('Ctrl Pts',(54.7715500398099,100.21070477787,-2.));
#10045=CARTESIAN_POINT('Ctrl Pts',(54.7715500398099,100.21070477787,-2.));
#10046=CARTESIAN_POINT('Ctrl Pts',(54.442880932017,100.229731269506,-2.));
#10047=CARTESIAN_POINT('Ctrl Pts',(53.7831753466715,100.267921298639,-2.));
#10048=CARTESIAN_POINT('Ctrl Pts',(53.1763334372564,100.529600344773,-2.));
#10049=CARTESIAN_POINT('Ctrl Pts',(52.8718236489713,100.660909388695,-2.));
#10050=CARTESIAN_POINT('',(64.4441274209439,105.033352349434,-2.));
#10051=CARTESIAN_POINT('',(63.2162979646146,100.374416087303,-2.));
#10052=CARTESIAN_POINT('',(60.4840556400122,90.0070619100597,-2.));
#10053=CARTESIAN_POINT('',(61.3540867371976,100.374416087303,-2.));
#10054=CARTESIAN_POINT('',(68.304735258576,100.374416087303,-2.));
#10055=CARTESIAN_POINT('',(59.0621355576932,107.618617985878,-2.));
#10056=CARTESIAN_POINT('',(66.1926582904842,85.0810758337429,-2.));
#10057=CARTESIAN_POINT('',(60.9243467851102,107.618617985878,-2.));
#10058=CARTESIAN_POINT('',(66.2276540551153,107.618617985878,-2.));
#10059=CARTESIAN_POINT('',(62.2817805810392,102.871005509529,-2.));
#10060=CARTESIAN_POINT('',(66.2963096028263,88.8302264102743,-2.));
#10061=CARTESIAN_POINT('',(63.5300758881986,107.618617985878,-2.));
#10062=CARTESIAN_POINT('',(58.6648409112372,89.1147830803758,-2.));
#10063=CARTESIAN_POINT('',(65.3786459966123,107.618617985878,-2.));
#10064=CARTESIAN_POINT('',(68.461624220368,107.618617985878,-2.));
#10065=CARTESIAN_POINT('',(66.5860119862973,102.871005509529,-2.));
#10066=CARTESIAN_POINT('',(70.0510000186911,89.2459568055454,-2.));
#10067=CARTESIAN_POINT('',(67.9707327886045,107.618617985878,-2.));
#10068=CARTESIAN_POINT('',(62.5068946848528,88.8854654926807,-2.));
#10069=CARTESIAN_POINT('',(69.8602286382138,107.618617985878,-2.));
#10070=CARTESIAN_POINT('',(70.6819526705709,107.618617985878,-2.));
#10071=CARTESIAN_POINT('',(67.5341692967832,100.374416087303,-2.));
#10072=CARTESIAN_POINT('',(64.6281482070721,91.3240005968558,-2.));
#10073=CARTESIAN_POINT('',(65.6924239201963,100.374416087303,-2.));
#10074=CARTESIAN_POINT('',(70.4636709246603,100.374416087303,-2.));
#10075=CARTESIAN_POINT('',(69.6800915088353,85.4915023395182,-2.));
#10076=CARTESIAN_POINT('',(82.8820553822934,106.315753434334,-2.));
#10077=CARTESIAN_POINT('',(82.0839634938657,106.11452517334,-2.));
#10078=CARTESIAN_POINT('Ctrl Pts',(82.8820553822934,106.315753434334,-2.));
#10079=CARTESIAN_POINT('Ctrl Pts',(82.7269738390622,106.311298512419,-2.));
#10080=CARTESIAN_POINT('Ctrl Pts',(82.445101940051,106.303201370273,-2.));
#10081=CARTESIAN_POINT('Ctrl Pts',(82.1960092518011,106.173063298297,-2.));
#10082=CARTESIAN_POINT('Ctrl Pts',(82.0839634938657,106.11452517334,-2.));
#10083=CARTESIAN_POINT('',(81.6201201482236,105.40852246109,-2.));
#10084=CARTESIAN_POINT('Ctrl Pts',(82.0839634938657,106.11452517334,-2.));
#10085=CARTESIAN_POINT('Ctrl Pts',(81.9904721202885,106.026989186918,-2.));
#10086=CARTESIAN_POINT('Ctrl Pts',(81.7798954180528,105.829826190565,-2.));
#10087=CARTESIAN_POINT('Ctrl Pts',(81.6772135500084,105.559069308084,-2.));
#10088=CARTESIAN_POINT('Ctrl Pts',(81.6201201482236,105.40852246109,-2.));
#10089=CARTESIAN_POINT('',(79.8806897206723,105.722301576767,-2.));
#10090=CARTESIAN_POINT('',(80.6826028300336,105.57764296765,-2.));
#10091=CARTESIAN_POINT('',(80.8902398152768,107.277554248009,-2.));
#10092=CARTESIAN_POINT('Ctrl Pts',(79.8806897206723,105.722301576767,-2.));
#10093=CARTESIAN_POINT('Ctrl Pts',(79.9882160560423,106.043913956418,-2.));
#10094=CARTESIAN_POINT('Ctrl Pts',(80.1911932637539,106.651020881085,-2.));
#10095=CARTESIAN_POINT('Ctrl Pts',(80.6666529358573,107.077160382883,-2.));
#10096=CARTESIAN_POINT('Ctrl Pts',(80.8902398152768,107.277554248009,-2.));
#10097=CARTESIAN_POINT('',(83.0184832616269,107.782328699264,-2.));
#10098=CARTESIAN_POINT('Ctrl Pts',(80.8902398152768,107.277554248009,-2.));
#10099=CARTESIAN_POINT('Ctrl Pts',(81.1817052789407,107.424193173499,-2.));
#10100=CARTESIAN_POINT('Ctrl Pts',(81.8481410873782,107.759483089597,-2.));
#10101=CARTESIAN_POINT('Ctrl Pts',(82.5970880094211,107.774102872955,-2.));
#10102=CARTESIAN_POINT('Ctrl Pts',(83.0184832616269,107.782328699264,-2.));
#10103=CARTESIAN_POINT('',(84.9284401936948,107.478781912956,-2.));
#10104=CARTESIAN_POINT('Ctrl Pts',(83.0184832616269,107.782328699264,-2.));
#10105=CARTESIAN_POINT('Ctrl Pts',(83.3953331634249,107.779533654113,-2.));
#10106=CARTESIAN_POINT('Ctrl Pts',(84.0489130185979,107.774686140032,-2.));
#10107=CARTESIAN_POINT('Ctrl Pts',(84.6668160423419,107.566801583618,-2.));
#10108=CARTESIAN_POINT('Ctrl Pts',(84.9284401936948,107.478781912956,-2.));
#10109=CARTESIAN_POINT('',(85.8117953343808,106.707977030907,-2.));
#10110=CARTESIAN_POINT('Ctrl Pts',(84.9284401936948,107.478781912956,-2.));
#10111=CARTESIAN_POINT('Ctrl Pts',(85.1184294905166,107.377157342822,-2.));
#10112=CARTESIAN_POINT('Ctrl Pts',(85.4729597275143,107.187520434128,-2.));
#10113=CARTESIAN_POINT('Ctrl Pts',(85.7043874647656,106.859988018785,-2.));
#10114=CARTESIAN_POINT('Ctrl Pts',(85.8117953343808,106.707977030907,-2.));
#10115=CARTESIAN_POINT('',(86.0675946278989,104.992424224052,-2.));
#10116=CARTESIAN_POINT('Ctrl Pts',(85.8117953343808,106.707977030907,-2.));
#10117=CARTESIAN_POINT('Ctrl Pts',(85.885631528455,106.488847678218,-2.));
#10118=CARTESIAN_POINT('Ctrl Pts',(86.072402699114,105.934552508479,-2.));
#10119=CARTESIAN_POINT('Ctrl Pts',(86.0694064005805,105.347436080566,-2.));
#10120=CARTESIAN_POINT('Ctrl Pts',(86.0675946278989,104.992424224052,-2.));
#10121=CARTESIAN_POINT('',(86.0471287770688,102.755043481026,-2.));
#10122=CARTESIAN_POINT('',(85.909482583877,87.7071989249786,-2.));
#10123=CARTESIAN_POINT('',(86.1392203374326,101.3464486343,-2.));
#10124=CARTESIAN_POINT('Ctrl Pts',(86.0471287770688,102.755043481026,-2.));
#10125=CARTESIAN_POINT('Ctrl Pts',(86.0474343944435,102.47795666736,-2.));
#10126=CARTESIAN_POINT('Ctrl Pts',(86.047954713995,102.006210953366,-2.));
#10127=CARTESIAN_POINT('Ctrl Pts',(86.1125613595168,101.539167299129,-2.));
#10128=CARTESIAN_POINT('Ctrl Pts',(86.1392203374326,101.3464486343,-2.));
#10129=CARTESIAN_POINT('',(86.4836922688901,100.374416087303,-2.));
#10130=CARTESIAN_POINT('Ctrl Pts',(86.1392203374326,101.3464486343,-2.));
#10131=CARTESIAN_POINT('Ctrl Pts',(86.1787174999516,101.188246589348,-2.));
#10132=CARTESIAN_POINT('Ctrl Pts',(86.2623409382359,100.853301036332,-2.));
#10133=CARTESIAN_POINT('Ctrl Pts',(86.4072348777317,100.539828663589,-2.));
#10134=CARTESIAN_POINT('Ctrl Pts',(86.4836922688901,100.374416087303,-2.));
#10135=CARTESIAN_POINT('',(84.5873776479184,100.374416087303,-2.));
#10136=CARTESIAN_POINT('',(79.9384324107137,100.374416087303,-2.));
#10137=CARTESIAN_POINT('',(84.4031992955625,100.940582726631,-2.));
#10138=CARTESIAN_POINT('Ctrl Pts',(84.5873776479184,100.374416087303,-2.));
#10139=CARTESIAN_POINT('Ctrl Pts',(84.5588148095577,100.453195906939,-2.));
#10140=CARTESIAN_POINT('Ctrl Pts',(84.4911399079087,100.639851605455,-2.));
#10141=CARTESIAN_POINT('Ctrl Pts',(84.4354086461861,100.8304361872,-2.));
#10142=CARTESIAN_POINT('Ctrl Pts',(84.4031992955625,100.940582726631,-2.));
#10143=CARTESIAN_POINT('',(84.3349877400815,101.165684435997,-2.));
#10144=CARTESIAN_POINT('Ctrl Pts',(84.4031992955625,100.940582726631,-2.));
#10145=CARTESIAN_POINT('Ctrl Pts',(84.3900587265995,100.987917388086,-2.));
#10146=CARTESIAN_POINT('Ctrl Pts',(84.3690784769164,101.063491970799,-2.));
#10147=CARTESIAN_POINT('Ctrl Pts',(84.344261200793,101.137885746411,-2.));
#10148=CARTESIAN_POINT('Ctrl Pts',(84.3349877400815,101.165684435997,-2.));
#10149=CARTESIAN_POINT('',(83.2845107121884,100.449449990425,-2.));
#10150=CARTESIAN_POINT('Ctrl Pts',(84.3349877400815,101.165684435997,-2.));
#10151=CARTESIAN_POINT('Ctrl Pts',(84.1714474413285,101.01777644347,-2.));
#10152=CARTESIAN_POINT('Ctrl Pts',(83.8540375182883,100.730706743322,-2.));
#10153=CARTESIAN_POINT('Ctrl Pts',(83.4704574102216,100.541278441589,-2.));
#10154=CARTESIAN_POINT('Ctrl Pts',(83.2845107121884,100.449449990425,-2.));
#10155=CARTESIAN_POINT('',(82.0907870335996,100.21070477787,-2.));
#10156=CARTESIAN_POINT('Ctrl Pts',(83.2845107121884,100.449449990425,-2.));
#10157=CARTESIAN_POINT('Ctrl Pts',(83.0938102529042,100.379818594014,-2.));
#10158=CARTESIAN_POINT('Ctrl Pts',(82.7082156315432,100.23902453387,-2.));
#10159=CARTESIAN_POINT('Ctrl Pts',(82.2980834235933,100.220212894604,-2.));
#10160=CARTESIAN_POINT('Ctrl Pts',(82.0907870335996,100.21070477787,-2.));
#10161=CARTESIAN_POINT('',(80.3274861379087,100.817799542579,-2.));
#10162=CARTESIAN_POINT('Ctrl Pts',(82.0907870335996,100.21070477787,-2.));
#10163=CARTESIAN_POINT('Ctrl Pts',(81.745735362594,100.228772555231,-2.));
#10164=CARTESIAN_POINT('Ctrl Pts',(81.0975785472212,100.262711683828,-2.));
#10165=CARTESIAN_POINT('Ctrl Pts',(80.5728643626035,100.640929245349,-2.));
#10166=CARTESIAN_POINT('Ctrl Pts',(80.3274861379087,100.817799542579,-2.));
#10167=CARTESIAN_POINT('',(79.6828738255918,102.352588151131,-2.));
#10168=CARTESIAN_POINT('Ctrl Pts',(80.3274861379087,100.817799542579,-2.));
#10169=CARTESIAN_POINT('Ctrl Pts',(80.139482851511,101.03551385975,-2.));
#10170=CARTESIAN_POINT('Ctrl Pts',(79.7584490808368,101.476764163353,-2.));
#10171=CARTESIAN_POINT('Ctrl Pts',(79.7082861866532,102.05809023205,-2.));
#10172=CARTESIAN_POINT('Ctrl Pts',(79.6828738255918,102.352588151131,-2.));
#10173=CARTESIAN_POINT('',(79.9761906667173,103.447403882179,-2.));
#10174=CARTESIAN_POINT('Ctrl Pts',(79.6828738255918,102.352588151131,-2.));
#10175=CARTESIAN_POINT('Ctrl Pts',(79.6939439915279,102.549770362471,-2.));
#10176=CARTESIAN_POINT('Ctrl Pts',(79.7155919287197,102.935364232614,-2.));
#10177=CARTESIAN_POINT('Ctrl Pts',(79.8906516988294,103.279331912691,-2.));
#10178=CARTESIAN_POINT('Ctrl Pts',(79.9761906667173,103.447403882179,-2.));
#10179=CARTESIAN_POINT('',(80.7981530232846,104.184102986488,-2.));
#10180=CARTESIAN_POINT('Ctrl Pts',(79.9761906667173,103.447403882179,-2.));
#10181=CARTESIAN_POINT('Ctrl Pts',(80.0847261124301,103.598784655852,-2.));
#10182=CARTESIAN_POINT('Ctrl Pts',(80.3042306351617,103.904940532004,-2.));
#10183=CARTESIAN_POINT('Ctrl Pts',(80.6322998006057,104.090363577543,-2.));
#10184=CARTESIAN_POINT('Ctrl Pts',(80.7981530232846,104.184102986488,-2.));
#10185=CARTESIAN_POINT('',(82.3227110906064,104.630897019539,-2.));
#10186=CARTESIAN_POINT('Ctrl Pts',(80.7981530232846,104.184102986488,-2.));
#10187=CARTESIAN_POINT('Ctrl Pts',(81.0115287900983,104.269854803775,-2.));
#10188=CARTESIAN_POINT('Ctrl Pts',(81.5048141640889,104.468097171651,-2.));
#10189=CARTESIAN_POINT('Ctrl Pts',(82.026618626236,104.57196073234,-2.));
#10190=CARTESIAN_POINT('Ctrl Pts',(82.3227110906064,104.630897019539,-2.));
#10191=CARTESIAN_POINT('',(84.1849223180234,105.101565097008,-2.));
#10192=CARTESIAN_POINT('Ctrl Pts',(82.3227110906064,104.630897019539,-2.));
#10193=CARTESIAN_POINT('Ctrl Pts',(82.7046083879666,104.701740276607,-2.));
#10194=CARTESIAN_POINT('Ctrl Pts',(83.3358151868681,104.818831300365,-2.));
#10195=CARTESIAN_POINT('Ctrl Pts',(83.9445060128204,105.021511812504,-2.));
#10196=CARTESIAN_POINT('Ctrl Pts',(84.1849223180234,105.101565097008,-2.));
#10197=CARTESIAN_POINT('',(84.1849223180234,105.292561028633,-2.));
#10198=CARTESIAN_POINT('',(84.1849223180234,87.8182910413995,-2.));
#10199=CARTESIAN_POINT('',(83.9120665593564,106.080418799553,-2.));
#10200=CARTESIAN_POINT('Ctrl Pts',(84.1849223180234,105.292561028633,-2.));
#10201=CARTESIAN_POINT('Ctrl Pts',(84.1801554655673,105.45706576234,-2.));
#10202=CARTESIAN_POINT('Ctrl Pts',(84.1716465743266,105.750708769037,-2.));
#10203=CARTESIAN_POINT('Ctrl Pts',(83.9913551098353,105.979709080428,-2.));
#10204=CARTESIAN_POINT('Ctrl Pts',(83.9120665593564,106.080418799553,-2.));
#10205=CARTESIAN_POINT('Ctrl Pts',(83.9120665593564,106.080418799553,-2.));
#10206=CARTESIAN_POINT('Ctrl Pts',(83.7831694295691,106.148442696521,-2.));
#10207=CARTESIAN_POINT('Ctrl Pts',(83.4635237782734,106.317131812299,-2.));
#10208=CARTESIAN_POINT('Ctrl Pts',(83.0993663210678,106.31626857258,-2.));
#10209=CARTESIAN_POINT('Ctrl Pts',(82.8820553822934,106.315753434334,-2.));
#10210=CARTESIAN_POINT('',(72.9025212331235,104.146585438881,-2.));
#10211=CARTESIAN_POINT('',(72.9025212331235,100.374416087303,-2.));
#10212=CARTESIAN_POINT('',(72.9025212331235,87.3408012123361,-2.));
#10213=CARTESIAN_POINT('',(70.8834210439145,100.374416087303,-2.));
#10214=CARTESIAN_POINT('',(73.1478468928304,100.374416087303,-2.));
#10215=CARTESIAN_POINT('',(70.8834210439145,110.374416087303,-2.));
#10216=CARTESIAN_POINT('',(70.8834210439145,85.4547165365472,-2.));
#10217=CARTESIAN_POINT('',(74.1235295339048,110.374416087303,-2.));
#10218=CARTESIAN_POINT('',(72.138296798226,110.374416087303,-2.));
#10219=CARTESIAN_POINT('',(76.5246192021787,110.224347685013,-2.));
#10220=CARTESIAN_POINT('Ctrl Pts',(74.1235295339048,110.374416087303,-2.));
#10221=CARTESIAN_POINT('Ctrl Pts',(74.6318242151132,110.378285955713,-2.));
#10222=CARTESIAN_POINT('Ctrl Pts',(75.4364594675199,110.384411993739,-2.));
#10223=CARTESIAN_POINT('Ctrl Pts',(76.2317282318139,110.267430873271,-2.));
#10224=CARTESIAN_POINT('Ctrl Pts',(76.5246192021787,110.224347685013,-2.));
#10225=CARTESIAN_POINT('',(77.9639140172422,109.245493982467,-2.));
#10226=CARTESIAN_POINT('Ctrl Pts',(76.5246192021787,110.224347685013,-2.));
#10227=CARTESIAN_POINT('Ctrl Pts',(76.8011697700587,110.125040179887,-2.));
#10228=CARTESIAN_POINT('Ctrl Pts',(77.3646561569787,109.922695893681,-2.));
#10229=CARTESIAN_POINT('Ctrl Pts',(77.7617220427784,109.473984588295,-2.));
#10230=CARTESIAN_POINT('Ctrl Pts',(77.9639140172422,109.245493982467,-2.));
#10231=CARTESIAN_POINT('',(78.5437193913877,107.298017714653,-2.));
#10232=CARTESIAN_POINT('Ctrl Pts',(77.9639140172422,109.245493982467,-2.));
#10233=CARTESIAN_POINT('Ctrl Pts',(78.1328527230902,108.964990971587,-2.));
#10234=CARTESIAN_POINT('Ctrl Pts',(78.4928031312068,108.367335314539,-2.));
#10235=CARTESIAN_POINT('Ctrl Pts',(78.5260673580682,107.668736809796,-2.));
#10236=CARTESIAN_POINT('Ctrl Pts',(78.5437193913877,107.298017714653,-2.));
#10237=CARTESIAN_POINT('',(78.2094803853452,105.749586795006,-2.));
#10238=CARTESIAN_POINT('Ctrl Pts',(78.5437193913877,107.298017714653,-2.));
#10239=CARTESIAN_POINT('Ctrl Pts',(78.5339416477717,107.011444038182,-2.));
#10240=CARTESIAN_POINT('Ctrl Pts',(78.5156179189857,106.474398014981,-2.));
#10241=CARTESIAN_POINT('Ctrl Pts',(78.3068482556081,105.980114963154,-2.));
#10242=CARTESIAN_POINT('Ctrl Pts',(78.2094803853452,105.749586795006,-2.));
#10243=CARTESIAN_POINT('',(77.3602286382138,104.763911340866,-2.));
#10244=CARTESIAN_POINT('Ctrl Pts',(78.2094803853452,105.749586795006,-2.));
#10245=CARTESIAN_POINT('Ctrl Pts',(78.0935065928597,105.553730928612,-2.));
#10246=CARTESIAN_POINT('Ctrl Pts',(77.8688885280742,105.174397246894,-2.));
#10247=CARTESIAN_POINT('Ctrl Pts',(77.5260529076628,104.897730670526,-2.));
#10248=CARTESIAN_POINT('Ctrl Pts',(77.3602286382138,104.763911340866,-2.));
#10249=CARTESIAN_POINT('',(76.3131609960019,104.289832089577,-2.));
#10250=CARTESIAN_POINT('Ctrl Pts',(77.3602286382138,104.763911340866,-2.));
#10251=CARTESIAN_POINT('Ctrl Pts',(77.1913118651483,104.655411798693,-2.));
#10252=CARTESIAN_POINT('Ctrl Pts',(76.8653229496581,104.446020822047,-2.));
#10253=CARTESIAN_POINT('Ctrl Pts',(76.4927019869494,104.340618420683,-2.));
#10254=CARTESIAN_POINT('Ctrl Pts',(76.3131609960019,104.289832089577,-2.));
#10255=CARTESIAN_POINT('',(74.2190257115781,104.146585438881,-2.));
#10256=CARTESIAN_POINT('Ctrl Pts',(76.3131609960019,104.289832089577,-2.));
#10257=CARTESIAN_POINT('Ctrl Pts',(76.0185720655457,104.248289361509,-2.));
#10258=CARTESIAN_POINT('Ctrl Pts',(75.3243059920857,104.150384438024,-2.));
#10259=CARTESIAN_POINT('Ctrl Pts',(74.6228449026323,104.147973420543,-2.));
#10260=CARTESIAN_POINT('Ctrl Pts',(74.2190257115781,104.146585438881,-2.));
#10261=CARTESIAN_POINT('',(73.8060991320577,104.146585438881,-2.));
#10262=CARTESIAN_POINT('',(92.6842394872128,110.374416087303,-2.));
#10263=CARTESIAN_POINT('',(94.6010199590146,110.374416087303,-2.));
#10264=CARTESIAN_POINT('',(83.0387060198751,110.374416087303,-2.));
#10265=CARTESIAN_POINT('',(94.6010199590146,100.374416087303,-2.));
#10266=CARTESIAN_POINT('',(94.6010199590146,90.4547165365472,-2.));
#10267=CARTESIAN_POINT('',(92.8206673665463,100.374416087303,-2.));
#10268=CARTESIAN_POINT('',(83.997096255776,100.374416087303,-2.));
#10269=CARTESIAN_POINT('',(92.8206673665463,101.438536618385,-2.));
#10270=CARTESIAN_POINT('',(92.8206673665463,85.4547165365472,-2.));
#10271=CARTESIAN_POINT('',(91.7735997243344,100.514252160225,-2.));
#10272=CARTESIAN_POINT('Ctrl Pts',(92.8206673665463,101.438536618385,-2.));
#10273=CARTESIAN_POINT('Ctrl Pts',(92.6695710804866,101.246573782171,-2.));
#10274=CARTESIAN_POINT('Ctrl Pts',(92.3766483005877,100.8744250743,-2.));
#10275=CARTESIAN_POINT('Ctrl Pts',(91.9703298176346,100.631749910456,-2.));
#10276=CARTESIAN_POINT('Ctrl Pts',(91.7735997243344,100.514252160225,-2.));
#10277=CARTESIAN_POINT('',(90.5560008092343,100.21070477787,-2.));
#10278=CARTESIAN_POINT('Ctrl Pts',(91.7735997243344,100.514252160225,-2.));
#10279=CARTESIAN_POINT('Ctrl Pts',(91.5746287500462,100.42573396073,-2.));
#10280=CARTESIAN_POINT('Ctrl Pts',(91.1863740728172,100.253007234651,-2.));
#10281=CARTESIAN_POINT('Ctrl Pts',(90.7626007334346,100.224569078387,-2.));
#10282=CARTESIAN_POINT('Ctrl Pts',(90.5560008092343,100.21070477787,-2.));
#10283=CARTESIAN_POINT('',(88.4175292058408,101.2168442947,-2.));
#10284=CARTESIAN_POINT('Ctrl Pts',(90.5560008092343,100.21070477787,-2.));
#10285=CARTESIAN_POINT('Ctrl Pts',(90.1518485622016,100.256040581662,-2.));
#10286=CARTESIAN_POINT('Ctrl Pts',(89.3262037762892,100.348657337578,-2.));
#10287=CARTESIAN_POINT('Ctrl Pts',(88.7246321560131,100.923424863251,-2.));
#10288=CARTESIAN_POINT('Ctrl Pts',(88.4175292058408,101.2168442947,-2.));
#10289=CARTESIAN_POINT('',(87.5273505254209,104.023802254829,-2.));
#10290=CARTESIAN_POINT('Ctrl Pts',(88.4175292058408,101.2168442947,-2.));
#10291=CARTESIAN_POINT('Ctrl Pts',(88.1583351547587,101.606219893318,-2.));
#10292=CARTESIAN_POINT('Ctrl Pts',(87.5947655624437,102.452845216909,-2.));
#10293=CARTESIAN_POINT('Ctrl Pts',(87.5509919833747,103.472890820237,-2.));
#10294=CARTESIAN_POINT('Ctrl Pts',(87.5273505254209,104.023802254829,-2.));
#10295=CARTESIAN_POINT('',(88.3936539693295,106.82393905941,-2.));
#10296=CARTESIAN_POINT('Ctrl Pts',(87.5273505254209,104.023802254829,-2.));
#10297=CARTESIAN_POINT('Ctrl Pts',(87.5472026111464,104.581345679198,-2.));
#10298=CARTESIAN_POINT('Ctrl Pts',(87.5833992030096,105.597922579828,-2.));
#10299=CARTESIAN_POINT('Ctrl Pts',(88.1415995870442,106.442549354248,-2.));
#10300=CARTESIAN_POINT('Ctrl Pts',(88.3936539693295,106.82393905941,-2.));
#10301=CARTESIAN_POINT('',(90.5832854314267,107.782329295311,-2.));
#10302=CARTESIAN_POINT('Ctrl Pts',(88.3936539693295,106.82393905941,-2.));
#10303=CARTESIAN_POINT('Ctrl Pts',(88.7029591108127,107.103465818646,-2.));
#10304=CARTESIAN_POINT('Ctrl Pts',(89.3258385475286,107.666377477679,-2.));
#10305=CARTESIAN_POINT('Ctrl Pts',(90.162225632145,107.743502487051,-2.));
#10306=CARTESIAN_POINT('Ctrl Pts',(90.5832854314267,107.782329295311,-2.));
#10307=CARTESIAN_POINT('',(92.6842394872128,106.772779796753,-2.));
#10308=CARTESIAN_POINT('Ctrl Pts',(90.5832854314267,107.782329295311,-2.));
#10309=CARTESIAN_POINT('Ctrl Pts',(90.9783968468002,107.735590298311,-2.));
#10310=CARTESIAN_POINT('Ctrl Pts',(91.7922268039207,107.639319741593,-2.));
#10311=CARTESIAN_POINT('Ctrl Pts',(92.3812069896591,107.067158754175,-2.));
#10312=CARTESIAN_POINT('Ctrl Pts',(92.6842394872128,106.772779796753,-2.));
#10313=CARTESIAN_POINT('',(92.6842394872128,88.6538983912721,-2.));
#10314=CARTESIAN_POINT('',(46.6746870084226,101.643174861107,-2.));
#10315=CARTESIAN_POINT('',(47.4318495793759,101.888740037117,-2.));
#10316=CARTESIAN_POINT('Ctrl Pts',(46.6746870084226,101.643174861107,-2.));
#10317=CARTESIAN_POINT('Ctrl Pts',(46.8167384758759,101.651810789304,-2.));
#10318=CARTESIAN_POINT('Ctrl Pts',(47.0907363578472,101.668468315462,-2.));
#10319=CARTESIAN_POINT('Ctrl Pts',(47.3209755828335,101.817143849799,-2.));
#10320=CARTESIAN_POINT('Ctrl Pts',(47.4318495793759,101.888740037117,-2.));
#10321=CARTESIAN_POINT('',(47.8956965012967,102.680009577904,-2.));
#10322=CARTESIAN_POINT('Ctrl Pts',(47.4318495793759,101.888740037117,-2.));
#10323=CARTESIAN_POINT('Ctrl Pts',(47.5299036528401,101.990607589275,-2.));
#10324=CARTESIAN_POINT('Ctrl Pts',(47.7471897466992,102.216344284522,-2.));
#10325=CARTESIAN_POINT('Ctrl Pts',(47.8430789462738,102.515727931908,-2.));
#10326=CARTESIAN_POINT('Ctrl Pts',(47.8956965012967,102.680009577904,-2.));
#10327=CARTESIAN_POINT('',(49.8056558175504,102.359409306679,-2.));
#10328=CARTESIAN_POINT('',(62.9190201151667,100.158237734745,-2.));
#10329=CARTESIAN_POINT('',(48.6426273389279,100.759818528328,-2.));
#10330=CARTESIAN_POINT('Ctrl Pts',(49.8056558175504,102.359409306679,-2.));
#10331=CARTESIAN_POINT('Ctrl Pts',(49.6705067107032,102.03397084832,-2.));
#10332=CARTESIAN_POINT('Ctrl Pts',(49.4101379499914,101.407004010968,-2.));
#10333=CARTESIAN_POINT('Ctrl Pts',(48.89187604408,100.969991705371,-2.));
#10334=CARTESIAN_POINT('Ctrl Pts',(48.6426273389279,100.759818528328,-2.));
#10335=CARTESIAN_POINT('',(46.6542235417783,100.21070477787,-2.));
#10336=CARTESIAN_POINT('Ctrl Pts',(48.6426273389279,100.759818528328,-2.));
#10337=CARTESIAN_POINT('Ctrl Pts',(48.350974939161,100.599798132786,-2.));
#10338=CARTESIAN_POINT('Ctrl Pts',(47.7327666500212,100.260606907085,-2.));
#10339=CARTESIAN_POINT('Ctrl Pts',(47.0270198564033,100.227953351173,-2.));
#10340=CARTESIAN_POINT('Ctrl Pts',(46.6542235417783,100.21070477787,-2.));
#10341=CARTESIAN_POINT('',(43.8574973149716,101.445357773933,-2.));
#10342=CARTESIAN_POINT('Ctrl Pts',(46.6542235417783,100.21070477787,-2.));
#10343=CARTESIAN_POINT('Ctrl Pts',(46.0761802148241,100.248233802907,-2.));
#10344=CARTESIAN_POINT('Ctrl Pts',(44.9871400167548,100.318938912635,-2.));
#10345=CARTESIAN_POINT('Ctrl Pts',(44.2182663853929,101.085618287409,-2.));
#10346=CARTESIAN_POINT('Ctrl Pts',(43.8574973149716,101.445357773933,-2.));
#10347=CARTESIAN_POINT('',(43.1412628693997,103.941947196159,-2.));
#10348=CARTESIAN_POINT('Ctrl Pts',(43.8574973149716,101.445357773933,-2.));
#10349=CARTESIAN_POINT('Ctrl Pts',(43.6487756783878,101.809452670286,-2.));
#10350=CARTESIAN_POINT('Ctrl Pts',(43.2063546464468,102.581213769927,-2.));
#10351=CARTESIAN_POINT('Ctrl Pts',(43.1637616851794,103.471612968537,-2.));
#10352=CARTESIAN_POINT('Ctrl Pts',(43.1412628693997,103.941947196159,-2.));
#10353=CARTESIAN_POINT('',(44.0826002164304,106.762546871338,-2.));
#10354=CARTESIAN_POINT('Ctrl Pts',(43.1412628693997,103.941947196159,-2.));
#10355=CARTESIAN_POINT('Ctrl Pts',(43.1679107280007,104.495220802452,-2.));
#10356=CARTESIAN_POINT('Ctrl Pts',(43.2176354898566,105.527626397441,-2.));
#10357=CARTESIAN_POINT('Ctrl Pts',(43.8084209475396,106.371097853512,-2.));
#10358=CARTESIAN_POINT('Ctrl Pts',(44.0826002164304,106.762546871338,-2.));
#10359=CARTESIAN_POINT('',(46.4632276101529,107.782328699264,-2.));
#10360=CARTESIAN_POINT('Ctrl Pts',(44.0826002164304,106.762546871338,-2.));
#10361=CARTESIAN_POINT('Ctrl Pts',(44.4195633801503,107.059974079561,-2.));
#10362=CARTESIAN_POINT('Ctrl Pts',(45.1005378133147,107.661049646077,-2.));
#10363=CARTESIAN_POINT('Ctrl Pts',(46.0058742581245,107.741624364621,-2.));
#10364=CARTESIAN_POINT('Ctrl Pts',(46.4632276101529,107.782328699264,-2.));
#10365=CARTESIAN_POINT('',(49.0143874688565,106.714798186455,-2.));
#10366=CARTESIAN_POINT('Ctrl Pts',(46.4632276101529,107.782328699264,-2.));
#10367=CARTESIAN_POINT('Ctrl Pts',(46.9673339357666,107.744882212072,-2.));
#10368=CARTESIAN_POINT('Ctrl Pts',(47.9392367519229,107.672686438069,-2.));
#10369=CARTESIAN_POINT('Ctrl Pts',(48.6650424842158,107.026041485908,-2.));
#10370=CARTESIAN_POINT('Ctrl Pts',(49.0143874688565,106.714798186455,-2.));
#10371=CARTESIAN_POINT('',(49.9079755349576,103.443993304405,-2.));
#10372=CARTESIAN_POINT('Ctrl Pts',(49.0143874688565,106.714798186455,-2.));
#10373=CARTESIAN_POINT('Ctrl Pts',(49.2835691945084,106.275889616162,-2.));
#10374=CARTESIAN_POINT('Ctrl Pts',(49.8950616101219,105.278833589302,-2.));
#10375=CARTESIAN_POINT('Ctrl Pts',(49.9033408525008,104.102499698671,-2.));
#10376=CARTESIAN_POINT('Ctrl Pts',(49.9079755349576,103.443993304405,-2.));
#10377=CARTESIAN_POINT('',(45.1057926221311,103.443993304405,-2.));
#10378=CARTESIAN_POINT('',(61.6505740437475,103.443993304405,-2.));
#10379=CARTESIAN_POINT('',(45.5696395440518,102.11725351635,-2.));
#10380=CARTESIAN_POINT('Ctrl Pts',(45.1057926221311,103.443993304405,-2.));
#10381=CARTESIAN_POINT('Ctrl Pts',(45.1240215493088,103.18261098148,-2.));
#10382=CARTESIAN_POINT('Ctrl Pts',(45.1579401918635,102.696255778292,-2.));
#10383=CARTESIAN_POINT('Ctrl Pts',(45.4394307259006,102.300375495614,-2.));
#10384=CARTESIAN_POINT('Ctrl Pts',(45.5696395440518,102.11725351635,-2.));
#10385=CARTESIAN_POINT('Ctrl Pts',(45.5696395440518,102.11725351635,-2.));
#10386=CARTESIAN_POINT('Ctrl Pts',(45.7271226235364,101.978982033499,-2.));
#10387=CARTESIAN_POINT('Ctrl Pts',(46.043810447776,101.700927431051,-2.));
#10388=CARTESIAN_POINT('Ctrl Pts',(46.4636340348032,101.662495362741,-2.));
#10389=CARTESIAN_POINT('Ctrl Pts',(46.6746870084226,101.643174861107,-2.));
#10390=CARTESIAN_POINT('Origin',(133.893172552537,15.0350169857914,-5.));
#10391=CARTESIAN_POINT('',(133.893172552537,121.035016985791,-5.));
#10392=CARTESIAN_POINT('',(133.893172552537,126.035016985791,-5.));
#10393=CARTESIAN_POINT('',(133.893172552537,121.035016985791,-5.));
#10394=CARTESIAN_POINT('Origin',(128.893172552537,121.035016985791,-5.));
#10395=CARTESIAN_POINT('',(128.893172552537,126.035016985791,-5.));
#10396=CARTESIAN_POINT('Origin',(128.893172552537,121.035016985791,-5.));
#10397=CARTESIAN_POINT('',(128.893172552537,126.035016985791,-5.));
#10398=CARTESIAN_POINT('Origin',(17.8931725525374,121.035016985791,-5.));
#10399=CARTESIAN_POINT('',(17.8931725525374,126.035016985791,-5.));
#10400=CARTESIAN_POINT('',(17.8931725525374,126.035016985791,-5.));
#10401=CARTESIAN_POINT('',(12.8931725525374,121.035016985791,-5.));
#10402=CARTESIAN_POINT('Origin',(17.8931725525374,121.035016985791,-5.));
#10403=CARTESIAN_POINT('',(12.8931725525374,121.035016985791,-5.));
#10404=CARTESIAN_POINT('Origin',(12.8931725525374,126.035016985791,-5.));
#10405=CARTESIAN_POINT('',(12.8931725525374,20.0350169857914,-5.));
#10406=CARTESIAN_POINT('',(12.8931725525374,15.0350169857914,-5.));
#10407=CARTESIAN_POINT('',(12.8931725525374,20.0350169857914,-5.));
#10408=CARTESIAN_POINT('Origin',(17.8931725525374,20.0350169857914,-5.));
#10409=CARTESIAN_POINT('',(17.8931725525374,15.0350169857914,-5.));
#10410=CARTESIAN_POINT('Origin',(17.8931725525374,20.0350169857914,-5.));
#10411=CARTESIAN_POINT('',(17.8931725525374,15.0350169857914,-5.));
#10412=CARTESIAN_POINT('Ctrl Pts',(45.5423549218595,105.858727071915,-2.));
#10413=CARTESIAN_POINT('Ctrl Pts',(45.5423549218595,105.858727071915,-3.));
#10414=CARTESIAN_POINT('Ctrl Pts',(45.4234825516463,105.684896287696,-2.));
#10415=CARTESIAN_POINT('Ctrl Pts',(45.4234825516463,105.684896287696,-3.));
#10416=CARTESIAN_POINT('Ctrl Pts',(45.1684727628125,105.311987499078,-2.));
#10417=CARTESIAN_POINT('Ctrl Pts',(45.1684727628125,105.311987499078,-3.));
#10418=CARTESIAN_POINT('Ctrl Pts',(45.1498436070349,104.859053251166,-2.));
#10419=CARTESIAN_POINT('Ctrl Pts',(45.1498436070349,104.859053251166,-3.));
#10420=CARTESIAN_POINT('Ctrl Pts',(45.1398983998715,104.61725351635,-2.));
#10421=CARTESIAN_POINT('Ctrl Pts',(45.1398983998715,104.61725351635,-3.));
#10422=CARTESIAN_POINT('',(45.5423549218595,105.858727071915,-2.));
#10423=CARTESIAN_POINT('',(45.1398983998715,104.61725351635,-2.));
#10424=CARTESIAN_POINT('Ctrl Pts',(45.5423549218595,105.858727071915,-2.));
#10425=CARTESIAN_POINT('Ctrl Pts',(45.4234825516463,105.684896287696,-2.));
#10426=CARTESIAN_POINT('Ctrl Pts',(45.1684727628125,105.311987499078,-2.));
#10427=CARTESIAN_POINT('Ctrl Pts',(45.1498436070349,104.859053251166,-2.));
#10428=CARTESIAN_POINT('Ctrl Pts',(45.1398983998715,104.61725351635,-2.));
#10429=CARTESIAN_POINT('',(45.5423549218595,105.858727071915,-3.));
#10430=CARTESIAN_POINT('',(45.5423549218595,105.858727071915,-2.));
#10431=CARTESIAN_POINT('',(45.1398983998715,104.61725351635,-3.));
#10432=CARTESIAN_POINT('Ctrl Pts',(45.5423549218595,105.858727071915,-3.));
#10433=CARTESIAN_POINT('Ctrl Pts',(45.4234825516463,105.684896287696,-3.));
#10434=CARTESIAN_POINT('Ctrl Pts',(45.1684727628125,105.311987499078,-3.));
#10435=CARTESIAN_POINT('Ctrl Pts',(45.1498436070349,104.859053251166,-3.));
#10436=CARTESIAN_POINT('Ctrl Pts',(45.1398983998715,104.61725351635,-3.));
#10437=CARTESIAN_POINT('',(45.1398983998715,104.61725351635,-2.));
#10438=CARTESIAN_POINT('Ctrl Pts',(46.5791896386563,106.315753434334,-2.));
#10439=CARTESIAN_POINT('Ctrl Pts',(46.5791896386563,106.315753434334,-3.));
#10440=CARTESIAN_POINT('Ctrl Pts',(46.379546654637,106.297208422492,-2.));
#10441=CARTESIAN_POINT('Ctrl Pts',(46.379546654637,106.297208422492,-3.));
#10442=CARTESIAN_POINT('Ctrl Pts',(45.9828284103747,106.260356916922,-2.));
#10443=CARTESIAN_POINT('Ctrl Pts',(45.9828284103747,106.260356916922,-3.));
#10444=CARTESIAN_POINT('Ctrl Pts',(45.6885445091834,105.992024768211,-2.));
#10445=CARTESIAN_POINT('Ctrl Pts',(45.6885445091834,105.992024768211,-3.));
#10446=CARTESIAN_POINT('Ctrl Pts',(45.5423549218595,105.858727071915,-2.));
#10447=CARTESIAN_POINT('Ctrl Pts',(45.5423549218595,105.858727071915,-3.));
#10448=CARTESIAN_POINT('',(46.5791896386563,106.315753434334,-2.));
#10449=CARTESIAN_POINT('Ctrl Pts',(46.5791896386563,106.315753434334,-2.));
#10450=CARTESIAN_POINT('Ctrl Pts',(46.379546654637,106.297208422492,-2.));
#10451=CARTESIAN_POINT('Ctrl Pts',(45.9828284103747,106.260356916922,-2.));
#10452=CARTESIAN_POINT('Ctrl Pts',(45.6885445091834,105.992024768211,-2.));
#10453=CARTESIAN_POINT('Ctrl Pts',(45.5423549218595,105.858727071915,-2.));
#10454=CARTESIAN_POINT('',(46.5791896386563,106.315753434334,-3.));
#10455=CARTESIAN_POINT('',(46.5791896386563,106.315753434334,-2.));
#10456=CARTESIAN_POINT('Ctrl Pts',(46.5791896386563,106.315753434334,-3.));
#10457=CARTESIAN_POINT('Ctrl Pts',(46.379546654637,106.297208422492,-3.));
#10458=CARTESIAN_POINT('Ctrl Pts',(45.9828284103747,106.260356916922,-3.));
#10459=CARTESIAN_POINT('Ctrl Pts',(45.6885445091834,105.992024768211,-3.));
#10460=CARTESIAN_POINT('Ctrl Pts',(45.5423549218595,105.858727071915,-3.));
#10461=CARTESIAN_POINT('Ctrl Pts',(47.5750962300717,105.882601712379,-2.));
#10462=CARTESIAN_POINT('Ctrl Pts',(47.5750962300717,105.882601712379,-3.));
#10463=CARTESIAN_POINT('Ctrl Pts',(47.4317200202727,106.00893691219,-2.));
#10464=CARTESIAN_POINT('Ctrl Pts',(47.4317200202727,106.00893691219,-3.));
#10465=CARTESIAN_POINT('Ctrl Pts',(47.1462389678304,106.260487053271,-2.));
#10466=CARTESIAN_POINT('Ctrl Pts',(47.1462389678304,106.260487053271,-3.));
#10467=CARTESIAN_POINT('Ctrl Pts',(46.7676440676246,106.297386082944,-2.));
#10468=CARTESIAN_POINT('Ctrl Pts',(46.7676440676246,106.297386082944,-3.));
#10469=CARTESIAN_POINT('Ctrl Pts',(46.5791896386563,106.315753434334,-2.));
#10470=CARTESIAN_POINT('Ctrl Pts',(46.5791896386563,106.315753434334,-3.));
#10471=CARTESIAN_POINT('',(47.5750962300717,105.882601712379,-2.));
#10472=CARTESIAN_POINT('Ctrl Pts',(47.5750962300717,105.882601712379,-2.));
#10473=CARTESIAN_POINT('Ctrl Pts',(47.4317200202727,106.00893691219,-2.));
#10474=CARTESIAN_POINT('Ctrl Pts',(47.1462389678304,106.260487053271,-2.));
#10475=CARTESIAN_POINT('Ctrl Pts',(46.7676440676246,106.297386082944,-2.));
#10476=CARTESIAN_POINT('Ctrl Pts',(46.5791896386563,106.315753434334,-2.));
#10477=CARTESIAN_POINT('',(47.5750962300717,105.882601712379,-3.));
#10478=CARTESIAN_POINT('',(47.5750962300717,105.882601712379,-2.));
#10479=CARTESIAN_POINT('Ctrl Pts',(47.5750962300717,105.882601712379,-3.));
#10480=CARTESIAN_POINT('Ctrl Pts',(47.4317200202727,106.00893691219,-3.));
#10481=CARTESIAN_POINT('Ctrl Pts',(47.1462389678304,106.260487053271,-3.));
#10482=CARTESIAN_POINT('Ctrl Pts',(46.7676440676246,106.297386082944,-3.));
#10483=CARTESIAN_POINT('Ctrl Pts',(46.5791896386563,106.315753434334,-3.));
#10484=CARTESIAN_POINT('Ctrl Pts',(48.004837374252,104.61725351635,-2.));
#10485=CARTESIAN_POINT('Ctrl Pts',(48.004837374252,104.61725351635,-3.));
#10486=CARTESIAN_POINT('Ctrl Pts',(47.9890076560171,104.869792902441,-2.));
#10487=CARTESIAN_POINT('Ctrl Pts',(47.9890076560171,104.869792902441,-3.));
#10488=CARTESIAN_POINT('Ctrl Pts',(47.9599998334925,105.33256915553,-2.));
#10489=CARTESIAN_POINT('Ctrl Pts',(47.9599998334925,105.33256915553,-3.));
#10490=CARTESIAN_POINT('Ctrl Pts',(47.6953330059444,105.710781701673,-2.));
#10491=CARTESIAN_POINT('Ctrl Pts',(47.6953330059444,105.710781701673,-3.));
#10492=CARTESIAN_POINT('Ctrl Pts',(47.5750962300717,105.882601712379,-2.));
#10493=CARTESIAN_POINT('Ctrl Pts',(47.5750962300717,105.882601712379,-3.));
#10494=CARTESIAN_POINT('',(48.004837374252,104.61725351635,-2.));
#10495=CARTESIAN_POINT('Ctrl Pts',(48.004837374252,104.61725351635,-2.));
#10496=CARTESIAN_POINT('Ctrl Pts',(47.9890076560171,104.869792902441,-2.));
#10497=CARTESIAN_POINT('Ctrl Pts',(47.9599998334925,105.33256915553,-2.));
#10498=CARTESIAN_POINT('Ctrl Pts',(47.6953330059444,105.710781701673,-2.));
#10499=CARTESIAN_POINT('Ctrl Pts',(47.5750962300717,105.882601712379,-2.));
#10500=CARTESIAN_POINT('',(48.004837374252,104.61725351635,-3.));
#10501=CARTESIAN_POINT('',(48.004837374252,104.61725351635,-2.));
#10502=CARTESIAN_POINT('Ctrl Pts',(48.004837374252,104.61725351635,-3.));
#10503=CARTESIAN_POINT('Ctrl Pts',(47.9890076560171,104.869792902441,-3.));
#10504=CARTESIAN_POINT('Ctrl Pts',(47.9599998334925,105.33256915553,-3.));
#10505=CARTESIAN_POINT('Ctrl Pts',(47.6953330059444,105.710781701673,-3.));
#10506=CARTESIAN_POINT('Ctrl Pts',(47.5750962300717,105.882601712379,-3.));
#10507=CARTESIAN_POINT('Origin',(45.1398983998715,104.61725351635,-2.));
#10508=CARTESIAN_POINT('',(59.2665354762045,104.61725351635,-2.));
#10509=CARTESIAN_POINT('',(45.1398983998715,104.61725351635,-3.));
#10510=CARTESIAN_POINT('Ctrl Pts',(46.6746870084226,101.643174861107,-2.));
#10511=CARTESIAN_POINT('Ctrl Pts',(46.6746870084226,101.643174861107,-3.));
#10512=CARTESIAN_POINT('Ctrl Pts',(46.8167384758759,101.651810789304,-2.));
#10513=CARTESIAN_POINT('Ctrl Pts',(46.8167384758759,101.651810789304,-3.));
#10514=CARTESIAN_POINT('Ctrl Pts',(47.0907363578472,101.668468315462,-2.));
#10515=CARTESIAN_POINT('Ctrl Pts',(47.0907363578472,101.668468315462,-3.));
#10516=CARTESIAN_POINT('Ctrl Pts',(47.3209755828335,101.817143849799,-2.));
#10517=CARTESIAN_POINT('Ctrl Pts',(47.3209755828335,101.817143849799,-3.));
#10518=CARTESIAN_POINT('Ctrl Pts',(47.4318495793759,101.888740037117,-2.));
#10519=CARTESIAN_POINT('Ctrl Pts',(47.4318495793759,101.888740037117,-3.));
#10520=CARTESIAN_POINT('',(46.6746870084226,101.643174861107,-3.));
#10521=CARTESIAN_POINT('',(46.6746870084226,101.643174861107,-2.));
#10522=CARTESIAN_POINT('',(47.4318495793759,101.888740037117,-3.));
#10523=CARTESIAN_POINT('Ctrl Pts',(46.6746870084226,101.643174861107,-3.));
#10524=CARTESIAN_POINT('Ctrl Pts',(46.8167384758759,101.651810789304,-3.));
#10525=CARTESIAN_POINT('Ctrl Pts',(47.0907363578472,101.668468315462,-3.));
#10526=CARTESIAN_POINT('Ctrl Pts',(47.3209755828335,101.817143849799,-3.));
#10527=CARTESIAN_POINT('Ctrl Pts',(47.4318495793759,101.888740037117,-3.));
#10528=CARTESIAN_POINT('',(47.4318495793759,101.888740037117,-2.));
#10529=CARTESIAN_POINT('Ctrl Pts',(45.5696395440518,102.11725351635,-2.));
#10530=CARTESIAN_POINT('Ctrl Pts',(45.5696395440518,102.11725351635,-3.));
#10531=CARTESIAN_POINT('Ctrl Pts',(45.7271226235364,101.978982033499,-2.));
#10532=CARTESIAN_POINT('Ctrl Pts',(45.7271226235364,101.978982033499,-3.));
#10533=CARTESIAN_POINT('Ctrl Pts',(46.043810447776,101.700927431051,-2.));
#10534=CARTESIAN_POINT('Ctrl Pts',(46.043810447776,101.700927431051,-3.));
#10535=CARTESIAN_POINT('Ctrl Pts',(46.4636340348032,101.662495362741,-2.));
#10536=CARTESIAN_POINT('Ctrl Pts',(46.4636340348032,101.662495362741,-3.));
#10537=CARTESIAN_POINT('Ctrl Pts',(46.6746870084226,101.643174861107,-2.));
#10538=CARTESIAN_POINT('Ctrl Pts',(46.6746870084226,101.643174861107,-3.));
#10539=CARTESIAN_POINT('',(45.5696395440518,102.11725351635,-3.));
#10540=CARTESIAN_POINT('',(45.5696395440518,102.11725351635,-2.));
#10541=CARTESIAN_POINT('Ctrl Pts',(45.5696395440518,102.11725351635,-3.));
#10542=CARTESIAN_POINT('Ctrl Pts',(45.7271226235364,101.978982033499,-3.));
#10543=CARTESIAN_POINT('Ctrl Pts',(46.043810447776,101.700927431051,-3.));
#10544=CARTESIAN_POINT('Ctrl Pts',(46.4636340348032,101.662495362741,-3.));
#10545=CARTESIAN_POINT('Ctrl Pts',(46.6746870084226,101.643174861107,-3.));
#10546=CARTESIAN_POINT('Ctrl Pts',(45.1057926221311,103.443993304405,-2.));
#10547=CARTESIAN_POINT('Ctrl Pts',(45.1057926221311,103.443993304405,-3.));
#10548=CARTESIAN_POINT('Ctrl Pts',(45.1240215493088,103.18261098148,-2.));
#10549=CARTESIAN_POINT('Ctrl Pts',(45.1240215493088,103.18261098148,-3.));
#10550=CARTESIAN_POINT('Ctrl Pts',(45.1579401918635,102.696255778292,-2.));
#10551=CARTESIAN_POINT('Ctrl Pts',(45.1579401918635,102.696255778292,-3.));
#10552=CARTESIAN_POINT('Ctrl Pts',(45.4394307259006,102.300375495614,-2.));
#10553=CARTESIAN_POINT('Ctrl Pts',(45.4394307259006,102.300375495614,-3.));
#10554=CARTESIAN_POINT('Ctrl Pts',(45.5696395440518,102.11725351635,-2.));
#10555=CARTESIAN_POINT('Ctrl Pts',(45.5696395440518,102.11725351635,-3.));
#10556=CARTESIAN_POINT('',(45.1057926221311,103.443993304405,-3.));
#10557=CARTESIAN_POINT('',(45.1057926221311,103.443993304405,-2.));
#10558=CARTESIAN_POINT('Ctrl Pts',(45.1057926221311,103.443993304405,-3.));
#10559=CARTESIAN_POINT('Ctrl Pts',(45.1240215493088,103.18261098148,-3.));
#10560=CARTESIAN_POINT('Ctrl Pts',(45.1579401918635,102.696255778292,-3.));
#10561=CARTESIAN_POINT('Ctrl Pts',(45.4394307259006,102.300375495614,-3.));
#10562=CARTESIAN_POINT('Ctrl Pts',(45.5696395440518,102.11725351635,-3.));
#10563=CARTESIAN_POINT('Origin',(49.9079755349576,103.443993304405,-2.));
#10564=CARTESIAN_POINT('',(49.9079755349576,103.443993304405,-3.));
#10565=CARTESIAN_POINT('',(49.9079755349576,103.443993304405,-2.));
#10566=CARTESIAN_POINT('',(49.9079755349576,103.443993304405,-3.));
#10567=CARTESIAN_POINT('Ctrl Pts',(49.0143874688565,106.714798186455,-2.));
#10568=CARTESIAN_POINT('Ctrl Pts',(49.0143874688565,106.714798186455,-3.));
#10569=CARTESIAN_POINT('Ctrl Pts',(49.2835691945084,106.275889616162,-2.));
#10570=CARTESIAN_POINT('Ctrl Pts',(49.2835691945084,106.275889616162,-3.));
#10571=CARTESIAN_POINT('Ctrl Pts',(49.8950616101219,105.278833589302,-2.));
#10572=CARTESIAN_POINT('Ctrl Pts',(49.8950616101219,105.278833589302,-3.));
#10573=CARTESIAN_POINT('Ctrl Pts',(49.9033408525008,104.102499698671,-2.));
#10574=CARTESIAN_POINT('Ctrl Pts',(49.9033408525008,104.102499698671,-3.));
#10575=CARTESIAN_POINT('Ctrl Pts',(49.9079755349576,103.443993304405,-2.));
#10576=CARTESIAN_POINT('Ctrl Pts',(49.9079755349576,103.443993304405,-3.));
#10577=CARTESIAN_POINT('',(49.0143874688565,106.714798186455,-3.));
#10578=CARTESIAN_POINT('',(49.0143874688565,106.714798186455,-2.));
#10579=CARTESIAN_POINT('Ctrl Pts',(49.0143874688565,106.714798186455,-3.));
#10580=CARTESIAN_POINT('Ctrl Pts',(49.2835691945084,106.275889616162,-3.));
#10581=CARTESIAN_POINT('Ctrl Pts',(49.8950616101219,105.278833589302,-3.));
#10582=CARTESIAN_POINT('Ctrl Pts',(49.9033408525008,104.102499698671,-3.));
#10583=CARTESIAN_POINT('Ctrl Pts',(49.9079755349576,103.443993304405,-3.));
#10584=CARTESIAN_POINT('Ctrl Pts',(46.4632276101529,107.782328699264,-2.));
#10585=CARTESIAN_POINT('Ctrl Pts',(46.4632276101529,107.782328699264,-3.));
#10586=CARTESIAN_POINT('Ctrl Pts',(46.9673339357666,107.744882212072,-2.));
#10587=CARTESIAN_POINT('Ctrl Pts',(46.9673339357666,107.744882212072,-3.));
#10588=CARTESIAN_POINT('Ctrl Pts',(47.9392367519229,107.672686438069,-2.));
#10589=CARTESIAN_POINT('Ctrl Pts',(47.9392367519229,107.672686438069,-3.));
#10590=CARTESIAN_POINT('Ctrl Pts',(48.6650424842158,107.026041485908,-2.));
#10591=CARTESIAN_POINT('Ctrl Pts',(48.6650424842158,107.026041485908,-3.));
#10592=CARTESIAN_POINT('Ctrl Pts',(49.0143874688565,106.714798186455,-2.));
#10593=CARTESIAN_POINT('Ctrl Pts',(49.0143874688565,106.714798186455,-3.));
#10594=CARTESIAN_POINT('',(46.4632276101529,107.782328699264,-3.));
#10595=CARTESIAN_POINT('',(46.4632276101529,107.782328699264,-2.));
#10596=CARTESIAN_POINT('Ctrl Pts',(46.4632276101529,107.782328699264,-3.));
#10597=CARTESIAN_POINT('Ctrl Pts',(46.9673339357666,107.744882212072,-3.));
#10598=CARTESIAN_POINT('Ctrl Pts',(47.9392367519229,107.672686438069,-3.));
#10599=CARTESIAN_POINT('Ctrl Pts',(48.6650424842158,107.026041485908,-3.));
#10600=CARTESIAN_POINT('Ctrl Pts',(49.0143874688565,106.714798186455,-3.));
#10601=CARTESIAN_POINT('Ctrl Pts',(44.0826002164304,106.762546871338,-2.));
#10602=CARTESIAN_POINT('Ctrl Pts',(44.0826002164304,106.762546871338,-3.));
#10603=CARTESIAN_POINT('Ctrl Pts',(44.4195633801503,107.059974079561,-2.));
#10604=CARTESIAN_POINT('Ctrl Pts',(44.4195633801503,107.059974079561,-3.));
#10605=CARTESIAN_POINT('Ctrl Pts',(45.1005378133147,107.661049646077,-2.));
#10606=CARTESIAN_POINT('Ctrl Pts',(45.1005378133147,107.661049646077,-3.));
#10607=CARTESIAN_POINT('Ctrl Pts',(46.0058742581245,107.741624364621,-2.));
#10608=CARTESIAN_POINT('Ctrl Pts',(46.0058742581245,107.741624364621,-3.));
#10609=CARTESIAN_POINT('Ctrl Pts',(46.4632276101529,107.782328699264,-2.));
#10610=CARTESIAN_POINT('Ctrl Pts',(46.4632276101529,107.782328699264,-3.));
#10611=CARTESIAN_POINT('',(44.0826002164304,106.762546871338,-3.));
#10612=CARTESIAN_POINT('',(44.0826002164304,106.762546871338,-2.));
#10613=CARTESIAN_POINT('Ctrl Pts',(44.0826002164304,106.762546871338,-3.));
#10614=CARTESIAN_POINT('Ctrl Pts',(44.4195633801503,107.059974079561,-3.));
#10615=CARTESIAN_POINT('Ctrl Pts',(45.1005378133147,107.661049646077,-3.));
#10616=CARTESIAN_POINT('Ctrl Pts',(46.0058742581245,107.741624364621,-3.));
#10617=CARTESIAN_POINT('Ctrl Pts',(46.4632276101529,107.782328699264,-3.));
#10618=CARTESIAN_POINT('Ctrl Pts',(43.1412628693997,103.941947196159,-2.));
#10619=CARTESIAN_POINT('Ctrl Pts',(43.1412628693997,103.941947196159,-3.));
#10620=CARTESIAN_POINT('Ctrl Pts',(43.1679107280007,104.495220802452,-2.));
#10621=CARTESIAN_POINT('Ctrl Pts',(43.1679107280007,104.495220802452,-3.));
#10622=CARTESIAN_POINT('Ctrl Pts',(43.2176354898566,105.527626397441,-2.));
#10623=CARTESIAN_POINT('Ctrl Pts',(43.2176354898566,105.527626397441,-3.));
#10624=CARTESIAN_POINT('Ctrl Pts',(43.8084209475396,106.371097853512,-2.));
#10625=CARTESIAN_POINT('Ctrl Pts',(43.8084209475396,106.371097853512,-3.));
#10626=CARTESIAN_POINT('Ctrl Pts',(44.0826002164304,106.762546871338,-2.));
#10627=CARTESIAN_POINT('Ctrl Pts',(44.0826002164304,106.762546871338,-3.));
#10628=CARTESIAN_POINT('',(43.1412628693997,103.941947196159,-3.));
#10629=CARTESIAN_POINT('',(43.1412628693997,103.941947196159,-2.));
#10630=CARTESIAN_POINT('Ctrl Pts',(43.1412628693997,103.941947196159,-3.));
#10631=CARTESIAN_POINT('Ctrl Pts',(43.1679107280007,104.495220802452,-3.));
#10632=CARTESIAN_POINT('Ctrl Pts',(43.2176354898566,105.527626397441,-3.));
#10633=CARTESIAN_POINT('Ctrl Pts',(43.8084209475396,106.371097853512,-3.));
#10634=CARTESIAN_POINT('Ctrl Pts',(44.0826002164304,106.762546871338,-3.));
#10635=CARTESIAN_POINT('Ctrl Pts',(43.8574973149716,101.445357773933,-2.));
#10636=CARTESIAN_POINT('Ctrl Pts',(43.8574973149716,101.445357773933,-3.));
#10637=CARTESIAN_POINT('Ctrl Pts',(43.6487756783878,101.809452670286,-2.));
#10638=CARTESIAN_POINT('Ctrl Pts',(43.6487756783878,101.809452670286,-3.));
#10639=CARTESIAN_POINT('Ctrl Pts',(43.2063546464468,102.581213769927,-2.));
#10640=CARTESIAN_POINT('Ctrl Pts',(43.2063546464468,102.581213769927,-3.));
#10641=CARTESIAN_POINT('Ctrl Pts',(43.1637616851794,103.471612968537,-2.));
#10642=CARTESIAN_POINT('Ctrl Pts',(43.1637616851794,103.471612968537,-3.));
#10643=CARTESIAN_POINT('Ctrl Pts',(43.1412628693997,103.941947196159,-2.));
#10644=CARTESIAN_POINT('Ctrl Pts',(43.1412628693997,103.941947196159,-3.));
#10645=CARTESIAN_POINT('',(43.8574973149716,101.445357773933,-3.));
#10646=CARTESIAN_POINT('',(43.8574973149716,101.445357773933,-2.));
#10647=CARTESIAN_POINT('Ctrl Pts',(43.8574973149716,101.445357773933,-3.));
#10648=CARTESIAN_POINT('Ctrl Pts',(43.6487756783878,101.809452670286,-3.));
#10649=CARTESIAN_POINT('Ctrl Pts',(43.2063546464468,102.581213769927,-3.));
#10650=CARTESIAN_POINT('Ctrl Pts',(43.1637616851794,103.471612968537,-3.));
#10651=CARTESIAN_POINT('Ctrl Pts',(43.1412628693997,103.941947196159,-3.));
#10652=CARTESIAN_POINT('Ctrl Pts',(46.6542235417783,100.21070477787,-2.));
#10653=CARTESIAN_POINT('Ctrl Pts',(46.6542235417783,100.21070477787,-3.));
#10654=CARTESIAN_POINT('Ctrl Pts',(46.0761802148241,100.248233802907,-2.));
#10655=CARTESIAN_POINT('Ctrl Pts',(46.0761802148241,100.248233802907,-3.));
#10656=CARTESIAN_POINT('Ctrl Pts',(44.9871400167548,100.318938912635,-2.));
#10657=CARTESIAN_POINT('Ctrl Pts',(44.9871400167548,100.318938912635,-3.));
#10658=CARTESIAN_POINT('Ctrl Pts',(44.2182663853929,101.085618287409,-2.));
#10659=CARTESIAN_POINT('Ctrl Pts',(44.2182663853929,101.085618287409,-3.));
#10660=CARTESIAN_POINT('Ctrl Pts',(43.8574973149716,101.445357773933,-2.));
#10661=CARTESIAN_POINT('Ctrl Pts',(43.8574973149716,101.445357773933,-3.));
#10662=CARTESIAN_POINT('',(46.6542235417783,100.21070477787,-3.));
#10663=CARTESIAN_POINT('',(46.6542235417783,100.21070477787,-2.));
#10664=CARTESIAN_POINT('Ctrl Pts',(46.6542235417783,100.21070477787,-3.));
#10665=CARTESIAN_POINT('Ctrl Pts',(46.0761802148241,100.248233802907,-3.));
#10666=CARTESIAN_POINT('Ctrl Pts',(44.9871400167548,100.318938912635,-3.));
#10667=CARTESIAN_POINT('Ctrl Pts',(44.2182663853929,101.085618287409,-3.));
#10668=CARTESIAN_POINT('Ctrl Pts',(43.8574973149716,101.445357773933,-3.));
#10669=CARTESIAN_POINT('Ctrl Pts',(48.6426273389279,100.759818528328,-2.));
#10670=CARTESIAN_POINT('Ctrl Pts',(48.6426273389279,100.759818528328,-3.));
#10671=CARTESIAN_POINT('Ctrl Pts',(48.350974939161,100.599798132786,-2.));
#10672=CARTESIAN_POINT('Ctrl Pts',(48.350974939161,100.599798132786,-3.));
#10673=CARTESIAN_POINT('Ctrl Pts',(47.7327666500212,100.260606907085,-2.));
#10674=CARTESIAN_POINT('Ctrl Pts',(47.7327666500212,100.260606907085,-3.));
#10675=CARTESIAN_POINT('Ctrl Pts',(47.0270198564033,100.227953351173,-2.));
#10676=CARTESIAN_POINT('Ctrl Pts',(47.0270198564033,100.227953351173,-3.));
#10677=CARTESIAN_POINT('Ctrl Pts',(46.6542235417783,100.21070477787,-2.));
#10678=CARTESIAN_POINT('Ctrl Pts',(46.6542235417783,100.21070477787,-3.));
#10679=CARTESIAN_POINT('',(48.6426273389279,100.759818528328,-3.));
#10680=CARTESIAN_POINT('',(48.6426273389279,100.759818528328,-2.));
#10681=CARTESIAN_POINT('Ctrl Pts',(48.6426273389279,100.759818528328,-3.));
#10682=CARTESIAN_POINT('Ctrl Pts',(48.350974939161,100.599798132786,-3.));
#10683=CARTESIAN_POINT('Ctrl Pts',(47.7327666500212,100.260606907085,-3.));
#10684=CARTESIAN_POINT('Ctrl Pts',(47.0270198564033,100.227953351173,-3.));
#10685=CARTESIAN_POINT('Ctrl Pts',(46.6542235417783,100.21070477787,-3.));
#10686=CARTESIAN_POINT('Ctrl Pts',(49.8056558175504,102.359409306679,-2.));
#10687=CARTESIAN_POINT('Ctrl Pts',(49.8056558175504,102.359409306679,-3.));
#10688=CARTESIAN_POINT('Ctrl Pts',(49.6705067107032,102.03397084832,-2.));
#10689=CARTESIAN_POINT('Ctrl Pts',(49.6705067107032,102.03397084832,-3.));
#10690=CARTESIAN_POINT('Ctrl Pts',(49.4101379499914,101.407004010968,-2.));
#10691=CARTESIAN_POINT('Ctrl Pts',(49.4101379499914,101.407004010968,-3.));
#10692=CARTESIAN_POINT('Ctrl Pts',(48.89187604408,100.969991705371,-2.));
#10693=CARTESIAN_POINT('Ctrl Pts',(48.89187604408,100.969991705371,-3.));
#10694=CARTESIAN_POINT('Ctrl Pts',(48.6426273389279,100.759818528328,-2.));
#10695=CARTESIAN_POINT('Ctrl Pts',(48.6426273389279,100.759818528328,-3.));
#10696=CARTESIAN_POINT('',(49.8056558175504,102.359409306679,-3.));
#10697=CARTESIAN_POINT('',(49.8056558175504,102.359409306679,-2.));
#10698=CARTESIAN_POINT('Ctrl Pts',(49.8056558175504,102.359409306679,-3.));
#10699=CARTESIAN_POINT('Ctrl Pts',(49.6705067107032,102.03397084832,-3.));
#10700=CARTESIAN_POINT('Ctrl Pts',(49.4101379499914,101.407004010968,-3.));
#10701=CARTESIAN_POINT('Ctrl Pts',(48.89187604408,100.969991705371,-3.));
#10702=CARTESIAN_POINT('Ctrl Pts',(48.6426273389279,100.759818528328,-3.));
#10703=CARTESIAN_POINT('Origin',(47.8956965012967,102.680009577904,-2.));
#10704=CARTESIAN_POINT('',(47.8956965012967,102.680009577904,-3.));
#10705=CARTESIAN_POINT('',(47.8956965012967,102.680009577904,-2.));
#10706=CARTESIAN_POINT('',(47.8956965012967,102.680009577904,-3.));
#10707=CARTESIAN_POINT('Ctrl Pts',(47.4318495793759,101.888740037117,-2.));
#10708=CARTESIAN_POINT('Ctrl Pts',(47.4318495793759,101.888740037117,-3.));
#10709=CARTESIAN_POINT('Ctrl Pts',(47.5299036528401,101.990607589275,-2.));
#10710=CARTESIAN_POINT('Ctrl Pts',(47.5299036528401,101.990607589275,-3.));
#10711=CARTESIAN_POINT('Ctrl Pts',(47.7471897466992,102.216344284522,-2.));
#10712=CARTESIAN_POINT('Ctrl Pts',(47.7471897466992,102.216344284522,-3.));
#10713=CARTESIAN_POINT('Ctrl Pts',(47.8430789462738,102.515727931908,-2.));
#10714=CARTESIAN_POINT('Ctrl Pts',(47.8430789462738,102.515727931908,-3.));
#10715=CARTESIAN_POINT('Ctrl Pts',(47.8956965012967,102.680009577904,-2.));
#10716=CARTESIAN_POINT('Ctrl Pts',(47.8956965012967,102.680009577904,-3.));
#10717=CARTESIAN_POINT('Ctrl Pts',(47.4318495793759,101.888740037117,-3.));
#10718=CARTESIAN_POINT('Ctrl Pts',(47.5299036528401,101.990607589275,-3.));
#10719=CARTESIAN_POINT('Ctrl Pts',(47.7471897466992,102.216344284522,-3.));
#10720=CARTESIAN_POINT('Ctrl Pts',(47.8430789462738,102.515727931908,-3.));
#10721=CARTESIAN_POINT('Ctrl Pts',(47.8956965012967,102.680009577904,-3.));
#10722=CARTESIAN_POINT('Origin',(64.1235289378583,105.297558385804,-3.));
#10723=CARTESIAN_POINT('Ctrl Pts',(91.088060478729,106.315753434334,-2.));
#10724=CARTESIAN_POINT('Ctrl Pts',(91.088060478729,106.315753434334,-3.));
#10725=CARTESIAN_POINT('Ctrl Pts',(90.8690170618704,106.292084009123,-2.));
#10726=CARTESIAN_POINT('Ctrl Pts',(90.8690170618704,106.292084009123,-3.));
#10727=CARTESIAN_POINT('Ctrl Pts',(90.4255652699915,106.244165431278,-2.));
#10728=CARTESIAN_POINT('Ctrl Pts',(90.4255652699915,106.244165431278,-3.));
#10729=CARTESIAN_POINT('Ctrl Pts',(90.1068050019152,105.931623164602,-2.));
#10730=CARTESIAN_POINT('Ctrl Pts',(90.1068050019152,105.931623164602,-3.));
#10731=CARTESIAN_POINT('Ctrl Pts',(89.9454966588437,105.77346143547,-2.));
#10732=CARTESIAN_POINT('Ctrl Pts',(89.9454966588437,105.77346143547,-3.));
#10733=CARTESIAN_POINT('',(91.088060478729,106.315753434334,-2.));
#10734=CARTESIAN_POINT('',(89.9454966588437,105.77346143547,-2.));
#10735=CARTESIAN_POINT('Ctrl Pts',(91.088060478729,106.315753434334,-2.));
#10736=CARTESIAN_POINT('Ctrl Pts',(90.8690170618704,106.292084009123,-2.));
#10737=CARTESIAN_POINT('Ctrl Pts',(90.4255652699915,106.244165431278,-2.));
#10738=CARTESIAN_POINT('Ctrl Pts',(90.1068050019152,105.931623164602,-2.));
#10739=CARTESIAN_POINT('Ctrl Pts',(89.9454966588437,105.77346143547,-2.));
#10740=CARTESIAN_POINT('',(91.088060478729,106.315753434334,-3.));
#10741=CARTESIAN_POINT('',(91.088060478729,106.315753434334,-2.));
#10742=CARTESIAN_POINT('',(89.9454966588437,105.77346143547,-3.));
#10743=CARTESIAN_POINT('Ctrl Pts',(91.088060478729,106.315753434334,-3.));
#10744=CARTESIAN_POINT('Ctrl Pts',(90.8690170618704,106.292084009123,-3.));
#10745=CARTESIAN_POINT('Ctrl Pts',(90.4255652699915,106.244165431278,-3.));
#10746=CARTESIAN_POINT('Ctrl Pts',(90.1068050019152,105.931623164602,-3.));
#10747=CARTESIAN_POINT('Ctrl Pts',(89.9454966588437,105.77346143547,-3.));
#10748=CARTESIAN_POINT('',(89.9454966588437,105.77346143547,-2.));
#10749=CARTESIAN_POINT('Ctrl Pts',(92.2408572240293,105.766640279922,-2.));
#10750=CARTESIAN_POINT('Ctrl Pts',(92.2408572240293,105.766640279922,-3.));
#10751=CARTESIAN_POINT('Ctrl Pts',(92.0806346489894,105.926797776102,-2.));
#10752=CARTESIAN_POINT('Ctrl Pts',(92.0806346489894,105.926797776102,-3.));
#10753=CARTESIAN_POINT('Ctrl Pts',(91.7611701699587,106.24613249574,-2.));
#10754=CARTESIAN_POINT('Ctrl Pts',(91.7611701699587,106.24613249574,-3.));
#10755=CARTESIAN_POINT('Ctrl Pts',(91.3119707348437,106.292593996289,-2.));
#10756=CARTESIAN_POINT('Ctrl Pts',(91.3119707348437,106.292593996289,-3.));
#10757=CARTESIAN_POINT('Ctrl Pts',(91.088060478729,106.315753434334,-2.));
#10758=CARTESIAN_POINT('Ctrl Pts',(91.088060478729,106.315753434334,-3.));
#10759=CARTESIAN_POINT('',(92.2408572240293,105.766640279922,-2.));
#10760=CARTESIAN_POINT('Ctrl Pts',(92.2408572240293,105.766640279922,-2.));
#10761=CARTESIAN_POINT('Ctrl Pts',(92.0806346489894,105.926797776102,-2.));
#10762=CARTESIAN_POINT('Ctrl Pts',(91.7611701699587,106.24613249574,-2.));
#10763=CARTESIAN_POINT('Ctrl Pts',(91.3119707348437,106.292593996289,-2.));
#10764=CARTESIAN_POINT('Ctrl Pts',(91.088060478729,106.315753434334,-2.));
#10765=CARTESIAN_POINT('',(92.2408572240293,105.766640279922,-3.));
#10766=CARTESIAN_POINT('',(92.2408572240293,105.766640279922,-2.));
#10767=CARTESIAN_POINT('Ctrl Pts',(92.2408572240293,105.766640279922,-3.));
#10768=CARTESIAN_POINT('Ctrl Pts',(92.0806346489894,105.926797776102,-3.));
#10769=CARTESIAN_POINT('Ctrl Pts',(91.7611701699587,106.24613249574,-3.));
#10770=CARTESIAN_POINT('Ctrl Pts',(91.3119707348437,106.292593996289,-3.));
#10771=CARTESIAN_POINT('Ctrl Pts',(91.088060478729,106.315753434334,-3.));
#10772=CARTESIAN_POINT('Ctrl Pts',(92.6910630269467,103.969233010444,-2.));
#10773=CARTESIAN_POINT('Ctrl Pts',(92.6910630269467,103.969233010444,-3.));
#10774=CARTESIAN_POINT('Ctrl Pts',(92.6864675137795,104.336193280541,-2.));
#10775=CARTESIAN_POINT('Ctrl Pts',(92.6864675137795,104.336193280541,-3.));
#10776=CARTESIAN_POINT('Ctrl Pts',(92.6784711550691,104.974717389897,-2.));
#10777=CARTESIAN_POINT('Ctrl Pts',(92.6784711550691,104.974717389897,-3.));
#10778=CARTESIAN_POINT('Ctrl Pts',(92.3714381414089,105.530336062578,-2.));
#10779=CARTESIAN_POINT('Ctrl Pts',(92.3714381414089,105.530336062578,-3.));
#10780=CARTESIAN_POINT('Ctrl Pts',(92.2408572240293,105.766640279922,-2.));
#10781=CARTESIAN_POINT('Ctrl Pts',(92.2408572240293,105.766640279922,-3.));
#10782=CARTESIAN_POINT('',(92.6910630269467,103.969233010444,-2.));
#10783=CARTESIAN_POINT('Ctrl Pts',(92.6910630269467,103.969233010444,-2.));
#10784=CARTESIAN_POINT('Ctrl Pts',(92.6864675137795,104.336193280541,-2.));
#10785=CARTESIAN_POINT('Ctrl Pts',(92.6784711550691,104.974717389897,-2.));
#10786=CARTESIAN_POINT('Ctrl Pts',(92.3714381414089,105.530336062578,-2.));
#10787=CARTESIAN_POINT('Ctrl Pts',(92.2408572240293,105.766640279922,-2.));
#10788=CARTESIAN_POINT('',(92.6910630269467,103.969233010444,-3.));
#10789=CARTESIAN_POINT('',(92.6910630269467,103.969233010444,-2.));
#10790=CARTESIAN_POINT('Ctrl Pts',(92.6910630269467,103.969233010444,-3.));
#10791=CARTESIAN_POINT('Ctrl Pts',(92.6864675137795,104.336193280541,-3.));
#10792=CARTESIAN_POINT('Ctrl Pts',(92.6784711550691,104.974717389897,-3.));
#10793=CARTESIAN_POINT('Ctrl Pts',(92.3714381414089,105.530336062578,-3.));
#10794=CARTESIAN_POINT('Ctrl Pts',(92.2408572240293,105.766640279922,-3.));
#10795=CARTESIAN_POINT('Ctrl Pts',(92.2272149129331,102.287785981331,-2.));
#10796=CARTESIAN_POINT('Ctrl Pts',(92.2272149129331,102.287785981331,-3.));
#10797=CARTESIAN_POINT('Ctrl Pts',(92.3620464032707,102.516088323797,-2.));
#10798=CARTESIAN_POINT('Ctrl Pts',(92.3620464032707,102.516088323797,-3.));
#10799=CARTESIAN_POINT('Ctrl Pts',(92.6667079009048,103.031953967608,-2.));
#10800=CARTESIAN_POINT('Ctrl Pts',(92.6667079009048,103.031953967608,-3.));
#10801=CARTESIAN_POINT('Ctrl Pts',(92.6823458398308,103.633762079923,-2.));
#10802=CARTESIAN_POINT('Ctrl Pts',(92.6823458398308,103.633762079923,-3.));
#10803=CARTESIAN_POINT('Ctrl Pts',(92.6910630269467,103.969233010444,-2.));
#10804=CARTESIAN_POINT('Ctrl Pts',(92.6910630269467,103.969233010444,-3.));
#10805=CARTESIAN_POINT('',(92.2272149129331,102.287785981331,-2.));
#10806=CARTESIAN_POINT('Ctrl Pts',(92.2272149129331,102.287785981331,-2.));
#10807=CARTESIAN_POINT('Ctrl Pts',(92.3620464032707,102.516088323797,-2.));
#10808=CARTESIAN_POINT('Ctrl Pts',(92.6667079009048,103.031953967608,-2.));
#10809=CARTESIAN_POINT('Ctrl Pts',(92.6823458398308,103.633762079923,-2.));
#10810=CARTESIAN_POINT('Ctrl Pts',(92.6910630269467,103.969233010444,-2.));
#10811=CARTESIAN_POINT('',(92.2272149129331,102.287785981331,-3.));
#10812=CARTESIAN_POINT('',(92.2272149129331,102.287785981331,-2.));
#10813=CARTESIAN_POINT('Ctrl Pts',(92.2272149129331,102.287785981331,-3.));
#10814=CARTESIAN_POINT('Ctrl Pts',(92.3620464032707,102.516088323797,-3.));
#10815=CARTESIAN_POINT('Ctrl Pts',(92.6667079009048,103.031953967608,-3.));
#10816=CARTESIAN_POINT('Ctrl Pts',(92.6823458398308,103.633762079923,-3.));
#10817=CARTESIAN_POINT('Ctrl Pts',(92.6910630269467,103.969233010444,-3.));
#10818=CARTESIAN_POINT('Ctrl Pts',(91.1017027898252,101.725029919777,-2.));
#10819=CARTESIAN_POINT('Ctrl Pts',(91.1017027898252,101.725029919777,-3.));
#10820=CARTESIAN_POINT('Ctrl Pts',(91.3160593087972,101.751008670421,-2.));
#10821=CARTESIAN_POINT('Ctrl Pts',(91.3160593087972,101.751008670421,-3.));
#10822=CARTESIAN_POINT('Ctrl Pts',(91.7571851407419,101.804470529409,-2.));
#10823=CARTESIAN_POINT('Ctrl Pts',(91.7571851407419,101.804470529409,-3.));
#10824=CARTESIAN_POINT('Ctrl Pts',(92.0676264965063,102.123686700455,-2.));
#10825=CARTESIAN_POINT('Ctrl Pts',(92.0676264965063,102.123686700455,-3.));
#10826=CARTESIAN_POINT('Ctrl Pts',(92.2272149129331,102.287785981331,-2.));
#10827=CARTESIAN_POINT('Ctrl Pts',(92.2272149129331,102.287785981331,-3.));
#10828=CARTESIAN_POINT('',(91.1017027898252,101.725029919777,-2.));
#10829=CARTESIAN_POINT('Ctrl Pts',(91.1017027898252,101.725029919777,-2.));
#10830=CARTESIAN_POINT('Ctrl Pts',(91.3160593087972,101.751008670421,-2.));
#10831=CARTESIAN_POINT('Ctrl Pts',(91.7571851407419,101.804470529409,-2.));
#10832=CARTESIAN_POINT('Ctrl Pts',(92.0676264965063,102.123686700455,-2.));
#10833=CARTESIAN_POINT('Ctrl Pts',(92.2272149129331,102.287785981331,-2.));
#10834=CARTESIAN_POINT('',(91.1017027898252,101.725029919777,-3.));
#10835=CARTESIAN_POINT('',(91.1017027898252,101.725029919777,-2.));
#10836=CARTESIAN_POINT('Ctrl Pts',(91.1017027898252,101.725029919777,-3.));
#10837=CARTESIAN_POINT('Ctrl Pts',(91.3160593087972,101.751008670421,-3.));
#10838=CARTESIAN_POINT('Ctrl Pts',(91.7571851407419,101.804470529409,-3.));
#10839=CARTESIAN_POINT('Ctrl Pts',(92.0676264965063,102.123686700455,-3.));
#10840=CARTESIAN_POINT('Ctrl Pts',(92.2272149129331,102.287785981331,-3.));
#10841=CARTESIAN_POINT('Ctrl Pts',(89.8056593938291,102.475371335182,-2.));
#10842=CARTESIAN_POINT('Ctrl Pts',(89.8056593938291,102.475371335182,-3.));
#10843=CARTESIAN_POINT('Ctrl Pts',(89.9730874724245,102.256541730553,-2.));
#10844=CARTESIAN_POINT('Ctrl Pts',(89.9730874724245,102.256541730553,-3.));
#10845=CARTESIAN_POINT('Ctrl Pts',(90.302115161046,101.826500368214,-2.));
#10846=CARTESIAN_POINT('Ctrl Pts',(90.302115161046,101.826500368214,-3.));
#10847=CARTESIAN_POINT('Ctrl Pts',(90.8383398474277,101.75845159228,-2.));
#10848=CARTESIAN_POINT('Ctrl Pts',(90.8383398474277,101.75845159228,-3.));
#10849=CARTESIAN_POINT('Ctrl Pts',(91.1017027898252,101.725029919777,-2.));
#10850=CARTESIAN_POINT('Ctrl Pts',(91.1017027898252,101.725029919777,-3.));
#10851=CARTESIAN_POINT('',(89.8056593938291,102.475371335182,-2.));
#10852=CARTESIAN_POINT('Ctrl Pts',(89.8056593938291,102.475371335182,-2.));
#10853=CARTESIAN_POINT('Ctrl Pts',(89.9730874724245,102.256541730553,-2.));
#10854=CARTESIAN_POINT('Ctrl Pts',(90.302115161046,101.826500368214,-2.));
#10855=CARTESIAN_POINT('Ctrl Pts',(90.8383398474277,101.75845159228,-2.));
#10856=CARTESIAN_POINT('Ctrl Pts',(91.1017027898252,101.725029919777,-2.));
#10857=CARTESIAN_POINT('',(89.8056593938291,102.475371335182,-3.));
#10858=CARTESIAN_POINT('',(89.8056593938291,102.475371335182,-2.));
#10859=CARTESIAN_POINT('Ctrl Pts',(89.8056593938291,102.475371335182,-3.));
#10860=CARTESIAN_POINT('Ctrl Pts',(89.9730874724245,102.256541730553,-3.));
#10861=CARTESIAN_POINT('Ctrl Pts',(90.302115161046,101.826500368214,-3.));
#10862=CARTESIAN_POINT('Ctrl Pts',(90.8383398474277,101.75845159228,-3.));
#10863=CARTESIAN_POINT('Ctrl Pts',(91.1017027898252,101.725029919777,-3.));
#10864=CARTESIAN_POINT('Ctrl Pts',(89.4850579305112,104.153406594429,-2.));
#10865=CARTESIAN_POINT('Ctrl Pts',(89.4850579305112,104.153406594429,-3.));
#10866=CARTESIAN_POINT('Ctrl Pts',(89.4870767102439,103.815030016719,-2.));
#10867=CARTESIAN_POINT('Ctrl Pts',(89.4870767102439,103.815030016719,-3.));
#10868=CARTESIAN_POINT('Ctrl Pts',(89.4905454525789,103.233618810103,-2.));
#10869=CARTESIAN_POINT('Ctrl Pts',(89.4905454525789,103.233618810103,-3.));
#10870=CARTESIAN_POINT('Ctrl Pts',(89.7127683918066,102.698891651189,-2.));
#10871=CARTESIAN_POINT('Ctrl Pts',(89.7127683918066,102.698891651189,-3.));
#10872=CARTESIAN_POINT('Ctrl Pts',(89.8056593938291,102.475371335182,-2.));
#10873=CARTESIAN_POINT('Ctrl Pts',(89.8056593938291,102.475371335182,-3.));
#10874=CARTESIAN_POINT('',(89.4850579305112,104.153406594429,-2.));
#10875=CARTESIAN_POINT('Ctrl Pts',(89.4850579305112,104.153406594429,-2.));
#10876=CARTESIAN_POINT('Ctrl Pts',(89.4870767102439,103.815030016719,-2.));
#10877=CARTESIAN_POINT('Ctrl Pts',(89.4905454525789,103.233618810103,-2.));
#10878=CARTESIAN_POINT('Ctrl Pts',(89.7127683918066,102.698891651189,-2.));
#10879=CARTESIAN_POINT('Ctrl Pts',(89.8056593938291,102.475371335182,-2.));
#10880=CARTESIAN_POINT('',(89.4850579305112,104.153406594429,-3.));
#10881=CARTESIAN_POINT('',(89.4850579305112,104.153406594429,-2.));
#10882=CARTESIAN_POINT('Ctrl Pts',(89.4850579305112,104.153406594429,-3.));
#10883=CARTESIAN_POINT('Ctrl Pts',(89.4870767102439,103.815030016719,-3.));
#10884=CARTESIAN_POINT('Ctrl Pts',(89.4905454525789,103.233618810103,-3.));
#10885=CARTESIAN_POINT('Ctrl Pts',(89.7127683918066,102.698891651189,-3.));
#10886=CARTESIAN_POINT('Ctrl Pts',(89.8056593938291,102.475371335182,-3.));
#10887=CARTESIAN_POINT('Ctrl Pts',(89.9454966588437,105.77346143547,-2.));
#10888=CARTESIAN_POINT('Ctrl Pts',(89.9454966588437,105.77346143547,-3.));
#10889=CARTESIAN_POINT('Ctrl Pts',(89.811634796417,105.55380912726,-2.));
#10890=CARTESIAN_POINT('Ctrl Pts',(89.811634796417,105.55380912726,-3.));
#10891=CARTESIAN_POINT('Ctrl Pts',(89.510121537812,105.059059674293,-2.));
#10892=CARTESIAN_POINT('Ctrl Pts',(89.510121537812,105.059059674293,-3.));
#10893=CARTESIAN_POINT('Ctrl Pts',(89.4940141652028,104.477032856008,-2.));
#10894=CARTESIAN_POINT('Ctrl Pts',(89.4940141652028,104.477032856008,-3.));
#10895=CARTESIAN_POINT('Ctrl Pts',(89.4850579305112,104.153406594429,-2.));
#10896=CARTESIAN_POINT('Ctrl Pts',(89.4850579305112,104.153406594429,-3.));
#10897=CARTESIAN_POINT('Ctrl Pts',(89.9454966588437,105.77346143547,-2.));
#10898=CARTESIAN_POINT('Ctrl Pts',(89.811634796417,105.55380912726,-2.));
#10899=CARTESIAN_POINT('Ctrl Pts',(89.510121537812,105.059059674293,-2.));
#10900=CARTESIAN_POINT('Ctrl Pts',(89.4940141652028,104.477032856008,-2.));
#10901=CARTESIAN_POINT('Ctrl Pts',(89.4850579305112,104.153406594429,-2.));
#10902=CARTESIAN_POINT('Ctrl Pts',(89.9454966588437,105.77346143547,-3.));
#10903=CARTESIAN_POINT('Ctrl Pts',(89.811634796417,105.55380912726,-3.));
#10904=CARTESIAN_POINT('Ctrl Pts',(89.510121537812,105.059059674293,-3.));
#10905=CARTESIAN_POINT('Ctrl Pts',(89.4940141652028,104.477032856008,-3.));
#10906=CARTESIAN_POINT('Ctrl Pts',(89.4850579305112,104.153406594429,-3.));
#10907=CARTESIAN_POINT('Origin',(92.6842394872128,110.374416087303,-2.));
#10908=CARTESIAN_POINT('',(92.6842394872128,110.374416087303,-3.));
#10909=CARTESIAN_POINT('',(92.6842394872128,110.374416087303,-2.));
#10910=CARTESIAN_POINT('',(94.6010199590146,110.374416087303,-3.));
#10911=CARTESIAN_POINT('',(92.6842394872128,110.374416087303,-3.));
#10912=CARTESIAN_POINT('',(94.6010199590146,110.374416087303,-2.));
#10913=CARTESIAN_POINT('Origin',(92.6842394872128,106.772779796753,-2.));
#10914=CARTESIAN_POINT('',(92.6842394872128,106.772779796753,-3.));
#10915=CARTESIAN_POINT('',(92.6842394872128,106.772779796753,-2.));
#10916=CARTESIAN_POINT('',(92.6842394872128,106.772779796753,-3.));
#10917=CARTESIAN_POINT('Ctrl Pts',(90.5832854314267,107.782329295311,-2.));
#10918=CARTESIAN_POINT('Ctrl Pts',(90.5832854314267,107.782329295311,-3.));
#10919=CARTESIAN_POINT('Ctrl Pts',(90.9783968468002,107.735590298311,-2.));
#10920=CARTESIAN_POINT('Ctrl Pts',(90.9783968468002,107.735590298311,-3.));
#10921=CARTESIAN_POINT('Ctrl Pts',(91.7922268039207,107.639319741593,-2.));
#10922=CARTESIAN_POINT('Ctrl Pts',(91.7922268039207,107.639319741593,-3.));
#10923=CARTESIAN_POINT('Ctrl Pts',(92.3812069896591,107.067158754175,-2.));
#10924=CARTESIAN_POINT('Ctrl Pts',(92.3812069896591,107.067158754175,-3.));
#10925=CARTESIAN_POINT('Ctrl Pts',(92.6842394872128,106.772779796753,-2.));
#10926=CARTESIAN_POINT('Ctrl Pts',(92.6842394872128,106.772779796753,-3.));
#10927=CARTESIAN_POINT('',(90.5832854314267,107.782329295311,-3.));
#10928=CARTESIAN_POINT('',(90.5832854314267,107.782329295311,-2.));
#10929=CARTESIAN_POINT('Ctrl Pts',(90.5832854314267,107.782329295311,-3.));
#10930=CARTESIAN_POINT('Ctrl Pts',(90.9783968468002,107.735590298311,-3.));
#10931=CARTESIAN_POINT('Ctrl Pts',(91.7922268039207,107.639319741593,-3.));
#10932=CARTESIAN_POINT('Ctrl Pts',(92.3812069896591,107.067158754175,-3.));
#10933=CARTESIAN_POINT('Ctrl Pts',(92.6842394872128,106.772779796753,-3.));
#10934=CARTESIAN_POINT('Ctrl Pts',(88.3936539693295,106.82393905941,-2.));
#10935=CARTESIAN_POINT('Ctrl Pts',(88.3936539693295,106.82393905941,-3.));
#10936=CARTESIAN_POINT('Ctrl Pts',(88.7029591108127,107.103465818646,-2.));
#10937=CARTESIAN_POINT('Ctrl Pts',(88.7029591108127,107.103465818646,-3.));
#10938=CARTESIAN_POINT('Ctrl Pts',(89.3258385475286,107.666377477679,-2.));
#10939=CARTESIAN_POINT('Ctrl Pts',(89.3258385475286,107.666377477679,-3.));
#10940=CARTESIAN_POINT('Ctrl Pts',(90.162225632145,107.743502487051,-2.));
#10941=CARTESIAN_POINT('Ctrl Pts',(90.162225632145,107.743502487051,-3.));
#10942=CARTESIAN_POINT('Ctrl Pts',(90.5832854314267,107.782329295311,-2.));
#10943=CARTESIAN_POINT('Ctrl Pts',(90.5832854314267,107.782329295311,-3.));
#10944=CARTESIAN_POINT('',(88.3936539693295,106.82393905941,-3.));
#10945=CARTESIAN_POINT('',(88.3936539693295,106.82393905941,-2.));
#10946=CARTESIAN_POINT('Ctrl Pts',(88.3936539693295,106.82393905941,-3.));
#10947=CARTESIAN_POINT('Ctrl Pts',(88.7029591108127,107.103465818646,-3.));
#10948=CARTESIAN_POINT('Ctrl Pts',(89.3258385475286,107.666377477679,-3.));
#10949=CARTESIAN_POINT('Ctrl Pts',(90.162225632145,107.743502487051,-3.));
#10950=CARTESIAN_POINT('Ctrl Pts',(90.5832854314267,107.782329295311,-3.));
#10951=CARTESIAN_POINT('Ctrl Pts',(87.5273505254209,104.023802254829,-2.));
#10952=CARTESIAN_POINT('Ctrl Pts',(87.5273505254209,104.023802254829,-3.));
#10953=CARTESIAN_POINT('Ctrl Pts',(87.5472026111464,104.581345679198,-2.));
#10954=CARTESIAN_POINT('Ctrl Pts',(87.5472026111464,104.581345679198,-3.));
#10955=CARTESIAN_POINT('Ctrl Pts',(87.5833992030096,105.597922579828,-2.));
#10956=CARTESIAN_POINT('Ctrl Pts',(87.5833992030096,105.597922579828,-3.));
#10957=CARTESIAN_POINT('Ctrl Pts',(88.1415995870442,106.442549354248,-2.));
#10958=CARTESIAN_POINT('Ctrl Pts',(88.1415995870442,106.442549354248,-3.));
#10959=CARTESIAN_POINT('Ctrl Pts',(88.3936539693295,106.82393905941,-2.));
#10960=CARTESIAN_POINT('Ctrl Pts',(88.3936539693295,106.82393905941,-3.));
#10961=CARTESIAN_POINT('',(87.5273505254209,104.023802254829,-3.));
#10962=CARTESIAN_POINT('',(87.5273505254209,104.023802254829,-2.));
#10963=CARTESIAN_POINT('Ctrl Pts',(87.5273505254209,104.023802254829,-3.));
#10964=CARTESIAN_POINT('Ctrl Pts',(87.5472026111464,104.581345679198,-3.));
#10965=CARTESIAN_POINT('Ctrl Pts',(87.5833992030096,105.597922579828,-3.));
#10966=CARTESIAN_POINT('Ctrl Pts',(88.1415995870442,106.442549354248,-3.));
#10967=CARTESIAN_POINT('Ctrl Pts',(88.3936539693295,106.82393905941,-3.));
#10968=CARTESIAN_POINT('Ctrl Pts',(88.4175292058408,101.2168442947,-2.));
#10969=CARTESIAN_POINT('Ctrl Pts',(88.4175292058408,101.2168442947,-3.));
#10970=CARTESIAN_POINT('Ctrl Pts',(88.1583351547587,101.606219893318,-2.));
#10971=CARTESIAN_POINT('Ctrl Pts',(88.1583351547587,101.606219893318,-3.));
#10972=CARTESIAN_POINT('Ctrl Pts',(87.5947655624437,102.452845216909,-2.));
#10973=CARTESIAN_POINT('Ctrl Pts',(87.5947655624437,102.452845216909,-3.));
#10974=CARTESIAN_POINT('Ctrl Pts',(87.5509919833747,103.472890820237,-2.));
#10975=CARTESIAN_POINT('Ctrl Pts',(87.5509919833747,103.472890820237,-3.));
#10976=CARTESIAN_POINT('Ctrl Pts',(87.5273505254209,104.023802254829,-2.));
#10977=CARTESIAN_POINT('Ctrl Pts',(87.5273505254209,104.023802254829,-3.));
#10978=CARTESIAN_POINT('',(88.4175292058408,101.2168442947,-3.));
#10979=CARTESIAN_POINT('',(88.4175292058408,101.2168442947,-2.));
#10980=CARTESIAN_POINT('Ctrl Pts',(88.4175292058408,101.2168442947,-3.));
#10981=CARTESIAN_POINT('Ctrl Pts',(88.1583351547587,101.606219893318,-3.));
#10982=CARTESIAN_POINT('Ctrl Pts',(87.5947655624437,102.452845216909,-3.));
#10983=CARTESIAN_POINT('Ctrl Pts',(87.5509919833747,103.472890820237,-3.));
#10984=CARTESIAN_POINT('Ctrl Pts',(87.5273505254209,104.023802254829,-3.));
#10985=CARTESIAN_POINT('Ctrl Pts',(90.5560008092343,100.21070477787,-2.));
#10986=CARTESIAN_POINT('Ctrl Pts',(90.5560008092343,100.21070477787,-3.));
#10987=CARTESIAN_POINT('Ctrl Pts',(90.1518485622016,100.256040581662,-2.));
#10988=CARTESIAN_POINT('Ctrl Pts',(90.1518485622016,100.256040581662,-3.));
#10989=CARTESIAN_POINT('Ctrl Pts',(89.3262037762892,100.348657337578,-2.));
#10990=CARTESIAN_POINT('Ctrl Pts',(89.3262037762892,100.348657337578,-3.));
#10991=CARTESIAN_POINT('Ctrl Pts',(88.7246321560131,100.923424863251,-2.));
#10992=CARTESIAN_POINT('Ctrl Pts',(88.7246321560131,100.923424863251,-3.));
#10993=CARTESIAN_POINT('Ctrl Pts',(88.4175292058408,101.2168442947,-2.));
#10994=CARTESIAN_POINT('Ctrl Pts',(88.4175292058408,101.2168442947,-3.));
#10995=CARTESIAN_POINT('',(90.5560008092343,100.21070477787,-3.));
#10996=CARTESIAN_POINT('',(90.5560008092343,100.21070477787,-2.));
#10997=CARTESIAN_POINT('Ctrl Pts',(90.5560008092343,100.21070477787,-3.));
#10998=CARTESIAN_POINT('Ctrl Pts',(90.1518485622016,100.256040581662,-3.));
#10999=CARTESIAN_POINT('Ctrl Pts',(89.3262037762892,100.348657337578,-3.));
#11000=CARTESIAN_POINT('Ctrl Pts',(88.7246321560131,100.923424863251,-3.));
#11001=CARTESIAN_POINT('Ctrl Pts',(88.4175292058408,101.2168442947,-3.));
#11002=CARTESIAN_POINT('Ctrl Pts',(91.7735997243344,100.514252160225,-2.));
#11003=CARTESIAN_POINT('Ctrl Pts',(91.7735997243344,100.514252160225,-3.));
#11004=CARTESIAN_POINT('Ctrl Pts',(91.5746287500462,100.42573396073,-2.));
#11005=CARTESIAN_POINT('Ctrl Pts',(91.5746287500462,100.42573396073,-3.));
#11006=CARTESIAN_POINT('Ctrl Pts',(91.1863740728172,100.253007234651,-2.));
#11007=CARTESIAN_POINT('Ctrl Pts',(91.1863740728172,100.253007234651,-3.));
#11008=CARTESIAN_POINT('Ctrl Pts',(90.7626007334346,100.224569078387,-2.));
#11009=CARTESIAN_POINT('Ctrl Pts',(90.7626007334346,100.224569078387,-3.));
#11010=CARTESIAN_POINT('Ctrl Pts',(90.5560008092343,100.21070477787,-2.));
#11011=CARTESIAN_POINT('Ctrl Pts',(90.5560008092343,100.21070477787,-3.));
#11012=CARTESIAN_POINT('',(91.7735997243344,100.514252160225,-3.));
#11013=CARTESIAN_POINT('',(91.7735997243344,100.514252160225,-2.));
#11014=CARTESIAN_POINT('Ctrl Pts',(91.7735997243344,100.514252160225,-3.));
#11015=CARTESIAN_POINT('Ctrl Pts',(91.5746287500462,100.42573396073,-3.));
#11016=CARTESIAN_POINT('Ctrl Pts',(91.1863740728172,100.253007234651,-3.));
#11017=CARTESIAN_POINT('Ctrl Pts',(90.7626007334346,100.224569078387,-3.));
#11018=CARTESIAN_POINT('Ctrl Pts',(90.5560008092343,100.21070477787,-3.));
#11019=CARTESIAN_POINT('Ctrl Pts',(92.8206673665463,101.438536618385,-2.));
#11020=CARTESIAN_POINT('Ctrl Pts',(92.8206673665463,101.438536618385,-3.));
#11021=CARTESIAN_POINT('Ctrl Pts',(92.6695710804866,101.246573782171,-2.));
#11022=CARTESIAN_POINT('Ctrl Pts',(92.6695710804866,101.246573782171,-3.));
#11023=CARTESIAN_POINT('Ctrl Pts',(92.3766483005877,100.8744250743,-2.));
#11024=CARTESIAN_POINT('Ctrl Pts',(92.3766483005877,100.8744250743,-3.));
#11025=CARTESIAN_POINT('Ctrl Pts',(91.9703298176346,100.631749910456,-2.));
#11026=CARTESIAN_POINT('Ctrl Pts',(91.9703298176346,100.631749910456,-3.));
#11027=CARTESIAN_POINT('Ctrl Pts',(91.7735997243344,100.514252160225,-2.));
#11028=CARTESIAN_POINT('Ctrl Pts',(91.7735997243344,100.514252160225,-3.));
#11029=CARTESIAN_POINT('',(92.8206673665463,101.438536618385,-3.));
#11030=CARTESIAN_POINT('',(92.8206673665463,101.438536618385,-2.));
#11031=CARTESIAN_POINT('Ctrl Pts',(92.8206673665463,101.438536618385,-3.));
#11032=CARTESIAN_POINT('Ctrl Pts',(92.6695710804866,101.246573782171,-3.));
#11033=CARTESIAN_POINT('Ctrl Pts',(92.3766483005877,100.8744250743,-3.));
#11034=CARTESIAN_POINT('Ctrl Pts',(91.9703298176346,100.631749910456,-3.));
#11035=CARTESIAN_POINT('Ctrl Pts',(91.7735997243344,100.514252160225,-3.));
#11036=CARTESIAN_POINT('Origin',(92.8206673665463,100.374416087303,-2.));
#11037=CARTESIAN_POINT('',(92.8206673665463,100.374416087303,-3.));
#11038=CARTESIAN_POINT('',(92.8206673665463,100.374416087303,-2.));
#11039=CARTESIAN_POINT('',(92.8206673665463,100.374416087303,-3.));
#11040=CARTESIAN_POINT('Origin',(94.6010199590146,100.374416087303,-2.));
#11041=CARTESIAN_POINT('',(94.6010199590146,100.374416087303,-3.));
#11042=CARTESIAN_POINT('',(94.6010199590146,100.374416087303,-2.));
#11043=CARTESIAN_POINT('',(94.6010199590146,100.374416087303,-3.));
#11044=CARTESIAN_POINT('Origin',(94.6010199590146,110.374416087303,-2.));
#11045=CARTESIAN_POINT('',(94.6010199590146,110.374416087303,-3.));
#11046=CARTESIAN_POINT('Origin',(64.1235289378583,105.297558385804,-3.));
#11047=CARTESIAN_POINT('Ctrl Pts',(75.3308955235898,108.61452517334,-2.));
#11048=CARTESIAN_POINT('Ctrl Pts',(75.3308955235898,108.61452517334,-3.));
#11049=CARTESIAN_POINT('Ctrl Pts',(75.1497072588902,108.634137860178,-2.));
#11050=CARTESIAN_POINT('Ctrl Pts',(75.1497072588902,108.634137860178,-3.));
#11051=CARTESIAN_POINT('Ctrl Pts',(74.6670583786222,108.686382089998,-2.));
#11052=CARTESIAN_POINT('Ctrl Pts',(74.6670583786222,108.686382089998,-3.));
#11053=CARTESIAN_POINT('Ctrl Pts',(74.1813406020681,108.684138966891,-2.));
#11054=CARTESIAN_POINT('Ctrl Pts',(74.1813406020681,108.684138966891,-3.));
#11055=CARTESIAN_POINT('Ctrl Pts',(73.8779631658017,108.682737920914,-2.));
#11056=CARTESIAN_POINT('Ctrl Pts',(73.8779631658017,108.682737920914,-3.));
#11057=CARTESIAN_POINT('',(75.3308955235898,108.61452517334,-2.));
#11058=CARTESIAN_POINT('',(73.8779631658017,108.682737920914,-2.));
#11059=CARTESIAN_POINT('Ctrl Pts',(75.3308955235898,108.61452517334,-2.));
#11060=CARTESIAN_POINT('Ctrl Pts',(75.1497072588902,108.634137860178,-2.));
#11061=CARTESIAN_POINT('Ctrl Pts',(74.6670583786222,108.686382089998,-2.));
#11062=CARTESIAN_POINT('Ctrl Pts',(74.1813406020681,108.684138966891,-2.));
#11063=CARTESIAN_POINT('Ctrl Pts',(73.8779631658017,108.682737920914,-2.));
#11064=CARTESIAN_POINT('',(75.3308955235898,108.61452517334,-3.));
#11065=CARTESIAN_POINT('',(75.3308955235898,108.61452517334,-2.));
#11066=CARTESIAN_POINT('',(73.8779631658017,108.682737920914,-3.));
#11067=CARTESIAN_POINT('Ctrl Pts',(75.3308955235898,108.61452517334,-3.));
#11068=CARTESIAN_POINT('Ctrl Pts',(75.1497072588902,108.634137860178,-3.));
#11069=CARTESIAN_POINT('Ctrl Pts',(74.6670583786222,108.686382089998,-3.));
#11070=CARTESIAN_POINT('Ctrl Pts',(74.1813406020681,108.684138966891,-3.));
#11071=CARTESIAN_POINT('Ctrl Pts',(73.8779631658017,108.682737920914,-3.));
#11072=CARTESIAN_POINT('',(73.8779631658017,108.682737920914,-2.));
#11073=CARTESIAN_POINT('Ctrl Pts',(76.1426297231137,108.171141718063,-2.));
#11074=CARTESIAN_POINT('Ctrl Pts',(76.1426297231137,108.171141718063,-3.));
#11075=CARTESIAN_POINT('Ctrl Pts',(76.0277248670877,108.278457598332,-2.));
#11076=CARTESIAN_POINT('Ctrl Pts',(76.0277248670877,108.278457598332,-3.));
#11077=CARTESIAN_POINT('Ctrl Pts',(75.7952120690243,108.495613917577,-2.));
#11078=CARTESIAN_POINT('Ctrl Pts',(75.7952120690243,108.495613917577,-3.));
#11079=CARTESIAN_POINT('Ctrl Pts',(75.486862614676,108.574582072365,-2.));
#11080=CARTESIAN_POINT('Ctrl Pts',(75.486862614676,108.574582072365,-3.));
#11081=CARTESIAN_POINT('Ctrl Pts',(75.3308955235898,108.61452517334,-2.));
#11082=CARTESIAN_POINT('Ctrl Pts',(75.3308955235898,108.61452517334,-3.));
#11083=CARTESIAN_POINT('',(76.1426297231137,108.171141718063,-2.));
#11084=CARTESIAN_POINT('Ctrl Pts',(76.1426297231137,108.171141718063,-2.));
#11085=CARTESIAN_POINT('Ctrl Pts',(76.0277248670877,108.278457598332,-2.));
#11086=CARTESIAN_POINT('Ctrl Pts',(75.7952120690243,108.495613917577,-2.));
#11087=CARTESIAN_POINT('Ctrl Pts',(75.486862614676,108.574582072365,-2.));
#11088=CARTESIAN_POINT('Ctrl Pts',(75.3308955235898,108.61452517334,-2.));
#11089=CARTESIAN_POINT('',(76.1426297231137,108.171141718063,-3.));
#11090=CARTESIAN_POINT('',(76.1426297231137,108.171141718063,-2.));
#11091=CARTESIAN_POINT('Ctrl Pts',(76.1426297231137,108.171141718063,-3.));
#11092=CARTESIAN_POINT('Ctrl Pts',(76.0277248670877,108.278457598332,-3.));
#11093=CARTESIAN_POINT('Ctrl Pts',(75.7952120690243,108.495613917577,-3.));
#11094=CARTESIAN_POINT('Ctrl Pts',(75.486862614676,108.574582072365,-3.));
#11095=CARTESIAN_POINT('Ctrl Pts',(75.3308955235898,108.61452517334,-3.));
#11096=CARTESIAN_POINT('Ctrl Pts',(76.4632311864316,107.270732496414,-2.));
#11097=CARTESIAN_POINT('Ctrl Pts',(76.4632311864316,107.270732496414,-3.));
#11098=CARTESIAN_POINT('Ctrl Pts',(76.4519350090525,107.44232979136,-2.));
#11099=CARTESIAN_POINT('Ctrl Pts',(76.4519350090525,107.44232979136,-3.));
#11100=CARTESIAN_POINT('Ctrl Pts',(76.4301388279574,107.773429914044,-2.));
#11101=CARTESIAN_POINT('Ctrl Pts',(76.4301388279574,107.773429914044,-3.));
#11102=CARTESIAN_POINT('Ctrl Pts',(76.2361035091631,108.041839280499,-2.));
#11103=CARTESIAN_POINT('Ctrl Pts',(76.2361035091631,108.041839280499,-3.));
#11104=CARTESIAN_POINT('Ctrl Pts',(76.1426297231137,108.171141718063,-2.));
#11105=CARTESIAN_POINT('Ctrl Pts',(76.1426297231137,108.171141718063,-3.));
#11106=CARTESIAN_POINT('',(76.4632311864316,107.270732496414,-2.));
#11107=CARTESIAN_POINT('Ctrl Pts',(76.4632311864316,107.270732496414,-2.));
#11108=CARTESIAN_POINT('Ctrl Pts',(76.4519350090525,107.44232979136,-2.));
#11109=CARTESIAN_POINT('Ctrl Pts',(76.4301388279574,107.773429914044,-2.));
#11110=CARTESIAN_POINT('Ctrl Pts',(76.2361035091631,108.041839280499,-2.));
#11111=CARTESIAN_POINT('Ctrl Pts',(76.1426297231137,108.171141718063,-2.));
#11112=CARTESIAN_POINT('',(76.4632311864316,107.270732496414,-3.));
#11113=CARTESIAN_POINT('',(76.4632311864316,107.270732496414,-2.));
#11114=CARTESIAN_POINT('Ctrl Pts',(76.4632311864316,107.270732496414,-3.));
#11115=CARTESIAN_POINT('Ctrl Pts',(76.4519350090525,107.44232979136,-3.));
#11116=CARTESIAN_POINT('Ctrl Pts',(76.4301388279574,107.773429914044,-3.));
#11117=CARTESIAN_POINT('Ctrl Pts',(76.2361035091631,108.041839280499,-3.));
#11118=CARTESIAN_POINT('Ctrl Pts',(76.1426297231137,108.171141718063,-3.));
#11119=CARTESIAN_POINT('Ctrl Pts',(76.2347165151059,106.493106458816,-2.));
#11120=CARTESIAN_POINT('Ctrl Pts',(76.2347165151059,106.493106458816,-3.));
#11121=CARTESIAN_POINT('Ctrl Pts',(76.3013550851995,106.610782263558,-2.));
#11122=CARTESIAN_POINT('Ctrl Pts',(76.3013550851995,106.610782263558,-3.));
#11123=CARTESIAN_POINT('Ctrl Pts',(76.4379480476258,106.851989221525,-2.));
#11124=CARTESIAN_POINT('Ctrl Pts',(76.4379480476258,106.851989221525,-3.));
#11125=CARTESIAN_POINT('Ctrl Pts',(76.4546681786241,107.12891063008,-2.));
#11126=CARTESIAN_POINT('Ctrl Pts',(76.4546681786241,107.12891063008,-3.));
#11127=CARTESIAN_POINT('Ctrl Pts',(76.4632311864316,107.270732496414,-2.));
#11128=CARTESIAN_POINT('Ctrl Pts',(76.4632311864316,107.270732496414,-3.));
#11129=CARTESIAN_POINT('',(76.2347165151059,106.493106458816,-2.));
#11130=CARTESIAN_POINT('Ctrl Pts',(76.2347165151059,106.493106458816,-2.));
#11131=CARTESIAN_POINT('Ctrl Pts',(76.3013550851995,106.610782263558,-2.));
#11132=CARTESIAN_POINT('Ctrl Pts',(76.4379480476258,106.851989221525,-2.));
#11133=CARTESIAN_POINT('Ctrl Pts',(76.4546681786241,107.12891063008,-2.));
#11134=CARTESIAN_POINT('Ctrl Pts',(76.4632311864316,107.270732496414,-2.));
#11135=CARTESIAN_POINT('',(76.2347165151059,106.493106458816,-3.));
#11136=CARTESIAN_POINT('',(76.2347165151059,106.493106458816,-2.));
#11137=CARTESIAN_POINT('Ctrl Pts',(76.2347165151059,106.493106458816,-3.));
#11138=CARTESIAN_POINT('Ctrl Pts',(76.3013550851995,106.610782263558,-3.));
#11139=CARTESIAN_POINT('Ctrl Pts',(76.4379480476258,106.851989221525,-3.));
#11140=CARTESIAN_POINT('Ctrl Pts',(76.4546681786241,107.12891063008,-3.));
#11141=CARTESIAN_POINT('Ctrl Pts',(76.4632311864316,107.270732496414,-3.));
#11142=CARTESIAN_POINT('Ctrl Pts',(75.6037465138852,106.001974318657,-2.));
#11143=CARTESIAN_POINT('Ctrl Pts',(75.6037465138852,106.001974318657,-3.));
#11144=CARTESIAN_POINT('Ctrl Pts',(75.7299632705474,106.060667610021,-2.));
#11145=CARTESIAN_POINT('Ctrl Pts',(75.7299632705474,106.060667610021,-3.));
#11146=CARTESIAN_POINT('Ctrl Pts',(75.9781051951882,106.176058519024,-2.));
#11147=CARTESIAN_POINT('Ctrl Pts',(75.9781051951882,106.176058519024,-3.));
#11148=CARTESIAN_POINT('Ctrl Pts',(76.1501713639423,106.3886493912,-2.));
#11149=CARTESIAN_POINT('Ctrl Pts',(76.1501713639423,106.3886493912,-3.));
#11150=CARTESIAN_POINT('Ctrl Pts',(76.2347165151059,106.493106458816,-2.));
#11151=CARTESIAN_POINT('Ctrl Pts',(76.2347165151059,106.493106458816,-3.));
#11152=CARTESIAN_POINT('',(75.6037465138852,106.001974318657,-2.));
#11153=CARTESIAN_POINT('Ctrl Pts',(75.6037465138852,106.001974318657,-2.));
#11154=CARTESIAN_POINT('Ctrl Pts',(75.7299632705474,106.060667610021,-2.));
#11155=CARTESIAN_POINT('Ctrl Pts',(75.9781051951882,106.176058519024,-2.));
#11156=CARTESIAN_POINT('Ctrl Pts',(76.1501713639423,106.3886493912,-2.));
#11157=CARTESIAN_POINT('Ctrl Pts',(76.2347165151059,106.493106458816,-2.));
#11158=CARTESIAN_POINT('',(75.6037465138852,106.001974318657,-3.));
#11159=CARTESIAN_POINT('',(75.6037465138852,106.001974318657,-2.));
#11160=CARTESIAN_POINT('Ctrl Pts',(75.6037465138852,106.001974318657,-3.));
#11161=CARTESIAN_POINT('Ctrl Pts',(75.7299632705474,106.060667610021,-3.));
#11162=CARTESIAN_POINT('Ctrl Pts',(75.9781051951882,106.176058519024,-3.));
#11163=CARTESIAN_POINT('Ctrl Pts',(76.1501713639423,106.3886493912,-3.));
#11164=CARTESIAN_POINT('Ctrl Pts',(76.2347165151059,106.493106458816,-3.));
#11165=CARTESIAN_POINT('Ctrl Pts',(74.0075675054013,105.845084760818,-2.));
#11166=CARTESIAN_POINT('Ctrl Pts',(74.0075675054013,105.845084760818,-3.));
#11167=CARTESIAN_POINT('Ctrl Pts',(74.3413794736223,105.842408788406,-2.));
#11168=CARTESIAN_POINT('Ctrl Pts',(74.3413794736223,105.842408788406,-3.));
#11169=CARTESIAN_POINT('Ctrl Pts',(74.8800628174711,105.838090483779,-2.));
#11170=CARTESIAN_POINT('Ctrl Pts',(74.8800628174711,105.838090483779,-3.));
#11171=CARTESIAN_POINT('Ctrl Pts',(75.4043501943942,105.956819462107,-2.));
#11172=CARTESIAN_POINT('Ctrl Pts',(75.4043501943942,105.956819462107,-3.));
#11173=CARTESIAN_POINT('Ctrl Pts',(75.6037465138852,106.001974318657,-2.));
#11174=CARTESIAN_POINT('Ctrl Pts',(75.6037465138852,106.001974318657,-3.));
#11175=CARTESIAN_POINT('',(74.0075675054013,105.845084760818,-2.));
#11176=CARTESIAN_POINT('Ctrl Pts',(74.0075675054013,105.845084760818,-2.));
#11177=CARTESIAN_POINT('Ctrl Pts',(74.3413794736223,105.842408788406,-2.));
#11178=CARTESIAN_POINT('Ctrl Pts',(74.8800628174711,105.838090483779,-2.));
#11179=CARTESIAN_POINT('Ctrl Pts',(75.4043501943942,105.956819462107,-2.));
#11180=CARTESIAN_POINT('Ctrl Pts',(75.6037465138852,106.001974318657,-2.));
#11181=CARTESIAN_POINT('',(74.0075675054013,105.845084760818,-3.));
#11182=CARTESIAN_POINT('',(74.0075675054013,105.845084760818,-2.));
#11183=CARTESIAN_POINT('Ctrl Pts',(74.0075675054013,105.845084760818,-3.));
#11184=CARTESIAN_POINT('Ctrl Pts',(74.3413794736223,105.842408788406,-3.));
#11185=CARTESIAN_POINT('Ctrl Pts',(74.8800628174711,105.838090483779,-3.));
#11186=CARTESIAN_POINT('Ctrl Pts',(75.4043501943942,105.956819462107,-3.));
#11187=CARTESIAN_POINT('Ctrl Pts',(75.6037465138852,106.001974318657,-3.));
#11188=CARTESIAN_POINT('Origin',(72.9025212331235,105.845084760818,-2.));
#11189=CARTESIAN_POINT('',(72.9025212331235,105.845084760818,-2.));
#11190=CARTESIAN_POINT('',(73.1478468928304,105.845084760818,-2.));
#11191=CARTESIAN_POINT('',(72.9025212331235,105.845084760818,-3.));
#11192=CARTESIAN_POINT('',(72.9025212331235,105.845084760818,-2.));
#11193=CARTESIAN_POINT('',(72.9025212331235,105.845084760818,-3.));
#11194=CARTESIAN_POINT('Origin',(72.9025212331235,108.682737920914,-2.));
#11195=CARTESIAN_POINT('',(72.9025212331235,108.682737920914,-2.));
#11196=CARTESIAN_POINT('',(72.9025212331235,89.6088774533524,-2.));
#11197=CARTESIAN_POINT('',(72.9025212331235,108.682737920914,-3.));
#11198=CARTESIAN_POINT('',(72.9025212331235,108.682737920914,-2.));
#11199=CARTESIAN_POINT('',(72.9025212331235,108.682737920914,-3.));
#11200=CARTESIAN_POINT('Origin',(73.8779631658017,108.682737920914,-2.));
#11201=CARTESIAN_POINT('',(73.6355678591696,108.682737920914,-2.));
#11202=CARTESIAN_POINT('',(73.8779631658017,108.682737920914,-3.));
#11203=CARTESIAN_POINT('Origin',(72.9025212331235,104.146585438881,-2.));
#11204=CARTESIAN_POINT('',(72.9025212331235,104.146585438881,-3.));
#11205=CARTESIAN_POINT('',(72.9025212331235,104.146585438881,-2.));
#11206=CARTESIAN_POINT('',(72.9025212331235,100.374416087303,-3.));
#11207=CARTESIAN_POINT('',(72.9025212331235,104.146585438881,-3.));
#11208=CARTESIAN_POINT('',(72.9025212331235,100.374416087303,-2.));
#11209=CARTESIAN_POINT('Origin',(74.2190257115781,104.146585438881,-2.));
#11210=CARTESIAN_POINT('',(74.2190257115781,104.146585438881,-3.));
#11211=CARTESIAN_POINT('',(74.2190257115781,104.146585438881,-2.));
#11212=CARTESIAN_POINT('',(74.2190257115781,104.146585438881,-3.));
#11213=CARTESIAN_POINT('Ctrl Pts',(76.3131609960019,104.289832089577,-2.));
#11214=CARTESIAN_POINT('Ctrl Pts',(76.3131609960019,104.289832089577,-3.));
#11215=CARTESIAN_POINT('Ctrl Pts',(76.0185720655457,104.248289361509,-2.));
#11216=CARTESIAN_POINT('Ctrl Pts',(76.0185720655457,104.248289361509,-3.));
#11217=CARTESIAN_POINT('Ctrl Pts',(75.3243059920857,104.150384438024,-2.));
#11218=CARTESIAN_POINT('Ctrl Pts',(75.3243059920857,104.150384438024,-3.));
#11219=CARTESIAN_POINT('Ctrl Pts',(74.6228449026323,104.147973420543,-2.));
#11220=CARTESIAN_POINT('Ctrl Pts',(74.6228449026323,104.147973420543,-3.));
#11221=CARTESIAN_POINT('Ctrl Pts',(74.2190257115781,104.146585438881,-2.));
#11222=CARTESIAN_POINT('Ctrl Pts',(74.2190257115781,104.146585438881,-3.));
#11223=CARTESIAN_POINT('',(76.3131609960019,104.289832089577,-3.));
#11224=CARTESIAN_POINT('',(76.3131609960019,104.289832089577,-2.));
#11225=CARTESIAN_POINT('Ctrl Pts',(76.3131609960019,104.289832089577,-3.));
#11226=CARTESIAN_POINT('Ctrl Pts',(76.0185720655457,104.248289361509,-3.));
#11227=CARTESIAN_POINT('Ctrl Pts',(75.3243059920857,104.150384438024,-3.));
#11228=CARTESIAN_POINT('Ctrl Pts',(74.6228449026323,104.147973420543,-3.));
#11229=CARTESIAN_POINT('Ctrl Pts',(74.2190257115781,104.146585438881,-3.));
#11230=CARTESIAN_POINT('Ctrl Pts',(77.3602286382138,104.763911340866,-2.));
#11231=CARTESIAN_POINT('Ctrl Pts',(77.3602286382138,104.763911340866,-3.));
#11232=CARTESIAN_POINT('Ctrl Pts',(77.1913118651483,104.655411798693,-2.));
#11233=CARTESIAN_POINT('Ctrl Pts',(77.1913118651483,104.655411798693,-3.));
#11234=CARTESIAN_POINT('Ctrl Pts',(76.8653229496581,104.446020822047,-2.));
#11235=CARTESIAN_POINT('Ctrl Pts',(76.8653229496581,104.446020822047,-3.));
#11236=CARTESIAN_POINT('Ctrl Pts',(76.4927019869494,104.340618420683,-2.));
#11237=CARTESIAN_POINT('Ctrl Pts',(76.4927019869494,104.340618420683,-3.));
#11238=CARTESIAN_POINT('Ctrl Pts',(76.3131609960019,104.289832089577,-2.));
#11239=CARTESIAN_POINT('Ctrl Pts',(76.3131609960019,104.289832089577,-3.));
#11240=CARTESIAN_POINT('',(77.3602286382138,104.763911340866,-3.));
#11241=CARTESIAN_POINT('',(77.3602286382138,104.763911340866,-2.));
#11242=CARTESIAN_POINT('Ctrl Pts',(77.3602286382138,104.763911340866,-3.));
#11243=CARTESIAN_POINT('Ctrl Pts',(77.1913118651483,104.655411798693,-3.));
#11244=CARTESIAN_POINT('Ctrl Pts',(76.8653229496581,104.446020822047,-3.));
#11245=CARTESIAN_POINT('Ctrl Pts',(76.4927019869494,104.340618420683,-3.));
#11246=CARTESIAN_POINT('Ctrl Pts',(76.3131609960019,104.289832089577,-3.));
#11247=CARTESIAN_POINT('Ctrl Pts',(78.2094803853452,105.749586795006,-2.));
#11248=CARTESIAN_POINT('Ctrl Pts',(78.2094803853452,105.749586795006,-3.));
#11249=CARTESIAN_POINT('Ctrl Pts',(78.0935065928597,105.553730928612,-2.));
#11250=CARTESIAN_POINT('Ctrl Pts',(78.0935065928597,105.553730928612,-3.));
#11251=CARTESIAN_POINT('Ctrl Pts',(77.8688885280742,105.174397246894,-2.));
#11252=CARTESIAN_POINT('Ctrl Pts',(77.8688885280742,105.174397246894,-3.));
#11253=CARTESIAN_POINT('Ctrl Pts',(77.5260529076628,104.897730670526,-2.));
#11254=CARTESIAN_POINT('Ctrl Pts',(77.5260529076628,104.897730670526,-3.));
#11255=CARTESIAN_POINT('Ctrl Pts',(77.3602286382138,104.763911340866,-2.));
#11256=CARTESIAN_POINT('Ctrl Pts',(77.3602286382138,104.763911340866,-3.));
#11257=CARTESIAN_POINT('',(78.2094803853452,105.749586795006,-3.));
#11258=CARTESIAN_POINT('',(78.2094803853452,105.749586795006,-2.));
#11259=CARTESIAN_POINT('Ctrl Pts',(78.2094803853452,105.749586795006,-3.));
#11260=CARTESIAN_POINT('Ctrl Pts',(78.0935065928597,105.553730928612,-3.));
#11261=CARTESIAN_POINT('Ctrl Pts',(77.8688885280742,105.174397246894,-3.));
#11262=CARTESIAN_POINT('Ctrl Pts',(77.5260529076628,104.897730670526,-3.));
#11263=CARTESIAN_POINT('Ctrl Pts',(77.3602286382138,104.763911340866,-3.));
#11264=CARTESIAN_POINT('Ctrl Pts',(78.5437193913877,107.298017714653,-2.));
#11265=CARTESIAN_POINT('Ctrl Pts',(78.5437193913877,107.298017714653,-3.));
#11266=CARTESIAN_POINT('Ctrl Pts',(78.5339416477717,107.011444038182,-2.));
#11267=CARTESIAN_POINT('Ctrl Pts',(78.5339416477717,107.011444038182,-3.));
#11268=CARTESIAN_POINT('Ctrl Pts',(78.5156179189857,106.474398014981,-2.));
#11269=CARTESIAN_POINT('Ctrl Pts',(78.5156179189857,106.474398014981,-3.));
#11270=CARTESIAN_POINT('Ctrl Pts',(78.3068482556081,105.980114963154,-2.));
#11271=CARTESIAN_POINT('Ctrl Pts',(78.3068482556081,105.980114963154,-3.));
#11272=CARTESIAN_POINT('Ctrl Pts',(78.2094803853452,105.749586795006,-2.));
#11273=CARTESIAN_POINT('Ctrl Pts',(78.2094803853452,105.749586795006,-3.));
#11274=CARTESIAN_POINT('',(78.5437193913877,107.298017714653,-3.));
#11275=CARTESIAN_POINT('',(78.5437193913877,107.298017714653,-2.));
#11276=CARTESIAN_POINT('Ctrl Pts',(78.5437193913877,107.298017714653,-3.));
#11277=CARTESIAN_POINT('Ctrl Pts',(78.5339416477717,107.011444038182,-3.));
#11278=CARTESIAN_POINT('Ctrl Pts',(78.5156179189857,106.474398014981,-3.));
#11279=CARTESIAN_POINT('Ctrl Pts',(78.3068482556081,105.980114963154,-3.));
#11280=CARTESIAN_POINT('Ctrl Pts',(78.2094803853452,105.749586795006,-3.));
#11281=CARTESIAN_POINT('Ctrl Pts',(77.9639140172422,109.245493982467,-2.));
#11282=CARTESIAN_POINT('Ctrl Pts',(77.9639140172422,109.245493982467,-3.));
#11283=CARTESIAN_POINT('Ctrl Pts',(78.1328527230902,108.964990971587,-2.));
#11284=CARTESIAN_POINT('Ctrl Pts',(78.1328527230902,108.964990971587,-3.));
#11285=CARTESIAN_POINT('Ctrl Pts',(78.4928031312068,108.367335314539,-2.));
#11286=CARTESIAN_POINT('Ctrl Pts',(78.4928031312068,108.367335314539,-3.));
#11287=CARTESIAN_POINT('Ctrl Pts',(78.5260673580682,107.668736809796,-2.));
#11288=CARTESIAN_POINT('Ctrl Pts',(78.5260673580682,107.668736809796,-3.));
#11289=CARTESIAN_POINT('Ctrl Pts',(78.5437193913877,107.298017714653,-2.));
#11290=CARTESIAN_POINT('Ctrl Pts',(78.5437193913877,107.298017714653,-3.));
#11291=CARTESIAN_POINT('',(77.9639140172422,109.245493982467,-3.));
#11292=CARTESIAN_POINT('',(77.9639140172422,109.245493982467,-2.));
#11293=CARTESIAN_POINT('Ctrl Pts',(77.9639140172422,109.245493982467,-3.));
#11294=CARTESIAN_POINT('Ctrl Pts',(78.1328527230902,108.964990971587,-3.));
#11295=CARTESIAN_POINT('Ctrl Pts',(78.4928031312068,108.367335314539,-3.));
#11296=CARTESIAN_POINT('Ctrl Pts',(78.5260673580682,107.668736809796,-3.));
#11297=CARTESIAN_POINT('Ctrl Pts',(78.5437193913877,107.298017714653,-3.));
#11298=CARTESIAN_POINT('Ctrl Pts',(76.5246192021787,110.224347685013,-2.));
#11299=CARTESIAN_POINT('Ctrl Pts',(76.5246192021787,110.224347685013,-3.));
#11300=CARTESIAN_POINT('Ctrl Pts',(76.8011697700587,110.125040179887,-2.));
#11301=CARTESIAN_POINT('Ctrl Pts',(76.8011697700587,110.125040179887,-3.));
#11302=CARTESIAN_POINT('Ctrl Pts',(77.3646561569787,109.922695893681,-2.));
#11303=CARTESIAN_POINT('Ctrl Pts',(77.3646561569787,109.922695893681,-3.));
#11304=CARTESIAN_POINT('Ctrl Pts',(77.7617220427784,109.473984588295,-2.));
#11305=CARTESIAN_POINT('Ctrl Pts',(77.7617220427784,109.473984588295,-3.));
#11306=CARTESIAN_POINT('Ctrl Pts',(77.9639140172422,109.245493982467,-2.));
#11307=CARTESIAN_POINT('Ctrl Pts',(77.9639140172422,109.245493982467,-3.));
#11308=CARTESIAN_POINT('',(76.5246192021787,110.224347685013,-3.));
#11309=CARTESIAN_POINT('',(76.5246192021787,110.224347685013,-2.));
#11310=CARTESIAN_POINT('Ctrl Pts',(76.5246192021787,110.224347685013,-3.));
#11311=CARTESIAN_POINT('Ctrl Pts',(76.8011697700587,110.125040179887,-3.));
#11312=CARTESIAN_POINT('Ctrl Pts',(77.3646561569787,109.922695893681,-3.));
#11313=CARTESIAN_POINT('Ctrl Pts',(77.7617220427784,109.473984588295,-3.));
#11314=CARTESIAN_POINT('Ctrl Pts',(77.9639140172422,109.245493982467,-3.));
#11315=CARTESIAN_POINT('Ctrl Pts',(74.1235295339048,110.374416087303,-2.));
#11316=CARTESIAN_POINT('Ctrl Pts',(74.1235295339048,110.374416087303,-3.));
#11317=CARTESIAN_POINT('Ctrl Pts',(74.6318242151132,110.378285955713,-2.));
#11318=CARTESIAN_POINT('Ctrl Pts',(74.6318242151132,110.378285955713,-3.));
#11319=CARTESIAN_POINT('Ctrl Pts',(75.4364594675199,110.384411993739,-2.));
#11320=CARTESIAN_POINT('Ctrl Pts',(75.4364594675199,110.384411993739,-3.));
#11321=CARTESIAN_POINT('Ctrl Pts',(76.2317282318139,110.267430873271,-2.));
#11322=CARTESIAN_POINT('Ctrl Pts',(76.2317282318139,110.267430873271,-3.));
#11323=CARTESIAN_POINT('Ctrl Pts',(76.5246192021787,110.224347685013,-2.));
#11324=CARTESIAN_POINT('Ctrl Pts',(76.5246192021787,110.224347685013,-3.));
#11325=CARTESIAN_POINT('',(74.1235295339048,110.374416087303,-3.));
#11326=CARTESIAN_POINT('',(74.1235295339048,110.374416087303,-2.));
#11327=CARTESIAN_POINT('Ctrl Pts',(74.1235295339048,110.374416087303,-3.));
#11328=CARTESIAN_POINT('Ctrl Pts',(74.6318242151132,110.378285955713,-3.));
#11329=CARTESIAN_POINT('Ctrl Pts',(75.4364594675199,110.384411993739,-3.));
#11330=CARTESIAN_POINT('Ctrl Pts',(76.2317282318139,110.267430873271,-3.));
#11331=CARTESIAN_POINT('Ctrl Pts',(76.5246192021787,110.224347685013,-3.));
#11332=CARTESIAN_POINT('Origin',(70.8834210439145,110.374416087303,-2.));
#11333=CARTESIAN_POINT('',(70.8834210439145,110.374416087303,-3.));
#11334=CARTESIAN_POINT('',(70.8834210439145,110.374416087303,-2.));
#11335=CARTESIAN_POINT('',(70.8834210439145,110.374416087303,-3.));
#11336=CARTESIAN_POINT('Origin',(70.8834210439145,100.374416087303,-2.));
#11337=CARTESIAN_POINT('',(70.8834210439145,100.374416087303,-3.));
#11338=CARTESIAN_POINT('',(70.8834210439145,100.374416087303,-2.));
#11339=CARTESIAN_POINT('',(70.8834210439145,100.374416087303,-3.));
#11340=CARTESIAN_POINT('Origin',(72.9025212331235,100.374416087303,-2.));
#11341=CARTESIAN_POINT('',(72.9025212331235,100.374416087303,-3.));
#11342=CARTESIAN_POINT('Origin',(64.1235289378583,105.297558385804,-3.));
#11343=CARTESIAN_POINT('Ctrl Pts',(84.1098872228086,102.536762927208,-2.));
#11344=CARTESIAN_POINT('Ctrl Pts',(84.1098872228086,102.536762927208,-3.));
#11345=CARTESIAN_POINT('Ctrl Pts',(84.1315000095647,102.655296335722,-2.));
#11346=CARTESIAN_POINT('Ctrl Pts',(84.1315000095647,102.655296335722,-3.));
#11347=CARTESIAN_POINT('Ctrl Pts',(84.1877582151308,102.963839465209,-2.));
#11348=CARTESIAN_POINT('Ctrl Pts',(84.1877582151308,102.963839465209,-3.));
#11349=CARTESIAN_POINT('Ctrl Pts',(84.1860031422882,103.277882436915,-2.));
#11350=CARTESIAN_POINT('Ctrl Pts',(84.1860031422882,103.277882436915,-3.));
#11351=CARTESIAN_POINT('Ctrl Pts',(84.1849223180234,103.47127911869,-2.));
#11352=CARTESIAN_POINT('Ctrl Pts',(84.1849223180234,103.47127911869,-3.));
#11353=CARTESIAN_POINT('',(84.1098872228086,102.536762927208,-2.));
#11354=CARTESIAN_POINT('',(84.1849223180234,103.47127911869,-2.));
#11355=CARTESIAN_POINT('Ctrl Pts',(84.1098872228086,102.536762927208,-2.));
#11356=CARTESIAN_POINT('Ctrl Pts',(84.1315000095647,102.655296335722,-2.));
#11357=CARTESIAN_POINT('Ctrl Pts',(84.1877582151308,102.963839465209,-2.));
#11358=CARTESIAN_POINT('Ctrl Pts',(84.1860031422882,103.277882436915,-2.));
#11359=CARTESIAN_POINT('Ctrl Pts',(84.1849223180234,103.47127911869,-2.));
#11360=CARTESIAN_POINT('',(84.1098872228086,102.536762927208,-3.));
#11361=CARTESIAN_POINT('',(84.1098872228086,102.536762927208,-2.));
#11362=CARTESIAN_POINT('',(84.1849223180234,103.47127911869,-3.));
#11363=CARTESIAN_POINT('Ctrl Pts',(84.1098872228086,102.536762927208,-3.));
#11364=CARTESIAN_POINT('Ctrl Pts',(84.1315000095647,102.655296335722,-3.));
#11365=CARTESIAN_POINT('Ctrl Pts',(84.1877582151308,102.963839465209,-3.));
#11366=CARTESIAN_POINT('Ctrl Pts',(84.1860031422882,103.277882436915,-3.));
#11367=CARTESIAN_POINT('Ctrl Pts',(84.1849223180234,103.47127911869,-3.));
#11368=CARTESIAN_POINT('',(84.1849223180234,103.47127911869,-2.));
#11369=CARTESIAN_POINT('Ctrl Pts',(83.6528578801572,101.902383540306,-2.));
#11370=CARTESIAN_POINT('Ctrl Pts',(83.6528578801572,101.902383540306,-3.));
#11371=CARTESIAN_POINT('Ctrl Pts',(83.758311458846,101.991754629777,-2.));
#11372=CARTESIAN_POINT('Ctrl Pts',(83.758311458846,101.991754629777,-3.));
#11373=CARTESIAN_POINT('Ctrl Pts',(83.9634173993895,102.165580322478,-2.));
#11374=CARTESIAN_POINT('Ctrl Pts',(83.9634173993895,102.165580322478,-3.));
#11375=CARTESIAN_POINT('Ctrl Pts',(84.0619933222018,102.415390603797,-2.));
#11376=CARTESIAN_POINT('Ctrl Pts',(84.0619933222018,102.415390603797,-3.));
#11377=CARTESIAN_POINT('Ctrl Pts',(84.1098872228086,102.536762927208,-2.));
#11378=CARTESIAN_POINT('Ctrl Pts',(84.1098872228086,102.536762927208,-3.));
#11379=CARTESIAN_POINT('',(83.6528578801572,101.902383540306,-2.));
#11380=CARTESIAN_POINT('Ctrl Pts',(83.6528578801572,101.902383540306,-2.));
#11381=CARTESIAN_POINT('Ctrl Pts',(83.758311458846,101.991754629777,-2.));
#11382=CARTESIAN_POINT('Ctrl Pts',(83.9634173993895,102.165580322478,-2.));
#11383=CARTESIAN_POINT('Ctrl Pts',(84.0619933222018,102.415390603797,-2.));
#11384=CARTESIAN_POINT('Ctrl Pts',(84.1098872228086,102.536762927208,-2.));
#11385=CARTESIAN_POINT('',(83.6528578801572,101.902383540306,-3.));
#11386=CARTESIAN_POINT('',(83.6528578801572,101.902383540306,-2.));
#11387=CARTESIAN_POINT('Ctrl Pts',(83.6528578801572,101.902383540306,-3.));
#11388=CARTESIAN_POINT('Ctrl Pts',(83.758311458846,101.991754629777,-3.));
#11389=CARTESIAN_POINT('Ctrl Pts',(83.9634173993895,102.165580322478,-3.));
#11390=CARTESIAN_POINT('Ctrl Pts',(84.0619933222018,102.415390603797,-3.));
#11391=CARTESIAN_POINT('Ctrl Pts',(84.1098872228086,102.536762927208,-3.));
#11392=CARTESIAN_POINT('Ctrl Pts',(82.6637736363828,101.561319802437,-2.));
#11393=CARTESIAN_POINT('Ctrl Pts',(82.6637736363828,101.561319802437,-3.));
#11394=CARTESIAN_POINT('Ctrl Pts',(82.8368549912262,101.577200811599,-2.));
#11395=CARTESIAN_POINT('Ctrl Pts',(82.8368549912262,101.577200811599,-3.));
#11396=CARTESIAN_POINT('Ctrl Pts',(83.1940029889496,101.609970780548,-2.));
#11397=CARTESIAN_POINT('Ctrl Pts',(83.1940029889496,101.609970780548,-3.));
#11398=CARTESIAN_POINT('Ctrl Pts',(83.4968017185953,101.802934207295,-2.));
#11399=CARTESIAN_POINT('Ctrl Pts',(83.4968017185953,101.802934207295,-3.));
#11400=CARTESIAN_POINT('Ctrl Pts',(83.6528578801572,101.902383540306,-2.));
#11401=CARTESIAN_POINT('Ctrl Pts',(83.6528578801572,101.902383540306,-3.));
#11402=CARTESIAN_POINT('',(82.6637736363828,101.561319802437,-2.));
#11403=CARTESIAN_POINT('Ctrl Pts',(82.6637736363828,101.561319802437,-2.));
#11404=CARTESIAN_POINT('Ctrl Pts',(82.8368549912262,101.577200811599,-2.));
#11405=CARTESIAN_POINT('Ctrl Pts',(83.1940029889496,101.609970780548,-2.));
#11406=CARTESIAN_POINT('Ctrl Pts',(83.4968017185953,101.802934207295,-2.));
#11407=CARTESIAN_POINT('Ctrl Pts',(83.6528578801572,101.902383540306,-2.));
#11408=CARTESIAN_POINT('',(82.6637736363828,101.561319802437,-3.));
#11409=CARTESIAN_POINT('',(82.6637736363828,101.561319802437,-2.));
#11410=CARTESIAN_POINT('Ctrl Pts',(82.6637736363828,101.561319802437,-3.));
#11411=CARTESIAN_POINT('Ctrl Pts',(82.8368549912262,101.577200811599,-3.));
#11412=CARTESIAN_POINT('Ctrl Pts',(83.1940029889496,101.609970780548,-3.));
#11413=CARTESIAN_POINT('Ctrl Pts',(83.4968017185953,101.802934207295,-3.));
#11414=CARTESIAN_POINT('Ctrl Pts',(83.6528578801572,101.902383540306,-3.));
#11415=CARTESIAN_POINT('Ctrl Pts',(81.8997899098813,101.854634259376,-2.));
#11416=CARTESIAN_POINT('Ctrl Pts',(81.8997899098813,101.854634259376,-3.));
#11417=CARTESIAN_POINT('Ctrl Pts',(82.008712528701,101.7691025493,-2.));
#11418=CARTESIAN_POINT('Ctrl Pts',(82.008712528701,101.7691025493,-3.));
#11419=CARTESIAN_POINT('Ctrl Pts',(82.2328316022476,101.59311258662,-2.));
#11420=CARTESIAN_POINT('Ctrl Pts',(82.2328316022476,101.59311258662,-3.));
#11421=CARTESIAN_POINT('Ctrl Pts',(82.5174702980777,101.572113343311,-2.));
#11422=CARTESIAN_POINT('Ctrl Pts',(82.5174702980777,101.572113343311,-3.));
#11423=CARTESIAN_POINT('Ctrl Pts',(82.6637736363828,101.561319802437,-2.));
#11424=CARTESIAN_POINT('Ctrl Pts',(82.6637736363828,101.561319802437,-3.));
#11425=CARTESIAN_POINT('',(81.8997899098813,101.854634259376,-2.));
#11426=CARTESIAN_POINT('Ctrl Pts',(81.8997899098813,101.854634259376,-2.));
#11427=CARTESIAN_POINT('Ctrl Pts',(82.008712528701,101.7691025493,-2.));
#11428=CARTESIAN_POINT('Ctrl Pts',(82.2328316022476,101.59311258662,-2.));
#11429=CARTESIAN_POINT('Ctrl Pts',(82.5174702980777,101.572113343311,-2.));
#11430=CARTESIAN_POINT('Ctrl Pts',(82.6637736363828,101.561319802437,-2.));
#11431=CARTESIAN_POINT('',(81.8997899098813,101.854634259376,-3.));
#11432=CARTESIAN_POINT('',(81.8997899098813,101.854634259376,-2.));
#11433=CARTESIAN_POINT('Ctrl Pts',(81.8997899098813,101.854634259376,-3.));
#11434=CARTESIAN_POINT('Ctrl Pts',(82.008712528701,101.7691025493,-3.));
#11435=CARTESIAN_POINT('Ctrl Pts',(82.2328316022476,101.59311258662,-3.));
#11436=CARTESIAN_POINT('Ctrl Pts',(82.5174702980777,101.572113343311,-3.));
#11437=CARTESIAN_POINT('Ctrl Pts',(82.6637736363828,101.561319802437,-3.));
#11438=CARTESIAN_POINT('Ctrl Pts',(81.5996542973935,102.550405238304,-2.));
#11439=CARTESIAN_POINT('Ctrl Pts',(81.5996542973935,102.550405238304,-3.));
#11440=CARTESIAN_POINT('Ctrl Pts',(81.6127401786866,102.420238942781,-2.));
#11441=CARTESIAN_POINT('Ctrl Pts',(81.6127401786866,102.420238942781,-3.));
#11442=CARTESIAN_POINT('Ctrl Pts',(81.6392242884054,102.156799410119,-2.));
#11443=CARTESIAN_POINT('Ctrl Pts',(81.6392242884054,102.156799410119,-3.));
#11444=CARTESIAN_POINT('Ctrl Pts',(81.8122544774357,101.956144800139,-2.));
#11445=CARTESIAN_POINT('Ctrl Pts',(81.8122544774357,101.956144800139,-3.));
#11446=CARTESIAN_POINT('Ctrl Pts',(81.8997899098813,101.854634259376,-2.));
#11447=CARTESIAN_POINT('Ctrl Pts',(81.8997899098813,101.854634259376,-3.));
#11448=CARTESIAN_POINT('',(81.5996542973935,102.550405238304,-2.));
#11449=CARTESIAN_POINT('Ctrl Pts',(81.5996542973935,102.550405238304,-2.));
#11450=CARTESIAN_POINT('Ctrl Pts',(81.6127401786866,102.420238942781,-2.));
#11451=CARTESIAN_POINT('Ctrl Pts',(81.6392242884054,102.156799410119,-2.));
#11452=CARTESIAN_POINT('Ctrl Pts',(81.8122544774357,101.956144800139,-2.));
#11453=CARTESIAN_POINT('Ctrl Pts',(81.8997899098813,101.854634259376,-2.));
#11454=CARTESIAN_POINT('',(81.5996542973935,102.550405238304,-3.));
#11455=CARTESIAN_POINT('',(81.5996542973935,102.550405238304,-2.));
#11456=CARTESIAN_POINT('Ctrl Pts',(81.5996542973935,102.550405238304,-3.));
#11457=CARTESIAN_POINT('Ctrl Pts',(81.6127401786866,102.420238942781,-3.));
#11458=CARTESIAN_POINT('Ctrl Pts',(81.6392242884054,102.156799410119,-3.));
#11459=CARTESIAN_POINT('Ctrl Pts',(81.8122544774357,101.956144800139,-3.));
#11460=CARTESIAN_POINT('Ctrl Pts',(81.8997899098813,101.854634259376,-3.));
#11461=CARTESIAN_POINT('Ctrl Pts',(81.9748250050962,103.225712750587,-2.));
#11462=CARTESIAN_POINT('Ctrl Pts',(81.9748250050962,103.225712750587,-3.));
#11463=CARTESIAN_POINT('Ctrl Pts',(81.8654383428598,103.133581091688,-2.));
#11464=CARTESIAN_POINT('Ctrl Pts',(81.8654383428598,103.133581091688,-3.));
#11465=CARTESIAN_POINT('Ctrl Pts',(81.6539785670841,102.955477659932,-2.));
#11466=CARTESIAN_POINT('Ctrl Pts',(81.6539785670841,102.955477659932,-3.));
#11467=CARTESIAN_POINT('Ctrl Pts',(81.617339993335,102.682279771068,-2.));
#11468=CARTESIAN_POINT('Ctrl Pts',(81.617339993335,102.682279771068,-3.));
#11469=CARTESIAN_POINT('Ctrl Pts',(81.5996542973935,102.550405238304,-2.));
#11470=CARTESIAN_POINT('Ctrl Pts',(81.5996542973935,102.550405238304,-3.));
#11471=CARTESIAN_POINT('',(81.9748250050962,103.225712750587,-2.));
#11472=CARTESIAN_POINT('Ctrl Pts',(81.9748250050962,103.225712750587,-2.));
#11473=CARTESIAN_POINT('Ctrl Pts',(81.8654383428598,103.133581091688,-2.));
#11474=CARTESIAN_POINT('Ctrl Pts',(81.6539785670841,102.955477659932,-2.));
#11475=CARTESIAN_POINT('Ctrl Pts',(81.617339993335,102.682279771068,-2.));
#11476=CARTESIAN_POINT('Ctrl Pts',(81.5996542973935,102.550405238304,-2.));
#11477=CARTESIAN_POINT('',(81.9748250050962,103.225712750587,-3.));
#11478=CARTESIAN_POINT('',(81.9748250050962,103.225712750587,-2.));
#11479=CARTESIAN_POINT('Ctrl Pts',(81.9748250050962,103.225712750587,-3.));
#11480=CARTESIAN_POINT('Ctrl Pts',(81.8654383428598,103.133581091688,-3.));
#11481=CARTESIAN_POINT('Ctrl Pts',(81.6539785670841,102.955477659932,-3.));
#11482=CARTESIAN_POINT('Ctrl Pts',(81.617339993335,102.682279771068,-3.));
#11483=CARTESIAN_POINT('Ctrl Pts',(81.5996542973935,102.550405238304,-3.));
#11484=CARTESIAN_POINT('Ctrl Pts',(83.0184832616269,103.559955332908,-2.));
#11485=CARTESIAN_POINT('Ctrl Pts',(83.0184832616269,103.559955332908,-3.));
#11486=CARTESIAN_POINT('Ctrl Pts',(82.7949419265869,103.514098836902,-2.));
#11487=CARTESIAN_POINT('Ctrl Pts',(82.7949419265869,103.514098836902,-3.));
#11488=CARTESIAN_POINT('Ctrl Pts',(82.4342875805381,103.440115452235,-2.));
#11489=CARTESIAN_POINT('Ctrl Pts',(82.4342875805381,103.440115452235,-3.));
#11490=CARTESIAN_POINT('Ctrl Pts',(82.1013867337259,103.284771263715,-2.));
#11491=CARTESIAN_POINT('Ctrl Pts',(82.1013867337259,103.284771263715,-3.));
#11492=CARTESIAN_POINT('Ctrl Pts',(81.9748250050962,103.225712750587,-2.));
#11493=CARTESIAN_POINT('Ctrl Pts',(81.9748250050962,103.225712750587,-3.));
#11494=CARTESIAN_POINT('',(83.0184832616269,103.559955332908,-2.));
#11495=CARTESIAN_POINT('Ctrl Pts',(83.0184832616269,103.559955332908,-2.));
#11496=CARTESIAN_POINT('Ctrl Pts',(82.7949419265869,103.514098836902,-2.));
#11497=CARTESIAN_POINT('Ctrl Pts',(82.4342875805381,103.440115452235,-2.));
#11498=CARTESIAN_POINT('Ctrl Pts',(82.1013867337259,103.284771263715,-2.));
#11499=CARTESIAN_POINT('Ctrl Pts',(81.9748250050962,103.225712750587,-2.));
#11500=CARTESIAN_POINT('',(83.0184832616269,103.559955332908,-3.));
#11501=CARTESIAN_POINT('',(83.0184832616269,103.559955332908,-2.));
#11502=CARTESIAN_POINT('Ctrl Pts',(83.0184832616269,103.559955332908,-3.));
#11503=CARTESIAN_POINT('Ctrl Pts',(82.7949419265869,103.514098836902,-3.));
#11504=CARTESIAN_POINT('Ctrl Pts',(82.4342875805381,103.440115452235,-3.));
#11505=CARTESIAN_POINT('Ctrl Pts',(82.1013867337259,103.284771263715,-3.));
#11506=CARTESIAN_POINT('Ctrl Pts',(81.9748250050962,103.225712750587,-3.));
#11507=CARTESIAN_POINT('Ctrl Pts',(84.1849223180234,103.853269789848,-2.));
#11508=CARTESIAN_POINT('Ctrl Pts',(84.1849223180234,103.853269789848,-3.));
#11509=CARTESIAN_POINT('Ctrl Pts',(84.0267491804208,103.806715807928,-2.));
#11510=CARTESIAN_POINT('Ctrl Pts',(84.0267491804208,103.806715807928,-3.));
#11511=CARTESIAN_POINT('Ctrl Pts',(83.6419066556221,103.693447826949,-2.));
#11512=CARTESIAN_POINT('Ctrl Pts',(83.6419066556221,103.693447826949,-3.));
#11513=CARTESIAN_POINT('Ctrl Pts',(83.2495678830526,103.609437053912,-2.));
#11514=CARTESIAN_POINT('Ctrl Pts',(83.2495678830526,103.609437053912,-3.));
#11515=CARTESIAN_POINT('Ctrl Pts',(83.0184832616269,103.559955332908,-2.));
#11516=CARTESIAN_POINT('Ctrl Pts',(83.0184832616269,103.559955332908,-3.));
#11517=CARTESIAN_POINT('',(84.1849223180234,103.853269789848,-2.));
#11518=CARTESIAN_POINT('Ctrl Pts',(84.1849223180234,103.853269789848,-2.));
#11519=CARTESIAN_POINT('Ctrl Pts',(84.0267491804208,103.806715807928,-2.));
#11520=CARTESIAN_POINT('Ctrl Pts',(83.6419066556221,103.693447826949,-2.));
#11521=CARTESIAN_POINT('Ctrl Pts',(83.2495678830526,103.609437053912,-2.));
#11522=CARTESIAN_POINT('Ctrl Pts',(83.0184832616269,103.559955332908,-2.));
#11523=CARTESIAN_POINT('',(84.1849223180234,103.853269789848,-3.));
#11524=CARTESIAN_POINT('',(84.1849223180234,103.853269789848,-2.));
#11525=CARTESIAN_POINT('Ctrl Pts',(84.1849223180234,103.853269789848,-3.));
#11526=CARTESIAN_POINT('Ctrl Pts',(84.0267491804208,103.806715807928,-3.));
#11527=CARTESIAN_POINT('Ctrl Pts',(83.6419066556221,103.693447826949,-3.));
#11528=CARTESIAN_POINT('Ctrl Pts',(83.2495678830526,103.609437053912,-3.));
#11529=CARTESIAN_POINT('Ctrl Pts',(83.0184832616269,103.559955332908,-3.));
#11530=CARTESIAN_POINT('Origin',(84.1849223180234,103.47127911869,-2.));
#11531=CARTESIAN_POINT('',(84.1849223180234,87.0031480522408,-2.));
#11532=CARTESIAN_POINT('',(84.1849223180234,103.47127911869,-3.));
#11533=CARTESIAN_POINT('Ctrl Pts',(82.8820553822934,106.315753434334,-2.));
#11534=CARTESIAN_POINT('Ctrl Pts',(82.8820553822934,106.315753434334,-3.));
#11535=CARTESIAN_POINT('Ctrl Pts',(82.7269738390622,106.311298512419,-2.));
#11536=CARTESIAN_POINT('Ctrl Pts',(82.7269738390622,106.311298512419,-3.));
#11537=CARTESIAN_POINT('Ctrl Pts',(82.445101940051,106.303201370273,-2.));
#11538=CARTESIAN_POINT('Ctrl Pts',(82.445101940051,106.303201370273,-3.));
#11539=CARTESIAN_POINT('Ctrl Pts',(82.1960092518011,106.173063298297,-2.));
#11540=CARTESIAN_POINT('Ctrl Pts',(82.1960092518011,106.173063298297,-3.));
#11541=CARTESIAN_POINT('Ctrl Pts',(82.0839634938657,106.11452517334,-2.));
#11542=CARTESIAN_POINT('Ctrl Pts',(82.0839634938657,106.11452517334,-3.));
#11543=CARTESIAN_POINT('',(82.8820553822934,106.315753434334,-3.));
#11544=CARTESIAN_POINT('',(82.8820553822934,106.315753434334,-2.));
#11545=CARTESIAN_POINT('',(82.0839634938657,106.11452517334,-3.));
#11546=CARTESIAN_POINT('Ctrl Pts',(82.8820553822934,106.315753434334,-3.));
#11547=CARTESIAN_POINT('Ctrl Pts',(82.7269738390622,106.311298512419,-3.));
#11548=CARTESIAN_POINT('Ctrl Pts',(82.445101940051,106.303201370273,-3.));
#11549=CARTESIAN_POINT('Ctrl Pts',(82.1960092518011,106.173063298297,-3.));
#11550=CARTESIAN_POINT('Ctrl Pts',(82.0839634938657,106.11452517334,-3.));
#11551=CARTESIAN_POINT('',(82.0839634938657,106.11452517334,-2.));
#11552=CARTESIAN_POINT('Ctrl Pts',(83.9120665593564,106.080418799553,-2.));
#11553=CARTESIAN_POINT('Ctrl Pts',(83.9120665593564,106.080418799553,-3.));
#11554=CARTESIAN_POINT('Ctrl Pts',(83.7831694295691,106.148442696521,-2.));
#11555=CARTESIAN_POINT('Ctrl Pts',(83.7831694295691,106.148442696521,-3.));
#11556=CARTESIAN_POINT('Ctrl Pts',(83.4635237782734,106.317131812299,-2.));
#11557=CARTESIAN_POINT('Ctrl Pts',(83.4635237782734,106.317131812299,-3.));
#11558=CARTESIAN_POINT('Ctrl Pts',(83.0993663210678,106.31626857258,-2.));
#11559=CARTESIAN_POINT('Ctrl Pts',(83.0993663210678,106.31626857258,-3.));
#11560=CARTESIAN_POINT('Ctrl Pts',(82.8820553822934,106.315753434334,-2.));
#11561=CARTESIAN_POINT('Ctrl Pts',(82.8820553822934,106.315753434334,-3.));
#11562=CARTESIAN_POINT('',(83.9120665593564,106.080418799553,-3.));
#11563=CARTESIAN_POINT('',(83.9120665593564,106.080418799553,-2.));
#11564=CARTESIAN_POINT('Ctrl Pts',(83.9120665593564,106.080418799553,-3.));
#11565=CARTESIAN_POINT('Ctrl Pts',(83.7831694295691,106.148442696521,-3.));
#11566=CARTESIAN_POINT('Ctrl Pts',(83.4635237782734,106.317131812299,-3.));
#11567=CARTESIAN_POINT('Ctrl Pts',(83.0993663210678,106.31626857258,-3.));
#11568=CARTESIAN_POINT('Ctrl Pts',(82.8820553822934,106.315753434334,-3.));
#11569=CARTESIAN_POINT('Ctrl Pts',(84.1849223180234,105.292561028633,-2.));
#11570=CARTESIAN_POINT('Ctrl Pts',(84.1849223180234,105.292561028633,-3.));
#11571=CARTESIAN_POINT('Ctrl Pts',(84.1801554655673,105.45706576234,-2.));
#11572=CARTESIAN_POINT('Ctrl Pts',(84.1801554655673,105.45706576234,-3.));
#11573=CARTESIAN_POINT('Ctrl Pts',(84.1716465743266,105.750708769037,-2.));
#11574=CARTESIAN_POINT('Ctrl Pts',(84.1716465743266,105.750708769037,-3.));
#11575=CARTESIAN_POINT('Ctrl Pts',(83.9913551098353,105.979709080428,-2.));
#11576=CARTESIAN_POINT('Ctrl Pts',(83.9913551098353,105.979709080428,-3.));
#11577=CARTESIAN_POINT('Ctrl Pts',(83.9120665593564,106.080418799553,-2.));
#11578=CARTESIAN_POINT('Ctrl Pts',(83.9120665593564,106.080418799553,-3.));
#11579=CARTESIAN_POINT('',(84.1849223180234,105.292561028633,-3.));
#11580=CARTESIAN_POINT('',(84.1849223180234,105.292561028633,-2.));
#11581=CARTESIAN_POINT('Ctrl Pts',(84.1849223180234,105.292561028633,-3.));
#11582=CARTESIAN_POINT('Ctrl Pts',(84.1801554655673,105.45706576234,-3.));
#11583=CARTESIAN_POINT('Ctrl Pts',(84.1716465743266,105.750708769037,-3.));
#11584=CARTESIAN_POINT('Ctrl Pts',(83.9913551098353,105.979709080428,-3.));
#11585=CARTESIAN_POINT('Ctrl Pts',(83.9120665593564,106.080418799553,-3.));
#11586=CARTESIAN_POINT('Origin',(84.1849223180234,105.101565097008,-2.));
#11587=CARTESIAN_POINT('',(84.1849223180234,105.101565097008,-3.));
#11588=CARTESIAN_POINT('',(84.1849223180234,105.101565097008,-2.));
#11589=CARTESIAN_POINT('',(84.1849223180234,105.101565097008,-3.));
#11590=CARTESIAN_POINT('Ctrl Pts',(82.3227110906064,104.630897019539,-2.));
#11591=CARTESIAN_POINT('Ctrl Pts',(82.3227110906064,104.630897019539,-3.));
#11592=CARTESIAN_POINT('Ctrl Pts',(82.7046083879666,104.701740276607,-2.));
#11593=CARTESIAN_POINT('Ctrl Pts',(82.7046083879666,104.701740276607,-3.));
#11594=CARTESIAN_POINT('Ctrl Pts',(83.3358151868681,104.818831300365,-2.));
#11595=CARTESIAN_POINT('Ctrl Pts',(83.3358151868681,104.818831300365,-3.));
#11596=CARTESIAN_POINT('Ctrl Pts',(83.9445060128204,105.021511812504,-2.));
#11597=CARTESIAN_POINT('Ctrl Pts',(83.9445060128204,105.021511812504,-3.));
#11598=CARTESIAN_POINT('Ctrl Pts',(84.1849223180234,105.101565097008,-2.));
#11599=CARTESIAN_POINT('Ctrl Pts',(84.1849223180234,105.101565097008,-3.));
#11600=CARTESIAN_POINT('',(82.3227110906064,104.630897019539,-3.));
#11601=CARTESIAN_POINT('',(82.3227110906064,104.630897019539,-2.));
#11602=CARTESIAN_POINT('Ctrl Pts',(82.3227110906064,104.630897019539,-3.));
#11603=CARTESIAN_POINT('Ctrl Pts',(82.7046083879666,104.701740276607,-3.));
#11604=CARTESIAN_POINT('Ctrl Pts',(83.3358151868681,104.818831300365,-3.));
#11605=CARTESIAN_POINT('Ctrl Pts',(83.9445060128204,105.021511812504,-3.));
#11606=CARTESIAN_POINT('Ctrl Pts',(84.1849223180234,105.101565097008,-3.));
#11607=CARTESIAN_POINT('Ctrl Pts',(80.7981530232846,104.184102986488,-2.));
#11608=CARTESIAN_POINT('Ctrl Pts',(80.7981530232846,104.184102986488,-3.));
#11609=CARTESIAN_POINT('Ctrl Pts',(81.0115287900983,104.269854803775,-2.));
#11610=CARTESIAN_POINT('Ctrl Pts',(81.0115287900983,104.269854803775,-3.));
#11611=CARTESIAN_POINT('Ctrl Pts',(81.5048141640889,104.468097171651,-2.));
#11612=CARTESIAN_POINT('Ctrl Pts',(81.5048141640889,104.468097171651,-3.));
#11613=CARTESIAN_POINT('Ctrl Pts',(82.026618626236,104.57196073234,-2.));
#11614=CARTESIAN_POINT('Ctrl Pts',(82.026618626236,104.57196073234,-3.));
#11615=CARTESIAN_POINT('Ctrl Pts',(82.3227110906064,104.630897019539,-2.));
#11616=CARTESIAN_POINT('Ctrl Pts',(82.3227110906064,104.630897019539,-3.));
#11617=CARTESIAN_POINT('',(80.7981530232846,104.184102986488,-3.));
#11618=CARTESIAN_POINT('',(80.7981530232846,104.184102986488,-2.));
#11619=CARTESIAN_POINT('Ctrl Pts',(80.7981530232846,104.184102986488,-3.));
#11620=CARTESIAN_POINT('Ctrl Pts',(81.0115287900983,104.269854803775,-3.));
#11621=CARTESIAN_POINT('Ctrl Pts',(81.5048141640889,104.468097171651,-3.));
#11622=CARTESIAN_POINT('Ctrl Pts',(82.026618626236,104.57196073234,-3.));
#11623=CARTESIAN_POINT('Ctrl Pts',(82.3227110906064,104.630897019539,-3.));
#11624=CARTESIAN_POINT('Ctrl Pts',(79.9761906667173,103.447403882179,-2.));
#11625=CARTESIAN_POINT('Ctrl Pts',(79.9761906667173,103.447403882179,-3.));
#11626=CARTESIAN_POINT('Ctrl Pts',(80.0847261124301,103.598784655852,-2.));
#11627=CARTESIAN_POINT('Ctrl Pts',(80.0847261124301,103.598784655852,-3.));
#11628=CARTESIAN_POINT('Ctrl Pts',(80.3042306351617,103.904940532004,-2.));
#11629=CARTESIAN_POINT('Ctrl Pts',(80.3042306351617,103.904940532004,-3.));
#11630=CARTESIAN_POINT('Ctrl Pts',(80.6322998006057,104.090363577543,-2.));
#11631=CARTESIAN_POINT('Ctrl Pts',(80.6322998006057,104.090363577543,-3.));
#11632=CARTESIAN_POINT('Ctrl Pts',(80.7981530232846,104.184102986488,-2.));
#11633=CARTESIAN_POINT('Ctrl Pts',(80.7981530232846,104.184102986488,-3.));
#11634=CARTESIAN_POINT('',(79.9761906667173,103.447403882179,-3.));
#11635=CARTESIAN_POINT('',(79.9761906667173,103.447403882179,-2.));
#11636=CARTESIAN_POINT('Ctrl Pts',(79.9761906667173,103.447403882179,-3.));
#11637=CARTESIAN_POINT('Ctrl Pts',(80.0847261124301,103.598784655852,-3.));
#11638=CARTESIAN_POINT('Ctrl Pts',(80.3042306351617,103.904940532004,-3.));
#11639=CARTESIAN_POINT('Ctrl Pts',(80.6322998006057,104.090363577543,-3.));
#11640=CARTESIAN_POINT('Ctrl Pts',(80.7981530232846,104.184102986488,-3.));
#11641=CARTESIAN_POINT('Ctrl Pts',(79.6828738255918,102.352588151131,-2.));
#11642=CARTESIAN_POINT('Ctrl Pts',(79.6828738255918,102.352588151131,-3.));
#11643=CARTESIAN_POINT('Ctrl Pts',(79.6939439915279,102.549770362471,-2.));
#11644=CARTESIAN_POINT('Ctrl Pts',(79.6939439915279,102.549770362471,-3.));
#11645=CARTESIAN_POINT('Ctrl Pts',(79.7155919287197,102.935364232614,-2.));
#11646=CARTESIAN_POINT('Ctrl Pts',(79.7155919287197,102.935364232614,-3.));
#11647=CARTESIAN_POINT('Ctrl Pts',(79.8906516988294,103.279331912691,-2.));
#11648=CARTESIAN_POINT('Ctrl Pts',(79.8906516988294,103.279331912691,-3.));
#11649=CARTESIAN_POINT('Ctrl Pts',(79.9761906667173,103.447403882179,-2.));
#11650=CARTESIAN_POINT('Ctrl Pts',(79.9761906667173,103.447403882179,-3.));
#11651=CARTESIAN_POINT('',(79.6828738255918,102.352588151131,-3.));
#11652=CARTESIAN_POINT('',(79.6828738255918,102.352588151131,-2.));
#11653=CARTESIAN_POINT('Ctrl Pts',(79.6828738255918,102.352588151131,-3.));
#11654=CARTESIAN_POINT('Ctrl Pts',(79.6939439915279,102.549770362471,-3.));
#11655=CARTESIAN_POINT('Ctrl Pts',(79.7155919287197,102.935364232614,-3.));
#11656=CARTESIAN_POINT('Ctrl Pts',(79.8906516988294,103.279331912691,-3.));
#11657=CARTESIAN_POINT('Ctrl Pts',(79.9761906667173,103.447403882179,-3.));
#11658=CARTESIAN_POINT('Ctrl Pts',(80.3274861379087,100.817799542579,-2.));
#11659=CARTESIAN_POINT('Ctrl Pts',(80.3274861379087,100.817799542579,-3.));
#11660=CARTESIAN_POINT('Ctrl Pts',(80.139482851511,101.03551385975,-2.));
#11661=CARTESIAN_POINT('Ctrl Pts',(80.139482851511,101.03551385975,-3.));
#11662=CARTESIAN_POINT('Ctrl Pts',(79.7584490808368,101.476764163353,-2.));
#11663=CARTESIAN_POINT('Ctrl Pts',(79.7584490808368,101.476764163353,-3.));
#11664=CARTESIAN_POINT('Ctrl Pts',(79.7082861866532,102.05809023205,-2.));
#11665=CARTESIAN_POINT('Ctrl Pts',(79.7082861866532,102.05809023205,-3.));
#11666=CARTESIAN_POINT('Ctrl Pts',(79.6828738255918,102.352588151131,-2.));
#11667=CARTESIAN_POINT('Ctrl Pts',(79.6828738255918,102.352588151131,-3.));
#11668=CARTESIAN_POINT('',(80.3274861379087,100.817799542579,-3.));
#11669=CARTESIAN_POINT('',(80.3274861379087,100.817799542579,-2.));
#11670=CARTESIAN_POINT('Ctrl Pts',(80.3274861379087,100.817799542579,-3.));
#11671=CARTESIAN_POINT('Ctrl Pts',(80.139482851511,101.03551385975,-3.));
#11672=CARTESIAN_POINT('Ctrl Pts',(79.7584490808368,101.476764163353,-3.));
#11673=CARTESIAN_POINT('Ctrl Pts',(79.7082861866532,102.05809023205,-3.));
#11674=CARTESIAN_POINT('Ctrl Pts',(79.6828738255918,102.352588151131,-3.));
#11675=CARTESIAN_POINT('Ctrl Pts',(82.0907870335996,100.21070477787,-2.));
#11676=CARTESIAN_POINT('Ctrl Pts',(82.0907870335996,100.21070477787,-3.));
#11677=CARTESIAN_POINT('Ctrl Pts',(81.745735362594,100.228772555231,-2.));
#11678=CARTESIAN_POINT('Ctrl Pts',(81.745735362594,100.228772555231,-3.));
#11679=CARTESIAN_POINT('Ctrl Pts',(81.0975785472212,100.262711683828,-2.));
#11680=CARTESIAN_POINT('Ctrl Pts',(81.0975785472212,100.262711683828,-3.));
#11681=CARTESIAN_POINT('Ctrl Pts',(80.5728643626035,100.640929245349,-2.));
#11682=CARTESIAN_POINT('Ctrl Pts',(80.5728643626035,100.640929245349,-3.));
#11683=CARTESIAN_POINT('Ctrl Pts',(80.3274861379087,100.817799542579,-2.));
#11684=CARTESIAN_POINT('Ctrl Pts',(80.3274861379087,100.817799542579,-3.));
#11685=CARTESIAN_POINT('',(82.0907870335996,100.21070477787,-3.));
#11686=CARTESIAN_POINT('',(82.0907870335996,100.21070477787,-2.));
#11687=CARTESIAN_POINT('Ctrl Pts',(82.0907870335996,100.21070477787,-3.));
#11688=CARTESIAN_POINT('Ctrl Pts',(81.745735362594,100.228772555231,-3.));
#11689=CARTESIAN_POINT('Ctrl Pts',(81.0975785472212,100.262711683828,-3.));
#11690=CARTESIAN_POINT('Ctrl Pts',(80.5728643626035,100.640929245349,-3.));
#11691=CARTESIAN_POINT('Ctrl Pts',(80.3274861379087,100.817799542579,-3.));
#11692=CARTESIAN_POINT('Ctrl Pts',(83.2845107121884,100.449449990425,-2.));
#11693=CARTESIAN_POINT('Ctrl Pts',(83.2845107121884,100.449449990425,-3.));
#11694=CARTESIAN_POINT('Ctrl Pts',(83.0938102529042,100.379818594014,-2.));
#11695=CARTESIAN_POINT('Ctrl Pts',(83.0938102529042,100.379818594014,-3.));
#11696=CARTESIAN_POINT('Ctrl Pts',(82.7082156315432,100.23902453387,-2.));
#11697=CARTESIAN_POINT('Ctrl Pts',(82.7082156315432,100.23902453387,-3.));
#11698=CARTESIAN_POINT('Ctrl Pts',(82.2980834235933,100.220212894604,-2.));
#11699=CARTESIAN_POINT('Ctrl Pts',(82.2980834235933,100.220212894604,-3.));
#11700=CARTESIAN_POINT('Ctrl Pts',(82.0907870335996,100.21070477787,-2.));
#11701=CARTESIAN_POINT('Ctrl Pts',(82.0907870335996,100.21070477787,-3.));
#11702=CARTESIAN_POINT('',(83.2845107121884,100.449449990425,-3.));
#11703=CARTESIAN_POINT('',(83.2845107121884,100.449449990425,-2.));
#11704=CARTESIAN_POINT('Ctrl Pts',(83.2845107121884,100.449449990425,-3.));
#11705=CARTESIAN_POINT('Ctrl Pts',(83.0938102529042,100.379818594014,-3.));
#11706=CARTESIAN_POINT('Ctrl Pts',(82.7082156315432,100.23902453387,-3.));
#11707=CARTESIAN_POINT('Ctrl Pts',(82.2980834235933,100.220212894604,-3.));
#11708=CARTESIAN_POINT('Ctrl Pts',(82.0907870335996,100.21070477787,-3.));
#11709=CARTESIAN_POINT('Ctrl Pts',(84.3349877400815,101.165684435997,-2.));
#11710=CARTESIAN_POINT('Ctrl Pts',(84.3349877400815,101.165684435997,-3.));
#11711=CARTESIAN_POINT('Ctrl Pts',(84.1714474413285,101.01777644347,-2.));
#11712=CARTESIAN_POINT('Ctrl Pts',(84.1714474413285,101.01777644347,-3.));
#11713=CARTESIAN_POINT('Ctrl Pts',(83.8540375182883,100.730706743322,-2.));
#11714=CARTESIAN_POINT('Ctrl Pts',(83.8540375182883,100.730706743322,-3.));
#11715=CARTESIAN_POINT('Ctrl Pts',(83.4704574102216,100.541278441589,-2.));
#11716=CARTESIAN_POINT('Ctrl Pts',(83.4704574102216,100.541278441589,-3.));
#11717=CARTESIAN_POINT('Ctrl Pts',(83.2845107121884,100.449449990425,-2.));
#11718=CARTESIAN_POINT('Ctrl Pts',(83.2845107121884,100.449449990425,-3.));
#11719=CARTESIAN_POINT('',(84.3349877400815,101.165684435997,-3.));
#11720=CARTESIAN_POINT('',(84.3349877400815,101.165684435997,-2.));
#11721=CARTESIAN_POINT('Ctrl Pts',(84.3349877400815,101.165684435997,-3.));
#11722=CARTESIAN_POINT('Ctrl Pts',(84.1714474413285,101.01777644347,-3.));
#11723=CARTESIAN_POINT('Ctrl Pts',(83.8540375182883,100.730706743322,-3.));
#11724=CARTESIAN_POINT('Ctrl Pts',(83.4704574102216,100.541278441589,-3.));
#11725=CARTESIAN_POINT('Ctrl Pts',(83.2845107121884,100.449449990425,-3.));
#11726=CARTESIAN_POINT('Ctrl Pts',(84.4031992955625,100.940582726631,-2.));
#11727=CARTESIAN_POINT('Ctrl Pts',(84.4031992955625,100.940582726631,-3.));
#11728=CARTESIAN_POINT('Ctrl Pts',(84.3900587265995,100.987917388086,-2.));
#11729=CARTESIAN_POINT('Ctrl Pts',(84.3900587265995,100.987917388086,-3.));
#11730=CARTESIAN_POINT('Ctrl Pts',(84.3690784769164,101.063491970799,-2.));
#11731=CARTESIAN_POINT('Ctrl Pts',(84.3690784769164,101.063491970799,-3.));
#11732=CARTESIAN_POINT('Ctrl Pts',(84.344261200793,101.137885746411,-2.));
#11733=CARTESIAN_POINT('Ctrl Pts',(84.344261200793,101.137885746411,-3.));
#11734=CARTESIAN_POINT('Ctrl Pts',(84.3349877400815,101.165684435997,-2.));
#11735=CARTESIAN_POINT('Ctrl Pts',(84.3349877400815,101.165684435997,-3.));
#11736=CARTESIAN_POINT('',(84.4031992955625,100.940582726631,-3.));
#11737=CARTESIAN_POINT('',(84.4031992955625,100.940582726631,-2.));
#11738=CARTESIAN_POINT('Ctrl Pts',(84.4031992955625,100.940582726631,-3.));
#11739=CARTESIAN_POINT('Ctrl Pts',(84.3900587265995,100.987917388086,-3.));
#11740=CARTESIAN_POINT('Ctrl Pts',(84.3690784769164,101.063491970799,-3.));
#11741=CARTESIAN_POINT('Ctrl Pts',(84.344261200793,101.137885746411,-3.));
#11742=CARTESIAN_POINT('Ctrl Pts',(84.3349877400815,101.165684435997,-3.));
#11743=CARTESIAN_POINT('Ctrl Pts',(84.5873776479184,100.374416087303,-2.));
#11744=CARTESIAN_POINT('Ctrl Pts',(84.5873776479184,100.374416087303,-3.));
#11745=CARTESIAN_POINT('Ctrl Pts',(84.5588148095577,100.453195906939,-2.));
#11746=CARTESIAN_POINT('Ctrl Pts',(84.5588148095577,100.453195906939,-3.));
#11747=CARTESIAN_POINT('Ctrl Pts',(84.4911399079087,100.639851605455,-2.));
#11748=CARTESIAN_POINT('Ctrl Pts',(84.4911399079087,100.639851605455,-3.));
#11749=CARTESIAN_POINT('Ctrl Pts',(84.4354086461861,100.8304361872,-2.));
#11750=CARTESIAN_POINT('Ctrl Pts',(84.4354086461861,100.8304361872,-3.));
#11751=CARTESIAN_POINT('Ctrl Pts',(84.4031992955625,100.940582726631,-2.));
#11752=CARTESIAN_POINT('Ctrl Pts',(84.4031992955625,100.940582726631,-3.));
#11753=CARTESIAN_POINT('',(84.5873776479184,100.374416087303,-3.));
#11754=CARTESIAN_POINT('',(84.5873776479184,100.374416087303,-2.));
#11755=CARTESIAN_POINT('Ctrl Pts',(84.5873776479184,100.374416087303,-3.));
#11756=CARTESIAN_POINT('Ctrl Pts',(84.5588148095577,100.453195906939,-3.));
#11757=CARTESIAN_POINT('Ctrl Pts',(84.4911399079087,100.639851605455,-3.));
#11758=CARTESIAN_POINT('Ctrl Pts',(84.4354086461861,100.8304361872,-3.));
#11759=CARTESIAN_POINT('Ctrl Pts',(84.4031992955625,100.940582726631,-3.));
#11760=CARTESIAN_POINT('Origin',(86.4836922688901,100.374416087303,-2.));
#11761=CARTESIAN_POINT('',(86.4836922688901,100.374416087303,-3.));
#11762=CARTESIAN_POINT('',(86.4836922688901,100.374416087303,-2.));
#11763=CARTESIAN_POINT('',(86.4836922688901,100.374416087303,-3.));
#11764=CARTESIAN_POINT('Ctrl Pts',(86.1392203374326,101.3464486343,-2.));
#11765=CARTESIAN_POINT('Ctrl Pts',(86.1392203374326,101.3464486343,-3.));
#11766=CARTESIAN_POINT('Ctrl Pts',(86.1787174999516,101.188246589348,-2.));
#11767=CARTESIAN_POINT('Ctrl Pts',(86.1787174999516,101.188246589348,-3.));
#11768=CARTESIAN_POINT('Ctrl Pts',(86.2623409382359,100.853301036332,-2.));
#11769=CARTESIAN_POINT('Ctrl Pts',(86.2623409382359,100.853301036332,-3.));
#11770=CARTESIAN_POINT('Ctrl Pts',(86.4072348777317,100.539828663589,-2.));
#11771=CARTESIAN_POINT('Ctrl Pts',(86.4072348777317,100.539828663589,-3.));
#11772=CARTESIAN_POINT('Ctrl Pts',(86.4836922688901,100.374416087303,-2.));
#11773=CARTESIAN_POINT('Ctrl Pts',(86.4836922688901,100.374416087303,-3.));
#11774=CARTESIAN_POINT('',(86.1392203374326,101.3464486343,-3.));
#11775=CARTESIAN_POINT('',(86.1392203374326,101.3464486343,-2.));
#11776=CARTESIAN_POINT('Ctrl Pts',(86.1392203374326,101.3464486343,-3.));
#11777=CARTESIAN_POINT('Ctrl Pts',(86.1787174999516,101.188246589348,-3.));
#11778=CARTESIAN_POINT('Ctrl Pts',(86.2623409382359,100.853301036332,-3.));
#11779=CARTESIAN_POINT('Ctrl Pts',(86.4072348777317,100.539828663589,-3.));
#11780=CARTESIAN_POINT('Ctrl Pts',(86.4836922688901,100.374416087303,-3.));
#11781=CARTESIAN_POINT('Ctrl Pts',(86.0471287770688,102.755043481026,-2.));
#11782=CARTESIAN_POINT('Ctrl Pts',(86.0471287770688,102.755043481026,-3.));
#11783=CARTESIAN_POINT('Ctrl Pts',(86.0474343944435,102.47795666736,-2.));
#11784=CARTESIAN_POINT('Ctrl Pts',(86.0474343944435,102.47795666736,-3.));
#11785=CARTESIAN_POINT('Ctrl Pts',(86.047954713995,102.006210953366,-2.));
#11786=CARTESIAN_POINT('Ctrl Pts',(86.047954713995,102.006210953366,-3.));
#11787=CARTESIAN_POINT('Ctrl Pts',(86.1125613595168,101.539167299129,-2.));
#11788=CARTESIAN_POINT('Ctrl Pts',(86.1125613595168,101.539167299129,-3.));
#11789=CARTESIAN_POINT('Ctrl Pts',(86.1392203374326,101.3464486343,-2.));
#11790=CARTESIAN_POINT('Ctrl Pts',(86.1392203374326,101.3464486343,-3.));
#11791=CARTESIAN_POINT('',(86.0471287770688,102.755043481026,-3.));
#11792=CARTESIAN_POINT('',(86.0471287770688,102.755043481026,-2.));
#11793=CARTESIAN_POINT('Ctrl Pts',(86.0471287770688,102.755043481026,-3.));
#11794=CARTESIAN_POINT('Ctrl Pts',(86.0474343944435,102.47795666736,-3.));
#11795=CARTESIAN_POINT('Ctrl Pts',(86.047954713995,102.006210953366,-3.));
#11796=CARTESIAN_POINT('Ctrl Pts',(86.1125613595168,101.539167299129,-3.));
#11797=CARTESIAN_POINT('Ctrl Pts',(86.1392203374326,101.3464486343,-3.));
#11798=CARTESIAN_POINT('Origin',(86.0675946278989,104.992424224052,-2.));
#11799=CARTESIAN_POINT('',(86.0675946278989,104.992424224052,-3.));
#11800=CARTESIAN_POINT('',(86.0675946278989,104.992424224052,-2.));
#11801=CARTESIAN_POINT('',(86.0675946278989,104.992424224052,-3.));
#11802=CARTESIAN_POINT('Ctrl Pts',(85.8117953343808,106.707977030907,-2.));
#11803=CARTESIAN_POINT('Ctrl Pts',(85.8117953343808,106.707977030907,-3.));
#11804=CARTESIAN_POINT('Ctrl Pts',(85.885631528455,106.488847678218,-2.));
#11805=CARTESIAN_POINT('Ctrl Pts',(85.885631528455,106.488847678218,-3.));
#11806=CARTESIAN_POINT('Ctrl Pts',(86.072402699114,105.934552508479,-2.));
#11807=CARTESIAN_POINT('Ctrl Pts',(86.072402699114,105.934552508479,-3.));
#11808=CARTESIAN_POINT('Ctrl Pts',(86.0694064005805,105.347436080566,-2.));
#11809=CARTESIAN_POINT('Ctrl Pts',(86.0694064005805,105.347436080566,-3.));
#11810=CARTESIAN_POINT('Ctrl Pts',(86.0675946278989,104.992424224052,-2.));
#11811=CARTESIAN_POINT('Ctrl Pts',(86.0675946278989,104.992424224052,-3.));
#11812=CARTESIAN_POINT('',(85.8117953343808,106.707977030907,-3.));
#11813=CARTESIAN_POINT('',(85.8117953343808,106.707977030907,-2.));
#11814=CARTESIAN_POINT('Ctrl Pts',(85.8117953343808,106.707977030907,-3.));
#11815=CARTESIAN_POINT('Ctrl Pts',(85.885631528455,106.488847678218,-3.));
#11816=CARTESIAN_POINT('Ctrl Pts',(86.072402699114,105.934552508479,-3.));
#11817=CARTESIAN_POINT('Ctrl Pts',(86.0694064005805,105.347436080566,-3.));
#11818=CARTESIAN_POINT('Ctrl Pts',(86.0675946278989,104.992424224052,-3.));
#11819=CARTESIAN_POINT('Ctrl Pts',(84.9284401936948,107.478781912956,-2.));
#11820=CARTESIAN_POINT('Ctrl Pts',(84.9284401936948,107.478781912956,-3.));
#11821=CARTESIAN_POINT('Ctrl Pts',(85.1184294905166,107.377157342822,-2.));
#11822=CARTESIAN_POINT('Ctrl Pts',(85.1184294905166,107.377157342822,-3.));
#11823=CARTESIAN_POINT('Ctrl Pts',(85.4729597275143,107.187520434128,-2.));
#11824=CARTESIAN_POINT('Ctrl Pts',(85.4729597275143,107.187520434128,-3.));
#11825=CARTESIAN_POINT('Ctrl Pts',(85.7043874647656,106.859988018785,-2.));
#11826=CARTESIAN_POINT('Ctrl Pts',(85.7043874647656,106.859988018785,-3.));
#11827=CARTESIAN_POINT('Ctrl Pts',(85.8117953343808,106.707977030907,-2.));
#11828=CARTESIAN_POINT('Ctrl Pts',(85.8117953343808,106.707977030907,-3.));
#11829=CARTESIAN_POINT('',(84.9284401936948,107.478781912956,-3.));
#11830=CARTESIAN_POINT('',(84.9284401936948,107.478781912956,-2.));
#11831=CARTESIAN_POINT('Ctrl Pts',(84.9284401936948,107.478781912956,-3.));
#11832=CARTESIAN_POINT('Ctrl Pts',(85.1184294905166,107.377157342822,-3.));
#11833=CARTESIAN_POINT('Ctrl Pts',(85.4729597275143,107.187520434128,-3.));
#11834=CARTESIAN_POINT('Ctrl Pts',(85.7043874647656,106.859988018785,-3.));
#11835=CARTESIAN_POINT('Ctrl Pts',(85.8117953343808,106.707977030907,-3.));
#11836=CARTESIAN_POINT('Ctrl Pts',(83.0184832616269,107.782328699264,-2.));
#11837=CARTESIAN_POINT('Ctrl Pts',(83.0184832616269,107.782328699264,-3.));
#11838=CARTESIAN_POINT('Ctrl Pts',(83.3953331634249,107.779533654113,-2.));
#11839=CARTESIAN_POINT('Ctrl Pts',(83.3953331634249,107.779533654113,-3.));
#11840=CARTESIAN_POINT('Ctrl Pts',(84.0489130185979,107.774686140032,-2.));
#11841=CARTESIAN_POINT('Ctrl Pts',(84.0489130185979,107.774686140032,-3.));
#11842=CARTESIAN_POINT('Ctrl Pts',(84.6668160423419,107.566801583618,-2.));
#11843=CARTESIAN_POINT('Ctrl Pts',(84.6668160423419,107.566801583618,-3.));
#11844=CARTESIAN_POINT('Ctrl Pts',(84.9284401936948,107.478781912956,-2.));
#11845=CARTESIAN_POINT('Ctrl Pts',(84.9284401936948,107.478781912956,-3.));
#11846=CARTESIAN_POINT('',(83.0184832616269,107.782328699264,-3.));
#11847=CARTESIAN_POINT('',(83.0184832616269,107.782328699264,-2.));
#11848=CARTESIAN_POINT('Ctrl Pts',(83.0184832616269,107.782328699264,-3.));
#11849=CARTESIAN_POINT('Ctrl Pts',(83.3953331634249,107.779533654113,-3.));
#11850=CARTESIAN_POINT('Ctrl Pts',(84.0489130185979,107.774686140032,-3.));
#11851=CARTESIAN_POINT('Ctrl Pts',(84.6668160423419,107.566801583618,-3.));
#11852=CARTESIAN_POINT('Ctrl Pts',(84.9284401936948,107.478781912956,-3.));
#11853=CARTESIAN_POINT('Ctrl Pts',(80.8902398152768,107.277554248009,-2.));
#11854=CARTESIAN_POINT('Ctrl Pts',(80.8902398152768,107.277554248009,-3.));
#11855=CARTESIAN_POINT('Ctrl Pts',(81.1817052789407,107.424193173499,-2.));
#11856=CARTESIAN_POINT('Ctrl Pts',(81.1817052789407,107.424193173499,-3.));
#11857=CARTESIAN_POINT('Ctrl Pts',(81.8481410873782,107.759483089597,-2.));
#11858=CARTESIAN_POINT('Ctrl Pts',(81.8481410873782,107.759483089597,-3.));
#11859=CARTESIAN_POINT('Ctrl Pts',(82.5970880094211,107.774102872955,-2.));
#11860=CARTESIAN_POINT('Ctrl Pts',(82.5970880094211,107.774102872955,-3.));
#11861=CARTESIAN_POINT('Ctrl Pts',(83.0184832616269,107.782328699264,-2.));
#11862=CARTESIAN_POINT('Ctrl Pts',(83.0184832616269,107.782328699264,-3.));
#11863=CARTESIAN_POINT('',(80.8902398152768,107.277554248009,-3.));
#11864=CARTESIAN_POINT('',(80.8902398152768,107.277554248009,-2.));
#11865=CARTESIAN_POINT('Ctrl Pts',(80.8902398152768,107.277554248009,-3.));
#11866=CARTESIAN_POINT('Ctrl Pts',(81.1817052789407,107.424193173499,-3.));
#11867=CARTESIAN_POINT('Ctrl Pts',(81.8481410873782,107.759483089597,-3.));
#11868=CARTESIAN_POINT('Ctrl Pts',(82.5970880094211,107.774102872955,-3.));
#11869=CARTESIAN_POINT('Ctrl Pts',(83.0184832616269,107.782328699264,-3.));
#11870=CARTESIAN_POINT('Ctrl Pts',(79.8806897206723,105.722301576767,-2.));
#11871=CARTESIAN_POINT('Ctrl Pts',(79.8806897206723,105.722301576767,-3.));
#11872=CARTESIAN_POINT('Ctrl Pts',(79.9882160560423,106.043913956418,-2.));
#11873=CARTESIAN_POINT('Ctrl Pts',(79.9882160560423,106.043913956418,-3.));
#11874=CARTESIAN_POINT('Ctrl Pts',(80.1911932637539,106.651020881085,-2.));
#11875=CARTESIAN_POINT('Ctrl Pts',(80.1911932637539,106.651020881085,-3.));
#11876=CARTESIAN_POINT('Ctrl Pts',(80.6666529358573,107.077160382883,-2.));
#11877=CARTESIAN_POINT('Ctrl Pts',(80.6666529358573,107.077160382883,-3.));
#11878=CARTESIAN_POINT('Ctrl Pts',(80.8902398152768,107.277554248009,-2.));
#11879=CARTESIAN_POINT('Ctrl Pts',(80.8902398152768,107.277554248009,-3.));
#11880=CARTESIAN_POINT('',(79.8806897206723,105.722301576767,-3.));
#11881=CARTESIAN_POINT('',(79.8806897206723,105.722301576767,-2.));
#11882=CARTESIAN_POINT('Ctrl Pts',(79.8806897206723,105.722301576767,-3.));
#11883=CARTESIAN_POINT('Ctrl Pts',(79.9882160560423,106.043913956418,-3.));
#11884=CARTESIAN_POINT('Ctrl Pts',(80.1911932637539,106.651020881085,-3.));
#11885=CARTESIAN_POINT('Ctrl Pts',(80.6666529358573,107.077160382883,-3.));
#11886=CARTESIAN_POINT('Ctrl Pts',(80.8902398152768,107.277554248009,-3.));
#11887=CARTESIAN_POINT('Origin',(81.6201201482236,105.40852246109,-2.));
#11888=CARTESIAN_POINT('',(81.6201201482236,105.40852246109,-3.));
#11889=CARTESIAN_POINT('',(81.6201201482236,105.40852246109,-2.));
#11890=CARTESIAN_POINT('',(81.6201201482236,105.40852246109,-3.));
#11891=CARTESIAN_POINT('Ctrl Pts',(82.0839634938657,106.11452517334,-2.));
#11892=CARTESIAN_POINT('Ctrl Pts',(82.0839634938657,106.11452517334,-3.));
#11893=CARTESIAN_POINT('Ctrl Pts',(81.9904721202885,106.026989186918,-2.));
#11894=CARTESIAN_POINT('Ctrl Pts',(81.9904721202885,106.026989186918,-3.));
#11895=CARTESIAN_POINT('Ctrl Pts',(81.7798954180528,105.829826190565,-2.));
#11896=CARTESIAN_POINT('Ctrl Pts',(81.7798954180528,105.829826190565,-3.));
#11897=CARTESIAN_POINT('Ctrl Pts',(81.6772135500084,105.559069308084,-2.));
#11898=CARTESIAN_POINT('Ctrl Pts',(81.6772135500084,105.559069308084,-3.));
#11899=CARTESIAN_POINT('Ctrl Pts',(81.6201201482236,105.40852246109,-2.));
#11900=CARTESIAN_POINT('Ctrl Pts',(81.6201201482236,105.40852246109,-3.));
#11901=CARTESIAN_POINT('Ctrl Pts',(82.0839634938657,106.11452517334,-3.));
#11902=CARTESIAN_POINT('Ctrl Pts',(81.9904721202885,106.026989186918,-3.));
#11903=CARTESIAN_POINT('Ctrl Pts',(81.7798954180528,105.829826190565,-3.));
#11904=CARTESIAN_POINT('Ctrl Pts',(81.6772135500084,105.559069308084,-3.));
#11905=CARTESIAN_POINT('Ctrl Pts',(81.6201201482236,105.40852246109,-3.));
#11906=CARTESIAN_POINT('Origin',(64.1235289378583,105.297558385804,-3.));
#11907=CARTESIAN_POINT('Origin',(64.4441274209439,105.033352349434,-2.));
#11908=CARTESIAN_POINT('',(64.4441274209439,105.033352349434,-3.));
#11909=CARTESIAN_POINT('',(64.4441274209439,105.033352349434,-2.));
#11910=CARTESIAN_POINT('',(63.2162979646146,100.374416087303,-3.));
#11911=CARTESIAN_POINT('',(64.4441274209439,105.033352349434,-3.));
#11912=CARTESIAN_POINT('',(63.2162979646146,100.374416087303,-2.));
#11913=CARTESIAN_POINT('Origin',(65.6924239201963,100.374416087303,-2.));
#11914=CARTESIAN_POINT('',(65.6924239201963,100.374416087303,-3.));
#11915=CARTESIAN_POINT('',(65.6924239201963,100.374416087303,-2.));
#11916=CARTESIAN_POINT('',(65.6924239201963,100.374416087303,-3.));
#11917=CARTESIAN_POINT('Origin',(67.5341692967832,100.374416087303,-2.));
#11918=CARTESIAN_POINT('',(67.5341692967832,100.374416087303,-3.));
#11919=CARTESIAN_POINT('',(67.5341692967832,100.374416087303,-2.));
#11920=CARTESIAN_POINT('',(67.5341692967832,100.374416087303,-3.));
#11921=CARTESIAN_POINT('Origin',(69.8602286382138,107.618617985878,-2.));
#11922=CARTESIAN_POINT('',(69.8602286382138,107.618617985878,-3.));
#11923=CARTESIAN_POINT('',(69.8602286382138,107.618617985878,-2.));
#11924=CARTESIAN_POINT('',(69.8602286382138,107.618617985878,-3.));
#11925=CARTESIAN_POINT('Origin',(67.9707327886045,107.618617985878,-2.));
#11926=CARTESIAN_POINT('',(67.9707327886045,107.618617985878,-3.));
#11927=CARTESIAN_POINT('',(67.9707327886045,107.618617985878,-2.));
#11928=CARTESIAN_POINT('',(67.9707327886045,107.618617985878,-3.));
#11929=CARTESIAN_POINT('Origin',(66.5860119862973,102.871005509529,-2.));
#11930=CARTESIAN_POINT('',(66.5860119862973,102.871005509529,-3.));
#11931=CARTESIAN_POINT('',(66.5860119862973,102.871005509529,-2.));
#11932=CARTESIAN_POINT('',(66.5860119862973,102.871005509529,-3.));
#11933=CARTESIAN_POINT('Origin',(65.3786459966123,107.618617985878,-2.));
#11934=CARTESIAN_POINT('',(65.3786459966123,107.618617985878,-3.));
#11935=CARTESIAN_POINT('',(65.3786459966123,107.618617985878,-2.));
#11936=CARTESIAN_POINT('',(65.3786459966123,107.618617985878,-3.));
#11937=CARTESIAN_POINT('Origin',(63.5300758881986,107.618617985878,-2.));
#11938=CARTESIAN_POINT('',(63.5300758881986,107.618617985878,-3.));
#11939=CARTESIAN_POINT('',(63.5300758881986,107.618617985878,-2.));
#11940=CARTESIAN_POINT('',(63.5300758881986,107.618617985878,-3.));
#11941=CARTESIAN_POINT('Origin',(62.2817805810392,102.871005509529,-2.));
#11942=CARTESIAN_POINT('',(62.2817805810392,102.871005509529,-3.));
#11943=CARTESIAN_POINT('',(62.2817805810392,102.871005509529,-2.));
#11944=CARTESIAN_POINT('',(62.2817805810392,102.871005509529,-3.));
#11945=CARTESIAN_POINT('Origin',(60.9243467851102,107.618617985878,-2.));
#11946=CARTESIAN_POINT('',(60.9243467851102,107.618617985878,-3.));
#11947=CARTESIAN_POINT('',(60.9243467851102,107.618617985878,-2.));
#11948=CARTESIAN_POINT('',(60.9243467851102,107.618617985878,-3.));
#11949=CARTESIAN_POINT('Origin',(59.0621355576932,107.618617985878,-2.));
#11950=CARTESIAN_POINT('',(59.0621355576932,107.618617985878,-3.));
#11951=CARTESIAN_POINT('',(59.0621355576932,107.618617985878,-2.));
#11952=CARTESIAN_POINT('',(59.0621355576932,107.618617985878,-3.));
#11953=CARTESIAN_POINT('Origin',(61.3540867371976,100.374416087303,-2.));
#11954=CARTESIAN_POINT('',(61.3540867371976,100.374416087303,-3.));
#11955=CARTESIAN_POINT('',(61.3540867371976,100.374416087303,-2.));
#11956=CARTESIAN_POINT('',(61.3540867371976,100.374416087303,-3.));
#11957=CARTESIAN_POINT('Origin',(63.2162979646146,100.374416087303,-2.));
#11958=CARTESIAN_POINT('',(63.2162979646146,100.374416087303,-3.));
#11959=CARTESIAN_POINT('Origin',(64.1235289378583,105.297558385804,-3.));
#11960=CARTESIAN_POINT('Ctrl Pts',(54.7647288842618,106.220255468521,-2.));
#11961=CARTESIAN_POINT('Ctrl Pts',(54.7647288842618,106.220255468521,-3.));
#11962=CARTESIAN_POINT('Ctrl Pts',(54.524000121307,106.195747472213,-2.));
#11963=CARTESIAN_POINT('Ctrl Pts',(54.524000121307,106.195747472213,-3.));
#11964=CARTESIAN_POINT('Ctrl Pts',(54.039294005949,106.14640074879,-2.));
#11965=CARTESIAN_POINT('Ctrl Pts',(54.039294005949,106.14640074879,-3.));
#11966=CARTESIAN_POINT('Ctrl Pts',(53.6824227848198,105.814387104177,-2.));
#11967=CARTESIAN_POINT('Ctrl Pts',(53.6824227848198,105.814387104177,-3.));
#11968=CARTESIAN_POINT('Ctrl Pts',(53.5027912660062,105.647267673645,-2.));
#11969=CARTESIAN_POINT('Ctrl Pts',(53.5027912660062,105.647267673645,-3.));
#11970=CARTESIAN_POINT('',(54.7647288842618,106.220255468521,-2.));
#11971=CARTESIAN_POINT('',(53.5027912660062,105.647267673645,-2.));
#11972=CARTESIAN_POINT('Ctrl Pts',(54.7647288842618,106.220255468521,-2.));
#11973=CARTESIAN_POINT('Ctrl Pts',(54.524000121307,106.195747472213,-2.));
#11974=CARTESIAN_POINT('Ctrl Pts',(54.039294005949,106.14640074879,-2.));
#11975=CARTESIAN_POINT('Ctrl Pts',(53.6824227848198,105.814387104177,-2.));
#11976=CARTESIAN_POINT('Ctrl Pts',(53.5027912660062,105.647267673645,-2.));
#11977=CARTESIAN_POINT('',(54.7647288842618,106.220255468521,-3.));
#11978=CARTESIAN_POINT('',(54.7647288842618,106.220255468521,-2.));
#11979=CARTESIAN_POINT('',(53.5027912660062,105.647267673645,-3.));
#11980=CARTESIAN_POINT('Ctrl Pts',(54.7647288842618,106.220255468521,-3.));
#11981=CARTESIAN_POINT('Ctrl Pts',(54.524000121307,106.195747472213,-3.));
#11982=CARTESIAN_POINT('Ctrl Pts',(54.039294005949,106.14640074879,-3.));
#11983=CARTESIAN_POINT('Ctrl Pts',(53.6824227848198,105.814387104177,-3.));
#11984=CARTESIAN_POINT('Ctrl Pts',(53.5027912660062,105.647267673645,-3.));
#11985=CARTESIAN_POINT('',(53.5027912660062,105.647267673645,-2.));
#11986=CARTESIAN_POINT('Ctrl Pts',(56.0232571168363,105.647267673645,-2.));
#11987=CARTESIAN_POINT('Ctrl Pts',(56.0232571168363,105.647267673645,-3.));
#11988=CARTESIAN_POINT('Ctrl Pts',(55.8445126864613,105.81438731278,-2.));
#11989=CARTESIAN_POINT('Ctrl Pts',(55.8445126864613,105.81438731278,-3.));
#11990=CARTESIAN_POINT('Ctrl Pts',(55.4891078156303,106.146678135132,-2.));
#11991=CARTESIAN_POINT('Ctrl Pts',(55.4891078156303,106.146678135132,-3.));
#11992=CARTESIAN_POINT('Ctrl Pts',(55.0052427805034,106.19582575313,-2.));
#11993=CARTESIAN_POINT('Ctrl Pts',(55.0052427805034,106.19582575313,-3.));
#11994=CARTESIAN_POINT('Ctrl Pts',(54.7647288842618,106.220255468521,-2.));
#11995=CARTESIAN_POINT('Ctrl Pts',(54.7647288842618,106.220255468521,-3.));
#11996=CARTESIAN_POINT('',(56.0232571168363,105.647267673645,-2.));
#11997=CARTESIAN_POINT('Ctrl Pts',(56.0232571168363,105.647267673645,-2.));
#11998=CARTESIAN_POINT('Ctrl Pts',(55.8445126864613,105.81438731278,-2.));
#11999=CARTESIAN_POINT('Ctrl Pts',(55.4891078156303,106.146678135132,-2.));
#12000=CARTESIAN_POINT('Ctrl Pts',(55.0052427805034,106.19582575313,-2.));
#12001=CARTESIAN_POINT('Ctrl Pts',(54.7647288842618,106.220255468521,-2.));
#12002=CARTESIAN_POINT('',(56.0232571168363,105.647267673645,-3.));
#12003=CARTESIAN_POINT('',(56.0232571168363,105.647267673645,-2.));
#12004=CARTESIAN_POINT('Ctrl Pts',(56.0232571168363,105.647267673645,-3.));
#12005=CARTESIAN_POINT('Ctrl Pts',(55.8445126864613,105.81438731278,-3.));
#12006=CARTESIAN_POINT('Ctrl Pts',(55.4891078156303,106.146678135132,-3.));
#12007=CARTESIAN_POINT('Ctrl Pts',(55.0052427805034,106.19582575313,-3.));
#12008=CARTESIAN_POINT('Ctrl Pts',(54.7647288842618,106.220255468521,-3.));
#12009=CARTESIAN_POINT('Ctrl Pts',(56.5314415498197,104.010159943733,-2.));
#12010=CARTESIAN_POINT('Ctrl Pts',(56.5314415498197,104.010159943733,-3.));
#12011=CARTESIAN_POINT('Ctrl Pts',(56.5189991828618,104.333771768146,-2.));
#12012=CARTESIAN_POINT('Ctrl Pts',(56.5189991828618,104.333771768146,-3.));
#12013=CARTESIAN_POINT('Ctrl Pts',(56.4961650705582,104.927661079277,-2.));
#12014=CARTESIAN_POINT('Ctrl Pts',(56.4961650705582,104.927661079277,-3.));
#12015=CARTESIAN_POINT('Ctrl Pts',(56.1711641800317,105.422202949757,-2.));
#12016=CARTESIAN_POINT('Ctrl Pts',(56.1711641800317,105.422202949757,-3.));
#12017=CARTESIAN_POINT('Ctrl Pts',(56.0232571168363,105.647267673645,-2.));
#12018=CARTESIAN_POINT('Ctrl Pts',(56.0232571168363,105.647267673645,-3.));
#12019=CARTESIAN_POINT('',(56.5314415498197,104.010159943733,-2.));
#12020=CARTESIAN_POINT('Ctrl Pts',(56.5314415498197,104.010159943733,-2.));
#12021=CARTESIAN_POINT('Ctrl Pts',(56.5189991828618,104.333771768146,-2.));
#12022=CARTESIAN_POINT('Ctrl Pts',(56.4961650705582,104.927661079277,-2.));
#12023=CARTESIAN_POINT('Ctrl Pts',(56.1711641800317,105.422202949757,-2.));
#12024=CARTESIAN_POINT('Ctrl Pts',(56.0232571168363,105.647267673645,-2.));
#12025=CARTESIAN_POINT('',(56.5314415498197,104.010159943733,-3.));
#12026=CARTESIAN_POINT('',(56.5314415498197,104.010159943733,-2.));
#12027=CARTESIAN_POINT('Ctrl Pts',(56.5314415498197,104.010159943733,-3.));
#12028=CARTESIAN_POINT('Ctrl Pts',(56.5189991828618,104.333771768146,-3.));
#12029=CARTESIAN_POINT('Ctrl Pts',(56.4961650705582,104.927661079277,-3.));
#12030=CARTESIAN_POINT('Ctrl Pts',(56.1711641800317,105.422202949757,-3.));
#12031=CARTESIAN_POINT('Ctrl Pts',(56.0232571168363,105.647267673645,-3.));
#12032=CARTESIAN_POINT('Ctrl Pts',(56.0232571168363,102.345766995582,-2.));
#12033=CARTESIAN_POINT('Ctrl Pts',(56.0232571168363,102.345766995582,-3.));
#12034=CARTESIAN_POINT('Ctrl Pts',(56.1711175665029,102.573200691622,-2.));
#12035=CARTESIAN_POINT('Ctrl Pts',(56.1711175665029,102.573200691622,-3.));
#12036=CARTESIAN_POINT('Ctrl Pts',(56.4984415289456,103.076678793767,-2.));
#12037=CARTESIAN_POINT('Ctrl Pts',(56.4984415289456,103.076678793767,-3.));
#12038=CARTESIAN_POINT('Ctrl Pts',(56.5197555868523,103.679595724065,-2.));
#12039=CARTESIAN_POINT('Ctrl Pts',(56.5197555868523,103.679595724065,-3.));
#12040=CARTESIAN_POINT('Ctrl Pts',(56.5314415498197,104.010159943733,-2.));
#12041=CARTESIAN_POINT('Ctrl Pts',(56.5314415498197,104.010159943733,-3.));
#12042=CARTESIAN_POINT('',(56.0232571168363,102.345766995582,-2.));
#12043=CARTESIAN_POINT('Ctrl Pts',(56.0232571168363,102.345766995582,-2.));
#12044=CARTESIAN_POINT('Ctrl Pts',(56.1711175665029,102.573200691622,-2.));
#12045=CARTESIAN_POINT('Ctrl Pts',(56.4984415289456,103.076678793767,-2.));
#12046=CARTESIAN_POINT('Ctrl Pts',(56.5197555868523,103.679595724065,-2.));
#12047=CARTESIAN_POINT('Ctrl Pts',(56.5314415498197,104.010159943733,-2.));
#12048=CARTESIAN_POINT('',(56.0232571168363,102.345766995582,-3.));
#12049=CARTESIAN_POINT('',(56.0232571168363,102.345766995582,-2.));
#12050=CARTESIAN_POINT('Ctrl Pts',(56.0232571168363,102.345766995582,-3.));
#12051=CARTESIAN_POINT('Ctrl Pts',(56.1711175665029,102.573200691622,-3.));
#12052=CARTESIAN_POINT('Ctrl Pts',(56.4984415289456,103.076678793767,-3.));
#12053=CARTESIAN_POINT('Ctrl Pts',(56.5197555868523,103.679595724065,-3.));
#12054=CARTESIAN_POINT('Ctrl Pts',(56.5314415498197,104.010159943733,-3.));
#12055=CARTESIAN_POINT('Ctrl Pts',(54.7647288842618,101.772779200706,-2.));
#12056=CARTESIAN_POINT('Ctrl Pts',(54.7647288842618,101.772779200706,-3.));
#12057=CARTESIAN_POINT('Ctrl Pts',(55.0052432787554,101.797208510631,-2.));
#12058=CARTESIAN_POINT('Ctrl Pts',(55.0052432787554,101.797208510631,-3.));
#12059=CARTESIAN_POINT('Ctrl Pts',(55.4891087529388,101.846355255695,-2.));
#12060=CARTESIAN_POINT('Ctrl Pts',(55.4891087529388,101.846355255695,-3.));
#12061=CARTESIAN_POINT('Ctrl Pts',(55.8445131369631,102.178647056599,-2.));
#12062=CARTESIAN_POINT('Ctrl Pts',(55.8445131369631,102.178647056599,-3.));
#12063=CARTESIAN_POINT('Ctrl Pts',(56.0232571168363,102.345766995582,-2.));
#12064=CARTESIAN_POINT('Ctrl Pts',(56.0232571168363,102.345766995582,-3.));
#12065=CARTESIAN_POINT('',(54.7647288842618,101.772779200706,-2.));
#12066=CARTESIAN_POINT('Ctrl Pts',(54.7647288842618,101.772779200706,-2.));
#12067=CARTESIAN_POINT('Ctrl Pts',(55.0052432787554,101.797208510631,-2.));
#12068=CARTESIAN_POINT('Ctrl Pts',(55.4891087529388,101.846355255695,-2.));
#12069=CARTESIAN_POINT('Ctrl Pts',(55.8445131369631,102.178647056599,-2.));
#12070=CARTESIAN_POINT('Ctrl Pts',(56.0232571168363,102.345766995582,-2.));
#12071=CARTESIAN_POINT('',(54.7647288842618,101.772779200706,-3.));
#12072=CARTESIAN_POINT('',(54.7647288842618,101.772779200706,-2.));
#12073=CARTESIAN_POINT('Ctrl Pts',(54.7647288842618,101.772779200706,-3.));
#12074=CARTESIAN_POINT('Ctrl Pts',(55.0052432787554,101.797208510631,-3.));
#12075=CARTESIAN_POINT('Ctrl Pts',(55.4891087529388,101.846355255695,-3.));
#12076=CARTESIAN_POINT('Ctrl Pts',(55.8445131369631,102.178647056599,-3.));
#12077=CARTESIAN_POINT('Ctrl Pts',(56.0232571168363,102.345766995582,-3.));
#12078=CARTESIAN_POINT('Ctrl Pts',(53.5027912660062,102.345766995582,-2.));
#12079=CARTESIAN_POINT('Ctrl Pts',(53.5027912660062,102.345766995582,-3.));
#12080=CARTESIAN_POINT('Ctrl Pts',(53.6824223775409,102.178647564084,-2.));
#12081=CARTESIAN_POINT('Ctrl Pts',(53.6824223775409,102.178647564084,-3.));
#12082=CARTESIAN_POINT('Ctrl Pts',(54.0392933190318,101.846633424938,-2.));
#12083=CARTESIAN_POINT('Ctrl Pts',(54.0392933190318,101.846633424938,-3.));
#12084=CARTESIAN_POINT('Ctrl Pts',(54.5239996514902,101.797287057211,-2.));
#12085=CARTESIAN_POINT('Ctrl Pts',(54.5239996514902,101.797287057211,-3.));
#12086=CARTESIAN_POINT('Ctrl Pts',(54.7647288842618,101.772779200706,-2.));
#12087=CARTESIAN_POINT('Ctrl Pts',(54.7647288842618,101.772779200706,-3.));
#12088=CARTESIAN_POINT('',(53.5027912660062,102.345766995582,-2.));
#12089=CARTESIAN_POINT('Ctrl Pts',(53.5027912660062,102.345766995582,-2.));
#12090=CARTESIAN_POINT('Ctrl Pts',(53.6824223775409,102.178647564084,-2.));
#12091=CARTESIAN_POINT('Ctrl Pts',(54.0392933190318,101.846633424938,-2.));
#12092=CARTESIAN_POINT('Ctrl Pts',(54.5239996514902,101.797287057211,-2.));
#12093=CARTESIAN_POINT('Ctrl Pts',(54.7647288842618,101.772779200706,-2.));
#12094=CARTESIAN_POINT('',(53.5027912660062,102.345766995582,-3.));
#12095=CARTESIAN_POINT('',(53.5027912660062,102.345766995582,-2.));
#12096=CARTESIAN_POINT('Ctrl Pts',(53.5027912660062,102.345766995582,-3.));
#12097=CARTESIAN_POINT('Ctrl Pts',(53.6824223775409,102.178647564084,-3.));
#12098=CARTESIAN_POINT('Ctrl Pts',(54.0392933190318,101.846633424938,-3.));
#12099=CARTESIAN_POINT('Ctrl Pts',(54.5239996514902,101.797287057211,-3.));
#12100=CARTESIAN_POINT('Ctrl Pts',(54.7647288842618,101.772779200706,-3.));
#12101=CARTESIAN_POINT('Ctrl Pts',(52.9911950631558,103.996517632637,-2.));
#12102=CARTESIAN_POINT('Ctrl Pts',(52.9911950631558,103.996517632637,-3.));
#12103=CARTESIAN_POINT('Ctrl Pts',(53.0034191215473,103.669326305353,-2.));
#12104=CARTESIAN_POINT('Ctrl Pts',(53.0034191215473,103.669326305353,-3.));
#12105=CARTESIAN_POINT('Ctrl Pts',(53.0257973004689,103.070347976794,-2.));
#12106=CARTESIAN_POINT('Ctrl Pts',(53.0257973004689,103.070347976794,-3.));
#12107=CARTESIAN_POINT('Ctrl Pts',(53.353909868139,102.571926312355,-2.));
#12108=CARTESIAN_POINT('Ctrl Pts',(53.353909868139,102.571926312355,-3.));
#12109=CARTESIAN_POINT('Ctrl Pts',(53.5027912660062,102.345766995582,-2.));
#12110=CARTESIAN_POINT('Ctrl Pts',(53.5027912660062,102.345766995582,-3.));
#12111=CARTESIAN_POINT('',(52.9911950631558,103.996517632637,-2.));
#12112=CARTESIAN_POINT('Ctrl Pts',(52.9911950631558,103.996517632637,-2.));
#12113=CARTESIAN_POINT('Ctrl Pts',(53.0034191215473,103.669326305353,-2.));
#12114=CARTESIAN_POINT('Ctrl Pts',(53.0257973004689,103.070347976794,-2.));
#12115=CARTESIAN_POINT('Ctrl Pts',(53.353909868139,102.571926312355,-2.));
#12116=CARTESIAN_POINT('Ctrl Pts',(53.5027912660062,102.345766995582,-2.));
#12117=CARTESIAN_POINT('',(52.9911950631558,103.996517632637,-3.));
#12118=CARTESIAN_POINT('',(52.9911950631558,103.996517632637,-2.));
#12119=CARTESIAN_POINT('Ctrl Pts',(52.9911950631558,103.996517632637,-3.));
#12120=CARTESIAN_POINT('Ctrl Pts',(53.0034191215473,103.669326305353,-3.));
#12121=CARTESIAN_POINT('Ctrl Pts',(53.0257973004689,103.070347976794,-3.));
#12122=CARTESIAN_POINT('Ctrl Pts',(53.353909868139,102.571926312355,-3.));
#12123=CARTESIAN_POINT('Ctrl Pts',(53.5027912660062,102.345766995582,-3.));
#12124=CARTESIAN_POINT('Ctrl Pts',(53.5027912660062,105.647267673645,-2.));
#12125=CARTESIAN_POINT('Ctrl Pts',(53.5027912660062,105.647267673645,-3.));
#12126=CARTESIAN_POINT('Ctrl Pts',(53.3539093005959,105.421108414734,-2.));
#12127=CARTESIAN_POINT('Ctrl Pts',(53.3539093005959,105.421108414734,-3.));
#12128=CARTESIAN_POINT('Ctrl Pts',(53.0257957509495,104.922687286141,-2.));
#12129=CARTESIAN_POINT('Ctrl Pts',(53.0257957509495,104.922687286141,-3.));
#12130=CARTESIAN_POINT('Ctrl Pts',(53.0034185687633,104.323708815094,-2.));
#12131=CARTESIAN_POINT('Ctrl Pts',(53.0034185687633,104.323708815094,-3.));
#12132=CARTESIAN_POINT('Ctrl Pts',(52.9911950631558,103.996517632637,-2.));
#12133=CARTESIAN_POINT('Ctrl Pts',(52.9911950631558,103.996517632637,-3.));
#12134=CARTESIAN_POINT('Ctrl Pts',(53.5027912660062,105.647267673645,-2.));
#12135=CARTESIAN_POINT('Ctrl Pts',(53.3539093005959,105.421108414734,-2.));
#12136=CARTESIAN_POINT('Ctrl Pts',(53.0257957509495,104.922687286141,-2.));
#12137=CARTESIAN_POINT('Ctrl Pts',(53.0034185687633,104.323708815094,-2.));
#12138=CARTESIAN_POINT('Ctrl Pts',(52.9911950631558,103.996517632637,-2.));
#12139=CARTESIAN_POINT('Ctrl Pts',(53.5027912660062,105.647267673645,-3.));
#12140=CARTESIAN_POINT('Ctrl Pts',(53.3539093005959,105.421108414734,-3.));
#12141=CARTESIAN_POINT('Ctrl Pts',(53.0257957509495,104.922687286141,-3.));
#12142=CARTESIAN_POINT('Ctrl Pts',(53.0034185687633,104.323708815094,-3.));
#12143=CARTESIAN_POINT('Ctrl Pts',(52.9911950631558,103.996517632637,-3.));
#12144=CARTESIAN_POINT('Ctrl Pts',(52.8718236489713,100.660909388695,-2.));
#12145=CARTESIAN_POINT('Ctrl Pts',(52.8718236489713,100.660909388695,-3.));
#12146=CARTESIAN_POINT('Ctrl Pts',(52.5890431010804,100.827638498511,-2.));
#12147=CARTESIAN_POINT('Ctrl Pts',(52.5890431010804,100.827638498511,-3.));
#12148=CARTESIAN_POINT('Ctrl Pts',(52.0266284023061,101.159241583565,-2.));
#12149=CARTESIAN_POINT('Ctrl Pts',(52.0266284023061,101.159241583565,-3.));
#12150=CARTESIAN_POINT('Ctrl Pts',(51.6731066015648,101.707989187731,-2.));
#12151=CARTESIAN_POINT('Ctrl Pts',(51.6731066015648,101.707989187731,-3.));
#12152=CARTESIAN_POINT('Ctrl Pts',(51.4973345799863,101.980828021202,-2.));
#12153=CARTESIAN_POINT('Ctrl Pts',(51.4973345799863,101.980828021202,-3.));
#12154=CARTESIAN_POINT('',(52.8718236489713,100.660909388695,-3.));
#12155=CARTESIAN_POINT('',(52.8718236489713,100.660909388695,-2.));
#12156=CARTESIAN_POINT('',(51.4973345799863,101.980828021202,-3.));
#12157=CARTESIAN_POINT('Ctrl Pts',(52.8718236489713,100.660909388695,-3.));
#12158=CARTESIAN_POINT('Ctrl Pts',(52.5890431010804,100.827638498511,-3.));
#12159=CARTESIAN_POINT('Ctrl Pts',(52.0266284023061,101.159241583565,-3.));
#12160=CARTESIAN_POINT('Ctrl Pts',(51.6731066015648,101.707989187731,-3.));
#12161=CARTESIAN_POINT('Ctrl Pts',(51.4973345799863,101.980828021202,-3.));
#12162=CARTESIAN_POINT('',(51.4973345799863,101.980828021202,-2.));
#12163=CARTESIAN_POINT('Ctrl Pts',(54.7715500398099,100.21070477787,-2.));
#12164=CARTESIAN_POINT('Ctrl Pts',(54.7715500398099,100.21070477787,-3.));
#12165=CARTESIAN_POINT('Ctrl Pts',(54.442880932017,100.229731269506,-2.));
#12166=CARTESIAN_POINT('Ctrl Pts',(54.442880932017,100.229731269506,-3.));
#12167=CARTESIAN_POINT('Ctrl Pts',(53.7831753466715,100.267921298639,-2.));
#12168=CARTESIAN_POINT('Ctrl Pts',(53.7831753466715,100.267921298639,-3.));
#12169=CARTESIAN_POINT('Ctrl Pts',(53.1763334372564,100.529600344773,-2.));
#12170=CARTESIAN_POINT('Ctrl Pts',(53.1763334372564,100.529600344773,-3.));
#12171=CARTESIAN_POINT('Ctrl Pts',(52.8718236489713,100.660909388695,-2.));
#12172=CARTESIAN_POINT('Ctrl Pts',(52.8718236489713,100.660909388695,-3.));
#12173=CARTESIAN_POINT('',(54.7715500398099,100.21070477787,-3.));
#12174=CARTESIAN_POINT('',(54.7715500398099,100.21070477787,-2.));
#12175=CARTESIAN_POINT('Ctrl Pts',(54.7715500398099,100.21070477787,-3.));
#12176=CARTESIAN_POINT('Ctrl Pts',(54.442880932017,100.229731269506,-3.));
#12177=CARTESIAN_POINT('Ctrl Pts',(53.7831753466715,100.267921298639,-3.));
#12178=CARTESIAN_POINT('Ctrl Pts',(53.1763334372564,100.529600344773,-3.));
#12179=CARTESIAN_POINT('Ctrl Pts',(52.8718236489713,100.660909388695,-3.));
#12180=CARTESIAN_POINT('Ctrl Pts',(57.4420813126981,101.291878197822,-2.));
#12181=CARTESIAN_POINT('Ctrl Pts',(57.4420813126981,101.291878197822,-3.));
#12182=CARTESIAN_POINT('Ctrl Pts',(57.0611689738586,100.976562343845,-2.));
#12183=CARTESIAN_POINT('Ctrl Pts',(57.0611689738586,100.976562343845,-3.));
#12184=CARTESIAN_POINT('Ctrl Pts',(56.2860390228917,100.33491664873,-2.));
#12185=CARTESIAN_POINT('Ctrl Pts',(56.2860390228917,100.33491664873,-3.));
#12186=CARTESIAN_POINT('Ctrl Pts',(55.2821238412585,100.252579844509,-2.));
#12187=CARTESIAN_POINT('Ctrl Pts',(55.2821238412585,100.252579844509,-3.));
#12188=CARTESIAN_POINT('Ctrl Pts',(54.7715500398099,100.21070477787,-2.));
#12189=CARTESIAN_POINT('Ctrl Pts',(54.7715500398099,100.21070477787,-3.));
#12190=CARTESIAN_POINT('',(57.4420813126981,101.291878197822,-3.));
#12191=CARTESIAN_POINT('',(57.4420813126981,101.291878197822,-2.));
#12192=CARTESIAN_POINT('Ctrl Pts',(57.4420813126981,101.291878197822,-3.));
#12193=CARTESIAN_POINT('Ctrl Pts',(57.0611689738586,100.976562343845,-3.));
#12194=CARTESIAN_POINT('Ctrl Pts',(56.2860390228917,100.33491664873,-3.));
#12195=CARTESIAN_POINT('Ctrl Pts',(55.2821238412585,100.252579844509,-3.));
#12196=CARTESIAN_POINT('Ctrl Pts',(54.7715500398099,100.21070477787,-3.));
#12197=CARTESIAN_POINT('Ctrl Pts',(58.5027912660062,104.016981099281,-2.));
#12198=CARTESIAN_POINT('Ctrl Pts',(58.5027912660062,104.016981099281,-3.));
#12199=CARTESIAN_POINT('Ctrl Pts',(58.4627913041332,103.49680343059,-2.));
#12200=CARTESIAN_POINT('Ctrl Pts',(58.4627913041332,103.49680343059,-3.));
#12201=CARTESIAN_POINT('Ctrl Pts',(58.3845846215904,102.479768216148,-2.));
#12202=CARTESIAN_POINT('Ctrl Pts',(58.3845846215904,102.479768216148,-3.));
#12203=CARTESIAN_POINT('Ctrl Pts',(57.7514096173387,101.681742086895,-2.));
#12204=CARTESIAN_POINT('Ctrl Pts',(57.7514096173387,101.681742086895,-3.));
#12205=CARTESIAN_POINT('Ctrl Pts',(57.4420813126981,101.291878197822,-2.));
#12206=CARTESIAN_POINT('Ctrl Pts',(57.4420813126981,101.291878197822,-3.));
#12207=CARTESIAN_POINT('',(58.5027912660062,104.016981099281,-3.));
#12208=CARTESIAN_POINT('',(58.5027912660062,104.016981099281,-2.));
#12209=CARTESIAN_POINT('Ctrl Pts',(58.5027912660062,104.016981099281,-3.));
#12210=CARTESIAN_POINT('Ctrl Pts',(58.4627913041332,103.49680343059,-3.));
#12211=CARTESIAN_POINT('Ctrl Pts',(58.3845846215904,102.479768216148,-3.));
#12212=CARTESIAN_POINT('Ctrl Pts',(57.7514096173387,101.681742086895,-3.));
#12213=CARTESIAN_POINT('Ctrl Pts',(57.4420813126981,101.291878197822,-3.));
#12214=CARTESIAN_POINT('Ctrl Pts',(57.4523142381131,106.714798186455,-2.));
#12215=CARTESIAN_POINT('Ctrl Pts',(57.4523142381131,106.714798186455,-3.));
#12216=CARTESIAN_POINT('Ctrl Pts',(57.7586551507506,106.329327609562,-2.));
#12217=CARTESIAN_POINT('Ctrl Pts',(57.7586551507506,106.329327609562,-3.));
#12218=CARTESIAN_POINT('Ctrl Pts',(58.3862402660647,105.539633558035,-2.));
#12219=CARTESIAN_POINT('Ctrl Pts',(58.3862402660647,105.539633558035,-3.));
#12220=CARTESIAN_POINT('Ctrl Pts',(58.4633307093629,104.532504034536,-2.));
#12221=CARTESIAN_POINT('Ctrl Pts',(58.4633307093629,104.532504034536,-3.));
#12222=CARTESIAN_POINT('Ctrl Pts',(58.5027912660062,104.016981099281,-2.));
#12223=CARTESIAN_POINT('Ctrl Pts',(58.5027912660062,104.016981099281,-3.));
#12224=CARTESIAN_POINT('',(57.4523142381131,106.714798186455,-3.));
#12225=CARTESIAN_POINT('',(57.4523142381131,106.714798186455,-2.));
#12226=CARTESIAN_POINT('Ctrl Pts',(57.4523142381131,106.714798186455,-3.));
#12227=CARTESIAN_POINT('Ctrl Pts',(57.7586551507506,106.329327609562,-3.));
#12228=CARTESIAN_POINT('Ctrl Pts',(58.3862402660647,105.539633558035,-3.));
#12229=CARTESIAN_POINT('Ctrl Pts',(58.4633307093629,104.532504034536,-3.));
#12230=CARTESIAN_POINT('Ctrl Pts',(58.5027912660062,104.016981099281,-3.));
#12231=CARTESIAN_POINT('Ctrl Pts',(54.7579077287137,107.782328699264,-2.));
#12232=CARTESIAN_POINT('Ctrl Pts',(54.7579077287137,107.782328699264,-3.));
#12233=CARTESIAN_POINT('Ctrl Pts',(55.2762880045184,107.742698115913,-2.));
#12234=CARTESIAN_POINT('Ctrl Pts',(55.2762880045184,107.742698115913,-3.));
#12235=CARTESIAN_POINT('Ctrl Pts',(56.2865776409509,107.665460671678,-2.));
#12236=CARTESIAN_POINT('Ctrl Pts',(56.2865776409509,107.665460671678,-3.));
#12237=CARTESIAN_POINT('Ctrl Pts',(57.0705826930298,107.026101666349,-2.));
#12238=CARTESIAN_POINT('Ctrl Pts',(57.0705826930298,107.026101666349,-3.));
#12239=CARTESIAN_POINT('Ctrl Pts',(57.4523142381131,106.714798186455,-2.));
#12240=CARTESIAN_POINT('Ctrl Pts',(57.4523142381131,106.714798186455,-3.));
#12241=CARTESIAN_POINT('',(54.7579077287137,107.782328699264,-3.));
#12242=CARTESIAN_POINT('',(54.7579077287137,107.782328699264,-2.));
#12243=CARTESIAN_POINT('Ctrl Pts',(54.7579077287137,107.782328699264,-3.));
#12244=CARTESIAN_POINT('Ctrl Pts',(55.2762880045184,107.742698115913,-3.));
#12245=CARTESIAN_POINT('Ctrl Pts',(56.2865776409509,107.665460671678,-3.));
#12246=CARTESIAN_POINT('Ctrl Pts',(57.0705826930298,107.026101666349,-3.));
#12247=CARTESIAN_POINT('Ctrl Pts',(57.4523142381131,106.714798186455,-3.));
#12248=CARTESIAN_POINT('Ctrl Pts',(52.8308967156827,107.311660621795,-2.));
#12249=CARTESIAN_POINT('Ctrl Pts',(52.8308967156827,107.311660621795,-3.));
#12250=CARTESIAN_POINT('Ctrl Pts',(53.1304555327411,107.448922062338,-2.));
#12251=CARTESIAN_POINT('Ctrl Pts',(53.1304555327411,107.448922062338,-3.));
#12252=CARTESIAN_POINT('Ctrl Pts',(53.742290966207,107.729272391524,-2.));
#12253=CARTESIAN_POINT('Ctrl Pts',(53.742290966207,107.729272391524,-3.));
#12254=CARTESIAN_POINT('Ctrl Pts',(54.4147097732214,107.764399873141,-2.));
#12255=CARTESIAN_POINT('Ctrl Pts',(54.4147097732214,107.764399873141,-3.));
#12256=CARTESIAN_POINT('Ctrl Pts',(54.7579077287137,107.782328699264,-2.));
#12257=CARTESIAN_POINT('Ctrl Pts',(54.7579077287137,107.782328699264,-3.));
#12258=CARTESIAN_POINT('',(52.8308967156827,107.311660621795,-3.));
#12259=CARTESIAN_POINT('',(52.8308967156827,107.311660621795,-2.));
#12260=CARTESIAN_POINT('Ctrl Pts',(52.8308967156827,107.311660621795,-3.));
#12261=CARTESIAN_POINT('Ctrl Pts',(53.1304555327411,107.448922062338,-3.));
#12262=CARTESIAN_POINT('Ctrl Pts',(53.742290966207,107.729272391524,-3.));
#12263=CARTESIAN_POINT('Ctrl Pts',(54.4147097732214,107.764399873141,-3.));
#12264=CARTESIAN_POINT('Ctrl Pts',(54.7579077287137,107.782328699264,-3.));
#12265=CARTESIAN_POINT('Ctrl Pts',(51.4973345799863,105.947403882179,-2.));
#12266=CARTESIAN_POINT('Ctrl Pts',(51.4973345799863,105.947403882179,-3.));
#12267=CARTESIAN_POINT('Ctrl Pts',(51.6695119021106,106.227066782273,-2.));
#12268=CARTESIAN_POINT('Ctrl Pts',(51.6695119021106,106.227066782273,-3.));
#12269=CARTESIAN_POINT('Ctrl Pts',(52.0113907656008,106.782371239706,-2.));
#12270=CARTESIAN_POINT('Ctrl Pts',(52.0113907656008,106.782371239706,-3.));
#12271=CARTESIAN_POINT('Ctrl Pts',(52.5590500586033,107.136084655405,-2.));
#12272=CARTESIAN_POINT('Ctrl Pts',(52.5590500586033,107.136084655405,-3.));
#12273=CARTESIAN_POINT('Ctrl Pts',(52.8308967156827,107.311660621795,-2.));
#12274=CARTESIAN_POINT('Ctrl Pts',(52.8308967156827,107.311660621795,-3.));
#12275=CARTESIAN_POINT('',(51.4973345799863,105.947403882179,-3.));
#12276=CARTESIAN_POINT('',(51.4973345799863,105.947403882179,-2.));
#12277=CARTESIAN_POINT('Ctrl Pts',(51.4973345799863,105.947403882179,-3.));
#12278=CARTESIAN_POINT('Ctrl Pts',(51.6695119021106,106.227066782273,-3.));
#12279=CARTESIAN_POINT('Ctrl Pts',(52.0113907656008,106.782371239706,-3.));
#12280=CARTESIAN_POINT('Ctrl Pts',(52.5590500586033,107.136084655405,-3.));
#12281=CARTESIAN_POINT('Ctrl Pts',(52.8308967156827,107.311660621795,-3.));
#12282=CARTESIAN_POINT('Ctrl Pts',(51.0266665025174,104.098836157951,-2.));
#12283=CARTESIAN_POINT('Ctrl Pts',(51.0266665025174,104.098836157951,-3.));
#12284=CARTESIAN_POINT('Ctrl Pts',(51.047399845318,104.416718591937,-2.));
#12285=CARTESIAN_POINT('Ctrl Pts',(51.047399845318,104.416718591937,-3.));
#12286=CARTESIAN_POINT('Ctrl Pts',(51.089481909442,105.061918408461,-2.));
#12287=CARTESIAN_POINT('Ctrl Pts',(51.089481909442,105.061918408461,-3.));
#12288=CARTESIAN_POINT('Ctrl Pts',(51.3600647520465,105.649378523026,-2.));
#12289=CARTESIAN_POINT('Ctrl Pts',(51.3600647520465,105.649378523026,-3.));
#12290=CARTESIAN_POINT('Ctrl Pts',(51.4973345799863,105.947403882179,-2.));
#12291=CARTESIAN_POINT('Ctrl Pts',(51.4973345799863,105.947403882179,-3.));
#12292=CARTESIAN_POINT('',(51.0266665025174,104.098836157951,-3.));
#12293=CARTESIAN_POINT('',(51.0266665025174,104.098836157951,-2.));
#12294=CARTESIAN_POINT('Ctrl Pts',(51.0266665025174,104.098836157951,-3.));
#12295=CARTESIAN_POINT('Ctrl Pts',(51.047399845318,104.416718591937,-3.));
#12296=CARTESIAN_POINT('Ctrl Pts',(51.089481909442,105.061918408461,-3.));
#12297=CARTESIAN_POINT('Ctrl Pts',(51.3600647520465,105.649378523026,-3.));
#12298=CARTESIAN_POINT('Ctrl Pts',(51.4973345799863,105.947403882179,-3.));
#12299=CARTESIAN_POINT('Ctrl Pts',(51.4973345799863,101.980828021202,-2.));
#12300=CARTESIAN_POINT('Ctrl Pts',(51.4973345799863,101.980828021202,-3.));
#12301=CARTESIAN_POINT('Ctrl Pts',(51.3601924379881,102.297797618129,-2.));
#12302=CARTESIAN_POINT('Ctrl Pts',(51.3601924379881,102.297797618129,-3.));
#12303=CARTESIAN_POINT('Ctrl Pts',(51.0681870214213,102.972694756537,-2.));
#12304=CARTESIAN_POINT('Ctrl Pts',(51.0681870214213,102.972694756537,-3.));
#12305=CARTESIAN_POINT('Ctrl Pts',(51.0410555247219,103.708569512492,-2.));
#12306=CARTESIAN_POINT('Ctrl Pts',(51.0410555247219,103.708569512492,-3.));
#12307=CARTESIAN_POINT('Ctrl Pts',(51.0266665025174,104.098836157951,-2.));
#12308=CARTESIAN_POINT('Ctrl Pts',(51.0266665025174,104.098836157951,-3.));
#12309=CARTESIAN_POINT('Ctrl Pts',(51.4973345799863,101.980828021202,-3.));
#12310=CARTESIAN_POINT('Ctrl Pts',(51.3601924379881,102.297797618129,-3.));
#12311=CARTESIAN_POINT('Ctrl Pts',(51.0681870214213,102.972694756537,-3.));
#12312=CARTESIAN_POINT('Ctrl Pts',(51.0410555247219,103.708569512492,-3.));
#12313=CARTESIAN_POINT('Ctrl Pts',(51.0266665025174,104.098836157951,-3.));
#12314=CARTESIAN_POINT('Origin',(64.1235289378583,105.297558385804,-3.));
#12315=CARTESIAN_POINT('Origin',(35.5218908591687,106.895562384758,-2.));
#12316=CARTESIAN_POINT('',(35.5218908591687,106.895562384758,-3.));
#12317=CARTESIAN_POINT('',(35.5218908591687,106.895562384758,-2.));
#12318=CARTESIAN_POINT('',(35.5218908591687,100.374416087303,-3.));
#12319=CARTESIAN_POINT('',(35.5218908591687,106.895562384758,-3.));
#12320=CARTESIAN_POINT('',(35.5218908591687,100.374416087303,-2.));
#12321=CARTESIAN_POINT('Origin',(39.5532682938993,100.374416087303,-2.));
#12322=CARTESIAN_POINT('',(39.5532682938993,100.374416087303,-3.));
#12323=CARTESIAN_POINT('',(39.5532682938993,100.374416087303,-2.));
#12324=CARTESIAN_POINT('',(39.5532682938993,100.374416087303,-3.));
#12325=CARTESIAN_POINT('Origin',(41.5791896386563,100.374416087303,-2.));
#12326=CARTESIAN_POINT('',(41.5791896386563,100.374416087303,-3.));
#12327=CARTESIAN_POINT('',(41.5791896386563,100.374416087303,-2.));
#12328=CARTESIAN_POINT('',(41.5791896386563,100.374416087303,-3.));
#12329=CARTESIAN_POINT('Origin',(41.5791896386563,110.374416087303,-2.));
#12330=CARTESIAN_POINT('',(41.5791896386563,110.374416087303,-3.));
#12331=CARTESIAN_POINT('',(41.5791896386563,110.374416087303,-2.));
#12332=CARTESIAN_POINT('',(41.5791896386563,110.374416087303,-3.));
#12333=CARTESIAN_POINT('Origin',(39.7033366961896,110.374416087303,-2.));
#12334=CARTESIAN_POINT('',(39.7033366961896,110.374416087303,-3.));
#12335=CARTESIAN_POINT('',(39.7033366961896,110.374416087303,-2.));
#12336=CARTESIAN_POINT('',(39.7033366961896,110.374416087303,-3.));
#12337=CARTESIAN_POINT('Origin',(39.7033366961896,103.696380828056,-2.));
#12338=CARTESIAN_POINT('',(39.7033366961896,103.696380828056,-3.));
#12339=CARTESIAN_POINT('',(39.7033366961896,103.696380828056,-2.));
#12340=CARTESIAN_POINT('',(39.7033366961896,103.696380828056,-3.));
#12341=CARTESIAN_POINT('Origin',(35.6105676694333,110.374416087303,-2.));
#12342=CARTESIAN_POINT('',(35.6105676694333,110.374416087303,-3.));
#12343=CARTESIAN_POINT('',(35.6105676694333,110.374416087303,-2.));
#12344=CARTESIAN_POINT('',(35.6105676694333,110.374416087303,-3.));
#12345=CARTESIAN_POINT('Origin',(33.646037916702,110.374416087303,-2.));
#12346=CARTESIAN_POINT('',(33.646037916702,110.374416087303,-3.));
#12347=CARTESIAN_POINT('',(33.646037916702,110.374416087303,-2.));
#12348=CARTESIAN_POINT('',(33.646037916702,110.374416087303,-3.));
#12349=CARTESIAN_POINT('Origin',(33.646037916702,100.374416087303,-2.));
#12350=CARTESIAN_POINT('',(33.646037916702,100.374416087303,-3.));
#12351=CARTESIAN_POINT('',(33.646037916702,100.374416087303,-2.));
#12352=CARTESIAN_POINT('',(33.646037916702,100.374416087303,-3.));
#12353=CARTESIAN_POINT('Origin',(35.5218908591687,100.374416087303,-2.));
#12354=CARTESIAN_POINT('',(35.5218908591687,100.374416087303,-3.));
#12355=CARTESIAN_POINT('Origin',(64.1235289378583,105.297558385804,-3.));
#12356=CARTESIAN_POINT('Origin',(73.3931725525374,70.5350169857914,-2.));
#12357=CARTESIAN_POINT('Origin',(73.3931725525374,70.5350169857914,-2.));
#12358=CARTESIAN_POINT('Origin',(73.3931725525374,70.5350169857914,-2.));
#12359=CARTESIAN_POINT('Origin',(73.3931725525374,70.5350169857914,-2.));
#12360=CARTESIAN_POINT('Origin',(118.978172552537,35.6600169857914,-5.));
#12361=CARTESIAN_POINT('',(118.978172552537,35.6600169857914,-5.));
#12362=CARTESIAN_POINT('',(27.8081725525374,35.6600169857914,-5.));
#12363=CARTESIAN_POINT('',(27.8081725525374,35.6600169857914,-5.));
#12364=CARTESIAN_POINT('',(27.8081725525374,35.6600169857914,-5.));
#12365=CARTESIAN_POINT('',(118.978172552537,35.6600169857914,-5.));
#12366=CARTESIAN_POINT('Origin',(118.978172552537,88.7300169857914,-5.));
#12367=CARTESIAN_POINT('',(118.978172552537,88.7300169857914,-5.));
#12368=CARTESIAN_POINT('',(118.978172552537,35.6600169857914,-5.));
#12369=CARTESIAN_POINT('',(118.978172552537,88.7300169857914,-5.));
#12370=CARTESIAN_POINT('Origin',(27.8081725525374,88.7300169857914,-5.));
#12371=CARTESIAN_POINT('',(27.8081725525374,88.7300169857914,-5.));
#12372=CARTESIAN_POINT('',(118.978172552537,88.7300169857914,-5.));
#12373=CARTESIAN_POINT('',(27.8081725525374,88.7300169857914,-5.));
#12374=CARTESIAN_POINT('Origin',(27.8081725525374,35.6600169857914,-5.));
#12375=CARTESIAN_POINT('',(27.8081725525374,88.7300169857914,-5.));
#12376=CARTESIAN_POINT('Origin',(102.743172552537,112.515016985791,-5.));
#12377=CARTESIAN_POINT('',(102.743172552537,112.515016985791,-5.));
#12378=CARTESIAN_POINT('',(120.243172552537,112.515016985791,-5.));
#12379=CARTESIAN_POINT('',(120.243172552537,112.515016985791,-5.));
#12380=CARTESIAN_POINT('',(120.243172552537,112.515016985791,-5.));
#12381=CARTESIAN_POINT('',(102.743172552537,112.515016985791,-5.));
#12382=CARTESIAN_POINT('Origin',(102.743172552537,98.3150169857914,-5.));
#12383=CARTESIAN_POINT('',(102.743172552537,98.3150169857914,-5.));
#12384=CARTESIAN_POINT('',(102.743172552537,112.515016985791,-5.));
#12385=CARTESIAN_POINT('',(102.743172552537,98.3150169857914,-5.));
#12386=CARTESIAN_POINT('Origin',(120.243172552537,98.3150169857914,-5.));
#12387=CARTESIAN_POINT('',(120.243172552537,98.3150169857914,-5.));
#12388=CARTESIAN_POINT('',(102.743172552537,98.3150169857914,-5.));
#12389=CARTESIAN_POINT('',(120.243172552537,98.3150169857914,-5.));
#12390=CARTESIAN_POINT('Origin',(120.243172552537,112.515016985791,-5.));
#12391=CARTESIAN_POINT('',(120.243172552537,98.3150169857914,-5.));
#12392=CARTESIAN_POINT('Origin',(12.8931725525374,15.0350169857914,-5.));
#12393=CARTESIAN_POINT('',(133.893172552537,15.0350169857914,-5.));
#12394=CARTESIAN_POINT('Origin',(133.893172552537,126.035016985791,-5.));
#12395=CARTESIAN_POINT('',(12.8931725525374,126.035016985791,-5.));
#12396=CARTESIAN_POINT('Origin',(73.3931725525374,70.5350169857914,-2.));
#12397=CARTESIAN_POINT('Origin',(73.3931725525374,70.5350169857914,-5.));
#12398=CARTESIAN_POINT('Origin',(-21.9066752279262,-103.883047439557,0.));
#12399=CARTESIAN_POINT('',(-21.9066752279262,-13.8830474395574,0.));
#12400=CARTESIAN_POINT('',(-21.9066752279262,-103.883047439557,0.));
#12401=CARTESIAN_POINT('',(-21.9066752279262,-13.8830474395574,0.));
#12402=CARTESIAN_POINT('',(-21.9066752279262,-13.8830474395574,3.));
#12403=CARTESIAN_POINT('',(-21.9066752279262,-13.8830474395574,0.));
#12404=CARTESIAN_POINT('',(-21.9066752279262,-103.883047439557,3.));
#12405=CARTESIAN_POINT('',(-21.9066752279262,-13.8830474395574,3.));
#12406=CARTESIAN_POINT('',(-21.9066752279262,-103.883047439557,0.));
#12407=CARTESIAN_POINT('Origin',(-121.906675227926,-103.883047439557,0.));
#12408=CARTESIAN_POINT('',(-121.906675227926,-103.883047439557,0.));
#12409=CARTESIAN_POINT('',(-21.9066752279262,-103.883047439557,0.));
#12410=CARTESIAN_POINT('',(-121.906675227926,-103.883047439557,3.));
#12411=CARTESIAN_POINT('',(-21.9066752279262,-103.883047439557,3.));
#12412=CARTESIAN_POINT('',(-121.906675227926,-103.883047439557,0.));
#12413=CARTESIAN_POINT('Origin',(-121.906675227926,-13.8830474395574,0.));
#12414=CARTESIAN_POINT('',(-121.906675227926,-13.8830474395574,0.));
#12415=CARTESIAN_POINT('',(-121.906675227926,-103.883047439557,0.));
#12416=CARTESIAN_POINT('',(-121.906675227926,-13.8830474395574,3.));
#12417=CARTESIAN_POINT('',(-121.906675227926,-103.883047439557,3.));
#12418=CARTESIAN_POINT('',(-121.906675227926,-13.8830474395574,0.));
#12419=CARTESIAN_POINT('Origin',(-21.9066752279262,-13.8830474395574,0.));
#12420=CARTESIAN_POINT('',(-121.906675227926,-13.8830474395574,0.));
#12421=CARTESIAN_POINT('',(-121.906675227926,-13.8830474395574,3.));
#12422=CARTESIAN_POINT('Origin',(-71.9066752279262,-58.8830474395574,3.));
#12423=CARTESIAN_POINT('Origin',(-71.9066752279262,-58.8830474395574,0.));
#12424=UNCERTAINTY_MEASURE_WITH_UNIT(LENGTH_MEASURE(0.01),#12428,
'DISTANCE_ACCURACY_VALUE',
'Maximum model space distance between geometric entities at asserted c
onnectivities');
#12425=UNCERTAINTY_MEASURE_WITH_UNIT(LENGTH_MEASURE(0.01),#12428,
'DISTANCE_ACCURACY_VALUE',
'Maximum model space distance between geometric entities at asserted c
onnectivities');
#12426=(
GEOMETRIC_REPRESENTATION_CONTEXT(3)
GLOBAL_UNCERTAINTY_ASSIGNED_CONTEXT((#12424))
GLOBAL_UNIT_ASSIGNED_CONTEXT((#12428,#12430,#12431))
REPRESENTATION_CONTEXT('','3D')
);
#12427=(
GEOMETRIC_REPRESENTATION_CONTEXT(3)
GLOBAL_UNCERTAINTY_ASSIGNED_CONTEXT((#12425))
GLOBAL_UNIT_ASSIGNED_CONTEXT((#12428,#12430,#12431))
REPRESENTATION_CONTEXT('','3D')
);
#12428=(
LENGTH_UNIT()
NAMED_UNIT(*)
SI_UNIT(.MILLI.,.METRE.)
);
#12429=(
LENGTH_UNIT()
NAMED_UNIT(*)
SI_UNIT($,.METRE.)
);
#12430=(
NAMED_UNIT(*)
PLANE_ANGLE_UNIT()
SI_UNIT($,.RADIAN.)
);
#12431=(
NAMED_UNIT(*)
SI_UNIT($,.STERADIAN.)
SOLID_ANGLE_UNIT()
);
#12432=SHAPE_DEFINITION_REPRESENTATION(#12433,#12434);
#12433=PRODUCT_DEFINITION_SHAPE('',$,#12436);
#12434=SHAPE_REPRESENTATION('',(#6348),#12426);
#12435=PRODUCT_DEFINITION_CONTEXT('part definition',#12440,'design');
#12436=PRODUCT_DEFINITION('2026-03-31-20-08-34-274','Assemble',#12437,#12435);
#12437=PRODUCT_DEFINITION_FORMATION('',$,#12442);
#12438=PRODUCT_RELATED_PRODUCT_CATEGORY('Assemble','Assemble',(#12442));
#12439=APPLICATION_PROTOCOL_DEFINITION('international standard',
'automotive_design',2009,#12440);
#12440=APPLICATION_CONTEXT(
'Core Data for Automotive Mechanical Design Process');
#12441=PRODUCT_CONTEXT('part definition',#12440,'mechanical');
#12442=PRODUCT('2026-03-31-20-08-34-274','Assemble',$,(#12441));
#12443=PRESENTATION_STYLE_ASSIGNMENT((#12444));
#12444=SURFACE_STYLE_USAGE(.BOTH.,#12445);
#12445=SURFACE_SIDE_STYLE('',(#12446));
#12446=SURFACE_STYLE_FILL_AREA(#12447);
#12447=FILL_AREA_STYLE('Acero - Satinado',(#12448));
#12448=FILL_AREA_STYLE_COLOUR('Acero - Satinado',#12449);
#12449=COLOUR_RGB('Acero - Satinado',0.627450980392157,0.627450980392157,
0.627450980392157);
ENDSEC;
END-ISO-10303-21;
